sample_id,lot_id,tool_id,sequence,field_x,field_y,reticle_id,align_quality,ambient_temp_c,overlay_x_nm,overlay_y_nm,residual_nm,spec_pass,pred_x,pred_y,calc_residual_x,calc_residual_y,calc_residual_nm
S00324,L0016,T03,324,0.573899,-0.554709,3.0,0.748526,22.874365,1.953505,-6.033188,6.341573,PASS,0.7271249821439061,-5.598869528641148,1.226380017856094,-0.4343184713588517,1.301015173916201
S00738,L0036,T02,738,0.413622,0.283111,4.0,0.881052,22.657113,5.998162,-3.036376,6.72291,PASS,6.669996636159098,-3.7060380333734693,-0.6718346361590983,0.6696620333734691,0.9485826359811343
S00212,L0010,T04,212,0.286226,0.920022,2.0,0.93471,21.792183,10.547043,-3.165777,11.011915,FAIL,10.111462281865844,-2.1040913127833463,0.43558071813415644,-1.0616856872166536,1.1475657107333617
S00151,L0007,T02,151,-0.148647,0.213197,4.0,1.0,21.149005,2.807367,-0.829776,2.927428,PASS,5.090608840435918,-0.9633704698858059,-2.2832418404359176,0.13359446988580592,2.2871468654857443
S00096,L0004,T01,96,-0.254871,0.367359,3.0,0.788873,22.772908,4.668088,0.173027,4.671294,PASS,4.352799427265651,-0.3708194555186022,0.3152885727343486,0.5438464555186022,0.6286301386960457
S00311,L0015,T02,311,-0.659886,-0.430766,1.0,0.986957,22.062716,0.313494,1.531025,1.562791,PASS,0.42691003861857757,0.8798782189907213,-0.11341603861857757,0.6511467810092788,0.6609503220626164
S00368,L0018,T03,368,0.156742,-0.938519,2.0,0.955472,22.165434,-2.590589,-6.00114,6.536423,PASS,-2.76502835075382,-5.21877363766663,0.17443935075381978,-0.7823663623333701,0.801577327525027
S00467,L0023,T04,467,0.317489,-0.107648,2.0,3.62009,23.453182,4.986325,-2.860437,5.748525,PASS,4.713377095324005,-3.3063711257465425,0.27294790467599483,0.44593412574654234,0.5228363062874929
S00357,L0017,T02,357,-0.095413,0.797457,3.0,1.0,22.131703,8.754541,-0.254532,8.75824,FAIL,7.977090256197129,-0.3149090783615356,0.7774507438028708,0.06037707836153561,0.7797916713014522
S00143,L0007,T02,143,-0.612805,0.617424,4.0,0.985217,21.489989,4.352727,3.300899,5.462798,PASS,6.003942326775757,1.7703115128973355,-1.6512153267757572,1.5305874871026643,2.2514906420090712
S00432,L0021,T02,432,-0.511067,-0.734958,4.0,0.861695,21.653012,0.381504,-1.56953,1.615231,PASS,-0.26188075092011864,-0.1135727262327586,0.6433847509201187,-1.4559572737672415,1.5917774721211133
S00252,L0012,T01,252,-0.051102,0.935534,3.0,0.963059,21.965595,7.606095,-1.046899,7.677804,PASS,7.90931298698772,-0.6063837026160028,-0.30321798698772007,-0.4405152973839972,0.5347848865312077
S00746,L0037,T01,746,-0.550975,-0.519527,4.0,0.933123,21.397216,0.126562,-1.733771,1.738385,PASS,-1.0457230900981416,-0.4705543068431308,1.1722850900981416,-1.2632166931568691,1.7233597263301077
S00199,L0009,T01,199,-0.71755,0.374152,1.0,0.743845,21.936888,2.25099,1.249869,2.57471,PASS,3.302038173122802,1.8212691235496994,-1.051048173122802,-0.5714001235496995,1.1963278661877736
S00088,L0004,T02,88,-0.734806,0.266392,2.0,0.729709,21.143864,5.111184,0.13485,5.112962,PASS,4.274039910059887,1.7552238663852486,0.8371440899401126,-1.6203738663852487,1.8238480458047868
S00174,L0008,T01,174,0.36885,-0.968653,3.0,0.896055,22.299426,-0.375766,-2.381104,2.410572,PASS,-1.3606609756231638,-5.0360888006763425,0.9848949756231637,2.6549848006763423,2.831777251979779
S00288,L0014,T01,288,-0.95814,0.688053,3.0,0.67257,23.684634,3.531116,2.62062,4.397321,PASS,4.394477743158287,3.368642299405452,-0.8633617431582872,-0.7480222994054517,1.1423357037040973
S00645,L0032,T03,645,0.630136,0.428555,2.0,1.0,24.613502,6.274324,-2.877612,6.902738,PASS,5.175008370863567,-3.9988610379214053,1.0993156291364334,1.1212490379214053,1.5702529278760506
S00147,L0007,T03,147,0.775962,0.724292,2.0,0.796928,22.000008,6.402684,-3.385076,7.242452,PASS,6.961448303909035,-3.9258678563632183,-0.5587643039090349,0.5407918563632181,0.7776074711779226
S00649,L0032,T01,649,-0.298068,-0.320483,4.0,4.854685,21.754709,2.746139,0.459911,2.784385,PASS,0.5301529299659817,-1.2642197828660204,2.215986070034018,1.7241307828660204,2.807707466779794
S00272,L0013,T01,272,-0.500808,-0.684916,4.0,0.835115,22.105087,-1.159595,-2.416235,2.680084,PASS,-1.7821487322096328,-1.0191933646978908,0.6225537322096328,-1.3970416353021091,1.5294765379879924
S00441,L0022,T01,441,0.449521,0.577807,2.0,1.0,22.601293,6.379176,-5.553099,8.457588,FAIL,7.05479718786726,-3.3558168786096783,-0.67562118786726,-2.1972821213903213,2.298806801468257
S00688,L0034,T02,688,-0.247021,-0.791835,2.0,0.937554,22.564001,0.645103,-2.742513,2.817363,PASS,-0.47731821213467374,-2.139108443712548,1.1224212121346737,-0.6034045562874524,1.2743337223813578
S00452,L0022,T01,452,-0.101356,0.367757,4.0,0.698521,20.719718,4.126585,-0.807045,4.204762,PASS,4.487197470110724,-0.862954418327105,-0.3606124701107234,0.05590941832710494,0.364920836150846
S00405,L0020,T01,405,-0.131331,0.077577,1.0,1.0,22.006278,4.183508,-1.487137,4.439968,PASS,3.174853085969498,-1.3199126288163945,1.008654914030502,-0.16722437118360545,1.022422968206227
S00215,L0010,T01,215,-0.426377,-0.276827,4.0,0.797255,21.907702,-1.465952,-0.254685,1.487911,PASS,0.47125495125520134,-0.5853744704777708,-1.9372069512552013,0.3306894704777708,1.9652293245004107
S00359,L0017,T01,359,0.363758,0.889729,2.0,0.852497,21.807882,8.855358,-4.099268,9.758143,FAIL,8.52742624663879,-2.4102383699560077,0.32793175336121116,-1.6890296300439926,1.7205697678470075
S00727,L0036,T03,727,-0.615724,-0.721347,4.0,0.81881,21.888898,0.626939,-0.666848,0.915281,PASS,-1.9140753562510202,-0.6076204930606071,2.5410143562510203,-0.05922750693939294,2.5417045178879554
S00335,L0016,T02,335,-0.792865,0.199984,2.0,0.737435,22.863082,3.141483,-0.251846,3.151562,PASS,3.785618195282918,1.906272774952307,-0.6441351952829182,-2.1581187749523068,2.25219599426955
S00408,L0020,T01,408,-0.014573,-0.935978,2.0,0.810638,23.801011,-0.951017,-3.267854,3.403425,PASS,-1.9451963499977576,-3.5460185811369094,0.9941793499977576,0.27816458113690956,1.0323604574764746
S00178,L0008,T01,178,0.502465,-0.834229,2.0,0.726836,23.035976,-2.165057,-7.610436,7.912409,PASS,-0.3174814886304227,-5.960923579559148,-1.8475755113695773,-1.6495124204408516,2.476777441636852
S00446,L0022,T01,446,-0.171868,0.608025,3.0,0.842241,22.921646,6.460888,-0.919219,6.525951,PASS,5.851308801707117,-0.45494008611937353,0.6095791982928827,-0.4642789138806265,0.7662517268271359
S00338,L0016,T02,338,0.142894,-0.750393,4.0,0.891897,22.504713,-1.44773,-2.32971,2.742895,PASS,1.1107039207916949,-3.4018519605322126,-2.558433920791695,1.0721419605322127,2.773999371051014
S00067,L0003,T01,67,0.40574,-0.261315,2.0,1.0,23.556785,0.633682,-2.978306,3.044973,PASS,2.515317953680515,-4.527956174353584,-1.8816359536805152,1.5496501743535838,2.437615540863094
S00464,L0023,T04,464,0.931315,-0.870091,4.0,0.843025,21.331596,2.707136,-7.672613,8.136189,FAIL,2.851255827596379,-7.83597956353142,-0.14411982759637887,0.16336656353141965,0.21785123085829775
S00686,L0034,T01,686,0.365181,0.697514,4.0,0.885042,21.083588,9.009061,-2.405457,9.324667,FAIL,7.2026132517755315,-2.398479803268353,1.8064477482244694,-0.006977196731646984,1.8064612224843046
S00045,L0002,T01,45,-0.526895,0.861725,3.0,0.836131,22.006979,4.427842,3.044251,5.373384,PASS,6.367917938381972,1.550581054725746,-1.9400759383819723,1.4936699452742541,2.4484575863396705
S00075,L0003,T01,75,-0.770758,0.784405,4.0,1.0,21.463707,5.272636,5.071924,7.316085,PASS,5.147106515535931,3.039344315298147,0.12552948446406909,2.032579684701853,2.03645226463389
S00323,L0016,T03,323,-0.754601,-0.840843,1.0,0.814022,20.713693,-6.365383,1.648796,6.575456,PASS,-3.680993646781533,-0.8457125401781522,-2.6843893532184664,2.494508540178152,3.664494379405485
S00054,L0002,T01,54,0.686138,-0.019304,1.0,0.722543,21.864518,1.88378,-5.239067,5.567446,PASS,4.660986013504309,-5.180772087151356,-2.7772060135043093,-0.05829491284864474,2.777817765496601
S00166,L0008,T01,166,0.986311,0.862435,2.0,0.920398,22.591112,10.19299,-6.624623,12.15659,FAIL,9.693344625384292,-5.566284277453736,0.49964537461570835,-1.0583387225462637,1.1703530886086169
S00734,L0036,T01,734,0.923485,-0.128207,2.0,0.916939,21.674316,2.790616,-5.272228,5.965227,PASS,4.3107226131653915,-6.8944140983152025,-1.5201066131653915,1.6221860983152023,2.2231086012510177
S00723,L0036,T04,723,-0.654137,0.485116,4.0,1.0,23.65013,5.902268,2.644187,6.467495,PASS,6.061245455946996,2.7118919947670133,-0.15897745594699586,-0.0677049947670132,0.17279409080110436
S00262,L0013,T01,262,-0.31406,-0.025709,4.0,0.972051,23.135337,2.099705,0.909839,2.288355,PASS,2.004303418325996,-0.6271240574211416,0.09540158167400437,1.5369630574211417,1.539921069945874
S00718,L0035,T02,718,0.083209,0.294752,1.0,0.877084,22.641284,5.701603,-4.617786,7.337045,PASS,5.859632425228488,-2.1228612324993854,-0.15802942522848795,-2.4949247675006143,2.4999245778075068
S00353,L0017,T02,353,0.957076,0.362324,4.0,0.949942,20.903168,8.899199,-7.056182,11.357176,FAIL,8.25239406026641,-6.345097624723993,0.64680493973359,-0.7110843752760063,0.9612479486716428
S00148,L0007,T02,148,0.028954,0.476195,4.0,0.822095,21.651112,7.290913,-2.540198,7.720752,PASS,6.745774160576309,-1.5847814126086237,0.5451388394236911,-0.9554165873913765,1.0999987316859927
S00370,L0018,T01,370,-0.359706,-0.498013,2.0,0.920293,22.270042,1.622382,-0.131129,1.627673,PASS,-0.3505605292995897,-1.095481493025588,1.9729425292995897,0.964352493025588,2.196014106221481
S00402,L0020,T01,402,-0.356679,0.219794,4.0,0.848457,23.308629,3.536337,0.321345,3.550907,PASS,3.1675569912186514,0.03946390218551077,0.36878000878134864,0.2818810978144892,0.464172002798395
S00289,L0014,T02,289,-0.078454,-0.049946,3.0,0.759435,20.44379,5.013262,-2.162031,5.459595,PASS,3.8293131677994845,-1.7070991066011114,1.1839488322005156,-0.4549318933988884,1.2683445371429887
S00539,L0026,T01,539,0.249565,0.678646,1.0,1.0,22.482699,4.820015,0.248951,4.82644,PASS,7.26172553321312,-2.0589114116813594,-2.4417105332131204,2.3078624116813593,3.3597885706180386
S00597,L0029,T01,597,-0.9535,-0.752923,2.0,1.0,21.367877,-4.335824,1.112452,4.476262,PASS,-2.951606460237389,1.4490861253155827,-1.3842175397626106,-0.3366341253155827,1.4245633477362254
S00231,L0011,T03,231,-0.025767,-0.373033,1.0,0.94037,21.292725,0.450185,-3.982628,4.007991,PASS,0.1707995450690183,-2.8575753984266052,0.2793854549309817,-1.1250526015733948,1.1592237009024857
S00438,L0021,T02,438,0.985813,0.867713,3.0,0.758279,22.412077,10.324089,-5.157307,11.540564,FAIL,10.165968254516496,-5.002451618660816,0.15812074548350452,-0.15485538133918464,0.2213195863044288
S00701,L0035,T01,701,0.073441,0.997147,3.0,0.651421,21.472096,9.624398,-1.06589,9.683241,FAIL,8.541083523895654,-1.1167428821384537,1.083314476104345,0.05085288213845374,1.084507385755864
S00300,L0015,T01,300,0.72635,0.573964,4.0,0.951358,22.249509,7.025644,-5.959853,9.213008,FAIL,7.364994153159546,-4.310589813448864,-0.339350153159546,-1.6492631865511358,1.6838134056249268
S00310,L0015,T02,310,-0.583911,0.339415,2.0,0.868596,20.429008,6.91189,0.478423,6.928427,PASS,4.997899785847527,1.200905236951453,1.9139902141524727,-0.722482236951453,2.0458101384492657
S00669,L0033,T02,669,-0.360117,0.18387,1.0,0.806823,22.898578,4.227298,-0.860883,4.314066,PASS,4.397123985732453,0.04530022689909741,-0.16982598573245244,-0.9061832268990974,0.9219592757509738
S00572,L0028,T01,572,-0.002814,-0.092511,1.0,0.902442,23.704615,5.13239,-2.017058,5.514522,PASS,2.5950594729786154,-2.1808964899418215,2.5373305270213846,0.16383848994182149,2.5426146491635406
S00325,L0016,T02,325,0.026841,-0.942743,4.0,0.733107,21.133716,-0.772117,-3.700265,3.779964,PASS,-0.06922569324183403,-3.0166259388083656,-0.702891306758166,-0.6836390611916343,0.9805195332593744
S00326,L0016,T02,326,-0.188545,0.677565,4.0,0.906401,22.894734,9.090116,-3.025769,9.580474,FAIL,7.2311256994958795,-0.2916582895551383,1.8589903005041206,-2.7341107104448614,3.306237486076538
S00170,L0008,T01,170,0.766516,-0.038918,4.0,0.934814,21.616065,6.355695,-6.520379,9.105503,FAIL,4.31522462136948,-5.667310734371375,2.04047037863052,-0.8530682656286253,2.2116158870588736
S00491,L0024,T01,491,0.955415,0.996316,2.0,0.79856,23.443823,12.252725,-5.981415,13.634757,FAIL,10.33786746648599,-5.189983994469662,1.9148575335140094,-0.7914310055303382,2.071965832288293
S00253,L0012,T02,253,-0.736942,-0.098867,2.0,0.847675,23.016833,2.03704,2.056862,2.89486,PASS,2.2682182187708966,1.1714219561653263,-0.2311782187708964,0.8854400438346739,0.9151215438727436
S00561,L0028,T03,561,-0.267093,-0.836205,3.0,0.893589,21.724507,-3.422282,-2.400456,4.180216,PASS,-3.1753201309457135,-2.223734659262134,-0.24696186905428652,-0.17672134073786605,0.30367844348747497
S00108,L0005,T02,108,0.069227,-0.373902,3.0,1.0,21.018836,0.193412,-2.285286,2.293456,PASS,2.484274025735559,-2.86572965085283,-2.290862025735559,0.5804436508528297,2.363252769547217
S00101,L0005,T01,101,-0.238962,-0.984159,3.0,0.722934,22.208015,-1.722272,-2.487318,3.025388,PASS,-2.9044790643075222,-2.1795799095160544,1.1822070643075222,-0.30773809048394574,1.2216039764315254
S00433,L0021,T01,433,-0.253395,-0.612966,4.0,0.793662,22.00768,-2.874589,-2.545117,3.839385,PASS,-0.8691343782902736,-2.0300496020024186,-2.005454621709726,-0.5150673979975813,2.0705416354705113
S00532,L0026,T02,532,0.96809,0.696017,4.0,1.0,22.904422,10.287804,-6.159362,11.99069,FAIL,9.878349534934221,-6.060999573259711,0.4094544650657781,-0.09836242674028917,0.42110346229464946
S00698,L0034,T03,698,0.435323,-0.725944,2.0,0.819814,21.007796,-1.357288,-4.249448,4.460946,PASS,-1.2056577594208586,-5.930345361640656,-0.15163024057914143,1.680897361640656,1.6877226283452522
S00717,L0035,T02,717,-0.609613,0.727999,3.0,0.692277,22.280831,7.654071,1.143371,7.738998,PASS,6.758458045448493,1.8583316922928765,0.895612954551507,-0.7149606922928766,1.1459892477176168
S00731,L0036,T01,731,0.503707,0.658355,4.0,0.864105,22.06079,7.62913,-5.035833,9.141293,FAIL,7.3070271220590275,-3.116155203933736,0.3221028779409725,-1.919677796066264,1.9465130630662837
S00111,L0005,T01,111,0.478821,0.504403,4.0,0.845475,22.507401,7.489208,-1.932956,7.734633,PASS,6.463957024945846,-3.2946333769578096,1.0252509750541536,1.3616773769578097,1.704495479832139
S00483,L0024,T01,483,0.399313,0.370976,4.0,0.901919,22.552279,5.565697,-3.442264,6.54417,PASS,5.605748967183618,-3.180417423844511,-0.0400519671836177,-0.26184657615548934,0.2648920337036017
S00016,L0000,T02,16,-0.727765,0.476613,2.0,0.816476,22.190803,5.690455,2.94543,6.407561,PASS,5.440939463417359,2.0653070981783292,0.24951553658264114,0.8801229018216707,0.914808354414804
S00284,L0014,T02,284,0.827066,0.600816,4.0,0.720409,21.676178,7.380883,-4.415901,8.601024,FAIL,9.109455778402054,-5.452055636434254,-1.7285727784020546,1.0361546364342544,2.01533626991547
S00638,L0031,T01,638,-0.588712,0.777096,4.0,0.872151,20.505045,4.736248,3.421617,5.842902,PASS,5.5104000853559345,2.1805103625485347,-0.7741520853559347,1.2411066374514652,1.4627566909048904
S00482,L0024,T01,482,0.637354,-0.642594,2.0,0.85211,21.209846,2.57822,-5.36393,5.951384,PASS,0.9821396806055174,-6.317294610370093,1.5960803193944826,0.9533646103700928,1.8591332567259702
S00585,L0029,T01,585,0.08157,0.010032,3.0,0.86045,21.736436,3.518333,-2.596627,4.372773,PASS,3.2321633840938104,-2.4212978104472276,0.2861696159061897,-0.1753291895527722,0.33560895961986487
S00428,L0021,T04,428,-0.838184,0.632729,3.0,0.990553,22.682258,6.27489,2.565772,6.779191,PASS,6.8835039489620815,2.9831336601409237,-0.6086139489620814,-0.4173616601409238,0.7379713369954195
S00107,L0005,T01,107,0.832766,-0.40407,2.0,0.972275,24.173765,3.062754,-8.515266,9.049322,FAIL,2.6576814528927657,-6.898368043052452,0.4050725471072343,-1.6168979569475486,1.6668661528752389
S00787,L0039,T03,787,0.761851,0.482068,1.0,0.924312,22.103674,5.302287,-4.58008,7.006524,PASS,6.030637594138525,-4.395061624433103,-0.7283505941385249,-0.18501837556689704,0.751482792404028
S00395,L0019,T01,395,0.422545,0.14786,4.0,0.900707,21.811092,5.145507,-4.746915,7.000675,PASS,4.514450592965215,-3.7142817132655632,0.6310564070347855,-1.0326332867344372,1.210191593811335
S00484,L0024,T02,484,0.12758,0.887981,2.0,0.930412,21.46258,9.600812,-4.237003,10.494179,FAIL,9.530090186484134,-1.0809964443586613,0.07072181351586515,-3.1560065556413384,3.156798846008101
S00358,L0017,T04,358,-0.859918,-0.400424,2.0,0.692702,22.789113,-0.526592,1.634147,1.716897,PASS,0.5904617735186699,1.4164939290954477,-1.1170537735186699,0.21765307090455233,1.1380606276497232
S00308,L0015,T01,308,-0.435275,-0.546874,4.0,0.903571,21.527734,-1.054823,-1.533044,1.86088,PASS,-0.9310718367712942,-1.059738773070821,-0.12375116322870583,-0.4733052269291791,0.4892158912371301
S00760,L0038,T04,760,0.011546,0.104665,2.0,0.877152,23.336057,7.563309,-2.696377,8.029576,FAIL,5.1760109969751795,-1.7792305891301803,2.3872980030248208,-0.9171464108698197,2.5574106620208044
S00191,L0009,T02,191,-0.267966,-0.19391,1.0,0.725514,22.521808,2.756573,-2.013437,3.413594,PASS,2.4867919786831307,-0.8744171416086584,0.2697810213168692,-1.1390198583913418,1.1705332277524656
S00553,L0027,T03,553,0.266294,-0.732102,3.0,0.767327,22.518901,-1.265185,-6.746065,6.863679,PASS,-1.1324676484329168,-4.494025003786815,-0.1327173515670832,-2.2520399962131847,2.2559472600109385
S00391,L0019,T01,391,0.432089,-0.669147,1.0,0.965343,22.052259,-1.58044,-6.701339,6.885183,PASS,0.6274829204149164,-5.096208275729557,-2.2079229204149167,-1.6051307242704427,2.7297194479452447
S00157,L0007,T02,157,-0.839801,0.172441,1.0,0.855511,21.014453,3.62652,2.731984,4.540417,PASS,3.414326890116519,2.5182947100955864,0.21219310988348106,0.21368928990441383,0.3011461912458394
S00217,L0010,T01,217,0.847086,0.173808,3.0,0.590918,22.259398,6.664028,-5.445745,8.606127,FAIL,5.955187635486643,-5.833949022206772,0.7088403645133567,0.3882040222067724,0.8081813071464501
S00673,L0033,T01,673,0.839699,-0.303107,4.0,0.81798,22.917581,2.015258,-7.222466,7.498352,PASS,3.123569071947758,-6.511427799383094,-1.1083110719477576,-0.7110382006169056,1.3167872853800322
S00227,L0011,T02,227,-0.245295,-0.138466,3.0,0.847576,22.76148,2.267961,-1.300049,2.614149,PASS,3.1086893905566577,-1.1044986844506726,-0.8407283905566576,-0.19555031554932745,0.8631709868846551
S00265,L0013,T04,265,-0.237039,-0.175742,2.0,0.894351,21.601023,2.7851,-0.869014,2.917527,FAIL,3.1428378478813928,-1.009436131775808,-0.35773784788139285,0.1404221317758081,0.3843107374238625
S00248,L0012,T04,248,-0.444943,-0.088739,1.0,0.795025,22.235232,2.121959,-0.322769,2.146367,PASS,3.4852022955987065,-0.04060446698399067,-1.3632432955987066,-0.2821645330160093,1.3921383216789074
S00503,L0025,T01,503,0.521447,-0.186163,3.0,0.772517,22.609297,5.53885,-5.344814,7.697135,PASS,3.229797265974768,-4.754604759432812,2.309052734025232,-0.5902092405671882,2.3832900528807435
S00305,L0015,T03,305,0.988627,0.068076,1.0,0.916098,21.355006,4.4653,-6.938137,8.250858,FAIL,4.512075308237954,-6.040144027935332,-0.04677530823795362,-0.8979929720646682,0.8992103799102252
S00614,L0030,T02,614,-0.791303,-0.537763,2.0,1.0,21.770154,0.096453,1.337552,1.341025,PASS,-0.2531147679880936,0.7009086073690718,0.34956776798809364,0.6366433926309283,0.7263005120449771
S00238,L0011,T01,238,-0.67691,-0.662933,4.0,0.882927,23.338069,-1.374117,-1.228631,1.843293,PASS,-2.0572221014132595,-0.1599252854514288,0.6831051014132594,-1.0687057145485712,1.268370799051126
S00254,L0012,T02,254,-0.613492,-0.2477,2.0,0.965495,22.110984,0.095859,-1.883726,1.886163,PASS,1.7176507433057342,0.3791146654568551,-1.6217917433057343,-2.262840665456855,2.7840000603268447
S00095,L0004,T01,95,0.623158,0.399458,1.0,0.829047,23.304395,7.866351,-5.304674,9.487837,FAIL,6.706958049279,-4.2086864231239405,1.1593929507210001,-1.0959875768760599,1.5954249536873255
S00538,L0026,T01,538,-0.66356,-0.738847,1.0,0.692396,20.733321,-3.432061,0.697288,3.502178,PASS,-2.412564416341856,-0.24883238583733425,-1.0194965836581442,0.9461203858373343,1.3908691773806814
S00737,L0036,T01,737,0.107376,0.00501,1.0,0.79205,21.934517,3.354382,-3.714963,5.00528,PASS,3.376236364102067,-2.519937910045158,-0.02185436410206698,-1.195025089954842,1.1952249072253656
S00687,L0034,T01,687,-0.741134,-0.160898,1.0,0.935606,21.269693,0.206545,0.799364,0.825617,PASS,0.433969041355029,1.050450630776544,-0.227424041355029,-0.25108663077654403,0.33877159081152375
S00264,L0013,T03,264,0.283174,-0.673368,2.0,0.955822,22.400434,-1.681931,-3.174501,3.592541,PASS,-1.1701790227034565,-5.134368476916874,-0.5117519772965435,1.9598674769168745,2.0255790809897887
S00494,L0024,T01,494,0.916308,-0.665446,1.0,0.951321,21.080389,2.492584,-5.955499,6.456078,PASS,1.8286580501388414,-7.282947884757663,0.6639259498611585,1.327448884757663,1.4842230993160714
S00350,L0017,T04,350,-0.985058,-0.456627,2.0,0.877597,23.391315,-1.143184,0.902834,1.456702,PASS,0.018829739891704556,1.8923715693869427,-1.1620137398917045,-0.9895375693869427,1.5262570337021626
S00036,L0001,T02,36,-0.572408,-0.099943,4.0,0.721681,20.548836,-0.034622,0.099291,0.105154,PASS,2.6502369871734364,0.8389165925503173,-2.6848589871734365,-0.7396255925503172,2.784872312721246
S00610,L0030,T04,610,-0.170377,0.731998,1.0,0.85572,21.519639,9.812031,-0.820859,9.846307,FAIL,8.970353091115575,-0.45409437520463714,0.8416779088844244,-0.36676462479536287,0.9181165461450637
S00579,L0028,T03,579,-0.336745,-0.038474,2.0,0.889633,22.066967,1.872993,-0.898598,2.077397,PASS,1.1869086417675245,-0.8752984926347478,0.6860843582324754,-0.023299507365252214,0.6864798712669812
S00378,L0018,T01,378,-0.632839,-0.685665,3.0,0.990491,22.605787,-2.21292,1.62896,2.747822,PASS,-2.23939929018871,0.0672474923791353,0.026479290188710092,1.5617125076208647,1.5619369735262518
S00740,L0037,T01,740,-0.723111,0.7915,1.0,1.0,21.942245,5.290506,1.649852,5.541793,PASS,5.480713581303515,2.5310106212433445,-0.19020758130351556,-0.8811586212433444,0.9014540696989533
S00102,L0005,T01,102,-0.176604,0.233229,4.0,0.796639,20.754237,1.31222,-1.029886,1.668108,PASS,3.632728966475853,-0.7706115480255513,-2.320508966475853,-0.25927445197444876,2.3349486300433853
S00270,L0013,T01,270,0.174702,-0.775858,3.0,0.805128,21.656347,-0.251725,-4.341046,4.348339,FAIL,-0.7863454487756041,-3.870025623154442,0.5346204487756041,-0.47102037684555853,0.7125161188722402
S00778,L0038,T04,778,0.84318,0.058498,3.0,0.822971,21.798863,5.415563,-5.402871,7.649794,PASS,7.219128716174775,-6.168296385223002,-1.8035657161747753,0.7654253852230015,1.9592665242137963
S00477,L0023,T01,477,0.034203,-0.170922,2.0,0.849349,21.315851,1.73414,-3.256765,3.689682,PASS,2.2122513301732023,-2.521608391530292,-0.4781113301732023,-0.7351566084697083,0.8769524975827784
S00137,L0006,T01,137,-0.218822,-0.973561,3.0,1.0,23.24865,-2.729244,-3.334707,4.309181,PASS,-2.798889721668167,-2.26129691279235,0.06964572166816696,-1.07341008720765,1.0756671148017005
S00200,L0010,T01,200,-0.267772,0.250112,4.0,0.819016,21.596913,2.554914,-0.976421,2.735139,PASS,3.518497823960288,-0.3152615467351685,-0.9635838239602879,-0.6611594532648315,1.1685998495804208
S00223,L0011,T01,223,-0.569606,-0.277946,4.0,0.747966,23.576657,0.097928,0.376666,0.389187,PASS,0.15025060563463377,0.07721597363441202,-0.05232260563463377,0.299450026365588,0.3039867979875915
S00144,L0007,T01,144,-0.299853,-0.613289,4.0,0.772833,21.240905,-1.409417,-0.57903,1.523723,PASS,-0.9730512755078791,-1.8150543422843293,-0.43636572449212085,1.2360243422843293,1.3107903036835993
S00047,L0002,T01,47,-0.279886,0.784715,4.0,0.894667,21.778084,5.597289,-0.204802,5.601035,PASS,6.2291977696931395,0.7617944908710101,-0.6319087696931396,-0.9665964908710102,1.15482356634217
S00480,L0024,T01,480,0.599566,0.888161,4.0,0.931035,22.306921,9.333446,-3.987639,10.149605,FAIL,8.694723030360938,-3.1222187303931097,0.6387229696390619,-0.8654202696068904,1.0756018199087454
S00341,L0017,T01,341,0.666214,-0.928184,4.0,0.735164,21.877968,-2.953036,-6.112612,6.788552,PASS,-0.45893042754452384,-6.899878920006056,-2.494105572455476,0.787266920006056,2.615406624196184
S00317,L0015,T02,317,0.586466,-0.724388,1.0,1.0,23.041495,1.311523,-5.216147,5.378502,PASS,1.1943549081476856,-5.9239836346708685,0.11716809185231436,0.7078366346708682,0.7174685102013136
S00474,L0023,T01,474,-0.633332,-0.007109,2.0,0.981429,20.770781,1.418743,-0.776902,1.617532,PASS,1.6751837623646002,1.0854961100862526,-0.2564407623646001,-1.8623981100862526,1.8799703681321636
S00384,L0019,T01,384,0.035422,-0.553297,1.0,0.99301,21.085039,-0.365747,-4.251718,4.26742,PASS,0.26795599426784156,-3.1098578853213814,-0.6337029942678416,-1.141860114678619,1.3059188360835816
S00260,L0013,T02,260,0.062208,0.416935,2.0,0.853309,22.189895,7.615137,-1.819545,7.829499,PASS,6.808982809159853,-1.5546292428666444,0.8061541908401466,-0.2649157571333556,0.848566401518862
S00781,L0039,T03,781,-0.74832,0.721859,3.0,0.698652,21.488836,4.13484,2.196901,4.68223,PASS,4.574498568023457,2.7022998686484048,-0.43965856802345726,-0.5053988686484048,0.6698713853177523
S00255,L0012,T03,255,0.844016,-0.269939,4.0,0.827141,22.847116,2.366717,-7.289479,7.664063,PASS,3.149500991407708,-6.310849133596384,-0.7827839914077082,-0.9786298664036162,1.2531828248988024
S00237,L0011,T04,237,0.725401,0.4709,4.0,0.846785,22.030248,10.263293,-2.638795,10.597095,FAIL,8.261938889512075,-3.6965788387446787,2.0013541104879256,1.0577838387446787,2.2636971805160564
S00444,L0022,T02,444,-0.085207,0.108102,4.0,0.891585,22.591973,3.148354,-3.110989,4.426103,PASS,4.726534998092491,-1.3876746319550097,-1.5781809980924915,-1.7233143680449903,2.3367643599324506
S00081,L0004,T01,81,-0.589474,-0.149499,3.0,0.751935,22.951737,0.318305,-0.459861,0.559276,PASS,0.758999057360934,0.5497207291299024,-0.440694057360934,-1.0095817291299025,1.1015745639702135
S00256,L0012,T02,256,-0.189894,-0.320364,2.0,0.64067,22.373693,2.474708,-1.601437,2.947674,PASS,2.228426723019402,-1.6280155417641926,0.2462812769805982,0.02657854176419261,0.24771129621699747
S00654,L0032,T02,654,-0.132008,-0.837984,3.0,0.884187,21.822936,2.009929,-3.46046,4.001824,PASS,-0.14603245167087042,-2.6942073182983726,2.1559614516708705,-0.7662526817016273,2.2880806264871225
S00774,L0038,T01,774,-0.689324,0.181262,2.0,0.966269,22.45906,4.791912,2.217463,5.28011,PASS,2.555670259309931,1.677518526570192,2.236241740690069,0.539944473429808,2.3005036746747316
S00623,L0031,T01,623,0.574708,-0.351268,3.0,0.748964,21.759673,2.111333,-7.851236,8.130168,FAIL,2.466506528412248,-5.21842165855241,-0.3551735284122479,-2.63281434144759,2.656663243961664
S00592,L0029,T01,592,0.788918,-0.599589,2.0,0.765543,21.09964,1.23421,-7.58471,7.684471,PASS,1.5291313757883815,-7.003353268795285,-0.2949213757883815,-0.581356731204715,0.6518851638240765
S00342,L0017,T03,342,0.288978,0.040487,4.0,0.871404,21.668658,4.158281,-4.118025,5.852301,PASS,3.5410829073747765,-3.126773003370423,0.6171980926252232,-0.9912519966295772,1.1676960248122525
S00331,L0016,T03,331,0.180567,0.887494,4.0,0.957598,22.073365,6.920355,1.67233,7.11955,PASS,7.397050560353071,-0.8482538838455662,-0.4766955603530709,2.5205838838455663,2.565264464487498
S00206,L0010,T01,206,-0.575602,0.756051,1.0,0.768597,22.770134,4.301855,3.71536,5.684176,PASS,5.65450206830941,1.8048631715363377,-1.3526470683094098,1.9104968284636623,2.340865699474396
S00573,L0028,T04,573,-0.830878,-0.371375,4.0,1.0,22.814257,0.427336,4.099546,4.121758,PASS,2.100079609614908,1.4924802289622037,-1.672743609614908,2.6070657710377967,3.0975576052794263
S00562,L0028,T04,562,0.907621,0.788728,3.0,0.868248,21.929394,11.442858,-5.654398,12.763668,FAIL,11.09615575728135,-4.230202666672584,0.34670224271864925,-1.4241953333274155,1.4657881131247208
S00297,L0014,T01,297,0.452828,-0.202269,3.0,0.831531,22.276326,2.073434,-3.652867,4.200305,PASS,2.978017030298571,-4.45053135478398,-0.9045830302985709,0.7976643547839797,1.2060426533075386
S00513,L0025,T03,513,0.613661,0.638844,1.0,0.8692869999999999,22.285657,8.008687,-3.091885,8.584802,FAIL,6.470606554101752,-3.52723408097287,1.538080445898248,0.4353490809728702,1.5985056397643633
S00306,L0015,T01,306,0.134841,-0.449991,1.0,0.88492,21.683166,1.480656,-2.638433,3.025504,PASS,1.053233771452363,-3.3906333976067238,0.427422228547637,0.7522003976067237,0.8651561706514852
S00486,L0024,T02,486,0.809022,-0.241403,4.0,0.783902,22.525827,6.641374,-3.753215,7.62853,PASS,5.027230749493866,-6.217914827133776,1.6141432505061335,2.464699827133776,2.94621853755416
S00296,L0014,T01,296,0.356404,-0.616788,1.0,0.890053,21.918868,-0.807052,-3.055801,3.160578,PASS,0.7178055199106907,-4.667582682304786,-1.5248575199106909,1.6117816823047861,2.218790356802875
S00456,L0022,T01,456,-0.602456,0.033822,4.0,0.852135,22.984036,-1.337349,0.42365,1.402848,PASS,1.6743089536591869,0.8250002168382662,-3.0116579536591868,-0.40135021683826616,3.0382833354370957
S00690,L0034,T01,690,0.852092,0.159988,2.0,0.877916,21.728334,5.242811,-4.472081,6.891051,PASS,5.687850710386012,-6.059969573922563,-0.44503971038601264,1.5878885739225632,1.6490756401736997
S00450,L0022,T01,450,0.351914,-0.074705,2.0,0.785232,21.275677,2.743183,-2.334353,3.60198,PASS,3.391031003813464,-3.949675922394075,-0.647848003813464,1.6153229223940748,1.74039512170565
S00290,L0014,T01,290,-0.799044,0.957602,2.0,0.764737,22.242377,8.091828,3.730027,8.91015,FAIL,6.439262787377228,3.5126135483955463,1.652565212622772,0.2174134516044539,1.6668054448283727
S00797,L0039,T01,797,-0.179528,0.714543,1.0,0.914389,21.834851,5.484508,0.063332,5.484874,PASS,6.403085692993185,-0.05686175801837323,-0.9185776929931855,0.12019375801837323,0.9264078570107565
S00790,L0039,T01,790,-0.654165,0.598403,4.0,0.787309,20.786948,4.811872,3.00573,5.673493,PASS,4.451351121976155,2.1430606136015213,0.3605208780238449,0.8626693863984785,0.9349726058661887
S00530,L0026,T01,530,-0.950334,-0.126472,3.0,0.864105,21.677393,0.934063,2.893069,3.040119,PASS,0.016422717466506143,2.286981912155759,0.9176402825334938,0.6060870878442413,1.0997296241257046
S00682,L0034,T04,682,0.67231,0.685617,1.0,0.819115,22.879265,11.976314,-4.092253,12.65617,FAIL,11.019696467990638,-4.2662129095454535,0.9566175320093624,0.17395990954545315,0.9723061002980212
S00118,L0005,T01,118,-0.066064,-0.622927,3.0,0.756206,20.999837,-0.961983,-4.410189,4.513888,PASS,-0.5392039587814708,-2.5344784159483,-0.4227790412185293,-1.8757105840517,1.922766837871204
S00533,L0026,T01,533,-0.780345,-0.007348,1.0,0.786267,22.882052,2.675452,1.871778,3.26521,PASS,1.1448427217511459,1.4798811793366609,1.530609278248854,0.3918968206633391,1.5799835064669223
S00640,L0032,T04,640,0.502321,0.711628,4.0,0.823493,21.383625,8.456426,-4.44392,9.552987,FAIL,8.928117891851613,-2.093478163506898,-0.47169189185161287,-2.3504418364931023,2.397304750668054
S00619,L0030,T01,619,0.576601,0.56166,3.0,0.879146,22.264074,8.408423,-5.826943,10.230095,FAIL,7.399040501718729,-4.0564477646824955,1.0093824982812718,-1.7704952353175045,2.0380153105701946
S00155,L0007,T03,155,0.683137,-0.286368,2.0,0.826442,20.750377,0.52192,-6.378149,6.399467,PASS,1.4988712840166565,-5.958431030517538,-0.9769512840166564,-0.41971796948246176,1.063295342437027
S00604,L0030,T01,604,-0.299573,-0.548157,2.0,0.916812,21.380751,-0.180719,-1.616831,1.626899,PASS,-0.48973196556933196,-1.4790744532961357,0.309012965569332,-0.13775654670386417,0.33832806423607115
S00535,L0026,T02,535,-0.958857,-0.392469,3.0,0.753659,22.822214,0.296406,1.51797,1.546638,PASS,0.6407240364458477,1.666385012470553,-0.34431803644584774,-0.148415012470553,0.37494256379952184
S00309,L0015,T04,309,0.822273,-0.108328,1.0,0.814334,23.020688,3.982453,-3.522563,5.316802,PASS,6.856049715929707,-5.7234709526053535,-2.873596715929707,2.2009079526053537,3.6196068711454683
S00351,L0017,T03,351,0.424953,0.436102,3.0,0.981379,23.516943,5.048309,-4.691878,6.891963,PASS,6.0790027834600515,-3.1882704715806254,-1.0306937834600518,-1.5036075284193746,1.8229550940115384
S00220,L0011,T04,220,-0.830563,-0.465455,1.0,0.819729,20.352308,0.408361,2.643459,2.674815,PASS,0.2538714968535096,1.3093693266308142,0.15448950314649035,1.3340896733691858,1.3430049378810007
S00759,L0037,T01,759,-0.442756,-0.859523,4.0,0.854371,23.026361,-1.227071,-0.169163,1.238677,PASS,-2.548417539881206,-1.6220287356344016,1.321346539881206,1.4528657356344017,1.9638674915168097
S00719,L0035,T01,719,-0.8985,-0.524382,2.0,0.846403,21.2687,-1.42412,4.129246,4.367928,PASS,-1.6245643247537624,1.5530828696907761,0.2004443247537624,2.576163130309224,2.5839493805588787
S00633,L0031,T03,633,-0.46969,-0.42464,2.0,0.929835,23.113674,-0.778953,-1.345936,1.555092,PASS,-1.0547316340660475,-1.2233139616121467,0.2757786340660475,-0.12262203838785335,0.30181123124517273
S00652,L0032,T02,652,-0.453618,0.63289,3.0,0.844579,21.452655,8.447638,2.917181,8.937143,FAIL,6.555528069413352,1.0184694307657627,1.8921099305866473,1.8987115692342371,2.6805196534568716
S00442,L0022,T02,442,0.577378,0.070055,2.0,1.0,20.829794,5.570527,-4.208588,6.981618,PASS,6.013823704968799,-4.415574817170857,-0.443296704968799,0.20698681717085687,0.4892397276578387
S00589,L0029,T01,589,-0.712812,-0.764283,1.0,0.943304,21.409731,-2.171738,0.252122,2.186324,PASS,-2.6663740305036345,-0.06751380809253482,0.4946360305036346,0.31963580809253483,0.5889243181321011
S00495,L0024,T04,495,-0.298324,-0.783108,1.0,0.945371,22.377104,-0.874444,-4.407835,4.493736,PASS,-0.11372960940925925,-1.38420717212075,-0.7607143905907408,-3.0236278278792503,3.1178536889305173
S00462,L0023,T03,462,0.842596,-0.567593,3.0,1.0,22.25014,2.028611,-7.41968,7.692003,PASS,1.3768807791104147,-6.856340960669359,0.6517302208895854,-0.563339039330641,0.861454092830696
S00091,L0004,T04,91,-0.841786,0.546447,4.0,0.768631,21.37762,4.912189,3.669888,6.131694,PASS,6.016511443480564,3.7247952989101094,-1.104322443480564,-0.05490729891010959,1.105686605982223
S00131,L0006,T01,131,0.721253,0.830308,1.0,0.79088,21.84987,9.293098,-1.998586,9.505579,FAIL,9.20952885667551,-3.946209599640131,0.08356914332449072,1.947623599640131,1.9494156785024508
S00401,L0020,T01,401,-0.605545,-0.232829,3.0,0.814446,20.37367,0.799562,0.171627,0.817775,PASS,0.2705770428637857,0.5188947536171273,0.5289849571362143,-0.34726775361712736,0.6327874663571398
S00644,L0032,T02,644,0.103331,0.209114,2.0,0.937304,20.919233,5.42592,-2.504725,5.97614,PASS,5.7585765115642795,-2.075608012077846,-0.3326565115642799,-0.4291169879221539,0.542956484452942
S00507,L0025,T02,507,0.221656,-0.020447,3.0,0.635142,22.400552,3.807927,-4.547759,5.931477,PASS,4.486148307709875,-2.9926561011492034,-0.6782213077098755,-1.5551028988507967,1.696563929902391
S00099,L0004,T02,99,0.848976,-0.380002,1.0,0.813684,22.611318,3.162624,-7.998892,8.601422,FAIL,3.600167753506723,-6.881673755315969,-0.43754375350672303,-1.1172182446840306,1.1998421323189223
S00022,L0001,T02,22,-0.122711,0.199194,3.0,0.837397,22.237226,4.427881,-1.146675,4.573947,PASS,4.981852148521407,-1.1235685119883438,-0.5539711485214065,-0.023106488011656268,0.5544528322430674
S00129,L0006,T01,129,0.648778,-0.957676,1.0,0.933902,22.977759,-2.807469,-6.141555,6.75282,PASS,-0.3592745755460518,-6.550757243208139,-2.4481944244539484,0.4092022432081386,2.482156807249287
S00299,L0014,T01,299,-0.729994,0.461746,2.0,0.76088,21.819431,3.944436,2.356083,4.59453,PASS,3.9566072846811697,2.345663272290571,-0.01217128468116968,0.010419727709428894,0.01602220010887132
S00019,L0000,T02,19,0.068744,-0.743589,2.0,0.884279,20.86984,1.296679,-3.966566,4.173131,PASS,0.46454514521478973,-3.4689357553033435,0.8321338547852102,-0.4976302446966563,0.9695785748027579
S00013,L0000,T03,13,-0.818985,0.315259,2.0,0.873855,22.086151,1.254049,0.955281,1.576452,PASS,2.2833613619771778,2.0993926851233033,-1.0293123619771778,-1.1441116851233033,1.5389852132345916
S00502,L0025,T02,502,-0.604659,-0.60835,3.0,0.882397,21.126526,0.714505,-1.722546,1.864854,PASS,0.18030623920282807,-0.2404731776635214,0.5341987607971719,-1.4820728223364785,1.5754073018574115
S00073,L0003,T02,73,0.452821,0.671312,1.0,0.760359,21.415504,8.177275,-4.879452,9.522441,FAIL,8.648525004595227,-3.598049075480045,-0.4712500045952268,-1.2814029245199547,1.3653094967073562
S00499,L0024,T01,499,-0.832241,0.205147,2.0,0.855931,22.730328,3.13601,4.416539,5.416676,PASS,2.3813962371606245,2.43124451292728,0.7546137628393756,1.98529448707272,2.1238729085018098
S00303,L0015,T03,303,-0.492762,0.523191,2.0,0.862121,21.570589,1.681054,0.972468,1.94207,PASS,3.8937892189030876,1.167123862058911,-2.2127352189030876,-0.19465586205891106,2.2212807237285412
S00768,L0038,T02,768,-0.847456,-0.166251,4.0,0.928086,22.701419,2.985508,3.685647,4.743126,PASS,1.7235353465528447,2.1479221700412525,1.2619726534471551,1.5377248299587474,1.989264344103144
S00273,L0013,T04,273,0.559662,-0.753206,2.0,0.921658,22.97828,1.70888,-5.315986,5.583903,PASS,1.8073413649401058,-5.011803997457834,-0.09846136494010582,-0.30418200254216554,0.3197207078942975
S00571,L0028,T01,571,0.681889,-0.045193,4.0,1.0,22.181168,3.878679,-6.621508,7.673886,PASS,4.09681395143858,-5.28653823055961,-0.21813495143858042,-1.3349697694403906,1.3526740710011564
S00785,L0039,T02,785,-0.23939,0.501136,4.0,0.724771,22.580048,7.410927,-0.346342,7.419015,PASS,6.271860945491568,-0.21656538880211618,1.1390660545084321,-0.1297766111978838,1.1464351029811557
S00028,L0001,T03,28,0.118218,-0.39861,2.0,0.884342,21.213723,0.606156,-3.404813,3.458349,PASS,0.013566017168008981,-3.7455143654172818,0.592589982831991,0.3407013654172819,0.6835497846902007
S00612,L0030,T02,612,0.919491,-0.976213,2.0,0.914831,24.279705,1.843318,-8.942488,9.130494,FAIL,1.0154252796105059,-7.640836208645056,0.8278927203894941,-1.3016517913549448,1.5426288414299318
S00639,L0031,T04,639,-0.481998,0.189637,4.0,0.844679,22.97737,8.314043,3.042322,8.853194,FAIL,5.076858787995005,1.2140255203416859,3.237184212004995,1.828296479658314,3.7177990316833136
S00029,L0001,T03,29,0.016453,0.974157,3.0,0.836297,23.013626,8.759996,-0.256489,8.76375,FAIL,8.101861076505264,-0.373368042027566,0.6581349234947353,0.116879042027566,0.6684327101426909
S00493,L0024,T01,493,-0.906381,-0.843127,4.0,0.92331,20.70946,-2.864035,-0.830314,2.981966,PASS,-3.484991990053185,0.5609679265503904,0.6209569900531853,-1.3912819265503904,1.5235658773553828
S00667,L0033,T03,667,-0.117462,-0.027363,4.0,0.852644,22.705065,3.702273,-2.587976,4.517128,PASS,2.4091922631913483,-1.4169640157490906,1.2930807368086517,-1.1710119842509092,1.7445133588381767
S00710,L0035,T03,710,0.854024,-0.084804,1.0,0.885124,21.910614,1.254619,-6.769606,6.884885,PASS,3.4778874158455184,-5.7896724962012796,-2.2232684158455185,-0.97993350379872,2.4296485591055093
S00629,L0031,T01,629,0.645813,0.013116,2.0,0.746569,20.917948,6.674597,-5.308371,8.528133,FAIL,4.475184073317947,-5.272675442927046,2.1994129266820535,-0.035695557072954465,2.199702569633191
S00371,L0018,T04,371,-0.434687,0.662321,2.0,1.0,22.061151,8.312758,3.257791,8.928334,FAIL,7.169835968054959,0.7060894084807585,1.1429220319450417,2.5517015915192416,2.795970633477257
S00696,L0034,T03,696,-0.455022,0.034513,3.0,0.827535,21.460011,1.733868,0.390508,1.7773,PASS,1.3740691447123303,0.1568425465815697,0.35979885528766964,0.2336654534184303,0.4290160374479701
S00634,L0031,T03,634,-0.314585,-0.977541,4.0,0.905164,22.691662,-2.910722,-1.02013,3.08431,PASS,-2.5483748618426834,-2.520059262456325,-0.36234713815731645,1.499929262456325,1.543075902508873
S00345,L0017,T02,345,0.386753,-0.342936,4.0,1.0,21.612868,4.902812,-3.997886,6.326188,PASS,3.6057870145037323,-4.207985452995222,1.2970249854962677,0.2100994529952218,1.3139313502426544
S00750,L0037,T01,750,0.77427,0.460232,1.0,0.924985,22.356699,5.561216,-3.827926,6.751306,PASS,7.3949801476542065,-4.793319733427804,-1.8337641476542066,0.965393733427804,2.0723600096903128
S00003,L0000,T03,3,-0.111567,0.284472,4.0,1.0,22.012001,4.373037,-0.384163,4.389879,PASS,3.9196256448355156,-0.7869149820168082,0.4534113551644845,0.40275198201680823,0.6064577611100065
S00593,L0029,T01,593,-0.881576,0.320359,1.0,1.0,20.909067,2.327705,2.743548,3.597953,PASS,2.61916933090921,2.475834773515721,-0.2914643309092102,0.267713226484279,0.39575475717542097
S00762,L0038,T03,762,0.530825,0.243204,4.0,0.882581,23.857265,6.133824,-5.431436,14.088643,FAIL,4.994859049081084,-3.8021750347978984,1.1389649509189157,-1.6292609652021013,1.9878964892954087
S00389,L0019,T01,389,0.545883,0.981379,3.0,0.82873,20.784745,7.739771,-0.998805,7.803952,PASS,9.590891870362594,-3.37274195904203,-1.8511208703625934,2.37393695904203,3.0103529962776268
S00154,L0007,T01,154,0.665812,0.112762,4.0,0.886428,20.527069,3.317852,-3.787755,5.035398,PASS,4.870213426961982,-4.910306565526401,-1.552361426961982,1.122551565526401,1.9157108386145376
S00396,L0019,T02,396,0.905085,0.68748,4.0,0.838167,22.081206,9.252171,-5.482303,10.754455,FAIL,9.697998261675089,-5.7543846400454095,-0.44582726167508824,0.2720816400454096,0.5222933716815745
S00411,L0020,T03,411,0.533132,0.048502,4.0,0.802161,21.517064,4.030017,-3.939327,5.635542,PASS,4.06365301642418,-4.22285664465169,-0.03363601642417979,0.2835296446516904,0.2855178470730009
S00430,L0021,T01,430,0.402819,-0.418378,3.0,0.864105,21.931186,4.166576,-3.810728,5.646415,PASS,1.6913262262979116,-4.491053754941647,2.4752497737020884,0.6803257549416468,2.567041989342824
S00466,L0023,T01,466,-0.27949,-0.678415,4.0,1.0,22.18543,-0.428909,-1.384855,1.449754,PASS,-1.2616976060133158,-2.033918591276324,0.8327886060133158,0.6490635912763238,1.0558505613135414
S00089,L0004,T01,89,-0.724125,0.099704,1.0,0.934639,21.810601,1.013035,3.826604,3.958426,PASS,1.8443705164156485,1.4008789257648244,-0.8313355164156486,2.4257250742351757,2.5642271499668907
S00472,L0023,T01,472,-0.130746,-0.842128,3.0,0.899786,20.774634,-0.472878,-1.327144,1.408874,PASS,-1.8778336043263906,-2.5095284470667414,1.4049556043263904,1.1823844470667413,1.836282448533846
S00292,L0014,T01,292,-0.17608,-0.591739,1.0,0.919651,23.106833,-0.398716,-2.9446,2.971472,PASS,-0.4501420477960445,-2.2151151766519925,0.05142604779604448,-0.7294848233480073,0.7312952521977663
S00069,L0003,T02,69,-0.622305,-0.218933,3.0,0.796988,22.180922,0.516769,3.029235,3.072998,PASS,2.0695920703688975,0.4430061769854743,-1.5528230703688974,2.5862288230145256,3.0165939423231936
S00340,L0017,T02,340,0.780667,-0.431395,3.0,0.850637,21.41128,5.302327,-6.271008,8.212199,FAIL,3.4133222499938545,-6.111296934225583,1.8890047500061455,-0.15971106577441674,1.8957443314109055
S00458,L0022,T03,458,0.264868,0.216995,3.0,0.688597,21.81333600000005,2.915929,-2.850751,4.077919,PASS,4.374985968247316,-2.8341463130041697,-1.4590569682473156,-0.016604686995830065,1.4591514493777804
S00241,L0012,T01,241,0.375535,0.748748,2.0,0.839233,23.93507,8.935831,-2.599035,9.30613,FAIL,7.805025079222029,-2.70277264543744,1.1308059207779717,0.10373764543743969,1.1355542829593925
S00764,L0038,T01,764,-0.695085,-0.054175,2.0,0.777153,23.390197,0.81481,2.683111,2.804105,PASS,1.2957357159933807,1.3160512472201522,-0.48092571599338063,1.3670597527798476,1.4491866380746974
S00193,L0009,T02,193,-0.446405,0.630841,4.0,0.876241,22.557693,4.289614,3.116422,5.302157,PASS,6.4364419042978565,0.951242196259477,-2.146827904297856,2.165179803740523,3.049077505278896
S00752,L0037,T02,752,0.773386,0.751361,2.0,0.813928,22.15684,10.895785,-5.171176,12.060647,FAIL,10.167237648768571,-4.182984648430195,0.7285473512314287,-0.9881913515698049,1.227722847512291
S00113,L0005,T01,113,-0.469848,0.734607,2.0,0.927174,21.164789,4.309759,1.564927,4.585086,PASS,5.950409402221018,1.498039838807665,-1.6406504022210182,0.06688716119233495,1.6420132869865451
S00379,L0018,T01,379,0.83005,-0.28347,4.0,0.993143,22.091746,4.195268,-5.039501,6.557198,PASS,3.202878468981206,-6.42914946146654,0.9923895310187945,1.3896484614665408,1.7076181738702674
S00181,L0009,T01,181,0.52492,0.457589,4.0,0.91242,21.37469,8.219769,-7.045692,10.82619,FAIL,6.325724810339516,-3.597971534053675,1.8940441896604838,-3.447720465946325,3.933723402031691
S00721,L0036,T02,721,-0.363282,0.920973,2.0,0.720581,22.28848,9.304123,2.07504,9.532707,FAIL,8.657627064356635,1.1616636884498066,0.6464959356433653,0.9133763115501934,1.1190233604819992
S00476,L0023,T01,476,-0.09983,-0.455281,3.0,0.870744,22.083595,0.653956,-0.644333,0.918055,PASS,0.2846349735300655,-2.1596601391324386,0.3693210264699345,1.5153271391324385,1.5596840574886013
S00622,L0031,T01,622,0.260566,0.992921,4.0,0.864269,22.435555,8.020086,0.310133,8.02608,FAIL,8.484928619938291,-1.3488751381519892,-0.4648426199382918,1.6590081381519892,1.7229006540615233
S00457,L0022,T01,457,0.385171,0.158411,3.0,0.923966,22.065227,2.661352,-3.010545,4.01823,PASS,4.762439070121438,-3.6677403035803104,-2.101087070121438,0.6571953035803104,2.2014705410882756
S00770,L0038,T01,770,-0.918606,-0.816583,3.0,1.0,21.340909,-2.835568,-0.083699,2.836803,PASS,-3.6325787404408167,1.2516884147038185,0.7970107404408169,-1.3353874147038185,1.5551481176168935
S00761,L0038,T01,761,-0.595115,0.923259,3.0,0.675812,21.702921,8.121835,2.819191,8.597212,FAIL,6.536197020082253,1.952348225447846,1.585637979917748,0.8668427745521541,1.8071148826654362
S00439,L0021,T01,439,0.234019,-0.93238,4.0,0.924863,22.517706,-0.817403,-3.039403,3.147398,PASS,-1.4317600465697895,-4.9020700218719515,0.6143570465697895,1.8626670218719514,1.9613676389293464
S00116,L0005,T02,116,-0.214176,-0.690575,4.0,0.888223,21.972462,1.609954,-0.366156,1.651067,PASS,0.6079100147839593,-1.5541741000841465,1.0020439852160408,1.1880181000841465,1.5541811845583482
S00729,L0036,T01,729,-0.473065,-0.699838,1.0,0.612932,22.56312,-2.799285,-1.515848,3.183362,PASS,-1.7427555329729518,-1.0475138077546258,-1.056529467027048,-0.4683341922453743,1.1556779094205207
S00349,L0017,T04,349,0.048605,-0.778898,2.0,0.906414,21.984583,1.699827,-1.67985,2.389834,PASS,0.5570652344464282,-2.856385155341399,1.1427617655535718,1.1765351553413987,1.6401644504638326
S00152,L0007,T01,152,0.317501,0.278123,4.0,0.881417,22.187109,5.290252,-3.19716,6.18131,PASS,4.950223255957131,-2.9780317405577743,0.3400287440428684,-0.21912825944222547,0.4045203837404857
S00222,L0011,T01,222,0.990041,0.479339,1.0,0.845022,22.373464,9.24608,-5.175362,10.595959,FAIL,8.021933712563104,-5.739109204920336,1.224146287436895,0.563747204920336,1.3477184587668984
S00259,L0012,T03,259,0.074403,-0.356781,1.0,0.858925,21.353734,-0.992207,-3.774303,3.902543,PASS,0.46689871948659345,-3.2215828962363062,-1.4591057194865935,-0.552720103763694,1.5602849142842592
S00114,L0005,T01,114,-0.460518,-0.421928,1.0,0.818874,22.563408,-1.127775,1.024029,1.523322,PASS,-0.25232802902764195,-0.6484895418460004,-0.875446970972358,1.6725185418460005,1.8877832692879095
S00169,L0008,T01,169,-0.776273,-0.428652,4.0,0.820953,22.474394,-2.278568,0.573871,2.349723,PASS,-1.0763338087516638,0.7485835080935077,-1.202234191248336,-0.1747125080935077,1.214862754014158
S00429,L0021,T03,429,-0.900558,-0.39456,2.0,0.861677,23.581302,-1.080025,0.318576,1.12603,PASS,-1.579130527453633,0.7438776465271588,0.4991055274536329,-0.4253016465271588,0.6557345637325224
S00269,L0013,T01,269,0.477789,-0.048549,3.0,0.850121,23.027977,4.368874,-4.499041,6.271239,PASS,3.867760361882127,-4.371493183891994,0.5011136381178729,-0.12754781610800592,0.5170912141021661
S00596,L0029,T01,596,0.550836,0.182074,3.0,0.916663,21.678587,6.545788,-3.299069,7.330156,PASS,5.288140803485658,-4.4213795148282555,1.257647196514342,1.1223105148282557,1.6856029670697807
S00058,L0002,T01,58,0.375791,0.621921,1.0,0.772422,22.764573,7.939469,-0.089396,7.939972,PASS,7.271814299311894,-2.7235758414206783,0.6676547006881055,2.6341798414206785,2.717474238387182
S00196,L0009,T01,196,0.505587,-0.271021,4.0,0.794047,20.301197,0.633859,-5.497176,5.533599,PASS,2.5524163183543287,-4.89954188213494,-1.9185573183543287,-0.5976341178650593,2.0094846908218287
S00419,L0020,T01,419,-0.702856,-0.801574,1.0,0.889591,20.890024,-2.172845,-0.464393,2.221917,PASS,-2.8379587456381126,-0.1737669031422726,0.6651137456381124,-0.2906260968577274,0.7258373253088579
S00703,L0035,T01,703,-0.116757,-0.171291,2.0,0.960326,22.265498,4.30851,-2.571537,5.017575,PASS,1.8925002510730908,-1.767895526647013,2.4160097489269092,-0.8036414733529871,2.5461623523653842
S00344,L0017,T01,344,0.103419,0.819906,4.0,0.939019,22.05512,6.57125,0.218409,6.574878,PASS,7.2531169400618065,-0.9499298804553691,-0.6818669400618065,1.1683388804553692,1.352759499516805
S00621,L0031,T01,621,0.313615,-0.843562,4.0,0.96693,22.089499,-0.600554,-4.702203,4.740398,PASS,-0.8017728719095594,-5.101876138500478,0.20121887190955934,0.3996731385004777,0.4474680458439213
S00025,L0001,T02,25,0.070232,-0.356541,4.0,0.578117,21.221985,-0.173395,-1.463506,1.473742,PASS,2.840293434894681,-2.637863204163835,-3.0136884348946813,1.174357204163835,3.234413830292817
S00788,L0039,T04,788,-0.966396,-0.890124,4.0,0.830097,20.527981,1.36445,0.922026,1.646771,PASS,-0.345747708031249,0.8854859102517747,1.710197708031249,0.03654008974822531,1.7105880213289655
S00434,L0021,T01,434,0.938607,-0.831365,1.0,0.895921,22.232397,3.28931,-7.385172,8.084574,FAIL,1.0115387767507005,-7.656079933225374,2.2777712232492995,0.27090793322537454,2.293824939647107
S00271,L0013,T01,271,-0.55216,0.511329,2.0,1.0,20.224612,4.192244,0.993751,4.308416,PASS,4.593764747034796,1.5392408770554957,-0.40152074703479634,-0.5454898770554957,0.6773316146980005
S00647,L0032,T01,647,-0.867264,-0.717546,4.0,0.725454,20.770987,-2.365473,-0.344591,2.39044,PASS,-2.755866736425978,0.6192249114626405,0.39039373642597797,-0.9638159114626405,1.0398790221122822
S00697,L0034,T02,697,-0.237018,-0.336464,3.0,0.870912,22.149756,1.099531,-1.4713,1.836761,PASS,2.14690271331981,-1.4489283284768257,-1.0473717133198102,-0.02237167152317432,1.0476106135149716
S00179,L0008,T01,179,0.964032,0.609703,2.0,0.835019,22.896158,8.783261,-4.975752,10.094741,FAIL,8.306974191551406,-5.873881318619807,0.4762868084485934,0.8981293186198069,1.0166048381089998
S00582,L0029,T03,582,-0.035901,-0.858447,1.0,0.787605,21.003135,-0.544963,-3.554498,3.596032,PASS,-2.2082267488303877,-3.701825304614718,1.6632637488303876,0.14732730461471766,1.6697759229484512
S00726,L0036,T01,726,-0.0598,-0.888053,4.0,0.969253,21.807785,-0.705494,-6.030674,6.071799,PASS,-1.8515416865077752,-3.4538098855552954,1.1460476865077753,-2.576864114444705,2.8202223252897487
S00665,L0033,T02,665,-0.097695,-0.163142,1.0,0.89762,22.521645000000035,2.261619,-2.880358,3.662155,PASS,2.9832131582584402,-1.720986934454245,-0.7215941582584402,-1.1593710655457552,1.3655912261205425
S00547,L0027,T02,547,0.365851,0.002847,4.0,0.911825,21.729987,3.38743,-2.822203,4.409026,PASS,5.219166274147061,-3.751881475006997,-1.8317362741470609,0.9296784750069969,2.054156723552877
S00577,L0028,T03,577,0.239921,-0.502447,2.0,0.96383,22.562822,-0.919424,-6.634292,6.697699,PASS,-0.33975166436738125,-4.531412675833901,-0.5796723356326188,-2.102879324166099,2.1813118687393245
S00437,L0021,T01,437,0.502638,-0.651849,3.0,0.800787,21.316497,0.276218,-4.899706,4.907486,PASS,0.6708397119577545,-5.262887823553981,-0.3946217119577545,0.36318182355398054,0.5363089897703223
S00789,L0039,T01,789,0.734666,-0.233097,3.0,0.927492,21.706778,2.377048,-5.645533,6.125553,PASS,3.4886529232021672,-5.8238360972714975,-1.1116049232021674,0.17830309727149718,1.1258141497529268
S00243,L0012,T01,243,-0.243302,0.128068,3.0,0.854962,23.189228,2.392136,1.556812,2.854116,PASS,3.0888979388587607,-0.7324858311178886,-0.6967619388587609,2.2892978311178886,2.392981771556835
S00251,L0012,T01,251,0.374539,-0.534957,2.0,0.85753,22.170907,0.622939,-5.220025,5.257063,PASS,0.9993430911782761,-4.8256311798450575,-0.3764040911782761,-0.3943938201549422,0.5451848541844801
S00735,L0036,T01,735,0.343696,-0.179559,1.0,0.914771,20.560634,2.108707,-6.021976,6.380505,PASS,2.983469688600219,-3.8928656727535413,-0.8747626886002191,-2.129110327246459,2.3018081038511027
S00080,L0004,T02,80,0.42922,0.8148,3.0,0.797391,22.266556,7.759257,-3.599005,8.553298,FAIL,8.956637835914512,-2.615426782946657,-1.1973808359145117,-0.9835782170533429,1.5495634789440438
S00153,L0007,T03,153,0.665284,-0.208086,1.0,0.831831,21.237563,2.956295,-5.331086,6.095913,PASS,2.4700433233986923,-5.272569717556131,0.48625167660130764,-0.058516282443869194,0.48975999051436747
S00531,L0026,T01,531,-0.455438,0.744622,2.0,0.788193,22.078966,5.057972,1.820269,5.375542,PASS,6.033823899976989,1.4426358257695573,-0.9758518999769885,0.3776331742304426,1.0463717049729786
S00677,L0033,T01,677,0.444531,-0.556669,1.0,0.870087,20.843532,1.244181,-4.346799,4.521354,PASS,1.2486723951725893,-4.968059607073314,-0.004491395172589341,0.6212606070733138,0.6212768421015696
S00772,L0038,T04,772,0.320208,0.487606,2.0,0.713316,22.347104,8.995606,-1.607924,9.13818,FAIL,7.885476583076445,-2.698908265468125,1.1101294169235558,1.0909842654681252,1.5564812847631861
S00176,L0008,T01,176,0.53226,-0.943201,4.0,0.830633,22.283659,0.657343,-6.519913,6.552966,PASS,-0.830681612543624,-6.306872343818153,1.488024612543624,-0.21304065618184698,1.5031977809729478
S00105,L0005,T03,105,0.343558,0.077692,1.0,0.830211,22.503889,3.728565,-3.799256,5.323208,PASS,3.160163471961395,-3.4879043378793866,0.568401528038605,-0.3113516621206136,0.6480896192517589
S00285,L0014,T01,285,-0.885697,0.833319,4.0,0.861343,22.021109,5.13398,3.733296,6.347854,PASS,5.144561391088526,3.666179579753997,-0.010581391088526182,0.06711642024600328,0.06794541709347629
S00618,L0030,T01,618,-0.135649,0.963013,1.0,0.751046,21.619395,9.053093,0.706314,9.080604,FAIL,7.815336282779275,0.15198477941321054,1.2377567172207256,0.5543292205867895,1.3562162717728263
S00490,L0024,T03,490,0.866415,0.368122,3.0,0.809673,23.14495,6.435103,-6.601358,9.21892,FAIL,6.874702620866056,-5.33580872757123,-0.43959962086605664,-1.2655492724287702,1.3397248925098655
S00171,L0008,T02,171,-0.262753,0.856751,1.0,0.915288,22.824294,7.935193,0.785538,7.97398,PASS,8.301051752679616,0.3280140216098415,-0.36585875267961576,0.45752397839015846,0.5858163685953496
S00485,L0024,T01,485,-0.572924,0.752985,1.0,0.842214,22.842737,4.526827,1.595313,4.799707,PASS,5.644932621122462,1.7877066834565718,-1.1181056211224618,-0.19239368345657182,1.1345375751466469
S00616,L0030,T01,616,0.224097,-0.429859,2.0,0.833624,22.741132,1.067856,-2.339324,2.571527,PASS,1.239653375509938,-3.899687378443363,-0.171797375509938,1.560363378443363,1.569792410167436
S00676,L0033,T01,676,-0.826612,0.664335,2.0,0.850383,22.283087,6.199687,1.942422,6.496855,PASS,4.826924265312896,3.164255105996895,1.3727627346871039,-1.221833105996895,1.837757781824263
S00606,L0030,T03,606,0.939861,0.665914,1.0,0.819795,22.964373,7.391674,-2.420329,7.777843,PASS,7.309301761044934,-4.759698628287779,0.08237223895506585,2.339369628287779,2.3408193957470904
S00219,L0010,T01,219,0.478543,0.318911,3.0,0.861258,22.075497,6.829177,-4.64408,8.25864,FAIL,5.853121209334194,-3.9037528406837696,0.9760557906658054,-0.7403271593162302,1.2250588595302223
S00548,L0027,T01,548,0.160007,-0.331441,3.0,1.0,22.003298,-0.76224,-4.199418,4.268035,PASS,1.577317015256336,-3.2304687868860156,-2.339557015256336,-0.9689492131139841,2.532269654920136
S00343,L0017,T01,343,-0.524034,0.764395,2.0,0.854976,20.202879,6.690863,2.272847,7.066363,PASS,5.994214255103291,1.8181749645247023,0.6966487448967094,0.4546720354752978,0.8318931022730088
S00766,L0038,T02,766,-0.098883,-0.952221,3.0,0.845929,21.559862,0.232071,-6.887318,6.891227,PASS,-0.6526326909421734,-3.0186986816249,0.8847036909421734,-3.8686193183750994,3.968490399543852
S00545,L0027,T01,545,-0.477923,0.695814,3.0,0.873194,22.050028,4.059983,-1.487058,4.323749,PASS,5.589973159393333,1.1060275462715206,-1.529990159393333,-2.5930855462715208,3.01080762223738
S00031,L0001,T01,31,-0.864109,0.603304,4.0,1.0,23.456297,2.309438,2.069144,3.100784,FAIL,4.014318822761172,3.126771335569043,-1.7048808227611723,-1.0576273355690429,2.00628866336868
S00027,L0001,T01,27,0.783426,-0.706662,4.0,0.8351,23.264298,0.401283,-7.263792,7.274868,PASS,0.9333504062146236,-7.020860388690284,-0.5320674062146236,-0.2429316113097153,0.5849029770222509
S00575,L0028,T01,575,0.282057,-0.312706,4.0,0.868517,21.359683,4.024095,-3.999865,-13.815475,PASS,1.8469410533176251,-3.941735275336868,2.177153946682375,-0.05812972466313182,2.177929836437357
S00132,L0006,T02,132,0.487326,0.885882,2.0,0.923764,22.033604,11.00194,-2.188045,11.217407,FAIL,10.2904838717692,-2.688743738769545,0.7114561282307985,0.5006987387695454,0.8699822121184846
S00421,L0021,T03,421,0.044545,0.175377,4.0,1.0,21.40222,2.914994,-1.121094,3.123146,PASS,3.7047919012485577,-1.7283694798582554,-0.7897979012485576,0.6072754798582554,0.9962751794829081
S00163,L0008,T03,163,-0.233274,-0.976522,4.0,0.788007,21.779928,-2.731795,-1.035334,2.921408,PASS,-2.3822739458342754,-2.8885662274919333,-0.34952105416572454,1.8532322274919333,1.8859042012572729
S00161,L0008,T03,161,0.865879,0.074704,1.0,0.985749,22.447518,4.840729,-4.897801,6.886299,PASS,4.278123504023606,-5.5457481342310375,0.5626054959763938,0.6479471342310372,0.8581144637290865
S00006,L0000,T02,6,0.61863,-0.128834,1.0,1.0,20.66902,4.272158,-3.585385,5.577304,PASS,4.546095247565438,-5.393801384873694,-0.2739372475654376,1.8084163848736936,1.8290465922669565
S00506,L0025,T03,506,0.965291,-0.327984,2.0,0.935983,22.137183,1.129245,-7.305221,7.391986,PASS,1.726996759900869,-7.299578564220475,-0.597751759900869,-0.005642435779525279,0.5977783899959184
S00780,L0039,T04,780,0.990873,-0.327722,3.0,0.94883,22.597188,5.738672,-7.931665,9.789978,FAIL,5.5237521157480955,-7.99384386264212,0.21491988425190467,0.06217886264212069,0.2237336979677398
S00198,L0009,T02,198,0.64392,-0.343278,2.0,0.833802,20.73888,2.579397,-5.379911,5.9663,PASS,3.8919665163433765,-5.383747422278307,-1.3125695163433764,0.003836422278307161,1.3125751229433622
S00146,L0007,T01,146,-0.788865,-0.34112,2.0,0.916444,21.955321,-1.237141,1.716999,2.116271,PASS,-0.422483505497111,1.3090234314213407,-0.814657494502889,0.40797556857865924,0.9111042190149297
S00038,L0001,T01,38,0.664483,0.772475,3.0,0.70748,22.93074,7.671866,-4.174455,8.734048,FAIL,8.748134720121392,-4.201944921942734,-1.0762687201213925,0.027489921942733808,1.0766197349668813
S00156,L0007,T01,156,0.613053,0.754749,3.0,0.761444,21.011286,8.791849,-4.742736,9.989502,FAIL,8.528902006212867,-3.9812942203734787,0.26294699378713204,-0.7614417796265212,0.8055648361879344
S00695,L0034,T02,695,0.442068,-0.958074,4.0,0.726899,22.815289,1.872887,-8.358943,8.566191,FAIL,0.7757403193732175,-5.1101131962907305,1.0971466806267824,-3.2488298037092695,3.4290852909019307
S00607,L0030,T02,607,0.388423,0.871898,1.0,0.649769,21.590707,8.269023,-2.302431,8.583585,FAIL,9.63317609354463,-3.0295322180617426,-1.3641530935446298,0.7271012180617427,1.5458298237303656
S00615,L0030,T01,615,-0.420678,-0.540496,4.0,0.901324,21.069173,-1.918884,-2.419261,3.08787,PASS,-0.8662833044051608,-1.115304678238322,-1.0526006955948393,-1.303956321761678,1.675789459755904
S00492,L0024,T02,492,-0.388101,-0.521243,3.0,0.743662,22.27327,0.50981,-1.916773,1.983412,PASS,0.9786921874243286,-1.0658329796257984,-0.46888218742432863,-0.8509400203742017,0.971570596487085
S00672,L0033,T01,672,0.343504,-0.177205,4.0,0.80709,21.882198,2.686955,-2.753519,3.847284,PASS,2.6760130144215197,-3.9681696065676437,0.010941985578480473,1.214650606567644,1.2146998901307042
S00681,L0034,T01,681,0.725704,-0.132427,1.0,0.90038,21.492579,3.243468,-5.413448,6.310746,PASS,4.163333793452031,-5.5454995772049,-0.9198657934520309,0.13205157720490046,0.9292958070525424
S00388,L0019,T04,388,-0.605086,-0.460098,3.0,0.914,22.039484,1.172542,-1.409862,1.83373,PASS,1.7252480438841418,-1.3685060428069935,-0.5527060438841418,-0.04135595719300644,0.5542511038702662
S00777,L0038,T01,777,-0.00798,-0.712338,2.0,0.8832,21.753585,-0.012431,-3.399038,3.399061,PASS,-0.7460339401185596,-3.208263075819148,0.7336029401185596,-0.19077492418085207,0.7580028663842933
S00015,L0000,T02,15,0.674094,-0.766618,2.0,0.731473,21.83159,-0.468905,-5.787706,5.80667,PASS,1.6372478936791688,-6.205987235367172,-2.1061528936791687,0.4182812353671723,2.147286474463392
S00086,L0004,T02,86,0.618555,0.788862,3.0,0.685001,21.529334,7.255321,-2.765125,7.76438,PASS,9.151455004978523,-3.49569888604072,-1.8961340049785225,0.73057388604072,2.0320094408738685
S00709,L0035,T01,709,0.778294,-0.152057,4.0,0.685098,22.36,2.023203,-6.736237,7.033509,PASS,3.7618367224356684,-5.938013672977572,-1.7386337224356683,-0.7982233270224279,1.9131146595521298
S00360,L0018,T01,360,0.83533,-0.166484,2.0,0.834955,22.248245,4.949401,-6.863696,8.462085,FAIL,3.922275404563476,-6.5173637080789035,1.027125595436524,-0.3463322919210965,1.083943285060687
S00387,L0019,T04,387,-0.652951,0.636805,3.0,0.732708,22.103654,8.506001,2.373347,8.830902,FAIL,7.266387134285254,2.1798258600250664,1.2396138657147455,0.19352113997493348,1.2546286174360335
S00376,L0018,T01,376,-0.645912,0.731035,2.0,0.811073,21.494643,4.702929,3.513297,5.870332,PASS,5.560834541157542,2.371884423724008,-0.8579055411575416,1.1414125762759921,1.4278741495068155
S00083,L0004,T04,83,-0.212525,0.927372,2.0,0.827117,23.033373,7.182992,1.483951,7.334676,PASS,9.063752992091182,0.03314685150690044,-1.880760992091182,1.4508041484930996,2.3753093665155696
S00168,L0008,T02,168,0.378654,-0.513004,1.0,0.974544,21.662361,22.16327,-4.978013,5.355196,PASS,1.9637025019049883,-4.599466834990276,20.199567498095014,-0.37854616500972416,20.203114223038487
S00002,L0000,T01,2,-0.483444,-0.3106,1.0,1.0,22.263953,-0.755145,1.345275,1.542728,PASS,0.27650526133106723,-0.3620613947714544,-1.0316502613310672,1.7073363947714544,1.994818244005114
S00748,L0037,T01,748,-0.533532,0.880921,4.0,0.870475,20.768207,6.350487,2.117164,6.694107,PASS,6.163484328765516,2.1226753007321286,0.18700267123448455,-0.005511300732128799,0.18708386751559494
S00052,L0002,T02,52,0.728454,-0.000576,1.0,0.863627,20.013231,4.7072,-3.87569,6.097434,PASS,5.465199521333876,-5.812973565072381,-0.7579995213338755,1.9372835650723812,2.080295864977369
S00050,L0002,T03,50,0.567372,0.818303,1.0,0.950753,21.45471,4.63184,-3.940507,6.081244,PASS,7.241655149926964,-3.018503213607211,-2.6098151499269635,-0.9220037863927892,2.7678919955285357
S00207,L0010,T01,207,0.942329,0.209819,4.0,0.90079,21.988309,7.384188,-5.808232,9.394774,FAIL,5.975848428886142,-6.008292447137791,1.4083395711138582,0.20006044713779048,1.4224783056602792
S00172,L0008,T01,172,-0.03997,-0.65433,4.0,1.0,21.73507,-0.12145,-1.501752,1.506655,PASS,-0.6111437802971214,-3.0995424881112736,0.48969378029712135,1.5977904881112737,1.671147642298713
S00489,L0024,T02,489,-0.528189,-0.637113,4.0,0.821281,24.199262,0.389054,-0.5618,0.683361,PASS,0.16985886785067983,0.07157429419633088,0.21919513214932018,-0.6333742941963308,0.6702309322216173
S00188,L0009,T03,188,-0.838329,-0.970296,2.0,0.984855,22.23519,-3.300793,0.503279,3.338941,PASS,-4.508600641961744,-0.9201350925923686,1.2078076419617436,1.4234140925923686,1.8667905557324163
S00796,L0039,T02,796,0.298758,-0.321683,3.0,0.947944,21.293525,4.704647,-4.403312,6.443823,PASS,3.1328123556379666,-3.8028622162517802,1.571834644362033,-0.6004497837482194,1.682618225272745
S00327,L0016,T02,327,0.11551,0.748675,2.0,0.926057,22.856093,8.22149,1.545175,8.365432,FAIL,8.74094036335687,-1.253457629673758,-0.5194503633568708,2.798632629673758,2.846431674195999
S00422,L0021,T01,422,-0.196955,-0.245001,2.0,0.844848,22.341035,-0.113909,-0.744397,0.753062,PASS,1.3330103385215397,-1.4893378756569051,-1.4469193385215398,0.7449408756569051,1.6274251074664194
S00568,L0028,T02,568,0.811962,-0.640718,1.0,1.0,21.450182,2.076141,-8.865602,9.105452,FAIL,2.088905942485453,-6.99489940327806,-0.012764942485453012,-1.8707025967219408,1.870746147701197
S00090,L0004,T02,90,-0.764158,-0.917172,1.0,0.951232,22.302808,-4.019049,2.111331,4.539876,PASS,-2.460100500479858,0.8511784262078517,-1.5589484995201417,1.2601525737921482,2.004571009815087
S00603,L0030,T01,603,-0.701548,0.546353,1.0,0.539952,21.141162,6.074967,2.748499,6.667793,PASS,4.245628992711209,2.031257256931283,1.8293380072887908,0.7172417430687168,1.9649206759845486
S00705,L0035,T01,705,0.978147,0.584334,2.0,0.811067,22.310306,8.654345,-5.824828,10.431985,FAIL,8.202233879016655,-5.986462841770719,0.4521111209833446,0.16163484177071918,0.48013569726803473
S00481,L0024,T01,481,0.749441,-0.382978,4.0,0.878359,22.583073,2.60838,-7.931993,8.34986,FAIL,2.5159247300008065,-6.245054765165213,0.0924552699991934,-1.6869382348347877,1.6894699124571981
S00062,L0003,T02,62,-0.530787,-0.538371,3.0,0.967821,21.982312,-0.138669,-0.465615,0.485825,PASS,0.6511095509126474,-0.4594425948261549,-0.7897785509126474,-0.006172405173845097,0.7898026703343761
S00382,L0019,T02,382,-0.250991,0.195714,2.0,0.992156,21.59534,4.100484,0.89406,4.196822,PASS,4.924902544494713,-0.517226422614731,-0.824418544494713,1.4112864226147308,1.634440363905476
S00742,L0037,T01,742,-0.28928,0.314221,4.0,0.986191,22.908727,3.544008,0.29071,3.555911,PASS,3.7994163722934644,-0.09302532280700548,-0.2554083722934646,0.3837353228070055,0.46096229195824007
S00383,L0019,T01,383,-0.578984,0.035226,1.0,0.848485,23.04019,4.456624,-0.420867,4.476452,PASS,1.8598962782485455,0.6378400458495288,2.596727721751454,-1.0587070458495287,2.804256669751172
S00542,L0027,T03,542,-0.279699,0.513511,2.0,0.819872,23.456698,2.162272,0.921792,2.350557,PASS,4.18042307414434,0.20689773988938898,-2.0181510741443396,0.714894260110611,2.1410295563604556
S00651,L0032,T01,651,-0.57347,-0.154854,2.0,0.868306,21.342317,2.293099,0.579034,2.365075,PASS,1.018160423839257,0.5414764644888783,1.2749385761607432,0.03755753551112173,1.2754916469567539
S00684,L0034,T01,684,-0.565624,0.989916,3.0,0.867492,22.207213,7.232443,2.651587,7.703191,PASS,6.966856360935948,1.8982806798899832,0.2655866390640522,0.753306320110017,0.798753200160747
S00736,L0036,T01,736,0.091449,0.990791,1.0,0.980627,21.311524,6.136814,-0.77831,6.185973,PASS,8.515480403761748,-0.8308769101385225,-2.3786664037617475,0.05256691013852255,2.3792471793460965
S00140,L0007,T02,140,-0.272806,-0.248745,4.0,0.910765,21.908325,1.115619,0.528217,1.23435,PASS,2.5988154541963415,-0.8116331381507693,-1.4831964541963416,1.3398501381507693,1.998767148630184
S00473,L0023,T02,473,0.55722,-0.100798,2.0,1.0,22.118752,4.483862,-4.800055,6.568527,PASS,5.034475078350119,-4.603211465273414,-0.5506130783501186,-0.196843534726586,0.5847410873316929
S00195,L0009,T01,195,-0.123868,-0.757025,1.0,0.902863,21.559206,-1.911447,-0.905848,2.115228,PASS,-1.1909337415188856,-2.7226714736506628,-0.7205132584811142,1.8168234736506628,1.9544786747506695
S00417,L0020,T04,417,-0.343242,0.887168,3.0,1.0,21.693167,10.626934,1.727603,10.766445,FAIL,9.157644996763732,1.5777415298215471,1.469289003236268,0.14986147017845286,1.4769118576526743
S00190,L0009,T02,190,-0.385556,0.408358,4.0,0.74342,22.352992,6.531997,0.02838,6.532058,PASS,5.50322167697301,0.4205735324604698,1.0287753230269896,-0.3921935324604698,1.100997017331613
S00625,L0031,T01,625,0.093559,-0.807007,3.0,0.826601,22.188421,-1.114334,-4.092462,4.24146,PASS,-1.149413602976482,-3.5259782275364744,0.03507960297648216,-0.5664837724635259,0.567568888338231
S00093,L0004,T04,93,-0.784615,0.93811,3.0,0.692078,22.3128,8.182694,3.567297,8.926483,FAIL,8.556885596017509,3.67641544853044,-0.37419159601750884,-0.10911844853043995,0.38977709827518187
S00167,L0008,T01,167,0.707599,-0.498994,3.0,0.864224,22.331565,0.536163,-6.206141,6.229258,PASS,1.9883188624102202,-6.036787428487326,-1.4521558624102202,-0.16935357151267372,1.4619977020900097
S00130,L0006,T01,130,-0.875879,0.834823,4.0,0.588363,22.030427,6.12531,2.424157,6.587561,PASS,5.173873739117779,3.623486062582709,0.9514362608822209,-1.1993290625827089,1.5308890093266267
S00337,L0016,T02,337,0.898324,0.6785,3.0,0.867453,21.197281,9.127166,-4.702315,10.267275,FAIL,9.084278863536184,-4.908374225912185,0.04288713646381659,0.20605922591218562,0.21047496539397548
S00459,L0022,T01,459,-0.601355,-0.914752,3.0,0.949496,20.02066,-5.412024,-0.482242,5.433467,PASS,-3.4003787548232802,-0.3755764501771297,-2.0116452451767195,-0.1066655498228703,2.01447117923318
S00218,L0010,T01,218,-0.127759,-0.58025,3.0,1.0,23.271699,0.327236,0.339586,0.471595,PASS,-0.4570403027181147,-2.187776233714977,0.7842763027181148,2.5273622337149773,2.6462519115560323
S00209,L0010,T01,209,0.780921,-0.529765,2.0,0.838287,21.647206,1.605906,-4.341271,4.628777,PASS,1.8823608000991106,-6.847655045103167,-0.2764548000991105,2.506384045103167,2.5215844697422996
S00711,L0035,T01,711,-0.937032,0.267928,1.0,0.824781,22.031359,2.872328,2.182519,3.607445,PASS,2.20841945132102,2.6409697247879635,0.6639085486789802,-0.45845072478796345,0.806815733651519
S00671,L0033,T01,671,-0.044667,0.387853,3.0,0.80718,20.845416,5.822389,-1.018808,5.910853,PASS,4.968388729585319,-1.3392987159527396,0.854000270414681,0.3204907159527397,0.9121572018463966
S00461,L0023,T02,461,-0.384534,-0.897738,1.0,0.763515,21.806328,-2.436989,-2.768401,3.688219,PASS,-1.6249174635254047,-1.0938032011888459,-0.8120715364745954,-1.674597798811154,1.8611120246066255
S00211,L0010,T01,211,-0.631473,0.133816,1.0,0.863476,21.623671,3.885947,-1.257348,4.208722,PASS,2.2496709769952785,1.037252130542948,1.6362760230047213,-2.294600130542948,2.8182599210413257
S00675,L0033,T01,675,-0.461961,0.731984,3.0,1.0,22.027307,5.09646,0.490166,5.119977,PASS,5.823563588192142,1.0768813754122455,-0.7271035881921417,-0.5867153754122455,0.9342989669838129
S00624,L0031,T01,624,0.35865,0.053118,3.0,0.793284,21.704336,6.460355,-3.941734,7.567923,PASS,4.130357235774477,-3.6772829174159245,2.3299977642255225,-0.26445108258407535,2.3449571331638075
S00400,L0020,T01,400,0.235652,0.186131,3.0,0.76785,20.913353,5.544401,-2.033832,5.905663,PASS,4.552889573130017,-2.9246056466634154,0.991511426869983,0.8907736466634155,1.332881314747787
S00229,L0011,T02,229,0.775421,-0.997428,1.0,0.812771,21.098197,-0.423823,-6.830318,6.843454,PASS,0.048242298656544946,-7.222906069969268,-0.47206529865654495,0.39258806996926765,0.6139796730168577
S00449,L0022,T01,449,-0.070492,-0.304912,2.0,0.768175,22.203067,0.569648,-3.285121,3.334145,PASS,1.2817096484498653,-2.220561431580871,-0.7120616484498653,-1.0645595684191291,1.2807493376558357
S00258,L0012,T01,258,0.82314,0.236665,2.0,0.945637,21.965006,5.062701,-5.427712,7.422331,PASS,6.033287072168983,-5.7882030025942335,-0.9705860721689836,0.36049100259423383,1.0353700239237233
S00791,L0039,T01,791,-0.446878,0.055233,3.0,0.82836,21.640297,2.188678,1.546196,2.679745,PASS,2.20669396782351,0.1374940299139915,-0.018015967823509893,1.4087019700860084,1.4088171689828382
S00247,L0012,T02,247,-0.630447,-0.623847,1.0,0.888076,21.835343,-0.676487,0.105347,0.68464,PASS,-0.5833044973012793,0.5013480955224874,-0.09318250269872064,-0.3960010955224874,0.40681672343231823
S00134,L0006,T03,134,-0.636635,0.814597,1.0,0.897171,21.182488,6.015763,2.649026,6.573183,PASS,4.613194760243474,1.7057577450191874,1.4025682397565253,0.9432682549808127,1.69025224982198
S00416,L0020,T02,416,0.071802,-0.192472,2.0,0.699701,22.828194,1.939543,-3.001907,3.573972,PASS,3.4906532296410435,-2.5873373984466745,-1.5511102296410435,-0.41456960155332556,1.6055562584441485
S00555,L0027,T01,555,-0.3353,-0.490451,1.0,0.785662,21.669965,0.006676,-0.151807,0.151954,PASS,-0.3066718577107448,-1.3279409518136345,0.3133478577107448,1.1761339518136344,1.2171597892391408
S00275,L0013,T02,275,-0.066519,0.630888,1.0,0.832763,22.75133,8.837932,-0.61019,8.858971,FAIL,7.429518908359238,-0.9534328838989827,1.408413091640762,0.3432428838989827,1.4496355107586114
S00087,L0004,T01,87,0.50637,-0.115065,2.0,0.905727,22.006979,2.760833,-3.47443,4.437777,PASS,3.50227965864695,-4.788369086969961,-0.7414466586469501,1.3139390869699614,1.5087011207943681
S00757,L0037,T04,757,-0.028575,0.079295,4.0,0.818479,22.51748,6.037982,-1.072715,6.132531,PASS,5.347216516916587,-1.1434991479097496,0.6907654830834131,0.07078414790974952,0.6943827101928521
S00214,L0010,T01,214,-0.075422,0.252796,4.0,0.860492,23.229403,5.004487,0.725561,5.056811,PASS,3.9556403429894327,-1.2028346365341258,1.0488466570105675,1.928395636534126,2.195174034313931
S00415,L0020,T03,415,-0.399322,0.41453,2.0,0.8692869999999999,22.717986,2.935242,-0.821393,3.048004,PASS,3.470324237535409,0.49384959715472165,-0.5350822375354087,-1.3152425971547217,1.4199211563661542
S00194,L0009,T02,194,0.709537,0.024328,2.0,0.717314,20.408122,4.513596,-5.664893,7.243174,PASS,6.046856213103124,-5.079235449624124,-1.5332602131031239,-0.5856575503758759,1.6413048611995604
S00776,L0038,T04,776,-0.835019,-0.364848,2.0,0.797487,21.518412,1.692449,-0.223891,1.707194,PASS,0.8339478364335755,1.347178373028608,0.8585011635664246,-1.571069373028608,1.790330478630526
S00543,L0027,T01,543,0.477341,-0.066265,1.0,0.769189,21.568657,5.619108,-4.308531,7.080806,PASS,3.904740880537397,-4.312252462111,1.7143671194626027,0.0037214621109997736,1.7143711586394426
S00124,L0006,T01,124,0.062088,0.365728,2.0,0.881943,21.647001,3.087876,-1.767855,3.55813,PASS,5.115177371379885,-1.7714087380963837,-2.027301371379885,0.0035537380963837073,2.027304486122699
S00660,L0033,T03,660,-0.600776,-0.590238,1.0,0.900794,22.260559,-2.315723,-1.256491,2.634643,PASS,-2.1306003936435056,-0.9937310821366863,-0.18512260635649458,-0.26275991786331376,0.3214236360626845
S00693,L0034,T01,693,-0.430784,-0.015275,2.0,0.958441,22.089311,2.39908,-1.205005,2.684702,PASS,2.058300826762007,0.05985834608078555,0.3407791732379932,-1.2648633460807857,1.309965545032178
S00021,L0001,T03,21,-0.831156,-0.095642,3.0,0.69742,22.083351,-1.465328,-0.307404,1.497226,PASS,-0.39601392808511937,1.6589593343883229,-1.0693140719148806,-1.966363334388323,2.238306803640186
S00044,L0002,T01,44,-0.522159,0.251788,3.0,0.948821,23.082991,3.923571,2.496301,4.650369,PASS,3.0868542896542612,0.7458560697056362,0.8367167103457387,1.7504449302943637,1.9401423420370563
S00771,L0038,T02,771,-0.418453,-0.903233,1.0,0.979631,21.64134300000001,1.031668,-2.728596,2.917117,PASS,-1.7203041256840708,-0.9244193571183872,2.7519721256840706,-1.8041766428816128,3.2906540291044983
S00205,L0010,T01,205,0.481343,-0.933672,4.0,0.700714,22.192266,-3.056178,-6.736412,7.397261,PASS,-0.8939677428587052,-6.052370235330603,-2.162210257141295,-0.6840417646693968,2.2678329594348536
S00799,L0039,T04,799,0.195655,0.862252,2.0,0.932374,21.750261,9.512843,-4.049726,10.338978,FAIL,9.606822961337597,-1.7774479650915411,-0.09397996133759712,-2.2722780349084584,2.274220679938616
S00187,L0009,T01,187,0.028362,-0.91011,3.0,0.836346,21.827443,-1.239195,-3.000876,3.246669,PASS,-1.8625832548518764,-3.349682410427766,0.6233882548518763,0.34880641042776617,0.7143380349965772
S00554,L0027,T03,554,0.714001,0.308526,4.0,0.80808,22.178457,6.102388,-2.977673,6.790116,PASS,5.671966825135723,-4.499567702415749,0.43042117486427767,1.5218947024157496,1.5815896664472324
S00245,L0012,T01,245,-0.741901,0.173873,3.0,0.928828,22.374111,1.479672,0.906666,1.735359,PASS,2.138393690532579,1.6858239100290922,-0.6587216905325788,-0.7791579100290922,1.0202947193526983
S00109,L0005,T01,109,-0.725317,0.546287,4.0,0.743506,23.308803,3.728539,4.626735,5.94211,PASS,4.027878641786068,2.3737612273490876,-0.2993396417860681,2.2529737726509125,2.272772545020178
S00679,L0033,T01,679,0.906805,-0.620889,1.0,0.600713,21.926438,2.565285,-7.575521,7.998075,PASS,2.0395151796607363,-7.166828111380113,0.5257698203392636,-0.4086928886198873,0.6659307630587801
S00104,L0005,T02,104,-0.238332,-0.951336,2.0,0.728223,20.913127,-0.851315,-1.746588,1.943015,PASS,-1.3325737452580473,-2.4369521093241575,0.48125874525804724,0.6903641093241575,0.8415536722813864
S00730,L0036,T01,730,0.646023,0.785814,3.0,0.761717,21.519547,9.573857,-2.905437,10.005014,FAIL,8.775793114975926,-4.0974764359796625,0.7980638850240744,1.1920394359796624,1.4345256991460387
S00117,L0005,T02,117,0.992209,0.210174,4.0,0.8012,23.01046,7.285628,-7.43575,10.410127,FAIL,7.599855732706401,-6.675579952002876,-0.31422773270640114,-0.7601700479971241,0.8225555117277833
S00177,L0008,T02,177,-0.958427,0.038658,4.0,1.0,21.668129,1.644984,3.521397,3.886671,PASS,2.4615296323209526,2.911549382140497,-0.8165456323209526,0.6098476178595029,1.0191471369097471
S00049,L0002,T01,49,0.378965,0.138941,3.0,0.918284,23.969589,7.662572,-5.847289,9.638766,FAIL,4.64243161858565,-3.6633436092663985,3.0201403814143504,-2.1839453907336015,3.7270451289401048
S00613,L0030,T04,613,0.424949,-0.640014,4.0,0.806471,22.897196,3.408048,-12.485706,5.36417,PASS,3.007355978945914,-4.949169396357564,0.40069202105408586,-7.536536603642436,7.54718080304021
S00213,L0010,T02,213,0.388648,-0.80982,2.0,0.894144,24.381399,0.373817,-4.240421,4.256866,PASS,0.7880747829540526,-5.0031782636097715,-0.41425778295405263,0.762757263609771,0.867990872030042
S00500,L0025,T01,500,-0.992831,0.988419,4.0,0.837953,21.908737,6.286532,4.780382,7.897629,PASS,5.702908192229524,4.459555998416649,0.5836238077704765,0.3208260015833515,0.665992546721411
S00581,L0029,T01,581,0.544382,-0.946328,1.0,1.0,22.07256,-0.517187,-5.478232,5.502591,PASS,-0.5544437765106274,-6.059381040290361,0.03725677651062742,0.5811490402903612,0.5823420596405267
S00008,L0000,T01,8,0.373998,-0.416875,3.0,0.780893,21.614202,-0.734091,-5.864922,5.910685,PASS,1.6302041605659177,-4.352734078682906,-2.3642951605659177,-1.5121879213170937,2.806528801856972
S00312,L0015,T02,312,0.717322,0.988102,1.0,0.8922,22.16228,11.496419,-4.792707,12.455428,FAIL,10.905703854364202,-4.5983512493189735,0.590715145635798,-0.1943557506810265,0.6218669802347664
S00784,L0039,T03,784,0.828621,-0.492353,4.0,0.752937,22.012001,3.842666,-6.423138,7.484837,PASS,2.050009956472798,-6.709215688106941,1.7926560435272019,0.2860776881069409,1.8153391236976117
S00173,L0008,T01,173,0.267517,0.421348,4.0,0.815566,22.414557,3.94773,-2.480231,4.6622,PASS,5.573563834318199,-2.4725645773390204,-1.6258338343181986,-0.007666422660979499,1.6258519092617976
S00236,L0011,T01,236,-0.135949,-0.128424,3.0,0.823268,22.006979,13.393565,-1.612607,2.906732,PASS,1.9622425923035645,-1.569500654993734,11.431322407696436,-0.04310634500626587,11.431403682211666
S00082,L0004,T04,82,0.140875,-0.760269,1.0,0.875452,21.790871,1.426083,-3.580467,3.854019,PASS,1.2253210749185137,-3.3244369911592204,0.20076192508148627,-0.25603000884077964,0.325356290840417
S00702,L0035,T01,702,0.381575,0.743549,3.0,0.965883,20.001791,9.909508,-3.443292,10.490692,FAIL,7.912376250661006,-2.9002177229707975,1.9971317493389948,-0.5430742770292025,2.069653327151343
S00594,L0029,T01,594,0.302084,0.513478,1.0,0.834316,20.097811,3.167592,-2.060383,3.778732,PASS,6.5223029025490735,-2.5676644232918626,-3.3547109025490736,0.5072814232918628,3.392848314042147
S00436,L0021,T02,436,0.935792,0.112008,2.0,0.862643,22.373767,8.625179,-6.245057,10.648683,FAIL,7.0127184035711645,-5.945823683812798,1.6124605964288348,-0.29923331618720184,1.639990778191153
S00646,L0032,T01,646,0.440696,-0.521804,4.0,0.901286,22.392786,2.300609,-8.436886,8.744932,FAIL,1.1254769476261455,-5.077257138187736,1.1751320523738547,-3.359628861812263,3.5592192162942635
S00276,L0013,T01,276,-0.728942,0.894548,2.0,0.879382,22.741166,6.405659,4.393325,7.767482,PASS,6.252655235674185,3.0578077143027573,0.15300376432581508,1.3355172856972426,1.34425316525348
S00410,L0020,T01,410,0.543893,0.155607,1.0,0.774773,21.919753,5.343956,-3.551445,6.416434,PASS,5.232610769157532,-4.249709322141433,0.11134523084246872,0.6982643221414326,0.7070861503430802
S00110,L0005,T01,110,-0.74701,-0.913891,1.0,0.901142,22.589415,-4.201271,1.492482,4.458495,PASS,-3.5356955263357692,-0.15804209635561328,-0.665575473664231,1.6505240963556134,1.779668650000297
S00097,L0004,T01,97,-0.529974,0.961126,1.0,0.878017,21.796102,6.906427,1.77294,7.130361,PASS,6.843075680630564,1.934610295622544,0.06335131936943572,-0.16167029562254398,0.17363949479461463
S00125,L0006,T02,125,-0.047952,0.828357,4.0,0.883314,20.131826,7.284449,-0.057334,7.284674,PASS,8.265880215657965,-0.8419344743585773,-0.981431215657965,0.7846004743585773,1.2565051274991181
S00689,L0034,T04,689,0.56816,0.981401,1.0,0.751038,21.240251,13.062288,-3.482723,13.518607,FAIL,12.438130046223296,-3.5075326874214703,0.6241579537767041,0.024809687421470272,0.6246508399519474
S00330,L0016,T01,330,-0.62574,0.125316,3.0,0.902571,22.482954,1.271908,0.588662,1.401525,PASS,2.155330762665133,1.0738261861745375,-0.883422762665133,-0.4851641861745375,1.0078789933029149
S00250,L0012,T02,250,-0.182808,-0.153233,1.0,0.930711,22.724841,2.652494,-0.959449,2.820686,PASS,2.8747742031288146,-1.2682215543382584,-0.2222802031288147,0.30877255433825845,0.3804589058171196
S00739,L0036,T01,739,-0.683482,-0.14533,1.0,0.948497,22.383721,0.217857,0.336719,0.40105,PASS,0.6564441571720683,0.8149061667124387,-0.4385871571720683,-0.47818716671243866,0.6488618195307427
S00321,L0016,T01,321,0.83144,0.338059,1.0,0.864105,22.96349,6.260105,-4.197816,7.537279,PASS,6.892752547107579,-5.252612158036019,-0.6326475471075783,1.0547961580360186,1.229974737085596
S00794,L0039,T01,794,0.462619,0.650513,1.0,0.769211,22.006979,9.15584,-4.06783,10.018815,FAIL,7.633905836592727,-3.069882580380683,1.5219341634072725,-0.997947419619317,1.8199402875015014
S00133,L0006,T01,133,0.904248,-0.717545,1.0,0.920146,21.988602,1.263688,-8.759226,8.849912,FAIL,1.525559863160678,-7.313789346163402,-0.261871863160678,-1.4454366538365981,1.4689669815790913
S00268,L0013,T02,268,0.898109,0.272863,1.0,0.739926,22.937829,6.17398,-5.78045,8.457638,FAIL,7.301049909186348,-6.372384100323103,-1.127069909186348,0.5919341003231029,1.273056384972262
S00501,L0025,T02,501,0.205313,0.384856,3.0,0.789759,22.062543,5.378627,-3.280865,6.300294,PASS,6.455953566633706,-2.290268831017435,-1.0773265666337064,-0.9905961689825649,1.4635276906084502
S00569,L0028,T02,569,-0.531049,-0.370369,3.0,0.833499,21.280605,3.115538,-0.006526,3.115545,PASS,1.478710980685913,-0.19718746663678188,1.636827019314087,0.19066146663678188,1.6478939547242497
S00232,L0011,T02,232,0.62567,-0.9674,3.0,1.0,22.271258,0.130752,-5.236564,5.238196,PASS,0.5073195641174686,-6.256679784779122,-0.3765675641174686,1.0201157847791213,1.0874002688526825
S00407,L0020,T01,407,-0.114491,0.113995,4.0,0.772052,21.675131,4.047025,-0.413331,4.068078,PASS,3.158929454406313,-1.2865582374931872,0.8880955455936865,0.8732272374931872,1.2454876580694532
S00329,L0016,T01,329,-0.670841,-0.480036,4.0,0.974866,22.003528,-1.485528,1.548245,2.14566,PASS,-1.1073627388348108,0.16115381093165881,-0.3781652611651891,1.3870911890683413,1.4377172641180744
S00786,L0039,T02,786,0.626822,0.028401,2.0,0.839164,22.002971,4.319014,-4.954285,6.572582,PASS,5.891693414973808,-4.703740129880155,-1.5726794149738081,-0.2505448701198443,1.5925116245182418
S00706,L0035,T02,706,0.47327,-0.859282,1.0,0.807864,21.667883,0.406387,-6.044105,6.057752,PASS,0.2321258967659272,-5.495098458166616,0.1742611032340728,-0.5490065418333838,0.5759992318364732
S00552,L0027,T01,552,-0.286702,-0.383509,4.0,0.862378,22.318418,0.092431,-1.568295,1.571016,PASS,0.23245524446741417,-1.4373188755347108,-0.14002424446741418,-0.13097612446528917,0.19173297634631634
S00398,L0019,T01,398,0.715619,-0.636871,2.0,1.0,21.54656,-0.204361,-6.830758,6.833815,PASS,1.1772319277427263,-6.698886799818164,-1.3815929277427264,-0.13187120018183673,1.3878721235856408
S00754,L0037,T01,754,-0.540648,0.67363,1.0,0.768908,21.012778,4.679556,1.108539,4.809064,PASS,5.30686585189868,1.5113805452566198,-0.6273098518986799,-0.40284154525661986,0.7455192558706214
S00063,L0003,T01,63,0.177668,-0.049351,4.0,0.723272,22.6249,0.333443,-0.401342,0.521785,PASS,2.965635789854676,-2.954383396934342,-2.632192789854676,2.5530413969343417,3.6669414035982903
S00287,L0014,T02,287,0.728567,-0.967762,3.0,0.980478,21.837456,0.216069,-6.660297,6.663801,PASS,0.6808900289632103,-6.713732407653243,-0.46482102896321026,0.05343540765324306,0.46788239094614986
S00447,L0022,T04,447,-0.44798,0.964241,3.0,0.848933,21.121429,8.214928,-0.037133,8.215012,FAIL,9.348902301806971,2.2734860334039304,-1.1339743018069708,-2.3106190334039303,2.57387995731874
S00279,L0013,T03,279,-0.617248,0.720587,3.0,0.80918,20.789841,5.40045,2.347834,5.888733,PASS,4.920562620714504,2.0976302441790002,0.4798873792854961,0.25020375582099996,0.5411966520816959
S00048,L0002,T01,48,0.487914,-0.001104,2.0,0.814427,22.00529,4.371561,-3.549992,5.631428,PASS,4.0674155217681385,-4.50724848498206,0.30414547823186133,0.9572564849820604,1.0044124899507658
S00657,L0032,T02,657,0.176756,-0.472841,2.0,0.674072,21.411082,2.02734,-2.229904,3.013732,PASS,2.179719394724093,-3.5108266185569272,-0.1523793947240928,1.2809226185569274,1.2899543537145866
S00307,L0015,T01,307,0.161362,-0.496368,2.0,0.87746,22.224503,0.963538,-3.032433,3.181832,PASS,0.755090935451578,-3.6964535360642494,0.208447064548422,0.6640205360642493,0.6959694325427712
S00798,L0039,T01,798,-0.954509,0.30737,3.0,0.756172,22.430684,3.213699,3.478827,4.736042,PASS,2.3482729932145654,2.863190495186309,0.8654260067854347,0.6156365048136907,1.0620595460141586
S00277,L0013,T04,277,0.956715,0.674841,3.0,0.901859,21.904277,10.541233,-4.384855,11.416853,FAIL,10.607060715583174,-4.792921932843257,-0.06582771558317368,0.4080669328432567,0.41334236392971163
S00435,L0021,T02,435,0.256973,-0.881283,1.0,0.756067,21.172418,-0.145267,-4.051107,4.05371,PASS,-0.30410479611103725,-4.399701081773646,0.15883779611103724,0.3485940817736459,0.3830760751091391
S00725,L0036,T03,725,0.613926,-0.708554,3.0,0.975924,23.050372,0.362482,-5.2792,5.29163,PASS,-0.058298226691654964,-6.050845494687562,0.420780226691655,0.7716454946875615,0.8789156777793261
S00773,L0038,T01,773,0.854413,0.218419,1.0,0.925819,21.622802,7.870931,-5.935632,9.858158,FAIL,6.320372657943832,-5.552886968144641,1.550558342056168,-0.38274503185535913,1.5970989110039278
S00057,L0002,T01,57,0.730787,0.63572,1.0,1.0,22.047024,8.179635,-5.633954,9.932164,FAIL,8.210664031047067,-4.30855924586376,-0.031029031047067335,-1.3253947541362399,1.3257579172155012
S00775,L0038,T02,775,-0.483704,0.10033,4.0,1.0,22.531986,6.173903,0.013427,6.173917,PASS,3.8076934151291724,0.5986061009724495,2.3662095848708278,-0.5851791009724495,2.4374951035334407
S00106,L0005,T01,106,0.088505,-0.67538,4.0,0.927149,21.275582,-0.573734,-3.039734,3.093404,PASS,-0.4361293179621146,-3.7359916106810873,-0.13760468203788534,0.6962576106810872,0.7097250939272781
S00100,L0005,T02,100,0.403926,0.412937,2.0,1.0,22.368724,6.791542,-0.865257,6.846438,PASS,7.520289924690691,-3.0850628869729944,-0.7287479246906914,2.219805886972994,2.3363672043540054
S00043,L0002,T01,43,-0.445365,0.532897,3.0,0.817014,22.800645,1.342449,0.60575,1.472788,PASS,4.788759456533986,0.7429914554641242,-3.446310456533986,-0.13724145546412414,3.4490420380032196
S00642,L0032,T02,642,0.515555,0.658573,1.0,0.801185,22.509819,8.874227,-4.290611,9.85704,FAIL,8.698424503217666,-3.9381279265286047,0.1758024967823335,-0.3524830734713955,0.3938919077091374
S00448,L0022,T01,448,0.835108,0.703094,1.0,0.87431,21.355194,8.517635,-2.126877,8.779164,FAIL,8.819161386471539,-4.670471448813462,-0.3015263864715383,2.543594448813462,2.5614040840471155
S00023,L0001,T01,23,-0.495944,0.664574,1.0,0.880813,21.902478,3.936503,1.73452,4.3017,PASS,5.368396394594507,1.2940820501675168,-1.431893394594507,0.4404379498324833,1.4981002239957184
S00751,L0037,T04,751,0.376239,0.92178,1.0,0.721036,20.739714,11.672632,-3.106927,12.079045,FAIL,11.5668865019098,-2.7089011131397633,0.10574549809020084,-0.3980258868602369,0.4118333606900038
S00007,L0000,T02,7,0.610383,0.735167,4.0,0.817268,22.339793,11.147872,-4.38262,11.978414,FAIL,9.274948485130846,-4.231144014311412,1.8729235148691536,-0.1514759856885881,1.8790389742605538
S00505,L0025,T01,505,-0.596889,0.228927,2.0,0.864105,22.811872,4.386515,-0.317996,4.398027,PASS,3.0028835903605717,1.2946429174561076,1.3836314096394284,-1.6126389174561075,2.124862385152224
S00203,L0010,T03,203,0.257339,0.89989,2.0,0.837122,21.613794,7.778165,-0.861501,7.825729,PASS,7.063368524559724,-1.2213904585172406,0.7147964754402762,0.35988945851724063,0.8002839643861884
S00065,L0003,T01,65,0.362166,0.66886,2.0,0.789218,22.772997,5.2602,-3.501923,6.31927,PASS,7.353477945866489,-2.7683899870492876,-2.0932779458664887,-0.7335330129507125,2.218080981330388
S00549,L0027,T01,549,0.086551,0.940963,2.0,0.821721,23.341428,7.844959,-0.231723,7.848381,PASS,8.215398504512034,-0.9401523894826702,-0.3704395045120341,0.7084293894826702,0.7994358175525476
S00201,L0010,T03,201,-0.674484,-0.036023,2.0,0.867544,22.945139,0.685693,0.852428,1.093988,PASS,0.6647360693262103,0.6156766619030156,0.020956930673789675,0.23675133809698434,0.23767706880130152
S00699,L0034,T02,699,-0.768735,-0.289978,3.0,0.978586,22.263996,0.721844,1.649321,1.800366,PASS,1.4698829929952275,0.9822136678734159,-0.7480389929952275,0.6671073321265841,1.0022946311431398
S00184,L0009,T02,184,0.991208,0.793765,4.0,0.84865,22.415377,11.493202,-6.197708,13.057767,FAIL,10.39864091345617,-6.077322453795057,1.0945610865438304,-0.12038554620494324,1.1011615012844724
S00032,L0001,T03,32,0.20021,0.852492,1.0,0.632855,22.023994,5.329717,-2.684888,5.96779,PASS,6.611607331652883,-1.5135138520583693,-1.2818903316528836,-1.1713741479416306,1.7364792589752178
S00060,L0003,T02,60,-0.323237,0.807025,4.0,1.0,23.194801,7.801836,1.458013,7.936904,PASS,7.5545208090287295,0.5139773727916059,0.2473151909712703,0.9440356272083941,0.9758934722211753
S00519,L0025,T02,519,0.112834,0.828699,3.0,0.855769,21.698373,7.880571,-0.507114,7.896871,PASS,8.485965489154466,-1.1902182308099698,-0.6053944891544667,0.6831042308099698,0.912761676260062
S00266,L0013,T01,266,-0.695616,-0.913161,3.0,0.59723,21.389264,-3.285366,0.682418,3.355491,PASS,-3.618229069154088,0.07254301279051756,0.33286306915408836,0.6098749872094824,0.6947987642695155
S00406,L0020,T01,406,0.239144,-0.780782,4.0,0.870129,23.205755,-1.361387,-5.046753,5.227149,PASS,-0.6442410726018504,-4.636375862534642,-0.7171459273981495,-0.41037713746535776,0.8262612638494032
S00504,L0025,T01,504,-0.472729,-0.231878,1.0,0.771038,23.011385,1.331199,-2.171676,2.547208,PASS,0.7161663669981979,-0.28146045487310345,0.6150326330018021,-1.8902155451268967,1.9877575170770958
S00588,L0029,T01,588,-0.358824,-0.772627,3.0,0.800343,22.013552,-1.502129,-2.706726,3.095603,PASS,-2.0505676068316987,-1.3410339796486643,0.5484386068316986,-1.3656920203513359,1.4716995617023225
S00228,L0011,T01,228,0.574865,0.382242,3.0,0.882969,22.529995,6.702411,-4.036636,7.824113,PASS,6.426371601085388,-4.278356010117509,0.2760393989146115,0.24172001011750943,0.3669145854887059
S00356,L0017,T01,356,0.4866,0.367159,1.0,0.780992,23.375626,7.691309,-4.637244,8.981107,FAIL,6.204028506517664,-3.6432553019117617,1.487280493482336,-0.9939886980882382,1.7888590772389568
S00182,L0009,T01,182,-0.854398,0.117267,1.0,0.930785,22.87353,-0.458591,2.630977,2.670645,PASS,1.6186947752971244,2.019634631365624,-2.0772857752971245,0.611342368634376,2.16537656862248
S00061,L0003,T01,61,-0.854496,0.53882,2.0,0.862073,23.143097,3.013441,3.036214,4.277782,PASS,4.10299941396805,3.0955369390088623,-1.0895584139680499,-0.0593229390088621,1.0911721901428855
S00611,L0030,T02,611,0.987684,-0.607184,1.0,0.852311,21.020205,0.758995,-9.877991,9.907107,FAIL,2.611058351134419,-7.866486927461029,-1.8520633511344191,-2.011504072538971,2.734280031462783
S00281,L0014,T04,281,-0.19034,-0.829537,1.0,0.831096,21.300671,1.034876,-3.247412,3.408321,PASS,-0.08446124778063169,-1.9128351402302588,1.1193372477806316,-1.3345768597697414,1.7418413443542966
S00641,L0032,T04,641,0.934954,-0.188589,3.0,0.906253,23.363884,6.450972,-7.438277,9.845964,FAIL,6.129196970610174,-7.324253314613559,0.3217750293898263,-0.11402368538644136,0.3413803895479788
S00516,L0025,T01,516,-0.24507,0.500968,4.0,0.908401,22.04434,4.711709,-2.020965,5.126841,PASS,4.852944856315984,0.05839266780270469,-0.14123585631598434,-2.0793576678027046,2.0841487177644527
S00394,L0019,T02,394,0.786771,-0.042923,1.0,0.807104,22.625964,6.736363,-4.792782,8.267366,FAIL,5.343064410741828,-6.164803967274754,1.3932985892581717,1.3720219672747538,1.9554347950042459
S00414,L0020,T02,414,0.096032,-0.396336,2.0,0.995125,21.494194,0.701377,-0.943121,1.175333,PASS,2.4256804662256486,-3.0265517066814054,-1.7243034662256487,2.0834307066814053,2.7044234049387987
S00077,L0003,T01,77,-0.706342,-0.843614,2.0,1.0,21.370375,-2.825678,0.75091,2.923751,PASS,-2.9119572831888534,0.0637476193445905,0.08627928318885347,0.6871623806554095,0.6925577608370238
S00145,L0007,T01,145,-0.287492,-0.600718,3.0,0.771971,21.448337,-0.992496,-1.454758,1.76107,PASS,-0.9512452720255355,-1.4581115529557565,-0.041250727974464496,0.003353552955756456,0.0413868200741532
S00363,L0018,T01,363,-0.953806,-0.07977,4.0,0.738954,22.846468,-0.257545,-0.125908,0.286674,PASS,0.3192867678014011,2.2387128821191546,-0.5768317678014011,-2.3646208821191546,2.433961134549781
S00497,L0024,T04,497,0.523456,-0.169212,2.0,0.811946,22.666115,5.556208,-5.614455,7.898959,PASS,4.83472897653182,-4.249847621354366,0.7214790234681798,-1.3646073786456343,1.5435949206831137
S00524,L0026,T01,524,-0.592176,0.371945,3.0,0.908241,22.64142,3.779654,-0.325952,3.793683,PASS,3.567263556279827,1.2313178820504556,0.21239044372017268,-1.5572698820504556,1.5716867328208544
S00138,L0006,T01,138,0.322991,0.920957,1.0,0.813036,21.922168,9.034808,-2.266088,9.314661,FAIL,8.713733440250044,-1.993972302901704,0.321074559749956,-0.27211569709829586,0.4208750711623576
S00732,L0036,T01,732,0.955764,-0.362094,2.0,0.736388,20.93383,3.735177,-8.282154,9.085462,FAIL,3.139083405295456,-7.443392321174608,0.596093594704544,-0.8387616788253922,1.0290037548589295
S00664,L0033,T02,664,0.906658,-0.882944,1.0,0.731032,21.980656,2.377704,-8.364946,8.69631,FAIL,0.9323069584970543,-7.76918716871076,1.4453970415029458,-0.5957588312892401,1.5633621437928544
S00498,L0024,T01,498,-0.42508,0.822598,3.0,0.774199,20.875976,7.664757,1.901241,7.897038,PASS,6.401295476919598,1.0185690776254823,1.2634615230804016,0.8826719223745176,1.5412477876230593
S00546,L0027,T01,546,-0.075988,-0.7709,1.0,0.853274,23.228856,-2.30492,-6.164478,6.581295,PASS,-1.1469654434448717,-2.9622570465469944,-1.1579545565551284,-3.2022209534530055,3.405154591172075
S00574,L0028,T01,574,-0.460846,0.218823,1.0,0.726597,22.739156,4.868571,0.492513,4.893419,PASS,3.112610539197262,0.4039925193031757,1.7559604608027382,0.08852048069682428,1.7581902671228054
S00508,L0025,T03,508,-0.228441,-0.231339,2.0,0.849853,22.442421,0.524685,-1.721347,1.799536,PASS,0.34412498380469847,-1.8172811746326256,0.1805600161953015,0.09593417463262566,0.20446340824433756
S00034,L0001,T02,34,-0.793621,0.603645,3.0,0.961857,21.389762,6.049859,2.625581,6.595033,PASS,5.831960115418672,2.4814016148775297,0.21789888458132722,0.1441793851224702,0.2612807283288994
S00159,L0007,T02,159,-0.154337,0.438715,2.0,1.0,22.3526,6.138604,-1.170466,6.249196,PASS,6.463681708115029,-0.5535369954441487,-0.3250777081150291,-0.6169290045558513,0.6973355813204957
S00302,L0015,T01,302,0.7726,0.982597,1.0,0.946586,23.500118,10.09515,-4.392976,9.813862,FAIL,10.134785183403125,-3.9289438935573244,-0.03963518340312433,-0.46403210644267556,0.4657217447929889
S00653,L0032,T01,653,-0.85439,0.488303,1.0,0.989018,22.188416,2.890084,3.558529,4.58429,PASS,3.5676934729021266,2.628193021326829,-0.6776094729021267,0.9303359786731709,1.1509472754998227
S00278,L0013,T01,278,0.572809,-0.958944,2.0,0.957652,21.989366,-0.593774,-8.117689,8.139376,FAIL,-0.8303804289819006,-6.5191462913451375,0.23660642898190054,-1.598542708654863,1.6159583514525344
S00020,L0001,T04,20,-0.534049,0.482073,2.0,0.987883,21.10612,3.176439,1.003798,3.331272,PASS,5.994576291527803,0.9428901892496961,-2.8181372915278033,0.060907810750303826,2.818795408558425
S00339,L0016,T03,339,-0.94905,-0.577249,2.0,0.780643,20.869327,-3.572418,2.889431,4.594669,PASS,-2.6167982769859437,0.5159099726818219,-0.9556197230140562,2.373521027318178,2.558673703725233
S00224,L0011,T02,224,0.171353,-0.698495,3.0,0.938801,22.482363,0.449029,-3.382029,3.411707,PASS,1.05846146098955,-3.8232509383843754,-0.60943246098955,0.4412219383843752,0.7523860202179761
S00127,L0006,T01,127,-0.564141,-0.848814,1.0,0.792828,21.200174,-2.847441,-3.167506,4.259227,PASS,-2.7475677851894833,-0.8794305569553234,-0.09987321481051659,-2.2880754430446766,2.2902541108140557
S00626,L0031,T02,626,0.851217,-0.390867,1.0,0.783269,22.387937,5.627816,-3.858443,6.823481,PASS,3.5444416983044658,-6.906003531394473,2.0833743016955344,3.0475605313944736,3.6916220924518695
S00126,L0006,T03,126,0.887737,-0.970114,3.0,0.874536,22.264084,-1.247551,-8.350632,8.443307,FAIL,-0.8387853725410737,-7.765015587637513,-0.4087656274589264,-0.5856164123624863,0.7141679918760007
S00418,L0020,T01,418,-0.418722,-0.018927,3.0,0.97837,21.048991,1.016855,2.29331,2.508638,PASS,1.8740159579273719,-0.09086934451815232,-0.8571609579273718,2.3841793445181523,2.533581665275855
S00496,L0024,T02,496,-0.642012,-0.977534,1.0,0.873793,22.757803,-3.162662,0.940605,3.299571,PASS,-2.5593834614496345,0.14741959185191122,-0.6032785385503656,0.7931854081480888,0.9965380508412688
S00291,L0014,T01,291,0.298128,0.182443,3.0,0.87647,23.454916,4.643113,-4.92658,6.769763,PASS,4.6830647466369975,-3.2249960631546832,-0.039951746636997854,-1.7015839368453172,1.702052888775597
S00559,L0027,T03,559,-0.575903,0.570929,3.0,0.779212,22.447041,3.920598,1.667826,4.260602,PASS,4.163006983019664,1.6468900207430008,-0.24240898301966407,0.020935979256999193,0.24331138542221423
S00514,L0025,T03,514,-0.109835,0.322253,4.0,0.954441,21.458756,3.377594,-0.083255,3.37862,PASS,4.104643057205948,-0.715219632282539,-0.7270490572059476,0.6319646322825391,0.963316992500424
S00471,L0023,T01,471,-0.874776,0.406537,1.0,0.856608,22.483749,3.131364,2.151405,3.799208,PASS,3.0884407973437082,2.586394749340355,0.04292320265629179,-0.43498974934035495,0.43710237171337557
S00071,L0003,T01,71,-0.762069,-0.169446,1.0,0.864467,21.514419,0.166642,2.912586,2.91735,PASS,0.33797629509885363,1.1312349138799616,-0.17133429509885362,1.7813510861200386,1.7895717735531207
S00650,L0032,T02,650,0.416671,0.645926,2.0,0.684386,22.115845,9.654104,-2.514554,9.976207,FAIL,8.824173250455484,-2.7634330416857544,0.8299307495445163,0.24887904168575448,0.8664443585308534
S00443,L0022,T04,443,-0.978662,0.006794,1.0,0.825827,20.794761,1.923496,3.027317,3.586709,PASS,2.5685423101972273,2.4393974971046477,-0.6450463101972272,0.5879195028953523,0.8727737875210138
S00298,L0014,T01,298,-0.813022,-0.794902,3.0,0.816748,22.994452,-4.91035,2.142887,5.357565,PASS,-3.2619054578974813,0.7798331616602074,-1.648444542102519,1.3630538383397925,2.138991625649905
S00053,L0002,T03,53,0.080169,-0.363727,1.0,0.870736,22.355877,-0.052977,-3.314022,3.314445,PASS,0.44567214410160405,-3.2568902937939046,-0.49864914410160405,-0.05713170620609542,0.5019113475179475
S00793,L0039,T02,793,0.000411,0.729439,2.0,0.917462,21.320629,7.096985,-0.339109,7.105082,PASS,8.388583363062594,-0.7714045284666244,-1.2915983630625938,0.43229552846662445,1.3620226706623535
S00637,L0031,T03,637,0.096064,-0.50839,1.0,1.0,21.495721,-1.481963,-1.723022,2.272668,PASS,-0.22231407749889742,-3.5828184067600533,-1.2596489225011025,1.8597964067600532,2.246231974341874
S00235,L0011,T03,235,0.378036,0.974399,3.0,0.93108,22.214811,9.74341,-0.821635,9.777991,FAIL,9.078315633963989,-2.034911305971648,0.665094366036012,1.213276305971648,1.3836147984049074
S00713,L0035,T01,713,-0.529369,0.956851,1.0,0.857008,22.234081,6.420269,2.038928,6.736252,PASS,6.822096446009714,1.9248584213261033,-0.40182744600971354,0.11406957867389655,0.4177046386449755
S00098,L0004,T03,98,-0.824647,0.953243,1.0,0.890774,21.651424,4.631878,2.735696,5.379435,PASS,4.878788800960242,2.6970417362737154,-0.24691080096024187,0.038654263726284555,0.2499181780804456
S00120,L0006,T01,120,-0.853125,0.01562,3.0,1.0,22.090533,2.088222,1.232742,2.424937,PASS,1.0169558842736843,2.009200915486643,1.0712661157263157,-0.7764589154866428,1.323064449731018
S00115,L0005,T01,115,0.251191,-0.113751,2.0,0.902907,22.109016,6.544001,-3.116922,7.248389,PASS,2.9720504383841546,-3.5110997925941363,3.571950561615845,0.3941777925941361,3.5936342255163
S00210,L0010,T01,210,-0.422822,0.405734,3.0,0.757949,22.182754,3.088033,-0.330529,3.105672,PASS,4.156487352705586,0.4732086504779769,-1.068454352705586,-0.803737650477977,1.3370074474779008
S00661,L0033,T01,661,0.744137,-0.736676,4.0,0.893469,22.145951,-0.265418,-6.989037,6.994075,PASS,0.6931849530832754,-6.895832071409069,-0.9586029530832754,-0.09320492859093044,0.9631234502251602
S00755,L0037,T01,755,0.619664,-0.263775,4.0,0.809079,22.937742,3.869895,-4.433541,5.884927,PASS,2.8406239972138048,-5.415137981913215,1.0292710027861953,0.9815969819132153,1.4222979406852958
S00009,L0000,T01,9,0.57232,0.236435,4.0,0.881705,22.495293,3.031899,-3.942746,4.973696,PASS,5.297671031117094,-4.240253271730202,-2.265772031117094,0.29750727173020186,2.2852206619328537
S00030,L0001,T03,30,-0.143074,0.454143,2.0,0.993333,21.937464,5.217681,0.062376,5.218054,PASS,4.084628212774452,-0.537221821233901,1.133052787225548,0.599597821233901,1.2819228392801276
S00510,L0025,T02,510,-0.942484,-0.131099,4.0,0.949824,21.233539,-0.259469,1.634098,1.654569,PASS,1.6820335112138536,2.659200384065345,-1.9415025112138535,-1.025102384065345,2.19551062371972
S00362,L0018,T03,362,0.014373,0.029547,1.0,0.980426,22.012001,4.046381,-0.815999,4.127838,PASS,2.212661184890048,-2.282093848776388,1.8337198151099523,1.4660948487763878,2.347756900945142
S00051,L0002,T04,51,0.657456,-0.176649,2.0,0.848426,22.719757,3.903279,-5.268277,6.556701,PASS,5.087164256672963,-4.8297426716879786,-1.1838852566729634,-0.43853432831202177,1.2624962012123777
S00233,L0011,T01,233,-0.944029,-0.610542,4.0,0.996595,22.092545,-4.734657,0.794008,4.800773,PASS,-2.3769412279295095,1.1798182536193322,-2.357715772070491,-0.3858102536193322,2.3890737145738647
S00035,L0001,T02,35,0.116851,0.694724,2.0,0.953563,23.950044,7.444229,-0.939245,7.503248,PASS,8.448222460298709,-1.3470761564110176,-1.0039934602987088,0.40783115641101764,1.0836646715945495
S00221,L0011,T01,221,0.035089,-0.955682,2.0,0.822069,22.48904,-3.152928,-2.982259,4.339911,PASS,-1.9450801625347842,-3.826832985217587,-1.207847837465216,0.8445739852175871,1.473839073635828
S00427,L0021,T03,427,-0.996431,-0.347178,4.0,0.799858,22.157835,-2.514349,-0.697764,2.609373,PASS,-0.8705103615622662,1.916056252317909,-1.643838638437734,-2.6138202523179093,3.0877599940163876
S00756,L0037,T02,756,0.564583,-0.777954,2.0,0.674224,21.789763,0.994748,-5.069395,5.166071,PASS,1.3401646280295378,-5.7360218215829475,-0.3454166280295379,0.6666268215829474,0.7508022150826934
S00165,L0008,T03,165,0.600089,-0.79738,1.0,1.0,21.501425,-0.259902,-4.87877,4.885688,PASS,-0.5327797825343916,-6.089657200575177,0.2728777825343916,1.2108872005751765,1.2412534377465685
S00423,L0021,T03,423,0.999269,0.398531,4.0,0.813384,21.727792,7.231158,-4.157983,8.341371,FAIL,6.670109240139996,-5.6103455558685225,0.5610487598600038,1.4523625558685227,1.5569626535756713
S00576,L0028,T03,576,-0.692247,0.858472,4.0,0.80725,21.68153,5.565166,3.835925,6.759097,PASS,5.527164393161891,3.0693024916077016,0.03800160683810905,0.7666225083922984,0.7675638035342585
S00425,L0021,T03,425,0.648498,0.72881,2.0,0.842514,22.497267,6.467791,-3.971927,7.590028,PASS,6.783275489433483,-3.3544911201387073,-0.31548448943348273,-0.6174358798612927,0.6933668068296851
S00318,L0015,T01,318,-0.415861,-0.953971,4.0,0.856792,21.873322,-4.569699,-1.64422,4.856502,PASS,-2.9728251695967414,-1.9271989911143983,-1.5968738304032586,0.2829789911143983,1.6217531068688902
S00293,L0014,T01,293,-0.330177,-0.15711,4.0,0.957815,20.951633,1.524722,-0.753415,1.70071,PASS,1.2960050466208064,-0.8032376717342464,0.2287169533791935,0.04982267173424648,0.23408063435875823
S00453,L0022,T01,453,-0.554092,-0.766578,1.0,0.881334,23.425959,-1.890799,0.771186,2.042021,PASS,-2.2910736985645332,-0.7900497372116018,0.40027469856453335,1.561235737211602,1.6117310139901082
S00136,L0006,T01,136,0.660467,-0.426235,4.0,0.721402,23.059208,1.389736,-6.390957,6.540314,PASS,2.0985839491121396,-5.914725641186385,-0.7088479491121396,-0.47623135881361556,0.8539682207658251
S00795,L0039,T01,795,-0.127508,-0.550041,1.0,0.91519,20.966018,0.361621,-3.27402,3.293931,PASS,-0.11257088148766314,-2.3666804709768567,0.47419188148766317,-0.9073395290231434,1.0237787658458002
S00208,L0010,T03,208,0.80578,0.330607,1.0,0.967784,23.026848,7.011868,-4.325954,8.238943,FAIL,5.390423761485467,-4.843527197580324,1.621444238514533,0.5175731975803233,1.7020468364488368
S00017,L0000,T01,17,0.940029,-0.758066,3.0,0.870582,20.545954,0.38859,-6.207162,6.219313,PASS,1.1482029583233042,-7.46902322626409,-0.7596129583233042,1.2618612262640898,1.4728562729612806
S00426,L0021,T02,426,0.52432,0.565342,2.0,0.883443,22.245817,6.463066,-5.244532,8.323241,FAIL,8.613635512527331,-3.374409700751614,-2.1505695125273308,-1.8701222992483864,2.8499660774048015
S00295,L0014,T02,295,0.689717,0.426232,4.0,7.77189,22.633916,8.540237,-5.821285,10.335522,FAIL,7.967685581587904,-4.942198969790414,0.572551418412095,-0.879086030209586,1.0490983629933615
S00283,L0014,T01,283,0.431332,-0.756581,3.0,0.983089,21.616207,-0.94532,-5.660023,5.738422,PASS,-0.06579863230746952,-5.059771274591761,-0.8795213676925305,-0.6002517254082385,1.064828610661503
S00692,L0034,T01,692,-0.546507,-0.045576,1.0,0.897921,22.270607,2.829638,-1.521874,3.212935,PASS,1.5147192421450495,0.3582302162506035,1.3149187578549506,-1.8801042162506034,2.294297976227609
S00602,L0030,T03,602,-0.171835,0.491746,2.0,0.883524,21.52191,4.834514,-1.148038,4.968955,PASS,4.2368347728816,-0.3199478606892554,0.5976792271184008,-0.8280901393107445,1.0212510647987287
S00627,L0031,T01,627,-0.010217,0.037007,1.0,0.884297,21.090314,5.768282,-2.808926,6.415851,PASS,3.2573250762357198,-1.9349287468110627,2.5109569237642804,-0.8739972531889373,2.6587169596595994
S00655,L0032,T01,655,0.060026,-0.619428,3.0,1.0,22.161348,0.43,-3.217692,3.246296,PASS,-0.2174165867719573,-3.1266962927680453,0.6474165867719572,-0.09099570723195471,0.6537801278427594
S00286,L0014,T01,286,-0.238379,0.349794,2.0,0.720587,22.950852,5.944507,-1.116224,6.048398,PASS,4.398195821624446,-0.2964319186960629,1.5463111783755537,-0.8197920813039372,1.7501820810812327
S00521,L0026,T01,521,-0.848832,-0.287172,2.0,0.826825,22.122555,0.189951,-0.189379,0.268227,PASS,-0.26280156406478694,1.6980923241710046,0.4527525640647869,-1.8874713241710046,1.9410133651871346
S00413,L0020,T02,413,-0.654189,-0.326653,1.0,0.995823,21.156468,1.894851,1.529395,2.435058,PASS,1.0129936612802508,0.9721786001251256,0.8818573387197493,0.5572163998748745,1.0431502682468115
S00393,L0019,T01,393,0.285189,-0.039407,3.0,0.905067,21.547985,2.35782,-4.245272,4.856094,PASS,3.454435443314512,-3.4483112474679354,-1.096615443314512,-0.7969607525320646,1.3556223189341339
S00244,L0012,T01,244,-0.226175,0.401124,4.0,0.875806,23.966749,4.470268,-0.629528,4.514377,PASS,4.383298166903421,-0.21995327620100724,0.08696983309657913,-0.40957472379899273,0.41870658729457316
S00149,L0007,T04,149,0.403971,0.973336,1.0,0.898837,22.620879,10.552502,-2.702499,10.893062,FAIL,11.94026941422463,-2.7817333115500555,-1.38776741422463,0.07923431155005556,1.3900275076812425
S00648,L0032,T01,648,0.706974,0.330192,2.0,0.767431,23.437819,7.648051,-3.909404,8.589303,FAIL,6.284428082610015,-5.0527110224357035,1.3636229173899848,1.1433070224357036,1.7794994825461365
S00304,L0015,T01,304,0.794227,0.549076,3.0,0.810387,22.471872,7.854273,-3.742003,8.700126,FAIL,7.853904220888216,-5.102476981438486,0.0003687791117839012,1.3604739814384863,1.360474031420343
S00263,L0013,T02,263,-0.586248,-0.889759,3.0,0.792487,22.129622,-0.365923,-0.828154,0.905394,PASS,-1.1753262806342084,-0.7594905576277571,0.8094032806342084,-0.06866344237224287,0.8123104942199291
S00354,L0017,T01,354,0.831249,0.527311,4.0,0.867158,21.919815,7.27873,-2.525639,7.704464,PASS,7.357016458045278,-4.886511915695672,-0.07828645804527756,2.360872915695672,2.362170547098295
S00018,L0000,T03,18,-0.65163,-0.116138,3.0,0.779564,21.457605,0.173096,1.907576,1.915413,PASS,-0.030919800968275624,0.7980896375799447,0.20401580096827562,1.1094863624200553,1.128087955542835
S00139,L0006,T01,139,0.23087,-0.969053,4.0,0.694053,22.429971,-2.675883,-4.459442,5.20067,PASS,-1.6264709341374877,-4.957483289956347,-1.0494120658625121,0.49804128995634667,1.1615983860522565
S00064,L0003,T01,64,-0.83107,0.909626,2.0,0.973349,20.992717,3.081985,3.675323,4.796523,PASS,6.117571955349963,3.5931189270910218,-3.0355869553499626,0.08220407290897835,3.0366997996334244
S00763,L0038,T01,763,-0.111219,-0.420263,3.0,0.760157,21.852384,1.820475,-2.628924,3.197714,PASS,0.446302951431655,-2.0608485661637013,1.374172048568345,-0.5680754338362988,1.4869628501058192
S00026,L0001,T02,26,-0.003143,0.575948,3.0,0.905712,21.429181,6.469932,-2.987344,7.126307,PASS,7.042561538576936,-1.0685020297918122,-0.572629538576936,-1.918841970208188,2.0024632568622263
S00586,L0029,T02,586,0.858447,0.238598,3.0,0.726313,22.113568,7.069473,-5.36758,8.876281,FAIL,6.848133297183663,-5.415118786681681,0.22133970281633708,0.04753878668168099,0.2263872794173533
S00374,L0018,T01,374,0.123092,0.46194,4.0,0.813895,21.372984,7.70338,-0.880266,7.753511,PASS,5.463502617677353,-1.7247755182879438,2.239877382322647,0.8445095182879439,2.3937934360172957
S00005,L0000,T01,5,0.741771,-0.063866,1.0,0.967577,21.039965,3.91121,-4.295878,5.809658,PASS,4.562682697740032,-5.505802097128898,-0.6514726977400316,1.2099240971288978,1.3741662915069097
S00364,L0018,T01,364,-0.692081,-0.314497,1.0,0.873792,20.917547,-0.340231,0.831127,0.898069,PASS,-0.2531426653543525,0.5763697154137191,-0.08708833464564752,0.2547572845862809,0.2692315956219247
S00536,L0026,T04,536,-0.610391,0.573522,2.0,0.992567,22.484872,6.065344,0.50725,6.086518,PASS,6.314643225153293,1.3639676555184956,-0.24929922515329306,-0.8567176555184957,0.8922529041360079
S00274,L0013,T04,274,-0.901066,-0.593982,2.0,0.833718,21.896343,1.186033,3.466244,3.663539,PASS,-0.5287428989223768,1.390886827942793,1.7147758989223767,2.075357172057207,2.6921299699558214
S00404,L0020,T02,404,0.242202,0.685016,4.0,0.821811,22.700417,7.848264,-2.600204,8.267788,FAIL,8.219768774492199,-2.4396526179237243,-0.3715047744921982,-0.16055138207627584,0.4047129152338746
S00001,L0000,T01,1,-0.882885,-0.952231,1.0,1.0,22.795746,-5.718328,1.488583,5.908905,PASS,-4.0686903958927845,0.3943872287006811,-1.6496376041072152,1.0941957712993189,1.9795374739604967
S00039,L0001,T03,39,0.770529,0.48918,3.0,0.703732,25.160948,6.446947,-4.167873,7.676867,PASS,7.319105341317121,-4.68419967460746,-0.872158341317121,0.51632667460746,1.0135351040986342
S00523,L0026,T02,523,-0.875034,0.938476,1.0,0.808581,21.416044,8.956284,3.068699,9.467414,FAIL,7.578656700571697,3.597310706425478,1.377627299428303,-0.5286117064254778,1.475563388099669
S00267,L0013,T01,267,0.701747,-0.649081,2.0,0.758205,22.377961,2.518559,-7.569512,7.977509,PASS,1.0833165952749875,-6.649809466044642,1.4352424047250127,-0.9197025339553573,1.7046329550037282
S00333,L0016,T01,333,0.128637,0.430326,2.0,0.978786,21.662993,5.626155,-2.818333,6.292585,PASS,5.597640679100818,-1.9968681901915812,0.028514320899181378,-0.8214648098084187,0.8219595490350623
S00042,L0002,T03,42,-0.056729,-0.784059,2.0,0.867838,21.345759,-2.782698,-4.403177,5.208779,PASS,-2.290844959136286,-3.9071133057342062,-0.49185304086371406,-0.4960636942657941,0.6985689676585338
S00055,L0002,T01,55,0.578032,-0.810688,3.0,0.917022,20.547555,-0.831698,-5.035497,5.103719,PASS,-0.005458139266797168,-5.823409632982454,-0.8262398607332029,0.7879126329824535,1.1416998838038677
S00749,L0037,T01,749,0.241684,0.085229,1.0,0.932002,22.3853,4.711891,-1.604261,4.977506,PASS,4.125389131384713,-2.996578648469545,0.5865018686152865,1.3923176484695452,1.5108053733452853
S00282,L0014,T01,282,0.166757,-0.278062,4.0,0.88251,21.441409,0.899651,-3.460485,3.575518,PASS,1.7705336174717765,-3.3404734493667982,-0.8708826174717765,-0.12001155063320157,0.8791127946400725
S00041,L0002,T02,41,-0.425718,0.097061,1.0,0.714778,23.055593,4.218765,0.874383,4.308425,PASS,3.791785449949878,0.28375165227775057,0.4269795500501221,0.5906313477222495,0.728805135185809
S00708,L0035,T02,708,-0.383213,0.528801,3.0,0.987189,21.340846,6.762614,1.822648,7.003927,PASS,6.162476986957962,0.5443609380840186,0.6001370130420378,1.2782870619159814,1.412155178117763
S00103,L0005,T01,103,0.776507,-0.088402,1.0,0.944162,21.346476,3.343035,-5.258616,6.231286,PASS,4.518572979788342,-5.703351188299379,-1.1755379797883418,0.4447351882993793,1.2568527875755937
S00192,L0009,T01,192,-0.261946,0.691412,3.0,0.652211,21.597781,5.846319,-0.282874,5.853158,PASS,6.085042013966534,0.07829635368318222,-0.23872301396653395,-0.36117035368318223,0.4329349856235933
S00369,L0018,T03,369,0.130111,-0.39716,3.0,0.828363,21.045902,-0.363465,-1.786635,1.823231,PASS,0.44526988120277333,-3.2846112003096604,-0.8087348812027733,1.4979762003096604,1.70234685207458
S00758,L0037,T01,758,0.769803,-0.329537,3.0,0.86933,22.287692,3.521431,-7.102912,7.927915,PASS,3.052477555513498,-6.113812805688583,0.4689534444865022,-0.9890991943114171,1.0946390040937009
S00128,L0006,T02,128,-0.856119,-0.81784,3.0,0.972344,22.808108,-1.738613,1.630417,2.383492,PASS,-1.2807599783993764,0.5495290383340854,-0.4578530216006236,1.0808879616659146,1.173860372899229
S00601,L0030,T02,601,0.934452,0.010057,2.0,0.866092,21.619024,6.2749,-4.949206,7.991809,PASS,6.451258013454391,-6.105457244568542,-0.17635801345439095,1.1562512445685416,1.1696234819273597
S00320,L0016,T01,320,-0.14223,-0.407838,2.0,0.81437,22.466267,0.077561,-0.883925,0.887321,PASS,0.5851857806706806,-2.0327048010132076,-0.5076247806706806,1.1487798010132075,1.255937080098721
S00782,L0039,T01,782,-0.049983,-0.914299,1.0,0.671838,22.60651,-0.573729,-4.477685,4.514292,PASS,-1.8367471056195779,-3.315233302106567,1.2630181056195777,-1.1624516978934332,1.7165397417648658
S00373,L0018,T04,373,0.578398,0.417327,2.0,1.0,22.739111,7.919989,-2.418525,8.281032,FAIL,8.074269718911388,-3.874433081284145,-0.15428071891138817,1.4559080812841452,1.464059726027697
S00160,L0008,T01,160,-0.513959,0.091668,2.0,0.948525,21.67636,2.677937,0.882069,2.819466,PASS,2.4499975313143447,0.6527372467201258,0.2279394686856553,0.2293317532798742,0.3233410806673348
S00659,L0032,T01,659,0.086189,0.425181,1.0,0.753641,21.62656,6.765973,-2.841922,7.33859,PASS,5.531605246787436,-1.7348028347845421,1.234367753212564,-1.1071191652154577,1.658124421193538
S00059,L0002,T02,59,0.272428,-0.315857,3.0,0.858915,22.086174,2.46904,-3.897066,4.613381,PASS,3.1166565552889227,-3.676998153373128,-0.6476165552889226,-0.22006784662687195,0.6839861546868318
S00336,L0016,T01,336,-0.058168,-0.655193,3.0,0.944103,20.478042,-1.02569,-1.445274,1.772247,PASS,-0.6944076981548521,-2.613230039332805,-0.33128230184514784,1.1679560393328052,1.2140301780968186
S00487,L0024,T01,487,-0.803401,0.499926,2.0,0.834801,21.994348,2.799843,1.820246,3.339523,PASS,4.004426066085085,2.775753212984329,-1.2045830660850845,-0.9555072129843292,1.5375351694071986
S00578,L0028,T01,578,-0.089111,0.708558,2.0,0.81676,23.043117,5.072479,-0.855015,5.144035,PASS,6.613864155508168,-0.4476240564021725,-1.5413851555081672,-0.40739094359782746,1.594313513254675
S00381,L0019,T01,381,0.732658,0.555988,2.0,0.715744,21.280254,7.751139,-3.438477,8.47958,FAIL,7.535206871640675,-4.80677665622691,0.2159321283593254,1.3682996562269105,1.3852330610003754
S00565,L0028,T04,565,0.207492,0.507057,3.0,1.0,22.344919,7.320468,-2.060771,7.605001,PASS,8.281191647060824,-2.0040881909798296,-0.9607236470608242,-0.05668280902017031,0.9623943406214878
S00779,L0038,T02,779,-0.515927,0.015666,3.0,0.741481,22.582286,4.321589,1.903069,4.722055,PASS,3.407170085384874,0.335664653790563,0.9144189146151263,1.567404346209437,1.8146400017419815
S00724,L0036,T01,724,-0.582123,-0.414708,4.0,0.856656,23.214473,-0.014315,-1.561224,1.56129,PASS,-0.5775737756899018,-0.1258422100058305,0.5632587756899018,-1.4353817899941694,1.5419407678113166
S00280,L0014,T02,280,0.599951,0.136946,1.0,0.803756,21.566241,6.873784,-5.112257,8.56645,FAIL,5.978556967973809,-4.985973882677511,0.8952270320261908,-0.12628311732248854,0.9040900754853511
S00397,L0019,T01,397,-0.521228,-0.323891,3.0,0.949095,22.936747,-1.658366,-0.181083,1.668223,PASS,-0.01842519435411205,0.003077506229494986,-1.639940805645888,-0.18416050622949498,1.650248750363771
S00520,L0026,T02,520,-0.609198,-0.104446,3.0,0.705,22.053622,1.928092,0.002834,1.928094,PASS,2.656212015246824,0.5627834166114272,-0.7281200152468239,-0.5599494166114272,0.9185325828551281
S00257,L0012,T01,257,-0.613883,-0.218484,2.0,0.78838,22.041528,-0.879494,-0.376898,0.956849,PASS,0.5958480154476073,0.6379427703365477,-1.4753420154476073,-1.0148407703365476,1.7906802762308758
S00012,L0000,T01,12,0.39578,0.383051,3.0,0.842213,23.212694,4.958568,-5.56128,7.450855,PASS,6.000531553352145,-3.4298201878326817,-1.0419635533521454,-2.1314598121673183,2.372511112175993
S00598,L0029,T01,598,0.615102,0.838074,4.0,0.762711,22.607731,8.519891,-4.338879,9.561089,FAIL,8.472456787296128,-3.289963561437355,0.04743421270387138,-1.0489154385626454,1.049987429348515
S00460,L0023,T02,460,0.259695,-0.933293,2.0,0.812948,23.054263,0.509986,-4.662671,4.690478,PASS,-0.16511834285485794,-4.628664171987125,0.675104342854858,-0.03400682801287491,0.6759603080751021
S00631,L0031,T02,631,-0.616181,0.119169,2.0,0.637293,22.360132,4.79228,0.48755,4.817017,PASS,3.7219407277629086,0.9870496272957705,1.0703392722370912,-0.4994996272957705,1.1811545349198131
S00541,L0027,T02,541,-0.733958,-0.553749,1.0,0.798908,23.0168,0.113679,1.796818,1.800411,PASS,-0.3945086790848622,1.1199080436938202,0.5081876790848622,0.6769099563061798,0.846440668989914
S00600,L0030,T02,600,0.930989,-0.602045,2.0,0.846542,21.716357,3.92693,-8.40241,9.274766,FAIL,3.0901467093872035,-7.084313645123879,0.8367832906127965,-1.318096354876121,1.561276489346617
S00537,L0026,T02,537,-0.932158,-0.27975,4.0,0.916237,23.160182,2.789896,1.897602,3.37408,PASS,0.9914119069043528,2.4564155578600158,1.7984840930956474,-0.5588135578600157,1.8832996643036506
S00412,L0020,T02,412,0.916029,0.020749,2.0,0.85398,20.974391,7.902995,-6.709893,10.367256,FAIL,6.470309460868205,-6.00592918219648,1.4326855391317945,-0.7039638178035199,1.596293491440051
S00319,L0015,T02,319,-0.257864,-0.655437,1.0,0.646538,22.44332,0.39413,-1.830304,1.872258,PASS,-0.04349727132407466,-1.4668443419825163,0.43762727132407464,-0.3634596580174836,0.5688765697519467
S00079,L0003,T01,79,0.642854,0.614258,4.0,0.864699,20.922145,8.123636,-1.662743,8.292055,FAIL,7.387523545742213,-3.846141878912013,0.7361124542577864,2.183398878912013,2.304146742234022
S00595,L0029,T03,595,0.322008,-0.472907,1.0,0.877787,21.925544,-1.027449,-5.30881,5.407321,PASS,0.4398628351070142,-4.406015885662775,-1.4673118351070142,-0.9027941143372251,1.7228004046688195
S00202,L0010,T03,202,0.122062,0.840492,1.0,0.806532,21.758331,5.062944,-1.979654,5.436215,PASS,6.3839017996780205,-1.2282952922486425,-1.3209577996780206,-0.7513587077513575,1.5196938560920707
S00479,L0023,T01,479,0.040685,0.675703,1.0,0.915021,21.404285,7.372502,-2.578579,7.810432,PASS,6.736495740486644,-1.1178150579716577,0.6360062595133558,-1.4607639420283423,1.5932153829505766
S00518,L0025,T01,518,-0.36252,-0.103855,2.0,0.766162,22.305822,2.425019,-1.030011,2.634699,PASS,1.7325372047902037,-0.4280744986124114,0.6924817952097961,-0.6019365013875886,0.9175285218453498
S00346,L0017,T01,346,-0.700663,-0.204366,1.0,0.975128,20.693019,1.665031,1.620635,2.323529,PASS,0.3044094930808692,0.7958769455384274,1.3606215069191308,0.8247580544615727,1.5910740817102529
S00557,L0027,T02,557,0.134231,0.354523,4.0,0.801008,21.806895,5.404316,-2.850668,6.110068,PASS,6.394687597188705,-2.235299984122425,-0.9903715971887053,-0.6153680158775754,1.1659818589854694
S00242,L0012,T01,242,0.169843,0.021084,4.0,0.846465,20.84972,1.232777,-3.323661,3.544921,PASS,3.3090647210407242,-2.7835704902055745,-2.0762877210407242,-0.5400905097944255,2.14538305654596
S00733,L0036,T01,733,0.342572,0.980482,4.0,0.778081,20.517268,8.44756,-2.750113,8.88394,FAIL,8.601747358063689,-1.7532183028278197,-0.15418735806368922,-0.9968946971721802,1.0087481244774006
S00591,L0029,T01,591,0.35656,0.010039,1.0,0.921729,23.513285,5.736671,-6.386668,8.584807,FAIL,4.010785253204987,-3.6401313864087745,1.7258857467950133,-2.7465366135912257,3.243785594145726
S00234,L0011,T02,234,0.583066,0.107163,3.0,0.776398,21.858332,4.891613,-3.510875,6.021139,PASS,5.731018793193684,-4.3976882725380255,-0.8394057931936834,0.8868132725380256,1.221081432991559
S00141,L0007,T01,141,-0.820895,-0.210762,3.0,0.997831,20.778547,-0.682544,1.53464,1.679579,PASS,-0.12762990802391538,1.5663160829018103,-0.5549140919760847,-0.03167608290181034,0.5558174373853747
S00529,L0026,T01,529,0.620503,-0.539446,2.0,1.0,21.697225,1.675404,-6.496365,6.70893,PASS,1.493345861935633,-6.062117295306363,0.18205813806436688,-0.4342477046936368,0.4708675340976017
S00747,L0037,T01,747,-0.610619,-0.714429,4.0,0.917502,22.455747,-0.514677,0.302403,0.596942,PASS,-2.1749814025062513,-0.5659150831833275,1.6603044025062512,0.8683180831833275,1.8736560523652168
S00119,L0005,T02,119,-0.31826,-0.993688,2.0,0.894363,20.565548,-1.44381,-1.088562,1.808191,PASS,-1.7361171819315286,-2.149298701215462,0.2923071819315286,1.060736701215462,1.1002753464084398
S00680,L0034,T03,680,-0.29043,0.162872,4.0,0.811154,21.896582,2.797795,-0.310799,2.815005,PASS,2.9805844211388566,-0.22773995471215036,-0.18278942113885677,-0.08305904528784963,0.2007754404413234
S00180,L0009,T02,180,-0.876184,-0.693371,1.0,0.786562,21.062954,-1.492211,2.639904,3.032456,PASS,-1.4385138636558494,1.6937332038677577,-0.05369713634415052,0.9461707961322423,0.9476932826105098
S00526,L0026,T01,526,-0.823824,-0.416433,2.0,0.72251,22.351894,-0.637903,0.107854,0.646957,PASS,-0.8952337888789823,1.3588714848904972,0.2573307888789823,-1.2510174848904971,1.2772094121195727
S00386,L0019,T01,386,0.566749,-0.52639,1.0,0.854501,21.718367,0.290493,-6.774191,6.780417,PASS,1.7059945632052715,-5.471864634232512,-1.4155015632052717,-1.3023263657674882,1.9234600693567103
S00322,L0016,T01,322,0.823163,0.298597,1.0,0.807147,23.551473,6.846719,-4.494287,8.190004,FAIL,6.665266433226743,-5.279857190770629,0.18145256677325694,0.7855701907706294,0.8062540285890089
S00468,L0023,T01,468,-0.942082,-0.345522,1.0,0.668672,22.95053,0.648962,-0.56492,0.860399,PASS,-1.0262373176205317,1.657622881015076,1.6751993176205318,-2.222542881015076,2.78316180120867
S00314,L0015,T02,314,-0.963325,0.552444,4.0,0.810251,20.393229,4.844994,3.353721,5.892488,PASS,4.916658403166922,3.4583483393713044,-0.07166440316692224,-0.1046273393713042,0.1268174547339176
S00367,L0018,T01,367,-0.709046,0.723285,2.0,0.759381,21.51014,5.408462,4.370034,6.95332,PASS,5.386852495037316,2.674509370967415,0.02160950496268388,1.6955246290325854,1.6956623302889107
S00558,L0027,T03,558,0.87248,-0.533912,3.0,0.967015,23.720104,1.399557,-5.447578,5.624488,PASS,1.6530481109195039,-6.935026309352514,-0.25349111091950394,1.487448309352514,1.5088937061008825
S00074,L0003,T02,74,0.25358,-0.964357,1.0,0.981254,21.081127,-1.413101,-4.231973,4.461665,PASS,-0.7695434233035083,-4.479324687169154,-0.6435575766964916,0.24735168716915368,0.6894557358300006
S00563,L0028,T02,563,0.360439,0.328617,2.0,0.875267,22.935345,8.747327,-3.588987,9.454975,FAIL,6.964995737235639,-3.028096154312215,1.7823312627643615,-0.5608908456877848,1.8685029491557037
S00261,L0013,T02,261,-0.217613,0.632378,1.0,0.951558,21.519354,6.778896,0.541111,6.800458,PASS,7.14807011968365,-0.16851678300255535,-0.36917411968365066,0.7096277830025554,0.7999131959489856
S00033,L0001,T04,33,0.926797,-0.967614,4.0,0.88713,23.249327,1.314905,-8.173161,8.278256,FAIL,2.425809128725417,-8.046940925588432,-1.110904128725417,-0.12622007441156846,1.1180516492558115
S00037,L0001,T01,37,0.626487,0.580605,4.0,0.786443,21.537818,8.1092,-4.397181,9.224659,FAIL,7.179180808594266,-3.8344435302711446,0.9300191914057336,-0.5627374697288552,1.087018470965332
S00328,L0016,T01,328,-0.459324,-0.318484,1.0,0.984935,21.486686,1.873713,-0.829276,2.049024,PASS,0.2939569211905537,-0.4842218241296381,1.5797560788094462,-0.3450541758703619,1.617000820290754
S00728,L0036,T02,728,0.17896,0.350599,1.0,0.795796,22.034699,7.859047,-4.445875,9.02942,FAIL,6.35172879676109,-2.5538213557056375,1.5073182032389107,-1.8920536442943625,2.419064934784297
S00315,L0015,T03,315,-0.819993,0.364705,4.0,0.787524,21.456889,3.491875,2.611408,4.360348,PASS,2.900750512785394,2.61144383901365,0.5911244872146058,-3.5839013650118545e-05,0.5911244883010393
S00584,L0029,T01,584,0.871227,-0.385488,1.0,0.86144,21.740615,4.112507,-6.68651,7.849976,PASS,3.18920239540132,-6.619593062139851,0.9233046045986799,-0.06691693786014952,0.9257263469544895
S00544,L0027,T03,544,0.816366,-0.930262,2.0,0.855203,21.556728,0.890767,-8.58496,8.631049,FAIL,-1.6765907844722765,-8.099234411476699,2.5673577844722764,-0.4857255885233016,2.6129017089888213
S00112,L0005,T01,112,-0.036743,-0.186092,2.0,0.751164,22.3939,0.153557,-4.856524,4.858951,PASS,1.9824980476082252,-2.1922472457657793,-1.8289410476082253,-2.664276754234221,3.2316243560753017
S00620,L0031,T04,620,-0.968514,-0.162009,4.0,0.855491,20.84483,2.50613,1.635886,2.992793,PASS,2.771900923572101,2.6261987443126973,-0.26577092357210086,-0.9903127443126973,1.0253553117649088
S00628,L0031,T04,628,-0.773138,0.775723,3.0,0.943711,23.015015,9.966646,3.436985,10.542623,FAIL,7.745147903702728,3.131778972894942,2.221498096297273,0.30520602710505784,2.242365828948002
S00121,L0006,T01,121,0.039548,0.740198,3.0,0.81152,22.376421,5.925622,-0.26298,5.931455,PASS,7.072653016650544,-1.28591417963485,-1.1470310166505442,1.0229341796348501,1.5369041899297449
S00392,L0019,T01,392,-0.391966,-0.880474,1.0,0.844805,21.418136,-2.034916,-1.764701,2.69352,PASS,-2.4936791530959432,-1.7110642976535466,0.4587631530959433,-0.05363670234645346,0.46188800209264363
S00792,L0039,T01,792,0.047648,0.97133,4.0,0.894175,21.324397,5.866396,-0.569397,5.893964,PASS,7.905701129501443,-0.401949043124431,-2.039305129501443,-0.16744795687556902,2.046168182108377
S00509,L0025,T01,509,-0.073597,0.351535,3.0,0.992991,21.334481,3.632596,-1.648329,3.989078,PASS,4.70284701211466,-1.2489728738215604,-1.0702510121146598,-0.3993561261784395,1.1423320640027153
S00355,L0017,T01,355,-0.613496,-0.967921,4.0,0.970171,22.7021,-2.866897,0.734328,2.959448,PASS,-3.479287081980811,-1.0366108108872247,0.612390081980811,1.7709388108872246,1.873831871971208
S00608,L0030,T01,608,0.863245,-0.136219,1.0,0.82462,21.237146,2.47323,-5.59901,6.12093,PASS,4.479083415113692,-6.174580800566657,-2.005853415113692,0.5755708005666573,2.086798904875169
S00078,L0003,T01,78,-0.197115,0.743856,1.0,1.0,22.267752,6.055734,-0.12479,6.057019,PASS,6.514140117830675,0.07086273089856476,-0.4584061178306751,-0.19565273089856478,0.4984136434455391
S00567,L0028,T03,567,-0.439118,-0.719011,3.0,0.888975,21.087442,-3.226481,-1.012515,3.381621,PASS,-2.9586726120264895,-1.2288946000029055,-0.2678083879735107,0.21637960000290546,0.3442985099682945
S00230,L0011,T04,230,0.281603,-0.479593,3.0,0.845258,23.2732,3.905399,-5.827283,7.014939,PASS,3.3576944889006173,-5.332532476648222,0.5477045110993828,-0.4947505233517786,0.7380774429797139
S00313,L0015,T01,313,0.416759,-0.524999,4.0,0.771573,21.667992,1.350096,-4.333731,4.539161,PASS,1.0564274118939943,-4.9722662007256035,0.2936685881060057,0.6385352007256033,0.7028288854378861
S00301,L0015,T02,301,-0.483791,-0.240128,1.0,0.936636,21.159845,0.717432,-1.726911,1.870008,PASS,1.817681963382591,0.1901956891594847,-1.1002499633825908,-1.9171066891594848,2.2103954486795874
S00635,L0031,T03,635,0.71059,-0.495379,1.0,0.890911,20.652101,3.1656,-5.797137,6.605136,PASS,1.1732473255097067,-5.973832907463951,1.9923526744902933,0.1766959074639507,2.000172648363919
S00583,L0029,T01,583,-0.698546,0.385361,3.0,0.862043,21.618593,4.971831,3.391326,6.018322,PASS,3.384155755789375,1.7519086141756128,1.587675244210625,1.639417385824387,2.2821923770844856
S00769,L0038,T03,769,-0.1663,0.592615,4.0,0.8692869999999999,21.265026,7.809718,-2.376119,8.163187,FAIL,5.292116243874423,0.11172719137914555,2.5176017561255772,-2.4878461913791456,3.5394487246471464
S00580,L0029,T01,580,0.413491,-0.884917,3.0,0.889554,21.321811,-0.30173,-6.399091,6.406201,PASS,-0.8014150758247927,-5.139946168100762,0.49968507582479266,-1.2591448318992384,1.3546700272393237
S00454,L0022,T02,454,-0.826139,0.54499,4.0,0.82834,21.888396,6.303366,3.143137,7.04356,PASS,5.1843596217369665,2.764257010121378,1.119006378263033,0.3788799898786217,1.1814081942003682
S00609,L0030,T02,609,-0.243732,-0.207646,4.0,0.676217,21.035083,3.445855,0.397314,3.468685,PASS,2.860390287460049,-0.9153477975630377,0.585464712539951,1.3126617975630377,1.4373064824215163
S00150,L0007,T01,150,0.953678,-0.078693,2.0,0.779209,20.837169,2.934492,-5.959603,6.642899,PASS,4.636706020159814,-6.963210902501949,-1.7022140201598135,1.0036079025019484,1.976046910473786
S00226,L0011,T01,226,-0.880736,-0.355492,1.0,0.733177,21.781116,-1.558028,0.573779,1.660323,PASS,-0.9288931038041248,1.3634610527903357,-0.6291348961958751,-0.7896820527903357,1.0096575964704833
S00668,L0033,T02,668,0.908671,0.87977,3.0,0.82909,22.035794,12.389048,-4.60066,13.215694,FAIL,10.093931158327642,-4.641482662241526,2.2951168416723586,0.040822662241525975,2.2954798641418286
S00515,L0025,T01,515,-0.440091,-0.184248,3.0,0.895227,21.377223,-0.632892,-1.331389,1.474161,PASS,0.9302792972829228,-0.2017858029971613,-1.5631712972829228,-1.1296031970028386,1.9286025737119115
S00085,L0004,T01,85,-0.828396,-0.971691,4.0,0.766983,22.619251,-3.980606,-0.233307,3.987437,PASS,-3.9716272217916258,-0.046456687664021334,-0.008978778208374116,-0.18685031233597865,0.18706591800263336
S00216,L0010,T03,216,0.575013,0.880263,1.0,0.885231,21.70973,7.996413,-1.858142,8.209465,FAIL,7.559084906862507,-2.9356817307240357,0.4373280931374932,1.0775397307240357,1.162904868136729
S00249,L0012,T01,249,0.382407,-0.570075,1.0,0.93133,22.549297,2.318374,-5.71894,6.170991,PASS,1.0266399425225359,-4.708717228172553,1.291734057477464,-1.010222771827447,1.6398557631590416
S00294,L0014,T02,294,-0.70199,0.54765,4.0,0.93094,21.54764,7.167932,2.558175,7.610749,PASS,5.4717639981248505,2.1456875434876546,1.69616800187515,0.4124874565123453,1.7456035610542167
S00678,L0033,T01,678,0.998644,-0.900665,3.0,1.0,22.288341,-0.794615,-6.50465,6.553006,PASS,0.519261286758633,-7.929310822698306,-1.3138762867586329,1.4246608226983062,1.9380220217113293
S00123,L0006,T04,123,0.793657,-0.810554,2.0,0.846707,19.694301,0.458431,-5.94581,5.963456,PASS,2.012192740564382,-6.070571267300826,-1.553761740564382,0.12476126730082626,1.5587626247316062
S00465,L0023,T02,465,-0.602588,0.009242,3.0,0.932341,22.317447,2.317088,0.954201,2.505872,PASS,3.22782181323894,0.7101420771138645,-0.9107338132389398,0.2440589228861355,0.9428684088551703
S00385,L0019,T02,385,0.982002,0.129745,4.0,0.773473,22.03085,7.09703,-6.547997,9.656299,FAIL,7.191249711872834,-6.706261437694545,-0.0942197118728334,0.15826443769454546,0.18418736749345868
S00011,L0000,T04,11,0.475538,-0.369793,1.0,0.792673,22.936986,4.797016,-3.519599,5.949701,PASS,4.395870149802537,-4.433033142696812,0.4011458501974632,0.9134341426968118,0.9976371716084486
S00084,L0004,T01,84,-0.70714,-0.161705,3.0,0.889215,22.98937,2.635845,1.798189,3.190793,PASS,0.4104478464120036,1.0909053391914156,2.2253971535879966,0.7072836608085844,2.335089434699311
S00375,L0018,T02,375,-0.247431,0.011728,2.0,0.801565,22.048193,5.305391,-0.091192,5.306175,PASS,3.9244896256243753,-0.8319700941703976,1.3809013743756249,0.7407780941703976,1.5670484327407421
S00451,L0022,T01,451,0.469602,-0.981892,1.0,0.908053,21.447132,-0.153168,-4.697614,4.70011,PASS,-0.9237547642074162,-5.779070153927105,0.7705867642074162,1.081456153927105,1.3279124120356969
S00135,L0006,T01,135,-0.467119,-0.995061,3.0,0.833127,21.961279,-3.655365,0.260067,3.664604,PASS,-3.5114183415676914,-1.1138374262169213,-0.1439466584323088,1.3739044262169213,1.3814246316221075
S00670,L0033,T02,670,0.008936,-0.959513,3.0,0.911159,22.621913,0.5275,-3.381415,3.422313,PASS,-0.504830837674688,-3.5083571090557153,1.0323308376746878,0.12694210905571524,1.0401063683420246
S00225,L0011,T02,225,-0.803866,0.347293,1.0,0.923951,22.260194,2.732615,4.839953,5.558087,PASS,4.449173457146396,2.536637714780866,-1.7165584571463963,2.3033152852191345,2.872600605709906
S00352,L0017,T01,352,0.562807,0.949644,3.0,0.959427,23.315784,8.156117,-4.496049,9.313254,FAIL,9.460241987182048,-3.493536437979055,-1.304124987182048,-1.0025125620209452,1.6449235298950453
S00004,L0000,T02,4,0.851227,0.994406,1.0,0.970211,21.818866,10.879842,-4.935532,11.946985,FAIL,11.197254709702914,-5.285050503458731,-0.31741270970291424,0.3495185034587305,0.4721377050617511
S00527,L0026,T01,527,-0.16928,0.344412,1.0,0.864105,21.365069,3.917239,-2.089938,4.439888,PASS,4.483870508867333,-0.7103805289468976,-0.5666315088673328,-1.3795574710531024,1.491391995009931
S00704,L0035,T04,704,-0.973408,0.192493,3.0,0.959562,21.990321,4.528078,3.357306,5.636931,PASS,4.357833492853022,2.23911210059536,0.17024450714697803,1.1181938994046399,1.1310794794705945
S00390,L0019,T01,390,0.947048,0.170559,3.0,0.800083,21.987938,6.909848,-5.902293,9.087522,FAIL,6.177783293793949,-6.311174351390431,0.7320647062060512,0.4088813513904306,0.8385121904822952
S00765,L0038,T01,765,-0.602967,-0.91788,3.0,0.883573,22.139778,-5.307794,0.336104,5.318425,PASS,-3.421136130634838,-0.371959864290591,-1.8866578693651626,0.708063864290591,2.0151507020447923
S00094,L0004,T01,94,-0.44141,-0.017973,1.0,0.841655,20.829725,1.023182,0.932467,1.38434,PASS,1.9162011771857617,-0.07243082685478242,-0.8930191771857616,1.0048978268547826,1.3443596591831366
S00683,L0034,T01,683,-0.769595,0.919157,4.0,0.848488,21.891091,6.06136,3.740079,7.122378,PASS,5.83964660935382,3.2912583903441335,0.22171339064617968,0.4488206096558667,0.5005964115369679
S00783,L0039,T02,783,0.713763,0.077066,2.0,0.804929,21.148549,6.279373,-5.210145,8.15942,FAIL,6.34487305177573,-5.012414139563568,-0.06550005177573048,-0.1977308604364314,0.208297263427907
S00010,L0000,T01,10,0.948471,-0.039811,2.0,0.775793,21.625399,3.188586,-8.151402,8.752854,FAIL,4.831817484421563,-6.872742530344732,-1.6432314844215634,-1.278659469655267,2.082109447347421
S00540,L0027,T03,540,-0.11581,0.82013,2.0,0.933646,21.653257,7.463232,0.128683,7.464341,PASS,6.05271270943511,0.22674673352040298,1.4105192905648893,-0.09806373352040298,1.4139240308049226
S00440,L0022,T01,440,0.78768,0.323052,1.0,1.0,21.691722,5.601193,-6.914862,8.898802,FAIL,6.7071276236323705,-5.07905813323004,-1.1059346236323702,-1.83580386676996,2.1431908988693493
S00142,L0007,T01,142,0.563649,-0.089751,4.0,0.928422,23.103326,1.054114,-5.567266,5.666181,PASS,3.6083914589864823,-4.822869597851952,-2.5542774589864825,-0.7443964021480483,2.660537415827374
S00716,L0035,T01,716,0.570247,0.140904,4.0,0.834309,21.523175,6.171818,-2.61271,6.702058,PASS,4.803953885982517,-4.413050764162156,1.3678641140174834,1.800340764162156,2.2610349624720114
S00185,L0009,T02,185,0.387821,0.685706,4.0,0.766812,21.68131,7.251374,-4.160483,8.360146,FAIL,8.54521302796671,-3.1676660786866866,-1.29383902796671,-0.9928169213133136,1.6308601624712915
S00743,L0037,T01,743,-0.318681,-0.255529,4.0,0.912685,22.950219,1.413232,-2.628625,2.984442,PASS,0.8173682586069289,-1.0445237187686498,0.5958637413930712,-1.5841012812313502,1.6924628408050069
S00691,L0034,T01,691,-0.470906,0.819432,2.0,0.670433,20.971689000000023,7.268991,0.145522,7.270447,PASS,6.3977512530656355,1.643930178969716,0.8712397469343642,-1.4984081789697161,1.7332875605166027
S00070,L0003,T02,70,0.44388,-0.114311,4.0,1.0,23.267937,4.634191,-3.893189,6.052491,PASS,4.829468138706041,-4.261455358292711,-0.19527713870604035,0.3682663582927108,0.4168372242871231
S00000,L0000,T03,0,0.520785,-0.693234,3.0,0.775887,22.317118,-0.463026,-6.575648,6.59193,PASS,-0.22050191714735812,-5.596048740148528,-0.24252408285264188,-0.9795992598514722,1.0091742370200834
S00534,L0026,T01,534,0.008177,0.189622,1.0,0.77077,21.699636,4.026597,-1.57212,4.32262,PASS,4.10387215412616,-1.7678989915909837,-0.07727515412616004,0.19577899159098378,0.21047770189168324
S00076,L0003,T01,76,0.552547,0.516759,1.0,0.889178,21.793035,7.252666,-3.625962,8.108561,FAIL,7.1507912855644795,-3.696517086048096,0.1018747144355201,0.0705550860480959,0.12392125567703462
S00587,L0029,T02,587,-0.795834,0.704833,4.0,0.62868,22.002058,5.836615,1.95563,6.155531,PASS,6.01858055106308,2.7750910807864155,-0.18196555106307954,-0.8194610807864156,0.8394211843272307
S00361,L0018,T03,361,-0.91727,-0.792155,1.0,1.0,22.782517,-3.760559,-0.83228,3.851557,PASS,-3.7972667727314544,-0.11784890236539436,0.0367077727314542,-0.7144310976346057,0.7153735065308832
S00663,L0033,T03,663,0.474473,-0.662265,3.0,0.824906,21.713546,1.01861,-4.396243,4.512707,PASS,-0.16555396002128386,-5.329234309408341,1.1841639600212839,0.9329913094083411,1.5075533382420603
S00658,L0032,T03,658,-0.836513,-0.133703,1.0,0.878418,21.942682,1.966133,0.581296,2.050264,PASS,-0.42488824595016705,0.7640448885612745,2.391021245950167,-0.18274888856127447,2.3979949447101574
S00092,L0004,T03,92,-0.164576,0.514274,4.0,0.700988,21.666504,3.121702,-0.443994,3.153119,PASS,4.91901043202382,-0.06116716890023932,-1.7973084320238204,-0.3828268310997607,1.837627269724143
S00744,L0037,T01,744,0.588313,-0.152848,3.0,0.925008,22.756077,4.240514,-5.425106,6.885763,PASS,3.570260560562814,-5.028309835100838,0.670253439437186,-0.39679616489916203,0.7789010653196339
S00334,L0016,T01,334,-0.032427,-0.408555,3.0,0.953441,21.778153,-0.530338,-2.01975,2.088217,PASS,0.6987808718108828,-2.4187053948365205,-1.2291188718108828,0.3989553948365203,1.2922455680368268
S00197,L0009,T01,197,-0.531971,-0.386029,4.0,1.0,22.848703,0.323371,1.531563,1.565328,PASS,-0.3203324585997356,-0.30383502554120234,0.6437034585997357,1.8353980255412023,1.9450038701179506
S00240,L0012,T02,240,0.483143,0.293969,4.0,0.999243,20.965118,6.643176,-4.563094,8.05938,FAIL,6.875902200733463,-4.042901296448189,-0.23272620073346229,-0.5201927035518112,0.5698788760222424
S00632,L0031,T01,632,-0.549161,-0.631385,1.0,0.800069,22.49586,1.020847,0.100295,1.025762,PASS,-1.568897358898675,-0.5906286742753459,2.589744358898675,0.690923674275346,2.6803267278676404
S00767,L0038,T02,767,-0.701401,0.511841,4.0,0.963242,22.421435,5.359705,0.655069,5.399589,PASS,5.301198317813007,2.1063384705112096,0.05850668218699262,-1.4512694705112095,1.452448315052352
S00186,L0009,T02,186,-0.44956,0.182659,1.0,0.782874,22.453756,5.582534,1.264869,5.724035,PASS,4.218952215487853,0.5074972070799171,1.3635817845121467,0.7573717929200829,1.5597972034095688
S00488,L0024,T01,488,-0.036917,-0.732859,2.0,0.887715,23.176497,0.770273,-3.459986,3.544689,PASS,-0.9157115200876476,-3.097684286858298,1.6859845200876475,-0.3623017131417017,1.7244727696663078
S00685,L0034,T01,685,0.208698,0.51902,3.0,0.912992,22.671241,7.183323,-2.020684,7.462124,PASS,6.285074561459503,-2.3700817061824138,0.898248438540497,0.3493977061824136,0.9638096359893759
S00753,L0037,T01,753,-0.885939,0.003277,4.0,0.673154,21.570422,1.886553,1.970256,2.727818,PASS,0.893906495832828,2.082321332802868,0.9926465041671719,-0.11206533280286779,0.9989523117003758
S00630,L0031,T01,630,0.304135,-0.206644,3.0,0.904244,21.726389,2.75647,-4.42218,5.210931,PASS,2.597202941118671,-3.752471071299383,0.15926705888132942,-0.6697089287006168,0.6883865521827375
S00380,L0019,T02,380,-0.034695,0.686344,1.0,0.698883,20.750932,7.43988,-2.768888,7.938422,PASS,7.7968932470795,-1.05349475542209,-0.3570132470795002,-1.71539324457791,1.7521508046209315
S00605,L0030,T02,605,-0.287962,0.603088,4.0,0.914911,22.091315,7.48765,0.882261,7.539448,PASS,6.653740061146255,0.13014047213906665,0.8339099388537452,0.7521205278609333,1.1229831140978328
S00347,L0017,T02,347,-0.957443,-0.859325,2.0,0.735215,22.536486,-4.003058,-0.311576,4.015165,PASS,-2.3714199191631797,0.9194870298693905,-1.6316380808368205,-1.2310630298693905,2.043956704616824
S00470,L0023,T03,470,0.675747,-0.192475,4.0,0.914857,23.233075,1.403045,-7.121558,7.258452,PASS,3.1882074313517093,-5.380612173504069,-1.7851624313517092,-1.7409458264959312,2.4935310860510937
S00617,L0030,T01,617,0.85494,-0.344308,1.0,0.791366,22.541347,3.240203,-5.759851,6.608691,PASS,3.365764483272269,-6.47829075197102,-0.12556148327226868,0.7184397519710197,0.7293293928628631
S00409,L0020,T01,409,0.147048,0.390289,1.0,0.843699,22.862871,7.173084,-2.103596,7.475175,PASS,5.496850571985583,-2.067637758780957,1.6762334280144175,-0.0359582412190429,1.6766190683350026
S00674,L0033,T01,674,0.796176,0.121737,2.0,0.93412,22.876968,4.646494,-5.954934,7.553221,PASS,5.3674096480021305,-5.843969541080846,-0.7209156480021308,-0.11096445891915341,0.7294055680330064
S00522,L0026,T04,522,-0.869968,-0.242544,1.0,0.700185,21.919158,17.245176,2.143518,2.201049,PASS,1.4302931105885204,1.70645142142887,15.81488288941148,0.43706657857112985,15.82092121211353
S00204,L0010,T02,204,0.239746,-0.739725,2.0,0.726596,21.640497,0.964554,-3.158694,3.302682,PASS,0.8526286609960829,-4.2252664329258485,0.1119253390039171,1.0665724329258484,1.072429035502352
S00239,L0011,T01,239,-0.389128,0.541507,4.0,0.97767,23.400498,2.103054,2.220786,3.058549,PASS,4.743420097839902,0.8043772717148809,-2.6403660978399017,1.416408728285119,2.996288840580056
S00068,L0003,T01,68,0.639171,-0.643943,1.0,0.691567,21.667616,-0.615544,-6.254707,6.284923,PASS,1.2652573586051026,-5.992648521208038,-1.8808013586051024,-0.2620584787919622,1.8989703517531695
S00570,L0028,T01,570,0.705497,-0.920006,1.0,0.859956,21.789218,-0.24862,-8.661488,8.665055,FAIL,-0.02297898102147755,-6.745823596195713,-0.22564101897852246,-1.9156644038042874,1.9289074569425309
S00525,L0026,T04,525,0.989427,-0.271844,4.0,0.905456,23.526373,5.204494,-6.565703,8.378259,FAIL,5.510957092268478,-6.682313434993893,-0.30646309226847723,0.11661043499389301,0.3278987960823006
S00636,L0031,T02,636,-0.056202,0.66291,3.0,0.854091,21.046988,9.406859,-0.880056,9.447936,FAIL,7.380757749809714,-0.6979641195867645,2.026101250190287,-0.18209188041323543,2.0342673690877193
S00372,L0018,T04,372,-0.217112,0.22814,1.0,0.8533,22.326721,5.15218,-19.924651,5.412709,PASS,5.93787813568148,-0.7447037055412036,-0.7856981356814794,-19.1799472944588,19.196033438672448
S00072,L0003,T03,72,0.958198,0.446811,4.0,1.0,22.255895,5.594728,-5.859249,8.101344,FAIL,6.820727885576106,-5.32141656800496,-1.2259998855761065,-0.5378324319950405,1.3387828219462357
S00189,L0009,T01,189,-0.095235,0.783754,3.0,0.640374,21.836072,6.82139,-0.655917,6.852853,PASS,6.983985831305045,-0.5922044260095805,-0.16259583130504485,-0.06371257399041952,0.17463303365132063
S00666,L0033,T01,666,-0.10274,-0.108651,2.0,0.828206,21.803563,2.213917,-1.807424,2.858008,PASS,2.253997818655628,-1.734105971806572,-0.04008081865562829,-0.07331802819342781,0.08355839444530774
S00478,L0023,T02,478,-0.135908,0.354396,3.0,0.852676,21.654769,6.349174,-2.64631,6.878587,PASS,5.724321435595481,-0.8238213758414945,0.6248525644045184,-1.8224886241585057,1.9266306113082667
S00722,L0036,T02,722,0.841236,0.86425,2.0,0.733751,21.097351,11.040063,-3.552662,11.597603,FAIL,10.931334984658804,-4.302194031491178,0.10872801534119603,0.7495320314911775,0.757377084120801
S00564,L0028,T01,564,-0.400831,-0.093023,4.0,1.0,21.820294,0.436239,-0.041852,0.438242,PASS,1.4686311227289033,-0.35295638831022824,-1.0323921227289032,0.31110438831022824,1.0782483181060716
S00463,L0023,T01,463,0.467477,-0.263596,3.0,0.87175,22.661975,3.184061,-4.271717,5.327834,PASS,2.682164373334831,-4.598514720702733,0.501896626665169,0.32679772070273305,0.5989131607456774
S00316,L0015,T01,316,0.776544,0.11895,3.0,0.977698,22.950538,5.473207,-5.188208,7.541452,PASS,5.489604526472762,-5.570479026856434,-0.016397526472761825,0.38227102685643377,0.3826225514110443
S00694,L0034,T01,694,-0.370581,0.488724,4.0,0.9247,21.85933,5.307433,-1.347978,5.475937,PASS,4.5139771287776576,0.6175102955553915,0.7934558712223421,-1.9654882955553914,2.119602901380927
S00366,L0018,T01,366,0.102384,-0.911902,4.0,0.849436,23.385808,0.096478,-3.134939,3.136424,PASS,-1.616659130003823,-4.252047553395659,1.7131371300038232,1.117108553395659,2.045182228132124
S00560,L0028,T01,560,0.40446,-0.380636,2.0,0.699472,22.426131,4.414485,-4.900339,6.595529,PASS,1.8802268092523378,-4.71934353435185,2.5342581907476625,-0.1809954656481496,2.540713273070538
S00550,L0027,T02,550,0.728441,0.731846,1.0,0.795327,24.220098,9.311532,-3.998915,10.133901,FAIL,9.511362294299122,-4.95584795362621,-0.19983029429912236,0.9569329536262101,0.9775749711686854
S00445,L0022,T03,445,0.112315,-0.570687,3.0,0.824859,22.527143,0.362442,-2.677414,2.701834,PASS,-0.6103707097389459,-3.505097959936342,0.9728127097389458,0.8276839599363419,1.2772726043274922
S00056,L0002,T01,56,-0.038599,-0.340453,1.0,0.89386,20.785291,2.963928,-3.925667,4.918916,PASS,1.2053357375531653,-2.4255310592393977,1.7585922624468349,-1.500135940760602,2.3115048315544517
S00566,L0028,T01,566,-0.353211,-0.155048,3.0,0.833057,22.567116,-0.616912,-1.247002,1.391257,PASS,1.2966084581056365,-0.5754826705483267,-1.9135204581056366,-0.6715193294516733,2.0279296717135016
S00741,L0037,T01,741,0.486275,0.114541,3.0,0.998492,22.060386,3.767539,-4.196592,5.639657,PASS,4.768505888479694,-4.202470986924782,-1.0009668884796934,0.005878986924781948,1.000984152881543
S00720,L0036,T03,720,-0.404421,0.433316,3.0,1.0,22.913946,5.321274,-0.045237,5.321466,PASS,3.826324378742199,0.6189759436061293,1.4949496212578008,-0.6642129436061293,1.635864665720475
S00332,L0016,T02,332,-0.770849,0.196851,1.0,0.885887,22.021227,3.774431,0.377091,3.793221,PASS,3.6813733626599885,2.1894564549797573,0.09305763734001138,-1.8123654549797572,1.8147529491011407
S00183,L0009,T02,183,0.283262,-0.49701,3.0,0.838161,22.313019,2.849214,-1.843589,3.393648,PASS,2.2422530609296727,-4.006592713560453,0.6069609390703272,2.163003713560453,2.246549943008934
S00014,L0000,T01,14,-0.411136,-0.335053,3.0,0.839453,22.092654,-0.087842,-0.419414,0.428514,PASS,0.18579087738336586,-0.5322361353775802,-0.27363287738336584,0.11282213537758018,0.2959793672137589
S00162,L0008,T01,162,0.010194,-0.348223,1.0,0.912538,20.686069,-0.526578,-2.574988,2.628278,PASS,1.2836005733648155,-2.659237426117377,-1.8101785733648155,0.08424942611737718,1.8121380833893939
S00656,L0032,T02,656,0.830808,0.284171,4.0,0.858629,22.010063,7.901035,-5.863388,9.838988,FAIL,7.597966406880088,-5.7926663925171145,0.30306859311991197,-0.07072160748288514,0.3112107290898661
S00164,L0008,T04,164,0.562647,-0.390321,4.0,0.808784,22.206705,4.558978,-5.130321,6.86327,PASS,4.303427992921559,-4.991867298935826,0.25555000707844044,-0.13845370106417398,0.2906462342026103
S00377,L0018,T02,377,0.004697,-0.424865,2.0,0.991471,22.186446,2.382438,-3.77868,4.467039,PASS,2.0733970711850067,-2.665573066048526,0.30904092881499334,-1.113106933951474,1.1552113841603557
S00175,L0008,T01,175,-0.598205,-0.884685,3.0,0.82491,21.755795,-2.675181,-1.371612,3.006312,PASS,-3.2305099612444064,-0.3519191546520142,0.5553289612444066,-1.0196928453479859,1.1611045405348577
S00348,L0017,T01,348,-0.632541,-0.528362,4.0,1.0,21.870689,-1.648197,-1.282465,2.088365,PASS,-1.270504056055331,-0.10887630398813619,-0.377692943944669,-1.1735886960118638,1.2328675465403482
S00424,L0021,T02,424,0.818372,-0.820153,1.0,0.977233,21.799693,2.439841,-6.3688,6.82015,PASS,1.1099256737826897,-7.23809410210545,1.3299153262173102,0.8692941021054494,1.588819376412251
S00040,L0002,T01,40,-0.060082,-0.450051,3.0,0.882292,21.774968,0.578209,-3.125012,3.178054,PASS,0.40835117309652924,-2.3410547008719234,0.16985782690347073,-0.7839572991280765,0.8021475725928228
S00707,L0035,T01,707,-0.787031,0.19057,2.0,0.985564,21.974152,2.965791,3.383021,4.498972,PASS,2.3993131346159156,2.1811744653988634,0.5664778653840843,1.2018465346011364,1.3286580691445296
S00662,L0033,T02,662,-0.881804,-0.75117,2.0,0.977716,21.558751,-1.947849,0.412073,1.99096,PASS,-1.6165473919080586,0.7578515880533081,-0.3313016080919413,-0.3457785880533081,0.47887742427519553
