sample_id,lot_id,tool_id,sequence,down_force_psi,platen_speed_rpm,head_speed_rpm,slurry_flow_ml_min,pad_age_runs,pattern_density,removal_rate_proxy,wiwnu_proxy,dishing_nm,erosion_nm,yield_proxy
S00766,L0038,T01,766,4.382692,133.944673,65.733837,,36.505847,0.206291,485.383994,4.300196,42.388817,17.724933,93.441619
S00580,L0029,T03,580,3.063063,78.522833,82.349441,175.909056,102.223428,0.699749,333.336744,2.784179,51.764918,40.257899,93.708983
S00324,L0016,T03,324,3.408839,143.431787,73.862575,207.142144,0.376159,0.516476,426.070682,3.354883,44.935177,23.021822,94.369377
S00065,L0003,T01,65,3.661353,144.404096,,178.279991,40.950757,0.41797,439.03121,2.991101,47.433714,20.901908,95.55743
S00760,L0038,T03,760,2.543504,114.731006,72.181937,169.106247,38.514776,0.660157,351.590621,2.384102,45.963842,29.311589,95.973795
S00700,L0035,T01,700,3.545537,103.969467,93.51234,192.974635,35.556243,0.727951,410.51991,4.507759,43.316863,29.790275,93.370435
S00421,L0021,T03,421,2.957588,133.724133,136.170369,179.436903,90.241498,0.319162,385.031045,2.650979,44.681494,27.061514,97.656627
S00521,L0026,T01,521,3.121263,149.82862,129.140744,225.192691,28.347095,0.306438,422.87764,3.49505,34.236381,18.344322,95.347043
S00103,L0005,T01,103,2.403294,128.795412,124.426993,143.700107,60.109081,0.266146,342.527022,2.776125,38.890591,28.114549,95.367376
S00748,L0037,T03,748,3.129416,148.363677,126.429297,169.93292,23.992535,0.799354,418.537186,2.221882,49.505976,31.920935,95.252765
S00566,L0028,T01,566,2.591524,81.692611,65.943283,131.359377,35.339993,0.401343,327.641531,1.074154,32.937419,16.991978,96.625508
S00085,L0004,T01,85,2.963549,145.903297,131.457704,206.725793,60.418758,0.37949,402.564608,3.980914,41.992373,22.244129,95.440064
S00701,L0035,T01,701,3.899648,74.454098,114.70149,167.792062,46.603603,0.761461,384.259926,2.412601,52.246653,33.970704,94.043723
S00283,L0014,T01,283,2.838503,137.31332,115.266139,145.692745,88.126512,0.306823,373.095202,2.127999,34.864558,29.737563,93.60683
S00658,L0032,T02,658,3.780917,110.071893,81.474959,159.771092,108.515453,0.538684,730.424798,2.578034,59.69946,36.123707,92.977431
S00393,L0019,T01,393,2.421245,91.78024,119.952834,155.083139,79.185225,0.770563,306.484543,2.17144,48.09819,39.448212,93.041973
S00492,L0024,T01,492,2.043816,145.740146,133.299917,145.209586,94.613143,0.479258,343.637616,1.686343,24.833478,31.456316,94.464721
S00214,L0010,T01,214,4.469313,74.271526,70.969997,156.634046,55.683973,0.684534,408.034935,2.563497,65.731312,26.251536,93.628033
S00600,L0030,T01,600,3.663422,120.392542,73.778352,159.131095,21.037493,0.312917,427.259519,2.770989,50.365035,15.945933,96.744167
S00559,L0027,T03,559,3.138546,97.086239,103.566901,215.983094,52.267187,0.426938,386.249223,3.73845,35.683369,25.119326,93.569008
S00175,L0008,T03,175,4.449027,148.928765,93.190139,149.122591,28.969278,0.330096,462.235645,3.213611,56.861939,20.939179,94.251478
S00343,L0017,T01,343,2.082827,109.635375,136.73579,153.096688,22.865681,0.582914,302.090933,1.176333,40.126401,27.313909,97.73652
S00287,L0014,T01,287,2.475845,104.39841,97.135056,145.659675,1.51159,0.642271,356.54081,1.595749,41.619725,28.529225,94.704299
S00317,L0015,T01,317,2.549004,130.919791,121.682771,164.474652,93.771767,0.555332,351.203071,1.841625,34.947819,30.407111,95.644471
S00687,L0034,T01,687,3.014691,116.578259,69.031335,147.713469,125.37333,0.644664,341.630775,1.290336,51.042541,37.922406,91.390124
S00668,L0033,T02,668,3.401467,139.193412,66.360029,229.07748,115.089056,0.647731,415.73995,5.628665,51.722985,33.58351,88.531548
S00061,L0003,T04,61,4.128389,116.143819,106.06119,207.781169,99.85238,0.463774,421.352508,4.703268,46.002971,38.548412,93.219604
S00183,L0009,T03,183,4.3758,109.093538,108.395398,175.378821,136.984201,0.71018,411.724504,3.558397,61.410666,41.056352,91.883909
S00345,L0017,T01,345,3.635635,83.423626,119.640262,127.923023,120.230171,0.559282,346.848841,1.293839,45.153495,28.422141,94.481589
S00138,L0006,T04,138,3.97581,108.071367,109.268185,192.190182,71.905888,0.302862,409.388203,3.830043,43.870054,18.635442,94.778198
S00316,L0015,T01,316,2.467817,76.598213,139.52367,129.571049,6.68409,0.438934,321.988033,0.714916,45.883919,18.905877,98.862577
S00206,L0010,T01,206,2.592549,126.106006,143.921735,132.519392,91.090329,0.645719,343.231147,0.575982,58.81906,34.507126,94.372608
S00358,L0017,T01,358,2.022932,119.506797,116.861558,186.488421,76.134625,0.632324,332.597068,3.580985,43.503158,33.693665,89.975841
S00541,L0027,T02,541,2.899099,76.336958,127.188657,160.990955,,0.656983,330.940892,1.963464,43.207634,39.112887,94.513072
S00108,L0005,T02,108,,145.602528,108.292131,204.64131,115.384749,0.763485,439.759497,5.198541,59.013492,48.171941,89.198102
S00467,L0023,T01,467,4.440893,135.157562,113.136993,167.633552,13.219449,0.347445,447.627953,3.07111,51.946576,14.055186,95.992118
S00674,L0033,T01,674,2.681546,99.166694,114.125485,195.812789,89.389215,0.668699,338.358276,3.983703,39.580835,40.761468,93.456844
S00430,L0021,T01,430,3.989526,106.101135,143.395107,195.989551,5.308008,0.719105,428.440321,4.538378,51.596589,26.479066,91.129252
S00348,L0017,T01,348,2.526289,82.833656,109.657021,127.325744,82.180089,0.428664,292.945905,1.172964,37.484061,33.881795,95.585274
S00522,L0026,T01,522,3.674698,72.10404,100.290155,205.702321,14.921226,0.658372,393.145304,4.47816,46.190117,25.279681,92.867706
S00715,L0035,T04,715,4.340771,123.514488,67.824335,142.277641,128.109563,0.684888,419.464632,1.345139,65.738386,39.505758,91.217691
S00130,L0006,T01,130,2.545837,108.308301,75.93162,202.953468,2.069251,0.583744,357.49686,4.596214,33.690419,19.313785,96.405488
S00578,L0028,T02,578,3.157919,113.269706,123.430413,228.476826,2.189852,0.4236,416.966623,4.079505,41.371761,21.93943,93.14
S00612,L0030,T01,612,4.158057,74.990627,142.811179,181.995434,49.507952,0.318146,400.139368,3.680619,46.206421,20.842321,96.148658
S00781,L0039,T01,781,2.726125,135.769359,112.832633,167.519071,132.838863,0.265068,355.661107,2.535559,38.927614,36.264895,93.828705
S00222,L0011,T01,222,3.434563,101.481053,128.383636,213.690512,40.523862,0.229157,400.350475,3.544658,41.14694,13.9081,97.455281
S00047,L0002,T01,47,3.651943,122.374651,98.347811,194.675597,128.623588,0.295317,408.058948,4.199725,42.928031,30.168504,94.187374
S00326,L0016,T02,326,3.433084,143.131191,120.768949,159.777501,15.594604,0.626354,426.299423,2.062616,50.193664,28.158127,94.613197
S00167,L0008,T01,167,4.113899,117.624291,133.224651,204.189411,17.907234,0.625598,437.416198,4.923215,49.705015,22.067262,92.348713
S00434,L0021,T01,434,3.566736,82.622937,99.12363,226.302426,118.69739,0.74322,376.518513,6.294073,51.950929,37.749656,87.556479
S00673,L0033,T02,673,4.412508,123.803359,98.948846,189.629338,83.982403,0.378901,432.180236,3.086382,58.630011,28.997279,92.206461
S00407,L0020,T03,407,3.634961,105.513122,109.78303,140.105685,106.031719,0.43157,385.328695,1.959483,40.145534,28.089299,94.877968
S00750,L0037,T01,750,3.907317,91.699074,115.54139,138.699586,79.58061,0.28738,366.817089,2.097472,40.817979,28.901719,95.728269
S00702,L0035,T02,702,2.728899,92.67942,128.667471,181.031544,100.660248,0.263325,342.909453,2.77213,29.883717,29.265828,96.266643
S00535,L0026,T01,535,3.084083,89.109272,98.825222,189.935596,97.877431,0.29407,352.604154,2.99607,35.972256,25.139429,95.64055
S00453,L0022,T01,453,2.651062,113.593697,85.086738,133.439341,69.375158,0.25752,344.769896,2.086213,40.423762,22.36796,96.708375
S00256,L0012,T01,256,4.213492,113.572805,108.990139,138.768226,108.018953,0.642774,407.23516,1.393783,59.376576,34.227427,92.423921
S00444,L0022,T02,444,,121.728188,143.760571,169.56809,35.551788,0.377074,425.818337,2.881126,44.977024,24.591284,96.810479
S00294,L0014,T01,294,2.770619,73.83533,131.399443,121.346721,67.385378,0.268653,316.327164,1.009518,35.997783,21.072819,97.0499
S00419,L0020,T01,419,2.833961,131.781977,110.683786,149.074752,2.744508,0.3183,385.243573,1.621397,42.95273,13.957698,98.915098
S00724,L0036,T01,724,3.019285,126.121645,99.897951,217.85662,0.963088,0.789564,409.429004,5.229195,43.919331,25.067359,94.781743
S00198,L0009,T04,198,3.295245,89.502568,88.969061,220.210273,20.680195,0.471589,390.818278,4.679693,47.187189,25.398812,93.333998
S00381,L0019,T02,381,2.672005,86.7138,103.523283,176.082877,7.96994,0.782505,339.969222,2.594749,53.762814,27.008906,92.155766
S00752,L0037,T02,752,2.860113,75.191942,94.945577,206.448072,71.000532,0.751658,349.452563,4.927884,48.550091,32.519236,90.920668
S00433,L0021,T01,433,3.746416,90.259014,102.853699,177.714301,10.440041,0.4646,397.303483,2.905063,58.270979,18.344076,94.011389
S00649,L0032,T01,649,4.434319,97.642547,137.283138,220.268131,115.893568,0.796321,426.11703,7.274099,65.453333,40.083954,84.230123
S00060,L0003,T01,60,2.272728,117.590806,97.838619,193.718374,19.599633,0.589534,362.027258,4.124266,36.601296,23.428345,94.291737
S00176,L0008,T01,176,2.67572,123.141959,121.642397,178.357198,34.568274,0.306342,374.88439,3.255616,30.854992,13.826916,95.46875
S00304,L0015,T02,304,4.454793,100.300775,81.714755,182.281666,20.216702,0.247728,443.262698,3.498781,51.963646,15.556366,94.808586
S00275,L0013,T01,275,2.70762,137.22746,137.158914,127.591209,61.993295,0.353597,353.697664,1.485319,41.694269,26.32825,95.781459
S00318,L0015,T01,318,4.020066,93.941609,84.707781,217.032137,61.037027,,435.681075,5.940982,54.024586,26.543038,91.10057
S00111,L0005,T02,111,3.993583,122.757033,134.148806,156.806328,13.692495,0.222438,425.835356,2.254803,47.937098,17.091117,95.782408
S00464,L0023,T01,464,2.750661,102.351081,84.781979,123.931001,69.441911,0.341017,354.037814,1.487679,37.614977,28.636351,95.904518
S00057,L0002,T03,57,2.205155,148.685689,65.054694,198.953401,131.97288,0.339298,365.988452,3.67646,29.930643,29.372812,94.160252
S00216,L0010,T01,216,2.621778,99.00453,97.281472,212.48158,21.837125,0.535699,363.273328,4.391654,38.337922,27.779583,92.821282
S00549,L0027,T01,549,2.929199,112.87618,144.752967,223.410632,65.122253,,392.297162,4.17208,28.083453,29.32991,92.249033
S00761,L0038,T01,761,2.055419,148.224206,131.6324,189.719224,132.770165,0.454672,342.123809,3.860309,28.471558,33.160676,93.376505
S00557,L0027,T01,557,2.382884,80.000318,105.436132,129.044273,102.104415,0.232091,298.232189,1.582075,33.95008,27.673181,94.548083
S00631,L0031,T01,631,4.219605,120.103525,86.419213,151.178342,121.28142,0.278382,427.644801,2.460645,54.240994,32.070564,94.468955
S00340,L0017,T03,340,2.414651,137.446545,70.959748,199.553782,39.059948,0.586901,389.863497,4.026198,41.18908,27.75574,92.605302
S00165,L0008,T01,165,3.993652,117.779257,73.601945,197.911556,106.664381,0.373719,420.400216,3.590548,47.195369,25.430244,92.777147
S00097,L0004,T01,97,3.338963,92.643434,95.19918,185.591314,117.189211,0.621029,370.332541,3.815455,48.438623,37.750993,92.677382
S00008,L0000,T01,8,4.022371,92.665226,108.899883,124.999128,68.163769,0.439795,383.995008,1.346585,55.563932,24.876113,93.685325
S00325,L0016,T01,325,3.937034,142.637305,93.473882,140.621657,17.712687,0.733457,430.072905,1.347293,60.569724,27.784383,93.414028
S00014,L0000,T02,14,3.051353,72.279026,142.424208,183.022008,137.27565,0.283749,336.656055,2.489922,20.223203,37.292531,96.542896
S00561,L0028,T01,561,3.039365,80.59437,,124.720405,113.336523,0.379214,317.291803,0.685877,40.78099,26.112047,96.115602
S00497,L0024,T01,497,2.182679,122.972509,85.548002,222.446292,47.198142,0.794351,362.728266,6.642325,32.03212,37.692836,90.098214
S00009,L0000,T01,9,3.440051,73.695611,126.664214,170.922621,4.453748,0.747808,363.939278,2.692947,54.477705,29.648612,94.056406
S00196,L0009,T02,196,2.948314,95.88189,112.813173,189.240764,91.944654,0.424383,355.919802,3.479451,42.0528,31.275927,94.115163
S00651,L0032,T01,651,4.29376,89.428029,84.141464,184.485954,60.225184,0.488475,417.95817,3.144882,58.908566,25.069687,89.620534
S00775,L0038,T03,775,3.027916,101.642045,78.737889,191.380552,139.486687,0.491344,350.921344,3.714909,40.631243,34.980761,95.219361
S00758,L0037,T03,758,2.350261,78.338995,79.721086,179.267383,83.562486,0.226614,309.477795,3.491873,34.115108,27.254351,95.522052
S00794,L0039,T01,794,2.572087,143.390373,141.261795,183.234897,8.198785,0.310896,390.554953,3.241855,40.581033,13.068852,97.812864
S00596,L0029,T02,596,2.495766,138.722953,139.043832,219.29491,54.09868,0.638737,377.701758,5.107863,41.39759,28.43469,91.719968
S00261,L0013,T01,261,2.514885,94.065954,112.719239,168.914004,46.366171,0.240565,341.350516,2.393684,22.00636,22.545244,95.726324
S00498,L0024,T02,498,3.737876,145.145071,112.083755,179.49836,43.344997,0.266525,434.744318,3.255979,46.651349,15.377297,95.030207
S00201,L0010,T03,201,4.163131,99.871802,87.286524,226.271847,130.619874,0.446696,427.521791,5.131316,50.362787,34.836211,90.736383
S00172,L0008,T02,172,3.307783,145.298139,66.48228,153.287896,72.5005,0.243227,393.822153,2.444886,38.713365,18.226556,97.23961
S00539,L0026,T01,539,3.128945,143.811292,105.158022,169.083512,87.310188,0.529253,397.886032,2.344333,41.751971,29.701898,93.663038
S00556,L0027,T01,556,2.127999,76.890495,93.626971,186.835472,9.528505,0.705514,311.706368,4.244956,33.726509,30.640908,92.212177
S00619,L0030,T02,619,2.703416,73.759546,73.4317,211.932593,119.097097,0.785771,330.118313,5.335865,46.046092,41.714122,89.676569
S00743,L0037,T01,743,3.134751,129.946644,84.689269,131.893482,39.443033,0.49543,380.522953,0.594153,43.442382,23.10798,97.522618
S00585,L0029,T01,585,2.526997,139.29253,74.204481,132.569261,77.842265,0.656466,336.039634,0.75336,43.971728,26.430327,95.962791
S00132,L0006,T01,132,3.145775,70.870022,111.90993,173.219326,124.325464,0.676575,335.625138,2.563422,47.481867,39.003619,93.789397
S00068,L0003,T01,68,2.36108,83.585785,79.505888,139.08572,104.970392,0.475698,303.57289,1.639741,42.009654,28.188797,94.836034
S00533,L0026,T02,533,4.490807,72.864308,76.305031,158.195798,16.292336,0.214208,414.841416,3.347831,45.214532,16.957446,97.833575
S00485,L0024,T01,485,2.84475,76.115346,143.729222,172.860151,88.427921,0.689563,344.52906,3.100884,43.933396,37.175999,94.487004
S00298,L0014,T01,298,2.111196,87.461523,131.094944,212.756615,68.220641,0.723141,312.821084,5.22569,36.805216,38.054806,88.554944
S00373,L0018,T01,373,4.239501,110.257683,123.560412,126.058931,125.994481,0.58247,409.573958,0.842076,60.965904,39.289542,91.416189
S00582,L0029,T01,582,3.94201,141.712398,129.533122,190.414195,95.623516,0.374562,429.15693,2.855536,41.886523,29.574059,93.095255
S00540,L0027,T01,540,3.921658,130.566819,95.061889,122.058513,20.548448,0.597125,410.041277,0.529208,50.724643,26.313307,92.616402
S00028,L0001,T01,28,4.295894,125.606593,138.986913,139.903314,11.21784,0.424602,436.293864,2.07631,52.8434,24.132145,95.029246
S00308,L0015,T02,308,2.209577,95.748726,108.005148,,53.865495,0.218176,313.751699,3.091102,24.706281,27.547603,99.6587
S00398,L0019,T03,398,3.750606,140.992206,105.972605,1257.17798,135.135669,0.365052,393.823491,1.712849,54.9868,33.254454,92.007738
S00390,L0019,T02,390,3.946804,112.134134,121.419457,161.231466,80.512511,0.416646,409.142481,3.271604,50.603808,29.613121,93.737934
S00094,L0004,T01,94,,108.16051,94.274104,129.333123,88.464543,0.441725,380.213034,1.595181,51.480882,34.433951,94.289025
S00579,L0028,T01,579,4.411611,115.23422,67.462257,173.790214,59.251229,0.212432,450.736624,2.992642,53.129763,19.392248,95.17265
S00697,L0034,T02,697,2.797554,109.876354,109.347909,132.407098,12.179295,0.608326,348.804264,0.788822,53.32503,21.971366,95.223255
S00253,L0012,T01,253,3.578302,75.264572,101.47594,194.295139,90.756756,0.509935,378.68015,4.128488,48.337484,32.564331,92.927613
S00306,L0015,T02,306,3.090622,128.245606,137.155092,139.365476,53.090959,0.586901,385.983506,0.850351,48.111379,23.768434,94.146059
S00609,L0030,T03,609,2.130352,101.796932,83.871187,140.865473,,0.293161,312.422106,2.14761,32.622418,14.247006,98.691964
S00739,L0036,T01,739,2.555033,91.401744,87.785158,228.907935,66.341383,0.50412,343.958887,4.980075,30.773361,29.093515,90.400532
S00340,L0017,T03,340,2.414651,137.446545,70.959748,199.553782,39.059948,0.586901,389.863497,4.026198,41.18908,27.75574,92.605302
S00528,L0026,T04,528,3.9411,122.54395,105.579994,161.069389,125.579294,0.720122,404.182485,2.636392,62.38265,41.641029,91.400091
S00412,L0020,T03,412,3.663006,92.666428,74.521519,191.658699,78.287843,0.746287,409.026155,3.591235,51.554693,41.45573,89.329406
S00360,L0018,T03,360,3.338429,122.184689,,182.705609,136.435251,0.645154,380.119407,2.719728,49.988484,42.043288,92.79897
S00441,L0022,T02,441,,83.411027,141.455161,143.361153,73.333671,0.463157,377.015743,1.381765,40.982469,25.063352,95.772461
S00281,L0014,T03,281,2.164646,108.487488,76.287669,222.197462,63.01395,0.225779,332.767995,4.298926,30.307668,18.386873,93.831835
S00134,L0006,T02,134,4.154198,96.263222,120.47931,202.717486,35.219095,0.266834,420.233478,3.822796,56.889097,15.935484,92.064494
S00646,L0032,T03,646,4.058232,104.913129,93.382839,123.948225,135.498832,0.705608,380.455484,0.576318,66.694159,42.511015,88.994073
S00709,L0035,T03,709,2.638871,,112.276013,184.752836,36.457937,0.480597,350.589734,2.49993,35.215368,29.742521,95.248414
S00263,L0013,T02,263,2.619754,104.134382,85.4467,218.154787,13.636557,0.501137,371.690362,4.822492,40.094188,25.768484,93.950916
S00644,L0032,T02,644,2.654784,95.019504,120.57847,156.123005,122.477794,0.240137,330.623119,3.102429,35.112764,31.398725,96.075825
S00450,L0022,T02,450,3.28951,91.481311,101.045222,210.743903,92.315568,0.676932,378.883472,4.920363,43.519835,30.740108,92.499646
S00435,L0021,T03,435,4.381832,117.353328,125.434315,154.050023,5.803912,0.359758,447.101173,3.067094,56.989111,15.278425,97.162355
S00135,L0006,T04,135,3.729823,74.088278,87.060496,152.520064,68.033431,0.236287,368.734843,2.587282,41.761794,48.737071,96.850815
S00486,L0024,T01,486,2.079275,129.921498,103.853025,224.276155,125.657921,0.597438,351.611705,6.121385,29.352369,34.989241,90.136126
S00113,L0005,T01,113,4.29688,144.565615,118.652145,174.545613,96.602444,0.374579,434.565138,2.842725,55.977581,28.898985,94.2162
S00388,L0019,T01,388,2.20295,77.2763,97.587863,190.43594,137.736337,0.565633,286.858953,-2.63476,36.07426,41.387195,92.857546
S00783,L0039,T03,783,4.155193,104.1992,75.790256,134.392124,124.965013,0.578141,398.942879,1.849681,62.117015,32.961007,92.128919
S00228,L0011,T03,228,4.330806,100.10694,68.025463,121.886,138.252679,0.353488,375.995893,1.460256,53.704618,33.729918,92.94586
S00303,L0015,T01,303,3.02502,119.940608,133.902539,120.609711,35.840429,0.652253,352.284398,-0.26245,62.288411,29.027053,92.149663
S00356,L0017,T01,356,4.197158,118.015373,105.502949,211.445104,94.451082,0.209563,437.989732,4.232779,43.897735,24.747735,95.666317
S00123,L0006,T02,123,2.948999,117.23414,103.86309,177.963241,30.496088,0.33067,378.578871,3.139203,40.349225,20.064647,95.808249
S00200,L0010,T01,200,2.098963,90.824888,132.082582,198.6261,135.874681,0.731633,308.9903,5.138476,34.766989,43.900914,90.700499
S00452,L0022,T01,452,2.932593,133.876643,108.90978,189.974547,88.346231,0.562639,390.690324,3.205861,43.507756,27.89989,94.266852
S00129,L0006,T01,129,3.404899,122.311705,137.207319,166.313556,86.170862,0.596298,384.543438,2.026181,50.5017,34.422451,91.779865
S00349,L0017,T01,349,3.908237,84.406441,93.806382,221.15747,50.542999,0.326125,407.995739,4.017542,46.443451,23.989273,93.303498
S00459,L0022,T01,459,2.673196,126.374455,108.390713,214.205136,15.733102,0.381959,391.735052,3.851594,36.589451,22.757522,94.716797
S00524,L0026,T04,524,3.209483,138.298242,127.247381,132.569197,33.181761,,401.291855,1.426409,44.475442,25.772654,94.776548
S00553,L0027,T01,553,2.411752,101.203186,76.540549,225.293176,14.145818,0.307896,372.086014,3.861736,32.461659,18.208275,94.991712
S00461,L0023,T01,461,2.844097,116.349228,66.423403,206.596376,38.573213,0.797631,376.123185,4.633964,49.743518,31.417733,93.237934
S00741,L0037,T01,741,3.783043,84.780499,67.388826,142.189561,134.24227,0.61792,359.960525,1.773317,56.843501,41.74878,91.681264
S00729,L0036,T03,729,2.339558,104.758804,71.832187,210.93814,23.997461,0.438597,345.806599,4.405131,33.341577,15.246373,95.297322
S00297,L0014,T02,297,4.410057,94.702112,131.089676,171.524116,138.107484,0.746437,398.201774,3.291202,65.073411,44.001147,88.560592
S00372,L0018,T01,372,3.553332,142.992049,76.776799,186.348136,3.237516,0.336649,433.591051,3.268796,37.00087,16.228377,96.481464
S00072,L0003,T01,72,2.7251,75.678829,119.168588,155.120332,51.59905,0.578708,337.986459,1.833482,41.588748,29.948853,94.524963
S00146,L0007,T04,146,3.933907,97.513278,135.376589,166.198101,103.783694,0.682084,392.226571,3.409071,57.072814,35.439481,91.278606
S00249,L0012,T01,249,3.034602,99.394082,96.176353,139.039181,34.168214,0.295107,331.996116,2.374738,40.575325,17.784485,96.793625
S00075,L0003,T01,75,3.850034,121.173,67.723199,167.32942,23.206218,0.286344,425.882655,2.652163,47.422054,21.529264,96.355419
S00116,L0005,T01,116,3.606183,129.062642,93.328205,155.342782,40.802494,0.275587,407.039382,2.076233,47.750858,17.880883,94.446761
S00514,L0025,T01,514,,95.08828,110.012337,149.286739,39.847891,0.661837,406.727817,1.818172,60.712589,33.736174,91.442327
S00769,L0038,T03,769,3.28554,134.294735,76.18218,130.647301,129.702635,0.689254,374.413797,0.348554,54.559662,40.788047,92.512273
S00363,L0018,T03,363,4.069789,146.073892,132.478086,127.053269,51.739321,0.674583,435.280599,0.711483,61.654007,24.486919,92.307033
S00400,L0020,T04,400,3.045465,80.864105,129.686349,180.844649,92.34105,0.31926,345.262555,2.612804,37.906171,24.619347,97.245364
S00648,L0032,T01,648,2.76983,98.285574,132.691064,130.297532,58.626339,0.561341,339.95795,0.587575,51.861488,33.523955,93.955907
S00555,L0027,T01,555,3.86841,113.301076,140.782971,215.33811,93.01359,0.570027,419.162899,4.569455,58.538316,33.548982,88.122713
S00799,L0039,T04,799,3.336533,114.260397,135.309959,158.364935,68.649539,0.438918,394.429032,1.95102,52.132335,32.023819,93.660048
S00365,L0018,T01,365,2.202456,113.635564,84.699778,208.796886,15.380924,0.546849,350.344069,5.275904,31.844614,29.291502,92.512539
S00788,L0039,T04,788,2.020982,79.062537,79.908955,160.080468,89.667127,0.523484,302.418751,2.775083,34.13834,30.258506,95.480355
S00406,L0020,T02,406,3.077566,80.087686,103.942757,197.42755,102.175227,0.672689,334.117895,4.189582,48.795401,37.385016,91.585128
S00301,L0015,T01,301,4.398082,77.149257,91.965426,204.486964,36.961363,0.778361,413.821057,5.739546,61.758599,33.41539,87.976912
S00457,L0022,T02,457,4.392045,70.766218,76.284988,144.788824,86.694222,0.312566,392.618436,3.331792,48.903483,19.170912,95.066652
S00147,L0007,T02,147,3.235259,96.847681,94.616473,125.268946,2.324541,0.578179,357.986858,0.646765,55.688262,24.479028,92.520422
S00233,L0011,T02,233,4.39436,97.462765,75.408259,158.827252,80.954804,0.408162,408.485968,2.75951,51.441874,28.811949,95.676385
S00163,L0008,T02,163,4.336988,112.903106,121.01397,196.52175,63.335069,0.386629,429.870338,3.730878,51.902524,29.461971,91.997484
S00270,L0013,T03,270,2.476031,72.77323,127.621508,156.982774,123.829923,0.475296,302.738672,2.354525,43.467231,28.975851,96.853771
S00219,L0010,T01,219,2.482478,101.444581,132.364941,205.650447,139.788369,0.657249,342.399383,4.745339,42.624309,38.737275,92.394232
S00093,L0004,T04,93,2.582027,86.165293,90.704716,224.870601,23.26572,0.699282,361.398605,5.843299,39.849727,23.403514,91.71709
S00642,L0032,T02,642,3.426452,127.798869,105.359115,202.328907,36.783213,0.403562,407.622854,4.348898,37.699872,24.296665,97.250244
S00782,L0039,T01,782,2.662287,133.600367,142.96925,154.02572,7.097594,0.701884,388.126713,2.049845,48.284991,28.740184,94.136467
S00797,L0039,T02,797,2.778326,106.572842,98.284167,210.017051,80.755558,0.559134,349.521201,3.7321,41.642686,34.900328,92.221881
S00049,L0002,T01,49,3.947554,140.969112,108.529046,189.948859,48.257046,0.409827,442.930932,3.230788,49.399091,29.231009,92.683471
S00721,L0036,T02,721,4.197831,83.41281,,126.633292,33.143476,0.201409,400.784094,2.747574,49.828221,16.728612,96.903466
S00273,L0013,T03,273,2.94835,129.239087,65.04849,184.854064,60.091737,0.530439,384.492385,2.733241,46.421998,30.615318,94.599295
S00242,L0012,T01,242,3.496579,77.068068,82.768078,155.771566,49.757794,0.60242,374.414598,1.841678,54.103093,28.740283,94.207512
S00197,L0009,T01,197,3.530062,91.311107,136.199011,127.090196,79.227519,0.427454,371.178061,1.344057,52.081921,31.758846,97.107582
S00660,L0033,T01,660,4.269389,95.353722,83.434199,137.786554,33.082251,0.728148,404.932624,1.055992,65.728788,28.103321,91.895184
S00575,L0028,T01,575,2.4103,144.758915,137.775712,156.914896,108.394278,0.460149,345.663209,1.946282,39.858671,30.996019,96.3504
S00422,L0021,T01,422,2.274511,115.684555,138.674717,131.216787,117.274334,0.23148,298.297222,2.018984,32.613947,25.960609,97.09825
S00458,L0022,T01,458,4.475906,99.279152,136.233859,125.599375,101.869046,0.291115,396.146715,2.016032,53.090599,28.479316,94.491574
S00790,L0039,T01,790,3.668651,138.09882,83.112886,183.270011,56.528098,0.296262,435.242416,3.257929,48.056727,20.754597,97.05109
S00019,L0000,T03,19,2.562213,128.265977,144.365669,156.206846,10.609689,0.542115,364.744867,2.255542,47.46774,21.61841,95.729547
S00141,L0007,T01,141,2.524648,91.223633,71.866453,123.403904,126.17568,0.735778,301.365097,-0.066427,45.308016,41.402163,92.906511
S00703,L0035,T01,703,3.24281,98.389134,82.140685,214.913974,117.712133,0.778163,362.14404,4.658403,42.89704,43.237343,98.764146
S00713,L0035,T04,713,4.237426,80.923916,83.662582,167.47254,29.07404,0.210969,410.752939,3.331441,52.764786,13.233238,94.640566
S00615,L0030,T01,615,2.307908,70.276174,136.865656,195.542395,85.515978,0.54197,315.793937,3.997932,36.624079,29.134726,92.803094
S00071,L0003,T02,71,3.054372,98.719336,68.664228,126.086196,93.022703,0.744346,336.299616,-0.133707,54.611613,33.989013,93.5983
S00402,L0020,T03,402,2.666764,118.728971,90.875341,216.623997,12.37971,0.589844,384.275959,4.858397,43.766055,24.005037,93.050337
S00291,L0014,T01,291,3.931662,131.050429,135.793568,173.392683,42.350478,0.730905,436.29452,3.17278,57.649875,34.378739,90.373572
S00643,L0032,T01,643,2.187787,127.843895,103.478279,216.757952,81.984124,0.495071,355.022698,4.68395,28.401934,33.017467,92.711682
S00096,L0004,T01,96,3.956208,138.534426,105.267911,170.859685,109.304168,0.206838,430.526895,3.026234,49.724585,26.548667,96.219677
S00148,L0007,T02,148,2.302148,93.262783,136.087282,143.290501,13.562474,0.680129,342.073224,1.176113,51.818592,27.417769,94.258018
S00056,L0002,T01,56,2.17759,136.151852,135.152946,219.917046,3.255885,0.594072,382.612651,5.44772,31.943837,26.763182,94.329062
S00751,L0037,T01,751,2.102299,131.547065,83.278662,,12.491675,0.680784,359.523949,6.859833,33.335218,21.10184,91.17736
S00565,L0028,T01,565,2.346703,124.567098,105.39527,217.586752,68.509124,0.690314,357.5807,5.214493,30.562399,27.109676,90.025443
S00698,L0034,T03,698,2.36519,138.431872,79.08004,185.550921,122.563516,0.627149,352.874389,3.733683,42.832872,36.608525,94.962018
S00337,L0016,T03,337,2.329201,131.522723,131.491237,,44.020181,0.348984,338.467931,2.13858,32.648591,22.08638,96.038468
S00399,L0019,T02,399,4.404738,131.314505,,134.659327,50.487572,0.512257,425.061557,1.655231,57.905232,23.339717,92.704584
S00105,L0005,T03,105,2.019811,81.715531,87.584819,214.420249,15.39889,0.558752,319.439255,5.077963,28.983956,23.433769,93.774556
S00531,L0026,T02,531,3.468487,89.637266,79.886602,208.752065,45.634448,0.224371,389.75939,2.657167,40.5563,17.194149,96.643657
S00081,L0004,T02,81,4.496587,80.845586,119.590134,214.834801,42.781274,0.36939,444.531959,4.436921,48.983834,24.461468,91.084809
S00377,L0018,T02,377,4.408399,100.091097,120.554758,227.059128,74.899598,0.707371,430.108654,6.910796,58.102552,32.978323,87.205007
S00664,L0033,T02,664,2.896105,71.575669,87.661303,212.691476,65.282042,0.23727,355.185958,2.559068,34.278544,18.554659,96.401486
S00789,L0039,T03,789,,75.379764,101.606201,181.835579,102.852911,0.377522,300.331298,3.864089,31.321046,31.224282,92.90089
S00022,L0001,T04,22,3.902374,145.795655,99.24388,217.549485,116.067364,0.251412,435.427136,4.037105,37.317793,29.291336,93.578457
S00699,L0034,T01,699,,126.04393,96.100421,171.264734,103.087421,0.52915,409.498194,3.741075,54.999652,33.385708,92.017313
S00675,L0033,T01,675,2.722371,146.920911,99.036607,167.679914,69.341541,0.747488,382.759156,2.626896,50.129975,28.921442,94.629497
S00117,L0005,T02,117,2.977932,139.936199,76.621709,168.696234,81.654751,0.745463,391.359914,2.429364,50.392093,35.640345,93.874624
S00293,L0014,T01,293,2.879291,122.094302,81.439072,162.638166,66.018636,0.772246,366.52866,1.578144,41.740487,31.830795,94.580673
S00084,L0004,T01,84,2.929972,147.057697,80.34159,173.030327,83.938789,0.586857,378.106506,2.654118,49.137714,30.26379,95.072568
S00635,L0031,T01,635,3.898854,141.654732,115.263403,145.863715,2.384398,0.214068,443.369077,2.670779,47.809551,7.690041,97.617719
S00274,L0013,T01,274,2.064588,123.613902,115.793375,217.487709,113.361234,0.519041,331.748247,5.264193,32.45641,29.946617,92.347019
S00371,L0018,T01,371,4.101151,78.50971,92.571945,157.486949,79.326901,0.441908,389.113498,2.737042,49.824857,31.786315,95.430205
S00451,L0022,T03,451,3.388742,143.717241,88.913521,211.290452,6.072765,0.616438,447.411894,3.729286,45.52293,20.82767,92.710009
S00278,L0013,T01,278,2.140794,79.859922,95.655371,121.541487,45.677733,0.685638,291.79279,0.296285,45.011292,33.994165,94.862319
S00475,L0023,T03,475,3.74268,110.344287,89.265565,204.602816,83.045581,0.796237,415.476895,5.336644,58.144046,36.258196,88.636884
S00747,L0037,T03,747,3.860585,86.609476,102.797025,125.824209,119.732933,0.725335,366.357255,0.676386,56.144352,40.285633,90.701382
S00121,L0006,T02,121,2.302975,74.816524,96.502352,122.329367,99.444974,0.413575,278.174253,1.222934,37.159442,36.623118,93.971641
S00520,L0026,T01,520,3.368591,139.224674,130.508245,207.855027,,0.562942,417.499433,4.617529,41.726076,30.151636,93.334399
S00262,L0013,T01,262,4.389601,95.346867,99.000406,149.81022,130.963853,,405.21765,2.659514,51.168053,33.85197,92.679487
S00405,L0020,T02,405,2.753717,126.979284,71.20736,203.796376,32.103859,0.320816,383.283106,3.716577,32.054987,21.397162,96.514264
S00638,L0031,T01,638,2.104681,95.12857,88.108192,129.112429,25.176107,0.575694,328.332648,0.917289,32.637559,24.526988,95.631683
S00067,L0003,T01,67,3.123778,115.686063,81.947402,185.592837,36.998004,0.419426,405.195203,3.421185,38.121331,24.831308,96.663111
S00544,L0027,T02,544,3.629991,83.684042,118.713547,143.193572,22.942595,0.386028,366.437289,1.802584,51.457343,26.464839,94.416348
S00763,L0038,T01,763,3.098846,70.995009,142.571417,154.033042,43.870448,0.611548,352.553361,1.636212,44.212206,25.529911,98.400097
S00361,L0018,T02,361,3.70792,111.144814,91.43428,181.378372,80.605795,0.212642,398.323543,3.299989,46.955825,21.693181,93.970026
S00509,L0025,T04,509,3.129247,79.277597,107.264097,133.70814,4.715478,0.686759,355.967042,0.411295,48.804518,26.07771,95.531433
S00296,L0014,T01,296,3.404229,139.34265,91.295159,216.947264,123.986385,0.397534,397.880308,4.439777,47.427745,33.211448,92.420385
S00428,L0021,T03,428,3.446683,102.023588,,152.913088,72.988966,0.726063,372.826352,1.380819,50.225494,34.950554,94.125464
S00677,L0033,T01,677,4.26869,141.949093,416.66955,154.757683,66.862948,0.770067,445.777385,1.911786,61.331632,34.333992,90.579014
S00714,L0035,T01,714,3.059037,109.658412,113.56673,136.626412,33.175094,0.604298,361.473624,-0.289375,49.841933,23.073172,92.70979
S00392,L0019,T03,392,2.120126,90.51362,141.513494,224.089002,139.742745,0.692215,313.09779,6.221171,37.022545,41.33576,89.293924
S00436,L0021,T01,436,2.372091,82.103497,103.266459,198.862345,28.69367,0.390756,334.743659,3.133611,33.904169,19.701816,95.571067
S00245,L0012,T01,245,3.392337,79.465895,122.579494,127.582871,47.49113,0.647345,367.725784,0.331298,59.404449,28.84132,94.226715
S00704,L0035,T02,704,2.51038,88.291308,105.043128,170.822519,130.159712,0.58894,314.480498,2.440343,44.700975,38.498642,93.766792
S00472,L0023,T01,472,4.214842,107.106695,100.740417,174.600178,108.959504,0.647847,412.839243,3.898266,59.363765,35.342671,93.178088
S00551,L0027,T01,551,2.394554,143.629982,133.787507,217.558826,74.106279,0.776983,379.35363,5.935844,43.834656,37.92681,91.354971
S00069,L0003,T02,69,2.059639,143.124673,108.137255,153.169393,133.913135,0.587635,326.399329,2.219061,40.574435,44.871566,94.735882
S00027,L0001,T01,27,3.329542,,82.633558,121.540716,88.182735,0.345425,383.139249,1.611651,51.114105,29.060117,95.455067
S00608,L0030,T02,608,2.476276,133.194758,141.435204,227.241778,13.171807,0.640203,400.343588,6.34892,42.582438,26.703141,90.527547
S00545,L0027,T02,545,4.081648,112.987263,87.658327,203.438345,,0.785885,423.177804,5.005731,52.229563,35.388902,90.192311
S00568,L0028,T01,568,4.407038,84.630968,124.083586,122.060762,12.133866,,410.820939,2.017574,61.197564,17.619248,93.393414
S00795,L0039,T03,795,4.135455,109.885553,119.078426,181.529658,71.124732,0.471856,444.422391,3.265317,54.376726,25.949529,95.503049
S00624,L0031,T02,624,2.895744,9.422449,127.587568,215.776467,42.979837,0.595103,364.535512,4.751913,40.190205,26.461305,93.833803
S00268,L0013,T01,268,3.910286,93.175633,123.510693,170.858333,138.355807,0.560449,376.130041,2.395421,60.379032,41.687701,92.41203
S00496,L0024,T01,496,3.092868,106.354846,99.498991,125.46088,41.36994,0.599908,348.991756,0.556704,54.776626,29.289202,95.772622
S00254,L0012,T04,254,3.988458,74.872816,72.179037,216.97228,133.942157,0.435706,382.494786,4.403852,51.031615,33.820531,90.614816
S00226,L0011,T01,226,4.161155,83.901216,68.987468,149.431752,119.138669,0.51516,380.379397,2.395223,59.583868,40.15967,93.45922
S00018,L0000,T01,18,4.100778,79.828568,72.213576,180.588794,127.938833,0.508442,378.729594,3.750346,59.187601,41.300789,90.713292
S00189,L0009,T01,189,3.487359,70.027636,104.18606,200.51539,48.00527,0.260153,392.485517,3.101993,38.894676,19.878681,95.651881
S00106,L0005,T02,106,3.654148,133.755967,137.335099,163.651662,39.438109,0.656872,415.288603,2.550008,50.679447,32.65153,95.701709
S00564,L0028,T02,564,3.300642,136.190237,71.237551,197.409941,57.775627,0.611145,402.993047,3.763887,54.987402,28.440817,91.639013
S00446,L0022,T01,446,3.867621,135.800974,68.824914,167.791013,70.393998,0.227582,422.231843,3.122997,43.264573,22.055243,97.78376
S00042,L0002,T01,42,2.574357,105.428553,130.988316,177.594553,134.846939,0.466496,332.41901,2.985988,39.2645,40.368461,95.640557
S00413,L0020,T01,413,2.914828,89.440888,103.386726,208.867604,10.229706,0.487327,374.140911,3.757105,43.228921,19.363268,94.767443
S00205,L0010,T03,205,3.490985,121.449893,77.71666,218.864331,126.367529,0.670749,416.33538,4.844042,47.958266,39.87429,89.833844
S00378,L0018,T04,378,2.0244,137.081544,79.364131,133.195821,86.333826,0.253345,311.976383,1.992082,35.338632,26.773959,97.765623
S00195,L0009,T04,195,4.271734,90.774188,76.318898,165.296422,12.900643,0.380207,429.410669,2.811632,53.54166,17.949538,95.228091
S00077,L0003,T04,77,2.522696,149.002968,94.334365,224.237616,47.702609,0.455254,397.773476,5.034607,37.247764,18.799785,91.357765
S00269,L0013,T03,269,2.427156,82.747743,13.297565,135.255243,32.427861,0.266542,315.728912,2.248777,41.793923,12.816654,98.430342
S00548,L0027,T01,548,3.533608,142.128371,89.704979,214.139386,102.128395,0.287746,429.123687,3.70659,34.890692,26.460341,94.010232
S00063,L0003,T03,63,4.171466,127.59039,85.050332,192.871743,98.16853,0.547505,426.520715,4.216128,54.423527,33.444953,92.398165
S00685,L0034,T01,685,4.166996,101.332108,110.289034,184.231707,103.931001,0.505253,410.350622,4.132082,56.384619,31.119385,91.028193
S00516,L0025,T01,516,3.077643,97.790207,113.235535,222.322764,52.055936,0.347795,386.686556,4.115879,43.718099,25.009139,96.645678
S00384,L0019,T04,384,2.535663,,128.632435,204.813206,13.892777,0.348924,367.706042,3.555693,30.936907,19.249926,94.343826
S00188,L0009,T01,188,4.059748,138.407623,117.734052,124.384958,75.137579,0.233566,410.432842,2.192117,51.527544,23.708223,96.839833
S00133,L0006,T01,133,4.179746,96.449865,136.084639,129.703359,95.736967,0.342398,391.758099,2.341588,54.363552,28.930422,95.082024
S00469,L0023,T02,469,2.19504,146.535645,139.653402,146.60264,70.44443,0.454641,351.329523,1.984885,42.169503,32.307368,94.443948
S00100,L0005,T04,100,3.509728,118.359283,115.27911,211.796488,117.950188,0.73696,418.723536,5.724863,52.721789,37.343072,89.969667
S00786,L0039,T01,786,3.811295,90.731941,135.897519,177.561952,64.943024,0.244438,411.56977,3.437277,49.157145,20.963849,94.729257
S00320,L0016,T03,320,,96.251623,140.696665,181.49171,104.900341,0.748211,393.060139,3.473666,56.669839,38.373504,90.63402
S00095,L0004,T02,95,3.470401,115.521554,105.592241,125.764091,134.727346,0.495931,367.818549,0.672189,52.88264,39.821276,93.039748
S00770,L0038,T02,770,2.802994,132.001253,129.94547,,102.976246,0.797915,348.711869,-1.299332,48.710994,37.673319,94.712478
S00367,L0018,T01,367,3.429195,147.290056,90.037778,126.146922,17.084155,0.328758,421.508103,0.761456,49.381405,16.954195,95.708138
S00456,L0022,T01,456,2.225431,107.395148,84.870139,225.314161,109.339559,0.461149,342.710545,5.133263,39.063641,32.619261,93.234689
S00252,L0012,T01,252,3.99309,92.004493,92.516514,149.096096,95.703224,0.365508,388.832041,2.167311,50.635531,29.019013,95.176478
S00159,L0007,T01,159,2.926671,116.684806,119.142675,138.754855,40.908118,0.490199,373.020365,1.596305,47.408772,26.528738,96.526963
S00169,L0008,T02,169,3.592747,80.052569,74.599659,144.280959,20.954999,0.400725,376.288913,1.669739,53.10387,21.915745,93.893017
S00150,L0007,T02,150,3.859998,106.121175,65.089794,137.945968,47.990026,,396.808422,2.005621,52.31595,25.717523,94.769279
S00473,L0023,T02,473,2.783651,94.374733,82.010109,206.695951,130.106548,0.679299,352.018213,4.315362,46.547033,39.744291,90.081307
S00236,L0011,T02,236,2.41308,86.102281,110.715644,,105.51567,0.797838,303.907214,-0.026647,43.720918,37.111178,93.967158
S00768,L0038,T01,768,3.197457,98.245569,105.833829,137.134542,132.679644,0.589357,354.827021,1.100677,46.581576,38.811625,93.024715
S00369,L0018,T02,369,3.598857,96.695043,125.497889,143.076728,49.927126,0.312416,375.539795,1.756215,49.924798,19.813006,96.15294
S00537,L0026,T01,537,2.692398,138.796393,112.32759,160.532454,38.086195,0.494431,368.990521,2.414522,36.21713,26.130687,95.524417
S00728,L0036,T01,728,4.307111,95.376149,73.050702,165.819088,115.634962,0.249636,392.902223,3.497206,45.641598,33.711096,96.368354
S00530,L0026,T02,530,2.813074,83.943602,120.191365,121.346885,37.508804,0.616513,332.672474,0.223738,42.952179,30.482489,95.309475
S00224,L0011,T02,224,4.028468,74.995317,105.717489,176.720099,40.98532,0.756673,396.769793,3.468602,54.239618,26.785466,94.441471
S00182,L0009,T01,182,4.189868,74.290341,83.15355,166.359183,111.216586,0.760218,375.831083,2.847813,65.568906,40.843058,91.358522
S00779,L0038,T01,779,3.314702,134.828787,126.811101,188.176013,118.75704,0.397639,401.281873,3.116046,44.219067,31.27442,95.567212
S00025,L0001,T01,25,3.73247,144.485376,137.098218,150.984057,97.016844,0.290082,419.742247,1.313838,46.614453,27.596809,95.276778
S00102,L0005,T02,102,2.353535,70.849472,87.582892,219.572177,125.327506,0.589671,322.764533,5.356839,30.336862,35.722842,89.147817
S00547,L0027,T01,547,4.157846,140.87213,65.344643,165.522745,58.448793,0.356815,442.310142,2.510649,45.521438,25.222271,96.768106
S00209,L0010,T01,209,2.068616,102.00921,131.365478,189.959291,55.311839,0.370029,339.062985,4.064484,26.205263,23.22141,95.634339
S00005,L0000,T01,5,2.879221,128.438952,116.213949,227.412784,108.829487,0.250706,404.897408,3.931532,24.21433,28.402711,94.05322
S00787,L0039,T02,787,3.579438,119.352717,,120.033042,36.478602,0.539824,392.194641,0.411616,53.901714,29.118865,94.27747
S00013,L0000,T04,13,4.400751,79.478941,143.652966,186.508925,30.680646,0.245452,422.322525,4.234018,48.355977,17.430183,93.453235
S00231,L0011,T01,231,2.418709,103.510611,66.773057,180.85709,94.735532,0.679733,340.282031,3.443468,42.542141,34.135648,94.750485
S00640,L0032,T01,640,3.353028,122.44208,75.619074,155.483126,26.802713,0.282591,394.124253,1.859983,44.624931,10.703149,97.881266
S00438,L0021,T01,438,0.375889,90.315848,66.885713,217.698761,27.613014,0.327084,410.424361,4.091564,43.376863,20.008211,94.020324
S00764,L0038,T01,764,2.083991,138.758595,90.213399,226.441409,69.226708,0.520534,340.545448,6.237876,30.319397,32.53673,91.014494
S00330,L0016,T03,330,,111.173214,86.125078,120.586481,44.534214,0.239059,329.500021,1.791163,30.524458,19.681247,98.371389
S00385,L0019,T01,385,2.708891,95.645199,77.648618,177.036132,25.207245,0.379053,360.361328,2.937908,41.17673,20.902745,95.606172
S00471,L0023,T03,471,3.597396,72.218197,113.619441,158.418118,111.664595,0.771461,354.474505,2.056792,56.227794,31.610411,89.737311
S00194,L0009,T01,194,2.373656,92.850212,125.054388,148.651919,116.814078,0.353859,300.512136,2.299787,36.471655,35.353477,93.300605
S00671,L0033,T01,671,2.794019,142.6841,77.083656,1223.46967,72.270009,0.318201,377.200425,1.228134,49.057396,20.141849,94.974082
S00223,L0011,T01,223,3.73248,71.845435,65.018467,209.883322,105.649871,0.219333,377.08782,3.25087,42.516485,22.22406,95.32465
S00490,L0024,T02,490,2.908941,75.369646,77.596728,139.435127,49.335265,0.203224,334.811154,1.420517,36.143652,19.474282,96.563837
S00778,L0038,T01,778,2.459784,137.200622,109.740338,189.142175,102.217523,0.39552,371.232581,3.386805,36.941379,25.737221,93.719344
S00058,L0002,T04,58,3.158459,109.784819,124.058052,164.683472,,0.614569,370.354537,2.367779,42.21257,27.481429,97.407195
S00706,L0035,T03,706,4.20368,82.492537,98.844891,146.645238,19.659741,0.749325,412.813804,2.330131,66.399949,26.089747,90.877879
S00248,L0012,T01,248,3.450623,114.874522,134.369435,194.834346,101.868869,0.221477,386.320835,3.589083,42.520766,26.945236,95.297969
S00050,L0002,T04,50,3.808578,90.965407,73.834878,182.056953,125.67199,,392.051572,2.702357,47.676954,31.473628,96.541432
S00145,L0007,T02,145,3.495821,147.92305,87.416555,126.035321,52.257874,0.220437,402.115222,2.163917,44.72562,19.412228,98.515073
S00144,L0007,T01,144,2.986494,135.683047,80.007186,125.955115,91.069014,0.240743,377.040785,1.62977,42.090878,23.795158,95.217452
S00477,L0023,T04,477,3.035898,123.05323,79.433038,197.967236,125.848704,0.253677,375.76884,4.569585,34.652731,26.81828,96.046776
S00705,L0035,T01,705,3.469119,96.184752,123.305025,168.403166,30.414156,0.769862,385.166475,2.731447,54.008764,25.948313,92.890105
S00606,L0030,T01,606,2.52661,139.763427,69.529744,130.757713,56.746532,0.435839,354.070218,1.408361,37.377013,22.694621,94.960387
S00689,L0034,T01,689,4.350225,104.419372,120.988959,184.514953,75.634033,0.504642,426.688489,4.368931,56.564208,27.681244,91.899883
S00772,L0038,T01,772,2.801035,93.997177,129.145821,189.283847,128.591985,0.273997,328.435144,3.032999,42.315734,29.788194,94.808954
S00099,L0004,T02,99,2.989099,141.089638,121.233726,196.049175,37.589501,0.450032,415.85526,3.661631,49.245425,17.939198,96.656326
S00403,L0020,T01,403,2.49346,82.150806,78.272172,154.248757,38.95384,0.280286,329.171685,2.299395,37.155072,20.890852,95.063444
S00354,L0017,T01,354,3.972461,129.078243,91.290465,216.528801,35.257089,0.393062,441.44334,4.536234,49.779553,20.177151,92.808451
S00112,L0005,T02,112,3.028273,,68.959652,137.726599,93.608135,0.375698,390.313977,0.915389,44.810449,29.660221,94.39936
S00536,L0026,T01,536,2.467111,129.257522,92.677608,124.5993,68.455166,0.425792,338.26575,0.757485,42.733321,30.369635,94.054546
S00037,L0001,T02,37,3.966314,84.934065,122.590314,178.637657,64.800732,0.603334,379.490073,3.973001,53.157898,36.507404,91.001186
S00309,L0015,T04,309,3.175601,85.410189,119.8554,181.432428,128.059769,0.367117,350.935536,2.558662,42.802383,32.126758,96.007733
S00776,L0038,T01,776,2.560481,125.553076,,180.999177,9.931746,0.376333,370.099917,3.006272,40.485283,16.130021,98.055299
S00059,L0002,T03,59,3.709465,101.853408,144.503965,203.886019,,0.393867,404.919621,3.779527,46.846549,21.734993,96.025045
S00023,L0001,T01,23,3.402597,136.457605,101.750989,172.413389,111.694036,0.662721,402.687546,2.562872,51.582851,34.000002,94.298289
S00573,L0028,T04,573,2.646371,123.525708,95.353083,144.995372,80.615715,0.746707,355.016496,1.234158,45.894344,34.63276,95.178583
S00394,L0019,T01,394,2.699579,133.795677,128.900733,124.831717,70.258904,0.280228,352.440488,1.433855,40.787488,24.326054,96.858945
S00265,L0013,T02,265,2.542566,95.228174,78.670869,167.363338,88.123615,0.305277,332.763439,2.654077,38.686162,26.886364,96.469779
S00073,L0003,T02,73,4.32334,142.277724,97.899719,229.552337,30.215981,0.721943,477.198366,6.06557,52.668553,30.312598,87.608538
S00560,L0028,T01,560,2.686661,82.980299,67.424956,180.511061,62.871252,0.796422,344.263655,3.265713,47.999641,36.129427,92.765201
S00243,L0012,T03,243,3.642389,101.380677,71.375802,199.155613,92.669698,0.707273,391.504151,4.132202,50.711845,33.649625,91.29504
S00173,L0008,T03,173,2.156807,148.351858,,194.349221,83.346549,0.795909,353.44299,4.916903,38.457226,41.643024,90.027634
S00120,L0006,T04,120,2.658075,116.813846,122.759383,164.957136,62.57413,0.476953,358.893501,2.688563,43.110133,24.92906,96.297022
S00508,L0025,T01,508,4.194363,142.098449,125.509175,225.96862,88.626286,0.46095,469.757179,5.071937,48.576654,27.522592,92.827535
S00495,L0024,T01,495,3.97193,135.90294,76.176556,219.645674,34.865644,0.592742,452.769618,5.122628,51.306612,28.600421,90.825073
S00024,L0001,T02,24,3.325062,77.993673,107.090693,161.047136,66.484051,0.416245,355.098512,2.406237,42.818599,27.889672,95.420629
S00623,L0031,T01,623,3.639783,74.247599,116.669214,207.004061,28.892074,0.743278,386.340601,4.897413,55.02868,28.909014,89.753441
S00375,L0018,T01,375,4.423369,146.96245,106.052152,132.203862,49.72326,0.227431,454.243105,1.939464,58.047156,21.639323,92.11638
S00040,L0002,T02,40,3.005508,88.151357,,121.020029,45.258946,0.574466,353.39856,0.549362,49.205352,27.104723,95.324113
S00035,L0001,T01,35,2.300493,100.813389,125.089407,196.756779,3.89876,0.745208,346.210129,4.226067,40.742783,33.149835,92.152974
S00264,L0013,T01,264,3.633824,84.524005,83.991437,221.035758,88.370186,0.47466,378.197876,4.936537,36.627669,28.821878,92.159181
S00481,L0024,T01,481,2.003165,142.445543,73.888134,209.716176,66.938834,0.260802,362.618419,3.941754,23.787954,25.168669,94.528663
S00319,L0015,T03,319,4.058041,117.523519,71.260334,172.242587,108.14378,0.343909,415.082943,4.127218,49.938307,28.369307,96.736107
S00586,L0029,T03,586,3.911181,134.654124,109.582953,167.39978,105.3731,0.322661,418.979314,2.496241,49.694121,27.862341,94.62736
S00212,L0010,T01,212,3.366817,123.08654,123.396578,121.599995,,0.30075,382.112497,1.292362,51.657198,21.986533,96.204258
S00620,L0031,T02,620,3.14885,120.647973,124.141762,127.446045,95.860696,0.529285,354.374201,-0.282647,50.651959,33.692895,93.555399
S00229,L0011,T01,229,3.206273,73.990339,130.947733,151.628482,93.812547,0.787713,334.906487,1.373718,55.919594,38.490239,91.831033
S00774,L0038,T02,774,2.292363,140.666235,69.392536,,18.069157,0.442348,388.875627,3.267528,36.452752,17.697534,95.995327
S00532,L0026,T01,532,4.241867,77.023996,122.014099,223.381172,53.069252,0.634982,411.043391,6.125006,55.339776,34.2647,89.039843
S00312,L0015,T03,312,3.345319,129.285107,102.110832,,111.021439,0.212215,393.647361,2.001352,44.897713,25.898428,97.907523
S00449,L0022,T04,449,2.85264,104.535353,108.984253,216.682433,104.494466,0.629917,372.70735,4.912626,40.664539,33.767626,89.753263
S00736,L0036,T04,736,2.432593,87.621468,133.607661,169.874069,73.032493,0.368451,328.472521,3.012281,37.68367,31.462044,96.847164
S00570,L0028,T02,570,3.510861,147.379919,94.938681,144.481672,123.65475,0.528459,381.791967,1.177997,56.555303,36.885608,92.706123
S00404,L0020,T03,404,3.267495,144.083881,113.493554,123.217491,94.332128,0.654654,386.603538,0.15425,52.154977,38.486661,92.705022
S00431,L0021,T03,431,3.861932,81.48922,65.628462,150.419853,69.906892,0.54033,373.343727,2.003015,55.453135,27.756951,92.340089
S00663,L0033,T01,663,4.384959,103.909472,69.608104,126.300007,86.53955,0.579527,400.598027,1.31613,66.340587,32.875448,91.164858
S00771,L0038,T02,771,3.822273,146.333428,127.527911,210.889899,78.826865,0.514455,430.316918,4.744032,51.297776,33.514045,94.345485
S00669,L0033,T01,669,2.554692,140.997843,123.384315,183.463434,110.160336,0.582107,358.110249,3.95925,41.429315,35.68018,92.175958
S00749,L0037,T02,749,4.337598,122.410584,77.293275,162.201334,100.71296,,441.399564,3.484393,56.644105,35.123922,92.58299
S00387,L0019,T02,387,3.868108,139.443122,115.642701,129.052078,443.50012,0.409406,418.859298,1.262046,57.256973,27.923309,93.64751
S00659,L0032,T01,659,3.773109,114.579858,116.583049,220.066191,25.824635,0.596725,434.030477,5.17205,52.478731,33.322107,91.135322
S00550,L0027,T01,550,4.003192,97.644671,132.393052,140.103122,39.258854,0.755145,393.728841,1.491699,66.11388,31.974895,90.917242
S00272,L0013,T01,272,4.349947,126.718457,76.062398,175.563581,131.413492,0.254428,427.759563,3.253904,49.30669,24.196876,92.914269
S00500,L0025,T02,500,2.271789,89.813877,118.813674,183.999108,92.001135,0.719937,324.96691,4.269381,42.97693,37.410704,91.12263
S00542,L0027,T01,542,4.459468,141.879778,142.085473,227.226791,124.657672,0.252847,457.883378,4.464141,49.94537,30.402695,90.25851
S00426,L0021,T01,426,4.343834,71.105724,85.255651,121.026913,2.326166,0.201017,388.9336,2.087385,56.483468,14.388711,94.087848
S00305,L0015,T04,305,3.726578,104.060079,111.190818,171.908004,9.164799,0.362123,419.43583,3.144255,45.643242,17.128498,98.001729
S00576,L0028,T01,576,3.626741,110.161174,81.856232,172.77223,107.511825,0.375268,391.703739,3.207488,46.380256,27.593801,96.970262
S00078,L0003,T02,78,4.094761,83.699006,132.883394,170.803273,121.099701,0.308471,391.076309,3.223073,52.709148,26.214875,94.791821
S00681,L0034,T01,681,4.251766,73.981287,101.262277,136.989593,69.853116,0.631281,394.382021,2.167155,61.33276,33.826044,91.12812
S00227,L0011,T01,227,4.069921,97.742467,137.54893,129.461716,108.730007,0.396061,379.953841,1.745086,60.490847,34.892804,90.81207
S00484,L0024,T01,484,2.704745,75.724557,139.334868,135.461207,127.132397,0.4457,296.980825,1.457896,43.129329,27.163046,96.323271
S00437,L0021,T01,437,3.692774,140.620251,99.097891,175.465671,94.719632,0.34505,410.10854,1.804835,44.160824,27.584768,93.356554
S00170,L0008,T03,170,3.30281,136.029252,,180.950973,17.461255,0.206929,402.410988,2.801046,37.300696,17.382092,97.650792
S00683,L0034,T03,683,4.227554,107.013521,132.582135,163.221978,9.281663,0.74892,417.183333,2.750695,64.595584,28.145144,92.273577
S00122,L0006,T02,122,3.411568,145.528754,103.712947,176.835496,109.144354,0.344523,405.298867,2.913913,46.575125,32.171958,93.856402
S00048,L0002,T03,48,2.71578,94.450488,95.594503,198.300361,14.613178,0.656802,375.102774,4.090267,42.531491,25.443455,92.692944
S00517,L0025,T01,517,4.41795,108.300209,68.31531,202.980281,137.266817,0.732066,425.527533,5.298408,68.4863,43.689824,87.4872
S00611,L0030,T03,611,3.324357,84.366645,135.57313,148.643778,91.918703,0.782484,356.825666,1.506317,54.893563,37.352702,94.178144
S00382,L0019,T01,382,3.252048,140.425533,132.848564,124.835151,30.54395,0.587839,376.235572,0.34074,49.686717,24.21679,94.883378
S00342,L0017,T01,342,2.334599,104.200438,90.363937,176.764489,10.966447,0.380194,354.892282,3.495799,32.887405,22.243976,96.127178
S00587,L0029,T01,587,3.518569,129.241277,126.403961,222.109437,134.249804,0.35072,408.648205,3.702867,32.546997,33.4111,92.957429
S00158,L0007,T03,158,2.569903,115.333144,113.622491,146.903447,102.283982,0.476198,347.475687,1.825069,40.117232,32.990333,96.116887
S00667,L0033,T01,667,,,88.601573,198.744687,50.819813,0.792862,408.164244,4.475362,50.845887,36.376029,91.005467
S00184,L0009,T02,184,2.631392,75.220342,123.11647,210.549125,124.467229,0.329877,320.660389,3.66953,35.01595,30.040325,94.694355
S00155,L0007,T02,155,2.079816,88.129145,94.690353,162.922047,87.694985,0.5434,307.008824,2.681175,34.274692,35.984785,97.349793
S00562,L0028,T01,562,2.729347,141.225996,89.449494,159.467227,22.915439,0.204454,387.610459,2.543164,37.917196,11.862259,95.531628
S00567,L0028,T03,567,2.885654,104.47642,,128.306097,114.624614,0.340301,332.351288,1.302328,41.578697,30.136509,95.554449
S00499,L0024,T02,499,4.301663,110.596229,121.252639,128.209018,83.585172,0.220217,336.844465,2.477457,55.587525,20.783769,95.453646
S00543,L0027,T03,543,2.91522,143.189928,118.182683,219.658636,113.575768,0.680102,386.129714,4.717618,39.535857,39.917129,91.182927
S00515,L0025,T01,515,2.446676,77.112614,91.97139,149.006828,54.974105,0.403724,307.252578,2.322003,42.699036,30.053062,95.130549
S00629,L0031,T01,629,3.281074,95.517375,91.869808,126.467291,111.215907,0.514148,338.522489,0.980134,56.021543,32.0722,93.147349
S00174,L0008,T03,174,3.232914,105.347394,72.487913,122.990526,50.816239,0.489609,371.938217,-0.257306,51.027563,29.455546,94.779988
S00409,L0020,T03,409,2.501756,140.002291,100.690847,153.579033,113.244603,0.30332,347.36784,2.349486,42.281257,29.670416,94.198298
S00161,L0008,T01,161,2.870595,86.213273,143.875164,180.739511,94.323057,0.300374,329.733916,2.727669,34.795261,30.170806,96.926056
S00251,L0012,T03,251,4.361879,74.173346,75.638868,142.941989,45.660649,0.282397,406.236686,2.869529,56.506149,21.89586,93.695925
S00725,L0036,T01,725,3.308778,92.676671,134.918193,128.605757,44.630109,0.271418,372.888947,1.729681,48.341039,18.095781,96.219593
S00266,L0013,T03,266,23.54978,138.746925,109.851603,125.43123,101.332538,0.792609,332.411602,0.477598,44.035534,40.737145,95.084084
S00621,L0031,T02,621,2.824053,79.643806,98.727702,196.335361,114.97522,0.671092,338.970718,3.91751,51.917147,41.892147,91.433972
S00591,L0029,T01,591,,135.064772,126.508582,189.171699,41.792883,0.289375,445.909907,3.30233,52.426891,24.586296,94.544022
S00126,L0006,T01,126,4.279481,131.841068,94.069843,167.704435,128.869235,0.723042,435.758701,3.119561,53.220651,44.738018,90.08099
S00554,L0027,T04,554,3.681265,145.234915,140.755032,120.704876,4.543216,0.476912,420.214694,1.038379,49.87191,22.716486,96.107818
S00589,L0029,T01,589,4.469896,91.336638,80.422481,226.182078,74.6851,0.444657,426.224072,5.885817,66.470992,30.562921,84.315531
S00359,L0017,T01,359,3.368183,143.873677,76.359181,222.278432,38.58131,0.488086,430.252771,3.792158,40.868634,18.871188,93.141705
S00079,L0003,T02,79,2.403955,81.737116,87.796367,130.157024,46.750534,0.731075,313.402804,-0.110543,45.638485,39.192397,94.309431
S00512,L0025,T01,512,4.295592,127.333498,106.912171,129.201141,119.469576,0.659717,414.701661,0.850821,70.709074,38.069331,91.106771
S00744,L0037,T01,744,2.989704,75.274478,77.050515,143.434675,130.217026,0.651004,319.743253,1.196514,42.248821,41.892482,93.071805
S00351,L0017,T01,351,3.608147,107.042047,71.144471,143.613872,79.219527,0.713449,382.454263,0.903428,53.866144,36.903316,92.244317
S00773,L0038,T03,773,4.339764,78.369692,96.544995,187.11559,34.699249,0.423833,422.002461,4.316691,48.598696,23.824629,94.768473
S00033,L0001,T01,33,3.963438,117.726392,78.695175,178.750029,66.756002,0.691091,425.701097,3.23438,62.175141,33.853651,90.086423
S00679,L0033,T01,679,3.855496,134.245208,83.103604,188.462922,87.005971,0.459972,408.35848,3.826969,52.927192,30.68552,91.889141
S00090,L0004,T02,90,3.137415,90.006595,99.61095,204.854712,125.111896,0.398213,360.910609,3.902457,28.372515,30.751846,94.57054
S00386,L0019,T01,386,4.218725,103.759189,129.96507,194.772808,126.400564,0.311225,427.714613,3.694465,53.678752,31.706279,92.513329
S00518,L0025,T03,518,4.12064,118.014889,144.873475,123.150069,80.04285,0.202159,399.68968,1.771771,41.100103,21.807236,94.48394
S00726,L0036,T01,726,4.378611,108.872025,130.649557,219.121759,129.633882,0.431707,429.254833,4.812564,60.299463,32.707535,89.83026
S00101,L0005,T01,101,2.844104,108.854419,86.419667,148.730834,129.979514,0.766035,338.418472,1.498178,46.286221,39.105734,93.863285
S00260,L0013,T02,260,3.520263,101.9789,93.936136,217.814145,28.943276,0.335523,408.671455,4.271338,42.581429,18.41983,95.825091
S00285,L0014,T01,285,4.331036,89.567094,79.731415,194.362799,127.633157,0.362131,405.625387,3.40418,60.928156,33.057185,91.664107
S00290,L0014,T01,290,3.963837,130.763752,139.914353,195.951929,53.175604,0.350423,444.663748,3.88795,42.582187,29.715019,94.993165
S00767,L0038,T01,767,2.132664,72.629109,140.351748,143.173414,107.455229,0.655937,274.558948,0.974656,48.982054,32.489655,91.46577
S00479,L0023,T02,479,4.476279,129.973804,107.663213,120.816545,48.621703,0.36615,433.982815,1.814418,62.571523,25.236877,93.185553
S00614,L0030,T01,614,2.413132,119.682064,74.846656,123.147405,92.686433,0.581978,326.932766,0.507229,43.40059,30.100382,96.330053
S00740,L0037,T03,740,3.835623,141.097005,86.469237,173.940221,104.73495,0.693837,406.019301,3.282471,58.297293,36.439773,91.726425
S00217,L0010,T01,217,3.591175,147.912444,92.176833,179.790173,122.573056,0.796938,406.880513,3.120233,54.210876,44.790993,92.803908
S00712,L0035,T02,712,3.646905,121.47892,67.978057,174.457003,47.075183,0.686521,412.945033,3.125487,56.00669,30.463498,93.334486
S00215,L0010,T01,215,2.451235,102.037694,90.9868,200.859611,2.626472,0.453508,361.350529,3.820289,39.547989,12.008544,96.322807
S00282,L0014,T02,282,4.493121,85.589811,119.040964,214.115075,10.996786,0.473323,453.188684,4.632486,45.878092,22.495218,92.517922
S00098,L0004,T01,98,2.273551,127.722208,136.905811,128.905627,80.969681,0.740549,333.598882,1.042303,47.55537,38.778368,94.565433
S00280,L0014,T01,280,3.84844,,65.326213,213.757893,101.01178,0.511453,428.137686,5.183959,41.67388,29.62594,92.01133
S00443,L0022,T03,443,2.300135,135.8359,96.696776,130.274646,44.612053,0.564821,351.78673,1.39905,48.066107,23.343112,96.528641
S00737,L0036,T03,737,3.972298,89.022633,76.118204,151.706579,116.169718,0.58285,374.611594,1.515954,54.813925,36.95872,91.737139
S00735,L0036,T03,735,4.153463,95.485228,77.832193,183.198674,81.238507,0.642469,413.553698,3.951839,57.551056,31.076269,91.50725
S00389,L0019,T01,389,2.880477,88.275657,141.335465,186.14699,49.985801,0.503245,362.110608,2.685366,42.628072,21.233966,96.269029
S00353,L0017,T02,353,3.163832,79.697525,83.375846,184.572312,52.167105,0.446911,350.811777,2.861611,44.287401,25.7959,94.994388
S00300,L0015,T01,300,2.785071,129.721966,105.39389,178.542468,39.071825,,394.30753,2.785111,42.383956,30.139917,95.56646
S00785,L0039,T03,785,3.674087,78.471192,66.299901,223.534827,29.707156,0.529424,383.398662,5.10848,48.698402,28.379363,90.178656
S00039,L0001,T02,39,4.477955,118.154304,90.782568,223.869027,130.150501,0.535464,437.866611,5.706428,50.787804,37.562183,88.195207
S00154,L0007,T01,154,3.279432,88.834863,100.689968,223.870854,133.706954,0.456322,360.466497,4.660968,41.150225,30.9052,92.603454
S00482,L0024,T01,482,3.110489,113.365341,109.669528,182.604488,137.858622,0.405211,364.237516,2.581975,43.842398,34.745793,95.704364
S00055,L0002,T02,55,2.176588,87.739626,127.222281,208.887635,15.882788,0.380601,333.762027,4.885537,38.769545,17.829573,96.567576
S00732,L0036,T04,732,,117.821932,81.087334,213.424437,139.770916,0.60444,341.077837,5.326856,45.064385,35.218545,90.933967
S00346,L0017,T01,346,3.67746,115.920249,107.003942,223.274844,113.195622,0.223672,409.940847,3.593397,42.269432,28.251763,95.391684
S00617,L0030,T01,617,3.261117,83.025866,126.911383,123.148269,122.57671,0.785037,328.239623,-0.772035,52.632493,47.588011,92.867553
S00004,L0000,T01,4,3.670562,123.891793,134.614518,170.471366,76.356273,0.797138,401.649893,2.984527,54.657262,42.704324,93.95272
S00011,L0000,T03,11,3.050142,127.786212,139.398942,219.653496,112.968436,0.297174,391.810017,4.036182,35.129001,32.338078,93.397232
S00727,L0036,T01,727,,120.377532,112.728689,140.84209,67.539595,0.367049,361.789899,1.444891,49.839594,26.859201,92.925643
S00455,L0022,T03,455,3.550897,88.428656,125.569495,197.697383,105.4005,0.544709,374.037699,3.736418,50.474281,36.07804,92.657611
S00423,L0021,T01,423,2.51049,97.349823,104.438706,225.03815,58.415098,0.508829,344.39502,5.053905,38.954479,32.795711,92.438315
S00230,L0011,T01,230,4.002275,98.349739,108.304854,214.877586,40.755507,0.633857,430.789131,5.337937,50.321111,25.747296,90.873202
S00655,L0032,T04,655,2.159663,149.913277,90.214335,200.068982,20.118415,0.533607,379.017501,4.222509,30.325301,25.054177,92.993307
S00211,L0010,T02,211,3.178403,126.985168,114.96005,181.573317,21.424324,0.238996,400.658983,2.604015,36.442471,12.826933,96.374523
S00445,L0022,T04,445,2.705659,87.965414,135.6582,179.366069,24.855076,0.409876,345.837301,3.004109,34.664951,19.758409,95.973167
S00015,L0000,T01,15,2.685229,89.080558,71.213775,176.755933,120.688393,0.261337,335.58246,2.72271,37.205892,31.269827,94.357956
S00630,L0031,T01,630,3.889652,80.184344,120.103345,174.513621,30.725224,0.396591,394.612151,3.17408,46.734188,26.091722,95.424225
S00410,L0020,T02,410,2.439279,133.037252,126.366078,147.62989,19.10413,0.621071,365.62401,1.919486,49.064566,26.638933,95.632794
S00552,L0027,T01,552,2.593328,70.017648,127.573966,206.803908,57.0802,0.426512,330.052707,4.318128,34.5991,24.736173,94.536246
S00468,L0023,T01,468,2.081371,78.213568,71.930036,177.595745,53.7131,0.402718,301.952772,3.03376,32.270083,21.142737,96.825192
S00030,L0001,T01,30,2.521192,149.446481,82.467407,175.571019,122.190961,0.493877,365.882268,3.18344,37.703612,32.750284,96.617385
S00026,L0001,T01,26,3.79947,139.55219,144.36102,142.040034,74.781262,0.515449,415.651733,2.360143,55.315741,30.342572,91.556575
S00427,L0021,T03,427,2.97804,113.166211,80.80655,139.88886,13.493171,0.636836,348.590032,0.303974,47.238519,25.628442,94.762965
S00181,L0009,T01,181,4.244418,97.643884,93.392375,196.16316,116.21498,0.4073,426.345859,3.982127,52.235905,29.850819,90.461843
S00401,L0020,T01,401,3.440742,125.357517,121.405487,204.236304,33.162854,0.576147,421.336017,4.134709,49.654883,23.488738,95.926591
S00505,L0025,T01,505,4.182961,92.336597,81.45696,130.157671,70.660343,0.416528,398.563119,2.294666,59.416879,26.948171,93.814774
S00313,L0015,T03,313,3.132795,105.271288,98.03797,163.214927,128.009689,0.579726,347.368801,1.412422,42.554462,42.26423,94.042584
S00339,L0016,T01,339,2.241309,82.446252,109.70918,202.067361,131.908335,0.637452,304.640592,5.11764,34.888205,45.496855,90.136427
S00678,L0033,T03,678,3.165713,117.205667,115.25631,187.191491,109.493154,0.437762,375.150758,2.386367,47.432138,32.127013,91.785348
S00357,L0017,T01,357,2.108918,78.635419,110.536689,124.334372,85.624499,0.674119,273.801051,1.022401,50.632327,29.129361,94.048943
S00074,L0003,T01,74,4.271274,133.162184,75.360968,176.261856,84.438454,0.463003,426.913879,3.32916,49.64028,21.672903,96.100111
S00029,L0001,T02,29,4.351285,147.590414,86.463571,120.033469,50.899941,0.797703,445.995006,0.004233,60.339373,36.660701,92.855161
S00558,L0027,T01,558,4.416363,86.343698,137.578129,138.327719,61.90788,0.572218,398.269507,2.09712,55.177328,28.846082,93.956119
S00244,L0012,T03,244,4.183102,91.384347,132.44736,219.10915,40.006312,0.525294,407.233503,4.81376,56.307044,23.250179,90.006946
S00780,L0039,T03,780,2.10352,104.891721,121.943612,214.592924,20.635013,0.505388,342.702406,4.787855,27.291007,21.490663,93.361267
S00118,L0005,T01,118,3.440843,70.664442,112.01,156.584854,40.88051,0.499437,376.713772,2.615115,49.288456,26.902183,93.616025
S00645,L0032,T01,645,2.595581,93.087872,103.209795,184.245264,89.690014,0.782622,343.333057,3.309188,50.298924,32.763333,92.474952
S00114,L0005,T04,114,2.85325,79.648471,68.251306,170.846933,82.825643,0.323707,332.774377,2.671861,32.355765,24.533581,94.938057
S00597,L0029,T01,597,3.50804,130.295484,92.548324,131.04147,7.97268,0.48634,393.754423,0.966991,51.863357,17.888031,95.267604
S00478,L0023,T03,478,2.309083,95.135048,91.525988,229.374668,46.082473,0.203441,342.704356,3.456493,21.123415,12.570409,96.972077
S00672,L0033,T01,672,2.994144,71.139338,94.98245,223.745245,58.391809,0.609386,356.973104,4.986696,38.436691,35.100938,90.6021
S00754,L0037,T03,754,3.396854,117.188928,115.750487,205.569981,43.230573,0.627934,401.999918,4.425194,57.32587,29.23616,90.750523
S00006,L0000,T01,6,2.906588,77.730691,81.800758,129.817178,,0.649622,339.181754,0.398925,49.065318,21.528108,95.842804
S00136,L0006,T01,136,2.988115,109.154278,103.379654,132.069017,73.082799,0.612233,366.566078,1.148172,49.744819,29.831605,96.167088
S00080,L0004,T01,80,2.859754,126.257328,93.130968,181.398668,103.612524,0.656727,360.012809,3.017922,49.823287,42.13652,92.272338
S00128,L0006,T01,128,4.494228,73.585373,79.361922,133.046181,115.448279,0.55623,363.380093,1.72569,65.476904,40.032428,90.430804
S00731,L0036,T01,731,2.832771,139.70284,88.487999,176.76879,5.986858,0.285829,406.630159,3.016713,36.928358,19.208897,98.147994
S00020,L0001,T01,20,3.98932,91.622351,143.615091,128.305697,5.537855,0.360582,384.040852,2.327505,58.802228,12.722203,95.407147
S00066,L0003,T03,66,2.855746,126.246728,138.975595,154.35465,25.137142,0.270084,381.095459,2.301113,34.697287,17.177989,97.656504
S00391,L0019,T03,391,3.553704,133.764086,122.963526,,20.5666,0.730865,413.724029,2.339087,60.235492,21.975095,95.466437
S00692,L0034,T02,692,3.946594,131.296238,65.052131,215.287126,1.796039,0.798236,456.2864,6.225449,56.122,31.482928,96.08756
S00661,L0033,T01,661,2.606886,135.034908,105.989162,122.535836,83.285897,0.415199,361.218464,0.987839,42.326254,25.413185,96.248114
S00519,L0025,T01,519,3.682778,96.257937,111.592504,162.054395,91.460858,0.707194,382.213427,2.49867,56.962286,36.885532,92.274661
S00454,L0022,T01,454,2.720879,92.476122,126.856934,196.34534,139.341338,0.495717,325.603674,4.024137,46.595228,38.669848,92.917895
S00336,L0016,T01,336,4.121075,142.164289,87.852487,227.141886,13.71006,0.759946,467.119998,5.835572,56.697663,31.6318,85.664828
S00131,L0006,T01,131,3.31261,114.453981,102.098253,217.41689,91.103686,0.377051,401.757036,4.415694,38.264234,30.067515,94.531092
S00286,L0014,T01,286,3.565398,143.895286,80.98748,167.499465,71.329108,0.540865,411.379188,2.521195,49.337008,30.332222,95.219983
S00302,L0015,T04,302,3.80365,102.770919,120.328824,126.207477,139.982453,0.394207,376.029322,2.011088,55.642956,38.771703,92.22605
S00221,L0011,T02,221,2.282113,104.789766,91.110343,226.907862,22.846831,0.699827,357.676081,6.216278,38.700839,25.705755,89.054873
S00777,L0038,T01,777,3.770929,112.70048,141.891798,180.202742,39.933406,0.279303,417.437364,3.458781,43.19096,18.598812,95.711701
S00417,L0020,T01,417,2.213282,106.403405,84.811382,202.96184,133.091151,0.719336,344.788802,5.069678,34.76031,42.738758,90.925563
S00017,L0000,T03,17,3.077624,96.842099,80.312896,155.278479,0.464804,0.337027,369.661623,2.465748,41.612885,15.406067,98.303774
S00178,L0008,T03,178,2.351772,106.850805,109.704667,190.047957,103.538573,0.596081,336.614956,4.287583,40.107824,36.395945,94.247932
S00503,L0025,T02,503,3.905301,105.183089,66.150314,166.461995,104.796172,0.340993,387.467661,3.338073,47.782261,32.070567,94.487551
S00104,L0005,T01,104,2.35435,79.847027,97.266787,163.550332,79.842733,0.214328,309.133285,2.211886,36.161766,26.378432,95.052111
S00599,L0029,T01,599,3.527023,92.971318,109.920756,125.571452,69.804177,0.536671,362.645404,0.673099,53.021909,26.80761,93.306021
S00153,L0007,T01,153,4.271426,135.36414,115.462843,207.105456,59.078917,0.268851,460.394042,4.094994,47.715981,21.188225,92.197411
S00334,L0016,T02,334,2.001411,102.892586,93.797111,210.158626,105.985814,0.524413,325.687896,4.658763,36.035265,30.064571,90.07788
S00527,L0026,T01,527,3.227712,70.675733,96.182568,,24.780709,0.364348,353.938128,2.651868,37.361548,17.488732,98.398039
S00232,L0011,T02,232,3.096755,135.838427,72.38723,141.772301,60.913777,0.266583,395.664861,1.799501,44.978814,28.605859,98.622656
S00653,L0032,T01,653,2.937893,120.966682,102.150625,181.495168,,0.348979,358.553261,2.423458,41.591919,31.421656,95.866214
S00733,L0036,T01,733,2.617161,119.814672,113.344343,226.175973,17.143508,0.66007,389.388831,6.300644,45.525319,30.007831,89.30297
S00440,L0022,T01,440,2.08655,101.804822,130.872154,171.380807,43.005457,0.376943,333.607285,3.190739,34.982887,16.402479,96.296597
S00257,L0012,T01,257,2.17802,104.176493,130.941793,210.539507,136.642787,0.60208,323.199877,4.899307,32.336991,36.054173,90.84314
S00792,L0039,T04,792,3.622722,76.65123,75.326764,215.763085,112.036072,0.239287,371.644121,3.354846,36.073456,26.036957,94.170357
S00000,L0000,T02,0,3.720166,105.058305,129.454289,213.460218,15.651684,0.421458,421.595829,4.816269,41.20505,24.37607,93.018068
S00574,L0028,T04,574,3.194522,138.439265,127.283616,130.671635,12.28146,0.526935,401.89693,0.969256,42.595542,15.592533,96.891539
S00379,L0018,T03,379,2.158639,123.399812,115.640988,223.210602,111.26094,0.313924,353.511824,4.609733,30.150677,27.294,92.79802
S00691,L0034,T01,691,4.485307,105.637034,124.667435,159.302931,100.114771,0.413365,423.785792,3.60548,59.69748,25.166743,92.692056
S00470,L0023,T01,470,2.860852,123.544831,83.514486,225.426504,58.781546,0.661712,393.516293,5.734612,42.402387,31.20144,90.784617
S00237,L0011,T01,237,2.194239,85.187256,106.150858,218.081356,99.267111,0.76051,329.692876,6.76033,35.440509,39.062672,89.613668
S00070,L0003,T01,70,2.119085,125.119129,99.022013,194.137801,44.433038,0.34962,360.325623,4.197352,37.344211,17.332666,97.283446
S00657,L0032,T01,657,2.676273,97.696004,131.384632,167.297968,2.527211,0.614047,346.881406,2.625706,43.437769,24.762188,97.516829
S00032,L0001,T01,32,3.238932,85.952509,142.764594,137.157261,43.62872,0.273972,351.262527,1.495782,48.760991,23.678283,96.777008
S00166,L0008,T01,166,2.947803,110.960873,70.87352,172.862105,12.056588,0.581492,368.36504,3.062598,44.026001,23.58491,96.951285
S00370,L0018,T01,370,2.822911,102.297757,111.550341,180.103933,55.194959,0.445031,356.793952,2.697916,41.161357,25.411195,96.764408
S00746,L0037,T01,746,3.463804,111.521058,96.860351,127.47115,103.402238,0.786499,369.026611,0.346659,67.324287,43.927705,88.921914
S00742,L0037,T01,742,3.059963,131.439263,122.509245,139.724223,,0.348395,377.254143,1.42207,35.726556,23.771375,95.176899
S00432,L0021,T03,432,2.756242,81.834837,113.469534,215.301871,101.750028,0.772386,344.87518,5.569043,45.803945,39.236012,88.15965
S00656,L0032,T02,656,3.447897,134.651227,123.506997,193.726725,25.377475,0.351026,413.863927,3.19289,41.830216,23.042155,96.200659
S00723,L0036,T01,723,3.075359,81.692388,138.47767,222.751291,17.154444,0.556826,387.165985,4.814335,35.108572,23.142551,93.257958
S00738,L0036,T02,738,3.018956,104.772219,106.737015,191.006063,70.251888,0.748126,365.417668,3.952914,40.607447,32.548625,92.57924
S00046,L0002,T04,46,,82.345402,98.794206,156.004754,21.699255,0.64249,318.594938,2.921436,43.295854,34.219062,95.457944
S00757,L0037,T01,757,2.757646,138.250503,65.606299,177.389204,123.459727,0.784516,371.724575,3.194541,54.413753,39.374354,90.263026
S00192,L0009,T02,192,4.44711,81.821851,101.859889,142.595619,118.917008,0.52166,389.166008,2.469562,54.942026,34.602987,91.577698
S00021,L0001,T01,21,3.917579,71.483196,114.139443,127.53955,54.469339,0.793801,366.220191,-0.02115,62.661891,36.38874,91.946203
S00784,L0039,T02,784,3.815408,142.693856,92.4459,196.490944,111.952118,0.713526,427.01555,4.317089,46.881521,39.366644,89.211583
S00569,L0028,T02,569,3.042059,100.309349,80.104518,210.198055,110.001257,0.399992,357.628439,3.321743,39.503279,33.293135,96.017771
S00255,L0012,T02,255,3.180702,120.501143,135.601385,162.56284,20.094702,0.78861,409.420099,1.866119,62.65157,26.482252,94.106425
S00258,L0012,T01,258,3.240893,132.380827,67.967218,172.702825,134.154921,0.339756,370.454207,2.67738,42.894397,31.667561,94.901979
S00633,L0031,T01,633,4.351065,100.272804,102.823831,189.024303,51.450318,0.615543,422.186822,4.135162,61.660285,42.027475,90.801105
S00595,L0029,T02,595,3.260084,129.461876,72.093068,194.033026,52.659499,0.783175,408.201701,4.755356,51.683289,35.595439,92.413093
S00718,L0035,T03,718,3.084045,110.579999,88.361964,1485.56516,56.018853,0.791671,371.650972,1.218985,47.237524,34.340535,93.242756
S00038,L0001,T02,38,2.753272,117.804654,98.972632,204.160093,111.251135,0.518303,372.510485,4.037329,30.032968,34.500245,94.683272
S00798,L0039,T03,798,4.107409,136.01201,77.187996,120.088235,56.163136,0.375967,422.76307,1.594079,54.718474,22.999096,96.234574
S00647,L0032,T01,647,4.048042,109.707006,89.365078,198.909975,84.716499,0.798634,416.910791,5.550082,53.613991,41.429987,88.227707
S00408,L0020,T01,408,4.47445,123.584492,65.274212,160.595084,137.551406,0.546655,429.513906,3.361567,61.024287,36.597033,91.29994
S00717,L0035,T03,717,3.541179,77.177226,124.393723,142.076352,19.380229,0.274714,365.292828,2.149057,48.436246,16.161979,95.31781
S00322,L0016,T01,322,4.134918,125.713878,90.283925,227.4235,71.466133,0.706534,472.196052,6.30008,47.247219,36.473295,87.117452
S00001,L0000,T02,1,4.396067,88.368063,91.360228,151.100698,133.113769,0.765551,377.34187,1.676769,63.442679,42.715693,90.478841
S00322,L0016,T01,322,4.134918,125.713878,90.283925,227.4235,71.466133,0.706534,472.196052,6.30008,47.247219,36.473295,87.117452
S00538,L0026,T04,538,4.318823,88.042891,88.281139,156.613668,44.156235,0.300558,229.854815,2.660077,50.524227,21.658859,94.234419
S00199,L0009,T02,199,2.248678,145.967633,141.056184,213.207571,9.147735,0.496708,388.640801,5.007285,25.994194,23.671042,96.539482
S00164,L0008,T03,164,2.687588,79.639214,133.809898,125.293113,99.862647,0.541038,300.210619,0.789801,44.558946,25.494803,95.216611
S00010,L0000,T02,10,2.216381,72.275948,98.681765,208.493078,20.039942,0.656559,321.613275,5.441984,36.236549,22.984499,91.604492
S00276,L0013,T02,276,3.672237,108.386017,71.681003,124.311946,101.47549,0.526637,382.004353,1.355429,54.701627,30.140488,94.111585
S00411,L0020,T01,411,2.503575,119.199089,138.595808,163.993716,91.436136,0.29839,355.82491,2.782312,38.325772,28.837666,94.998875
S00092,L0004,T04,92,4.018342,116.435945,115.379092,,103.895829,0.432518,433.661954,4.622736,42.883577,36.009643,90.646928
S00765,L0038,T01,765,4.202712,112.034197,69.519607,161.708691,21.204933,0.375937,439.249012,2.178675,49.134474,20.159689,95.727429
S00112,L0005,T02,112,3.028273,,68.959652,137.726599,93.608135,0.375698,390.313977,0.915389,44.810449,29.660221,94.39936
S00734,L0036,T03,734,,136.949009,122.233981,206.089615,86.565498,0.451775,364.926013,3.940354,36.733461,29.510146,93.101902
S00036,L0001,T02,36,4.011468,113.129011,118.28473,188.79747,5.044193,0.681033,453.450135,3.426886,54.851872,26.479936,91.498005
S00474,L0023,T02,474,4.118816,70.403882,91.893323,191.278203,28.066816,0.671807,388.764058,4.092422,49.820956,31.092445,91.812495
S00344,L0017,T01,344,2.694099,118.751835,128.048214,132.695629,139.2473,0.274016,339.700044,1.867831,41.564873,31.289957,96.653473
S00762,L0038,T02,762,3.298688,144.035485,117.269318,192.24925,13.879628,0.365412,432.748448,3.844189,34.685204,18.689082,95.47507
S00368,L0018,T02,368,4.386962,92.600965,77.73251,162.40916,82.94718,0.748137,401.512276,3.488723,65.43325,39.510877,90.467515
S00510,L0025,T01,510,3.312578,70.465807,142.234043,172.788895,125.907623,0.319691,344.26846,2.377371,39.076906,31.697377,94.380785
S00054,L0002,T01,54,2.638504,131.880085,84.901991,217.774704,,0.671742,374.956717,5.192244,38.780147,33.38926,91.351356
S00632,L0031,T01,632,3.774169,72.405459,81.613579,205.161556,34.683685,0.496388,394.623315,4.031702,46.082275,23.024012,90.933613
S00462,L0023,T02,462,3.831481,73.93021,66.913874,142.972576,133.042795,0.387747,359.158296,1.640109,55.820579,32.95139,92.382164
S00279,L0013,T01,279,2.501726,123.843659,105.808832,202.841204,106.506054,0.769432,365.3376,4.735253,38.838112,39.632721,90.471825
S00225,L0011,T01,225,3.868434,93.350117,138.967423,144.164958,63.475202,0.759545,384.493128,1.181763,70.382503,35.310561,90.169826
S00207,L0010,T03,207,2.2418,93.286601,109.147609,181.469535,61.555304,0.32868,328.136872,3.322543,30.658167,26.959614,96.400835
S00476,L0023,T03,476,4.286931,123.085689,105.546198,221.110068,45.403599,0.622374,454.577418,6.121854,54.970569,32.802556,88.740771
S00665,L0033,T02,665,2.117615,92.016855,83.038127,211.652249,5.334341,0.778968,327.560877,6.049223,35.407391,27.659759,90.924277
S00362,L0018,T02,362,3.372839,116.071198,109.335597,201.983649,99.141344,0.550927,398.88487,3.484788,47.677226,29.470647,93.630396
S00572,L0028,T02,572,4.12326,91.391662,111.231324,,85.837636,0.768464,400.425213,0.886958,55.139134,40.681466,91.727744
S00483,L0024,T01,483,3.487153,86.617224,119.542534,155.69896,121.116917,0.378901,347.086418,2.055891,46.250079,36.361646,94.258198
S00002,L0000,T01,2,3.443572,92.254251,108.835621,194.842523,70.877592,0.330367,398.52554,3.146605,46.060367,30.121746,93.106621
S00140,L0007,T01,140,3.392732,140.109491,76.148205,198.99098,24.718267,0.25439,422.680193,3.761531,40.758724,10.835931,96.16944
S00487,L0024,T02,487,3.718621,79.651205,67.336344,212.256949,20.518962,0.73189,380.080088,4.973463,59.188033,29.94085,89.690435
S00605,L0030,T02,605,2.829089,82.180381,117.288578,167.89845,29.096204,0.558358,333.227033,2.539855,36.646337,28.583402,93.138493
S00143,L0007,T02,143,3.16763,128.147767,138.542134,223.529139,74.804249,0.641801,415.574602,5.18304,44.826765,33.707663,92.028895
S00292,L0014,T01,292,2.41237,102.96004,126.755318,205.347977,34.800107,0.618373,350.438282,4.585207,35.675068,35.414327,90.938605
S00327,L0016,T01,327,3.440153,112.669578,94.323013,187.155731,100.80197,0.337013,398.015018,2.15569,42.661054,26.588479,97.780055
S00289,L0014,T04,289,2.537469,119.138059,118.23299,195.438894,121.69816,0.285338,356.327871,3.753831,32.90312,29.737149,93.355223
S00523,L0026,T03,523,3.796807,,79.008696,223.302234,93.81922,0.743028,382.020002,6.578707,56.495431,38.077879,87.456378
S00756,L0037,T01,756,3.256868,104.67544,140.37613,219.092205,99.380639,0.310365,389.989931,4.108288,33.675324,26.379893,94.154603
S00584,L0029,T01,584,2.147018,93.997694,66.077041,211.379635,114.380978,0.315797,314.845997,3.544551,23.310355,27.428947,94.272247
S00654,L0032,T03,654,2.763631,113.193269,77.595534,156.066001,15.682602,0.238097,376.028006,2.372282,33.610908,12.984416,98.222076
S00247,L0012,T01,247,2.507607,102.551042,107.253294,213.625443,37.859715,0.6392,357.829775,4.770271,32.117409,28.154752,91.566721
S00310,L0015,T04,310,2.19246,106.9178,89.321907,227.708531,,0.267942,343.264746,3.568456,32.733102,26.288146,91.552912
S00051,L0002,T01,51,2.388155,92.700725,74.560359,179.971624,,0.548836,349.286815,2.885995,34.565589,30.231685,95.269108
S00277,L0013,T01,277,3.03817,115.27663,83.852981,185.472046,83.109763,0.375955,376.338257,3.100106,43.252765,28.894653,95.552498
S00590,L0029,T01,590,2.813095,119.728979,97.905443,222.963647,31.175681,0.691685,390.278031,5.6533,39.894166,29.159544,89.387694
S00416,L0020,T01,416,3.047992,121.2323,65.781827,166.307405,117.566032,0.406019,348.015721,2.374309,42.022997,33.518506,95.750286
S00328,L0016,T01,328,3.687696,137.789634,131.465366,132.374642,59.132109,0.56402,408.575068,0.667777,56.650685,25.828676,93.042612
S00203,L0010,T01,203,4.354328,91.059397,130.019538,196.68884,69.428092,0.62466,411.169345,4.725471,58.680472,33.499215,87.036896
S00501,L0025,T02,501,3.51357,128.68897,128.745952,174.68622,116.528297,0.629118,393.430485,2.561826,51.100896,35.641004,92.245332
S00610,L0030,T04,610,3.624878,85.65766,139.088389,196.111356,68.412036,0.468365,387.08841,3.692931,45.873228,26.205184,93.310666
S00315,L0015,T02,315,3.977016,96.615328,111.151936,130.37378,105.821056,0.708906,375.701896,0.80873,60.156294,39.759904,90.789669
S00693,L0034,T03,693,4.165695,116.356399,82.612511,159.918027,105.42713,0.256145,425.373027,2.834245,48.847434,25.749161,96.1727
S00042,L0002,T01,42,2.574357,105.428553,130.988316,177.594553,134.846939,0.466496,332.41901,2.985988,39.2645,40.368461,95.640557
S00044,L0002,T02,44,3.335296,117.340779,129.747884,158.586347,51.630175,0.739168,389.771602,1.841098,51.110108,28.236197,92.813509
S00062,L0003,T01,62,2.475384,,90.187317,139.712202,7.395576,0.422994,377.204973,2.529701,45.641938,20.74547,95.189733
S00271,L0013,T01,271,3.744193,111.20451,119.24022,195.649364,109.121383,0.216249,399.82844,3.38413,40.883412,25.10558,95.269207
S00091,L0004,T01,91,2.052951,98.304088,142.492379,201.914237,71.036094,0.702106,328.498269,4.911859,36.628223,39.291937,90.068088
S00239,L0011,T02,239,2.310996,126.701887,69.18303,128.27655,35.710588,0.710533,347.705381,0.413252,47.763523,26.833962,96.749316
S00284,L0014,T04,284,2.130562,130.45252,139.205427,130.519598,122.65256,0.485483,312.204916,1.596162,40.544963,31.606824,94.569338
S00053,L0002,T04,53,4.423567,144.615101,86.203608,185.307967,687.670285,0.610266,457.361492,3.940864,55.469747,36.391365,89.993248
S00745,L0037,T01,745,3.744721,104.714929,71.205059,143.060186,81.616663,0.651917,372.956107,1.350163,65.246507,34.115348,91.971784
S00636,L0031,T04,636,4.236713,115.310083,72.97387,158.933672,11.990122,0.359683,431.55196,2.521998,55.12442,17.442823,94.986745
S00494,L0024,T02,494,3.815974,127.398491,121.305323,165.698441,60.453959,0.789995,406.988921,2.478642,63.32818,35.831031,92.6639
S00088,L0004,T01,88,2.674524,149.484145,121.380936,132.598064,123.432732,0.501992,355.930163,1.016946,45.136735,32.798584,94.820485
S00314,L0015,T01,314,2.818397,77.93614,87.125156,213.936566,29.080794,0.412814,360.301537,3.861078,43.673294,24.870106,95.079334
S00127,L0006,T01,127,2.950774,143.296658,142.733975,223.928647,118.947385,0.379119,386.774346,4.217594,42.302825,28.035796,95.825915
S00213,L0010,T01,213,2.541206,133.311477,144.813646,155.096538,111.402848,0.765507,355.696533,1.932004,39.578132,36.482095,93.516626
S00295,L0014,T01,295,2.730083,109.523986,135.212124,201.559902,132.617603,0.774574,357.726678,4.895096,46.209479,43.047616,91.32477
S00626,L0031,T03,626,4.06702,145.490943,106.20877,157.653342,134.22533,0.342577,424.38052,2.998282,49.989535,34.50663,93.274375
S00693,L0034,T03,693,4.165695,116.356399,82.612511,159.918027,105.42713,0.256145,425.373027,2.834245,48.847434,25.749161,96.1727
S00240,L0012,T01,240,4.155346,86.210405,127.706346,205.094208,91.544564,0.352837,411.49657,4.578354,43.814257,26.015671,96.973112
S00682,L0034,T04,682,2.785722,78.279951,84.226896,159.020038,1.323288,0.435814,334.729242,1.579834,37.01926,15.40326,95.942091
S00338,L0016,T02,338,4.403003,104.485935,87.648077,204.71119,78.275818,0.691471,429.441714,4.687478,53.8731,37.924728,90.111855
S00003,L0000,T03,3,4.316988,100.983638,71.659786,220.877717,7.753523,0.201394,442.148976,3.576084,50.256873,22.259526,94.765506
S00511,L0025,T03,511,2.268965,95.495205,107.591379,185.109817,50.412733,0.618838,331.702024,4.293019,38.403106,29.82405,94.494754
S00031,L0001,T01,31,2.702535,73.259962,133.883341,208.339531,83.910219,0.658899,336.115556,4.127309,40.70273,37.160427,92.446273
S00460,L0023,T03,460,2.117701,117.854308,131.538079,163.394615,86.047778,0.540623,328.289585,2.631874,29.9885,35.131969,93.312666
S00191,L0009,T01,191,2.103445,88.470299,132.629381,228.056284,57.840385,0.523967,322.707687,5.903959,32.005197,29.715377,91.637792
S00347,L0017,T01,347,2.458419,110.578845,100.506646,205.057353,66.702995,,367.444883,5.092366,45.187573,31.968188,92.229745
S00082,L0004,T04,82,3.627502,125.064311,114.47893,197.751254,54.132482,0.648765,428.426308,4.442176,51.944674,27.373946,90.875391
S00592,L0029,T01,592,2.857878,86.574093,138.563264,170.804032,90.610041,0.290408,341.324364,2.528358,31.524606,32.102532,95.163644
S00491,L0024,T01,491,4.176272,137.324932,138.958987,221.017387,79.236289,0.576141,447.486165,4.989595,52.8014,32.409768,89.548444
S00662,L0033,T01,662,4.450372,137.847304,104.520097,181.848265,131.184107,0.359614,450.177353,3.556691,54.756123,33.332433,91.603341
S00502,L0025,T01,502,3.639063,110.168192,104.698979,122.756192,136.154866,0.459729,362.742631,0.780669,49.505892,34.482528,92.821852
S00583,L0029,T01,583,,81.645093,139.814419,221.045408,117.718152,0.394347,373.034363,4.494805,43.016341,32.879756,93.043181
S00397,L0019,T01,397,2.381604,128.061532,83.02315,156.292124,36.080311,0.309996,355.432248,2.048821,37.839932,20.441283,98.216971
S00366,L0018,T01,366,4.21581,80.964376,100.327936,157.79536,133.696188,0.630137,377.313272,3.063519,55.59844,40.522061,93.039005
S00529,L0026,T01,529,,88.505651,81.350529,144.809177,136.983305,0.522096,353.182991,1.88926,48.860981,35.747428,93.759514
S00616,L0030,T02,616,2.15008,84.365453,143.402336,1363.75259,99.33403,0.606687,296.620678,0.803162,36.7923,31.419877,94.927377
S00107,L0005,T01,107,2.626822,139.321717,122.263073,124.972897,3.97301,0.350825,362.297065,1.200192,42.28724,14.362029,96.372346
S00563,L0028,T02,563,3.005273,124.885801,88.207152,166.128498,66.221403,0.455511,383.745191,2.607366,40.130585,30.037066,96.617142
S00157,L0007,T01,157,2.786854,77.935776,85.03582,222.888667,132.878746,0.267209,341.131044,3.152329,37.263859,30.776124,95.737812
S00220,L0011,T01,220,3.651565,134.083555,100.014206,163.612764,19.332117,0.234427,421.523253,2.522183,44.859802,18.379353,98.872953
S00321,L0016,T01,321,3.828217,82.659929,67.362776,168.371241,81.105207,,380.398951,3.187064,43.948244,23.4908,96.081286
S00793,L0039,T01,793,3.004858,103.796947,141.824891,180.508584,35.803105,0.421003,378.017692,2.696832,41.047427,25.9762,96.899529
S00796,L0039,T01,796,2.800497,104.83435,,197.765268,14.690715,0.260193,364.258799,2.771664,32.489581,16.037312,94.825554
S00688,L0034,T03,688,4.406174,114.552562,137.51521,141.668423,28.743032,0.409158,438.881565,2.73102,58.155011,21.372192,94.795506
S00250,L0012,T01,250,4.213735,117.482326,99.328489,149.951168,50.555213,0.556202,428.357489,2.254978,59.398515,29.724644,92.163864
S00710,L0035,T02,710,4.317096,109.916596,107.19106,187.244548,118.311756,0.362313,417.26583,3.280144,46.625213,33.015419,91.116923
S00341,L0017,T02,341,3.25176,127.095916,108.128363,200.008805,16.964792,0.42003,396.630553,3.477361,43.209778,23.512298,96.290858
S00152,L0007,T03,152,2.0812,100.052012,,181.841247,97.816368,0.378925,305.861045,3.374682,33.627973,31.898462,93.266383
S00506,L0025,T01,506,2.945322,102.706388,132.405312,148.435995,67.794876,0.53989,348.426375,1.462188,44.954909,30.244932,96.123098
S00179,L0008,T01,179,4.320299,76.171926,89.218003,155.52577,94.263008,0.698957,388.824735,2.636543,65.948861,40.802526,89.924226
S00115,L0005,T02,115,2.121461,121.551124,126.140912,150.655815,72.159541,0.674046,310.832238,1.898191,39.072109,29.878865,94.670557
S00425,L0021,T04,425,3.535777,116.978129,132.086777,158.367524,139.818263,0.780274,370.257351,2.422208,51.976137,38.181388,93.587964
S00395,L0019,T01,395,3.884051,131.695567,107.9225,156.975114,43.499547,0.336652,421.761189,2.169052,60.257825,20.812503,93.352338
S00299,L0014,T02,299,2.098523,94.944513,136.488127,176.674476,82.264918,0.603264,317.33411,2.795425,38.508231,31.33785,92.013379
S00045,L0002,T01,45,2.642517,70.261993,94.591523,215.146088,25.599604,0.395381,348.959589,4.272028,39.68569,18.024928,96.86188
S00603,L0030,T03,603,4.24309,103.644384,114.791455,154.585215,71.829422,0.616498,403.054284,2.85906,66.474912,32.606418,90.588964
S00352,L0017,T02,352,2.778216,96.952285,130.542404,193.804759,74.493215,0.68414,337.145679,3.99612,48.792282,33.516948,93.727498
S00383,L0019,T02,383,3.874667,,118.45015,220.069525,127.097854,0.465241,431.085556,4.668464,48.56529,34.053624,91.552728
S00577,L0028,T01,577,4.087495,97.655692,101.745947,169.456041,26.1363,0.289942,408.039379,2.726268,52.597769,21.635337,97.910356
S00162,L0008,T03,162,3.68118,91.219379,99.138776,196.155793,92.107433,0.296851,384.040368,3.394748,42.46534,30.603385,96.342925
S00415,L0020,T01,415,4.341632,101.986073,97.007251,133.656816,97.63957,0.706285,400.371468,1.538642,53.78775,40.164976,94.045795
S00086,L0004,T01,86,4.20809,119.429015,90.663595,176.135028,103.646076,0.204355,415.207879,3.636794,47.617951,23.995091,95.723042
S00119,L0005,T04,119,2.945819,84.316566,110.805848,208.390096,89.971459,0.329346,354.737041,3.754745,41.540086,29.705013,93.795339
S00204,L0010,T03,204,2.004176,120.179721,125.210486,174.372016,125.023554,0.290633,325.183947,3.236793,24.618386,26.244589,95.732517
S00463,L0023,T01,463,2.707374,120.82742,102.13692,176.952371,70.327747,0.212356,367.101,2.89268,33.531455,13.81041,97.764699
S00525,L0026,T01,525,3.132607,95.70063,76.654843,206.419048,63.338635,0.739947,371.44988,4.839358,47.193683,31.413475,92.626663
S00546,L0027,T02,546,2.612231,75.320331,67.020211,201.884565,47.300534,0.41565,322.797231,3.539131,37.716371,22.214141,95.196995
S00333,L0016,T04,333,2.577598,104.859777,72.189632,212.437556,86.99061,0.684278,356.61442,4.43577,42.760743,36.709916,90.421714
S00234,L0011,T02,234,2.57224,119.190206,139.389345,149.608583,138.40376,0.493871,323.255396,2.512455,35.516552,43.433631,93.968512
S00719,L0035,T01,719,3.615238,70.05521,74.89044,137.16639,29.17198,0.520133,368.903033,1.058183,50.56274,26.777403,93.719427
S00124,L0006,T04,124,4.188132,95.649186,112.058001,173.559894,33.685879,0.389938,414.912083,3.587178,54.452883,18.098702,96.833799
S00666,L0033,T01,666,4.37148,89.016584,138.834417,125.417117,47.485448,0.753916,386.436968,0.84611,61.31025,34.73824,91.794103
S00690,L0034,T02,690,4.417238,75.140332,122.887802,142.011036,93.126078,0.455984,386.017565,2.466696,54.545436,27.301389,92.361765
S00627,L0031,T01,627,4.493026,130.618771,130.824355,124.320626,18.725528,0.332898,451.965882,1.91569,54.407797,19.338931,97.234501
S00684,L0034,T01,684,3.934006,100.875509,,189.618987,110.76951,,398.953099,3.756268,52.282337,33.238352,90.999909
S00083,L0004,T04,83,3.810618,122.740296,80.076675,170.178939,31.102882,0.234488,410.658465,2.814492,50.126351,15.44993,97.821242
S00628,L0031,T01,628,4.296279,126.786926,126.119439,166.038713,21.732238,0.295335,437.226512,2.881331,49.273414,16.488618,95.887032
S00696,L0034,T01,696,3.352921,122.641421,144.77966,216.46656,62.506859,0.392333,415.065849,4.173456,48.684922,19.055911,94.44183
S00507,L0025,T02,507,2.5491,98.779548,144.985741,212.42574,63.621518,0.600924,348.800746,4.340187,39.314815,29.10726,92.328013
S00151,L0007,T02,151,4.127325,99.781612,104.801493,183.621354,108.183486,0.704874,393.487503,4.096303,67.585767,38.81989,89.093565
S00076,L0003,T01,76,2.653556,146.538526,121.835691,129.591427,78.871757,0.324601,357.744668,1.861129,49.35037,25.247272,95.351892
S00448,L0022,T03,448,2.074754,142.538627,70.079528,142.414763,130.047599,0.321456,329.119643,2.011319,36.348598,30.782649,94.978888
S00634,L0031,T04,634,3.209921,118.475086,94.215351,165.5457,4.881114,,383.66158,2.398679,47.460231,27.13311,95.482335
S00187,L0009,T04,187,4.127921,96.254501,108.453873,185.276419,78.370015,0.335911,428.725236,3.298458,46.464276,25.504789,93.735998
S00581,L0029,T01,581,3.793024,118.905941,110.163825,229.503329,100.726935,,420.345088,5.777142,46.43113,36.603875,91.059994
S00350,L0017,T01,350,3.71177,116.073819,116.56247,143.609271,86.410347,0.535977,379.413417,1.572488,83.777112,34.339311,91.517444
S00466,L0023,T01,466,3.251811,72.705596,73.785442,121.504317,134.843121,0.649962,317.798038,0.300118,60.731483,36.456512,91.873812
S00331,L0016,T01,331,2.425225,122.854042,65.225051,123.782746,94.152078,0.700232,326.930391,-0.296479,48.706505,37.984316,93.539072
S00190,L0009,T02,190,2.941477,101.007138,67.858839,120.90674,100.352196,0.748689,333.04294,-0.953568,58.48647,42.361399,91.92759
S00374,L0018,T01,374,3.276936,124.554845,142.850446,198.676025,120.600323,0.426332,388.055475,4.209034,39.921779,31.772624,94.099243
S00465,L0023,T02,465,3.506421,74.425917,112.990809,131.662279,106.552618,0.368045,340.306258,2.083282,48.506365,33.032298,95.511638
S00156,L0007,T01,156,3.966853,111.008421,71.512439,228.790199,23.788033,0.393505,438.638546,4.655592,43.757749,20.167281,94.328116
S00087,L0004,T02,87,4.475146,71.048559,122.727423,126.799135,33.38788,0.393013,398.657068,1.792791,60.728617,24.201207,95.142535
S00208,L0010,T01,208,3.64212,136.836501,81.935945,143.028806,32.265963,0.624249,415.216489,1.587414,60.289267,23.609827,93.204037
S00259,L0012,T02,259,3.666002,93.734511,83.512703,186.118626,87.260576,0.447479,382.045927,3.066301,51.626325,32.157758,94.024326
S00791,L0039,T01,791,3.276255,103.490181,120.008132,,7.623551,0.504353,402.992417,2.465627,43.07335,24.206224,95.642989
S00139,L0006,T01,139,3.208054,147.185904,127.682315,228.384914,121.373963,0.510895,409.296986,4.515823,46.528925,36.56885,89.179889
S00168,L0008,T04,168,2.220208,109.272964,83.342784,144.585246,70.767308,0.638541,322.651406,1.248024,41.601907,32.790035,94.259167
S00753,L0037,T03,753,2.667835,114.344243,100.113284,160.012998,82.864619,0.735177,356.820776,1.824102,43.332136,40.97576,93.286298
S00695,L0034,T01,695,,85.751834,69.627238,198.316112,84.032881,0.500978,289.679631,4.330251,47.021581,29.250527,93.887855
S00364,L0018,T01,364,3.820813,71.622169,96.500324,225.474568,67.801642,0.64396,385.020943,5.273995,51.690567,30.035276,87.820296
S00041,L0002,T04,41,3.929554,98.037195,79.841716,161.395586,27.277932,0.476369,412.124361,2.828486,52.5292,24.703838,94.790742
S00720,L0036,T04,720,2.556506,80.247873,132.137672,129.618842,96.264892,0.640472,303.232695,1.143872,51.683787,32.085988,95.123705
S00598,L0029,T02,598,2.270054,139.810196,101.111798,157.094845,26.437249,0.73183,362.117009,1.901642,44.607216,33.741053,94.469415
S00513,L0025,T01,513,3.966202,133.874808,71.926781,158.909739,118.883384,0.276205,414.767885,2.542614,53.613188,31.143057,94.339577
S00602,L0030,T02,602,3.20391,86.009028,93.736102,224.403666,31.657969,0.258426,387.792425,3.608757,36.285906,21.526113,95.222977
S00676,L0033,T02,676,2.886067,83.239728,128.755934,131.693835,70.55071,0.405851,316.833293,1.447595,28.595308,23.669312,97.280663
S00625,L0031,T01,625,3.667077,116.782727,80.932307,175.789252,80.736365,0.624151,408.58892,3.311504,44.077677,33.063231,94.668706
S00246,L0012,T01,246,3.011863,72.812364,130.747247,225.140504,137.946528,0.397429,338.525098,4.460997,41.354058,33.426373,92.705024
S00622,L0031,T01,622,3.055367,100.489367,139.988217,177.993009,54.221905,0.737298,361.410585,2.559823,51.186668,36.330813,92.80929
S00089,L0004,T01,89,2.466563,116.330062,107.778206,227.83802,124.882622,0.637247,360.835182,5.768966,34.942169,42.099551,88.702092
S00180,L0009,T03,180,2.719627,135.828755,68.486602,145.429813,,0.40563,369.406335,1.772792,40.296532,26.686125,94.052241
S00652,L0032,T03,652,4.192348,138.823522,71.209136,146.89202,0.569072,0.331277,458.228008,2.539423,45.505545,18.866966,96.222829
S00186,L0009,T02,186,3.600609,143.190471,90.912106,191.819104,79.188854,0.361034,432.21393,2.46311,53.155161,28.230138,92.890419
S00329,L0016,T01,329,4.357331,118.742602,124.235472,221.371629,46.843222,0.516279,458.020152,5.934159,51.224381,27.429258,88.832095
S00680,L0034,T02,680,3.057386,127.21262,135.794284,156.711288,87.606672,0.544693,363.085437,1.8879,43.720397,36.873223,93.867886
S00241,L0012,T01,241,2.683176,136.730621,80.983318,121.51337,3.1258,0.655298,361.774263,0.797424,54.325163,30.906603,93.414435
S00177,L0008,T02,177,3.64833,,136.984442,161.948789,18.488648,0.766559,401.956054,2.029683,55.681475,32.528822,93.604347
S00759,L0037,T01,759,2.858603,71.117332,85.437033,135.213577,47.044176,0.589063,320.594913,0.899928,45.317778,26.905391,95.988525
S00686,L0034,T03,686,3.602325,83.322483,111.893846,141.867372,16.37645,0.282685,388.284795,1.69854,49.175532,17.452105,95.341267
S00012,L0000,T03,12,3.148426,140.349073,65.465597,210.967101,106.714367,0.311779,388.514973,2.90299,51.759862,22.485173,95.247006
S00442,L0022,T03,442,3.13943,130.614757,111.54152,157.270999,119.794995,0.424414,376.40892,1.828857,46.868414,30.191144,95.641697
S00007,L0000,T01,7,3.485921,142.574618,96.295818,147.358717,16.988794,0.567515,405.15984,1.580306,54.055646,16.17221,95.024382
S00641,L0032,T01,641,2.115139,143.385835,110.624565,156.639884,52.056086,0.509065,337.97152,2.893443,36.475967,28.823489,94.749471
S00235,L0011,T01,235,2.967243,81.782441,131.087827,127.182197,128.17554,0.323332,305.082457,1.578282,33.077597,30.773211,94.999139
S00193,L0009,T02,193,2.718066,83.777585,72.767298,228.985472,36.336336,0.290248,366.800017,4.16901,30.499621,22.473365,96.501481
S00534,L0026,T01,534,4.110218,77.315275,124.006109,,31.769544,0.456879,398.466455,2.78953,60.74945,23.133813,92.569041
S00332,L0016,T04,332,,124.385453,121.339956,210.511728,29.732576,0.706293,446.692624,5.165725,51.416898,25.698437,90.241492
S00355,L0017,T01,355,3.051673,116.241202,109.657903,202.072128,67.493288,0.299876,383.83232,3.770745,40.928684,25.9088,96.084767
S00650,L0032,T03,650,3.278797,72.599772,72.523493,176.100085,23.470155,0.48973,354.379812,2.563971,48.146131,28.152913,95.616902
S00420,L0021,T01,420,2.427393,670.348145,68.756012,125.29896,84.347094,0.291646,353.3844,1.780485,44.758427,21.740063,96.225608
S00414,L0020,T02,414,3.929974,74.956126,90.267673,145.422847,73.483446,0.34447,357.064671,2.626768,48.52021,25.562236,94.900556
S00137,L0006,T01,137,2.297491,73.256612,137.200726,176.167367,115.279982,0.61535,290.452569,3.200808,37.572613,35.206725,93.441044
S00447,L0022,T01,447,4.368009,134.604622,65.941136,142.323912,46.474803,0.628536,434.375126,1.660388,60.971485,31.281025,91.125141
S00480,L0024,T02,480,3.441551,77.64126,142.373696,171.826544,110.971144,0.649573,339.174046,2.681901,50.405222,35.734245,93.196884
S00755,L0037,T04,755,2.175646,125.599699,144.729896,120.37943,75.897015,0.360174,333.5839,1.920379,41.652395,25.725753,97.052523
S00504,L0025,T01,504,3.566539,145.874212,82.639707,166.66659,40.825916,0.426685,425.961272,2.682934,55.763514,25.700439,94.799733
S00711,L0035,T01,711,3.887586,96.553429,111.633135,172.099363,72.894613,0.78324,401.156984,2.769307,55.787405,34.248476,91.861391
S00708,L0035,T01,708,4.35161,77.759527,137.867033,172.293134,120.656619,0.731631,387.90562,3.220464,61.069329,41.606998,90.432042
S00335,L0016,T01,335,3.854227,80.826448,98.262827,148.291316,106.823922,0.570586,367.152143,1.731827,60.273914,38.481924,91.183065
S00424,L0021,T01,424,4.152164,83.289366,78.709102,138.459849,16.601283,0.296504,385.829134,2.482537,47.328631,17.820077,95.32289
S00238,L0011,T01,238,3.65557,106.704125,77.429483,197.938669,9.852547,0.696328,412.325267,4.223964,57.73056,24.731924,92.111611
S00125,L0006,T01,125,2.665949,80.889698,111.995436,133.469228,118.392209,0.29947,302.54991,2.522486,38.443783,32.395845,95.382393
S00593,L0029,T04,593,4.386124,100.422787,100.846206,210.610375,88.565807,0.424164,425.691431,4.70582,51.257509,28.46773,92.068408
S00043,L0002,T02,43,3.089866,142.362588,139.363984,161.516178,119.499021,0.578816,371.207687,1.716782,48.358503,34.746776,96.490209
S00218,L0010,T04,218,3.065203,110.721188,97.270293,188.253815,1.332855,0.242092,393.38217,3.094154,39.02352,13.692982,98.178227
S00311,L0015,T01,311,4.033361,124.535489,100.866365,202.682276,120.534991,0.212073,414.111876,3.337001,51.513939,26.12405,93.181817
S00376,L0018,T01,376,3.286565,,125.236436,,25.03936,0.512259,407.310448,0.447249,51.05992,22.254905,95.910577
S00149,L0007,T03,149,2.63167,132.009598,89.276942,125.876353,24.413688,0.671715,370.578718,0.78756,43.08889,29.042854,97.156964
S00637,L0031,T04,637,3.49134,109.128794,129.093013,211.295106,47.186356,0.506044,400.698495,4.096014,48.950116,24.326194,93.949591
S00488,L0024,T04,488,3.804149,77.058813,85.037922,160.139429,58.007004,0.272456,371.431801,3.220269,39.874757,20.335271,95.20785
S00160,L0008,T01,160,3.607861,73.152405,70.809314,141.432284,69.008738,0.274939,368.71014,2.12913,47.361354,25.636768,96.09378
S00016,L0000,T04,16,2.741907,83.324308,137.983781,211.215921,10.291676,1.770705,350.529173,3.54958,32.724715,21.992213,95.524897
S00694,L0034,T01,694,2.454163,101.176841,75.053945,210.762672,73.228607,0.739732,366.307243,5.588014,43.495007,37.425936,92.03499
S00171,L0008,T04,171,4.472807,88.534741,110.690411,149.215565,91.246065,0.509941,404.909616,1.998628,58.962164,32.286614,92.224017
S00601,L0030,T01,601,2.867175,121.589826,82.771009,134.587344,41.913592,0.419313,359.584563,1.312123,43.467044,26.642189,96.436812
S00489,L0024,T03,489,2.287234,135.391031,80.159444,225.350456,80.44011,0.756586,375.479095,5.995091,43.751721,34.634677,87.828922
S00571,L0028,T02,571,3.08579,121.827021,128.843404,160.349936,,0.212855,353.220023,2.761312,38.840449,22.875068,95.280257
S00439,L0021,T02,439,4.030614,119.56112,136.315866,213.45863,73.10596,0.300298,443.296569,4.211484,44.544555,22.6224,93.836021
S00110,L0005,T02,110,,140.305197,135.551301,150.691193,64.130827,0.792265,385.265318,1.394827,52.717248,28.356011,93.34485
S00034,L0001,T01,34,3.146723,125.691085,133.060405,200.128946,98.65003,0.381832,376.796608,3.57996,45.747288,28.198249,93.625246
S00429,L0021,T03,429,4.424837,105.082459,95.013919,138.91827,75.836298,0.747041,404.864065,1.655495,64.842433,36.236304,90.548658
S00307,L0015,T01,307,3.723142,93.990622,85.713932,124.775043,137.472596,0.769475,372.346802,0.036741,65.01681,44.212086,89.763769
S00730,L0036,T01,730,2.822099,90.041189,142.465155,129.747975,103.094847,0.551104,320.060258,1.505854,43.032879,33.823584,94.371404
S00288,L0014,T01,288,3.99477,96.047547,125.115921,141.661158,3.561031,0.343927,418.348592,3.050446,57.553704,17.450996,94.118098
S00396,L0019,T04,396,3.213203,125.267234,102.3891,122.447538,74.747373,0.402128,366.445044,0.542161,40.78188,22.895717,96.309732
S00185,L0009,T02,185,3.370722,114.015952,134.572918,130.272714,122.823786,0.604186,354.51919,0.659714,47.727896,36.467123,95.86433
S00670,L0033,T02,670,3.490767,97.246845,71.667105,138.099042,95.172545,0.284859,342.201719,1.375483,53.087609,32.272748,93.931281
S00323,L0016,T02,323,4.268729,125.869171,117.948269,,31.169993,0.776353,461.342715,5.367588,52.440502,31.850772,92.114382
S00493,L0024,T01,493,3.216959,121.673789,90.853197,210.032016,99.79548,,390.126348,3.525208,40.672867,31.412465,93.645502
S00588,L0029,T01,588,4.35324,145.522258,123.647979,188.619595,16.942064,0.611448,461.522466,4.763799,57.587892,26.558615,91.504844
S00722,L0036,T01,722,4.343812,125.720417,129.163957,203.569397,14.775267,0.677071,464.011414,4.977334,54.537368,26.535576,89.376482
S00267,L0013,T02,267,3.408645,147.656661,87.159391,162.922585,118.074882,0.739111,394.981046,2.525847,54.82499,39.978463,92.305832
S00418,L0020,T01,418,3.242288,128.038189,91.443197,173.012532,100.996144,0.667107,383.954632,3.039551,50.523345,39.50564,93.392916
S00380,L0019,T03,380,2.998097,120.746139,98.336921,137.807394,124.615917,0.240393,337.076808,1.808493,38.588958,27.397195,95.765962
S00109,L0005,T01,109,2.248724,84.807394,82.950805,168.423198,83.92568,0.699423,319.080572,2.89936,49.857023,37.217187,94.17501
S00707,L0035,T01,707,3.713872,114.343746,78.154099,170.623049,36.578717,0.374492,409.798217,3.137301,48.054915,24.175284,96.86162
S00604,L0030,T01,604,4.294472,70.556119,82.530096,169.207061,94.708691,0.438981,399.007282,2.804331,52.505952,32.959625,93.675981
S00064,L0003,T02,64,3.848952,108.302039,134.957642,135.261105,2.389728,0.461242,416.496939,1.196936,58.910346,18.031455,97.062389
S00618,L0030,T02,618,2.456224,101.111029,135.452282,169.607014,58.555608,0.451296,345.014559,3.515298,34.140843,30.838174,94.535289
S00716,L0035,T02,716,2.873616,93.648936,133.218051,140.969584,33.567186,0.403501,349.624476,1.948061,40.074439,25.62628,94.130702
S00142,L0007,T02,142,2.745719,137.848789,100.591347,211.181698,101.237953,0.699934,391.785695,4.709531,37.208897,38.736889,90.516676
S00594,L0029,T04,594,4.066952,148.895525,103.051621,228.298876,123.170181,0.203488,441.324237,4.338432,36.780447,30.334691,92.74621
S00526,L0026,T01,526,2.536358,132.899072,120.675197,163.376871,93.13234,0.332052,348.630759,3.085205,40.676611,26.653468,96.414938
S00202,L0010,T01,202,3.282835,84.826437,86.17162,219.539226,93.714442,0.765176,380.065141,5.362327,46.754465,36.912832,89.06294
S00210,L0010,T02,210,3.864872,128.243064,100.313106,141.618296,63.291603,0.665628,420.80292,1.551911,54.905747,31.582239,93.059177
S00607,L0030,T03,607,4.140445,110.507291,90.97602,179.619783,132.877831,0.211514,398.590052,4.084099,52.270995,23.564785,93.483219
S00639,L0031,T03,639,2.910618,139.906122,125.753971,220.843055,50.888189,0.626717,412.50621,4.847564,44.520051,33.10765,92.300254
S00613,L0030,T01,613,2.019885,73.148062,89.692042,178.599208,69.027985,0.796482,292.535455,4.332761,42.476976,29.607797,93.372466
S00052,L0002,T01,52,3.922436,84.333405,122.605375,209.844705,99.367492,0.496211,409.442281,4.344043,51.226969,38.811049,91.204867
