sample_id,lot_id,tool_id,sequence,down_force_psi,platen_speed_rpm,head_speed_rpm,slurry_flow_ml_min,pad_age_runs,pattern_density,removal_rate_proxy,wiwnu_proxy,dishing_nm,erosion_nm,yield_proxy
S00602,L0030,T01,602,2.278028,107.761962,114.461226,137.949562,84.43167,0.308573,311.535544,7.068741,25.577966,27.720846,88.879115
S00354,L0017,T04,354,4.387359,103.773653,68.387763,153.912386,37.35699,0.76669,423.834733,4.182104,61.243153,33.435203,90.151352
S00246,L0012,T01,246,2.653545,82.596948,73.677855,175.577623,3.941448,0.739059,352.097267,1.803787,40.928555,25.281645,97.012078
S00435,L0021,T01,435,3.368785,76.83044,126.268379,172.046774,91.022434,0.714758,362.721018,7.122886,55.751267,34.619769,85.151129
S00729,L0036,T02,729,3.737848,119.094692,95.153257,205.284932,68.367681,0.203699,424.104616,5.840138,38.281124,21.269122,91.070362
S00117,L0005,T03,117,4.454292,114.904234,80.019958,192.468227,86.980135,0.701818,444.000537,7.448131,51.461364,38.47683,86.002177
S00138,L0006,T01,138,3.449584,128.734467,144.89314,196.599077,29.625443,0.36957,422.523463,3.382452,43.918315,22.684208,95.831662
S00192,L0009,T02,192,4.31192,85.279477,133.993855,221.477885,85.457559,0.568629,418.521547,7.0222,61.792353,33.574103,84.958667
S00687,L0034,T02,687,4.181232,117.858177,66.430213,211.882542,115.491594,0.439682,421.886311,8.955069,42.340561,33.688562,83.49105
S00152,L0007,T01,152,4.229804,81.343807,125.486177,128.423945,106.35865,0.759541,382.838515,8.821841,66.134156,35.247492,81.121308
S00582,L0029,T02,582,2.910331,74.126954,136.80545,121.07994,108.834232,0.522768,315.699682,8.101217,43.184386,33.591258,86.30352
S00167,L0008,T04,167,2.38026,145.178065,86.659918,155.04788,122.577898,0.44106,348.202605,9.936053,31.924309,30.539496,83.343463
S00317,L0015,T03,317,2.198961,109.883153,128.144338,124.201618,23.071361,0.422361,319.358174,3.657573,37.366522,21.820169,96.012059
S00341,L0017,T02,341,2.862267,92.522807,118.746924,156.599191,58.342104,0.677557,349.429612,4.916316,53.188681,27.557992,91.540903
S00346,L0017,T03,346,2.247254,77.415394,124.877538,135.988432,139.739043,0.656052,269.520057,11.896747,41.705522,39.906368,80.013507
S00388,L0019,T02,388,2.738965,90.733975,85.652591,177.88292,31.869146,0.599812,336.366682,3.294363,47.46074,33.91139,95.318037
S00090,L0004,T01,90,3.451883,139.590192,105.339752,157.255068,44.076492,0.507907,406.708827,3.977971,51.37692,27.22164,92.772111
S00103,L0005,T01,103,3.545685,113.264534,132.392938,180.150809,111.342911,0.316568,384.582895,8.594536,37.996056,25.845409,86.332987
S00488,L0024,T01,488,4.463486,145.344668,87.996059,160.540947,96.216954,0.427232,451.739234,8.365335,61.55039,32.809438,83.509702
S00219,L0010,T01,219,2.320736,126.673204,72.822084,150.806121,22.947472,0.573162,366.312546,3.711016,48.130952,27.955875,96.954027
S00623,L0031,T02,623,2.82632,142.122674,128.21284,154.241446,127.510545,0.624173,347.74207,9.986515,43.709776,36.837261,81.581031
S00095,L0004,T01,95,4.330648,80.733242,116.455114,189.084739,76.487582,0.503884,403.842995,5.71348,61.152128,29.344827,85.403749
S00719,L0035,T02,719,2.424202,109.826163,132.455349,178.291437,30.599271,0.652929,354.249345,3.967447,44.146699,24.750773,93.570049
S00226,L0011,T01,226,4.453748,131.986111,81.979979,175.698841,86.694741,0.472987,452.973722,7.388196,52.47504,26.29564,86.005038
S00265,L0013,T01,265,3.894676,125.894396,101.02505,165.308227,42.028723,0.406628,423.085601,4.16605,56.379438,22.138364,92.51864
S00243,L0012,T03,243,2.074903,74.937295,116.545935,189.808274,,0.723919,286.951261,9.899468,37.761678,42.729077,80.123161
S00483,L0024,T01,483,4.112884,102.515689,93.776559,207.439808,79.648707,0.59676,423.96065,6.58011,48.238229,33.774125,88.898198
S00425,L0021,T02,425,2.839592,90.45251,138.742275,137.212391,120.699219,0.245973,320.443044,9.605847,40.271409,24.701558,86.44051
S00402,L0020,T01,402,3.468207,123.380562,70.533331,211.975055,10.517843,0.675962,434.026327,3.251994,49.801403,23.629726,95.52594
S00541,L0027,T03,541,3.294001,105.301214,66.751013,120.543639,57.722429,0.417258,351.167329,4.861421,51.186447,31.246516,88.155933
S00399,L0019,T03,399,2.589578,121.57104,94.167719,172.576293,4.034548,0.775323,362.926036,2.51875,40.162475,24.706366,96.80858
S00275,L0013,T02,275,2.175854,138.56559,81.231126,143.173384,105.111068,0.438366,322.278241,8.014136,33.681187,34.371985,85.370809
S00664,L0033,T03,664,2.415025,144.982702,95.236261,140.011023,101.924011,0.65344,338.376122,8.021736,44.46661,36.044587,85.461391
S00658,L0032,T01,658,3.235188,143.514476,90.918653,223.159741,25.249495,0.608458,426.462062,3.057768,44.92126,26.512182,96.028744
S00070,L0003,T02,70,2.804247,131.99367,111.606335,177.964989,61.013614,0.358594,377.398016,5.710831,33.540539,22.486918,92.026781
S00716,L0035,T01,716,2.327283,116.089094,96.621328,137.892307,17.07743,0.241419,340.396321,3.365775,29.128589,17.326789,95.979602
S00570,L0028,T04,570,4.478444,124.552636,98.53834,168.848847,26.977173,0.420874,444.114598,3.514452,61.359287,23.653587,91.855409
S00069,L0003,T03,69,4.065885,87.349195,99.772137,229.447979,116.831982,0.280053,420.558166,8.884435,43.682341,31.009976,83.534589
S00175,L0008,T01,175,2.916283,119.459621,117.826827,206.810949,79.655504,0.643321,375.663034,6.088993,42.208066,37.306268,90.205999
S00350,L0017,T01,350,2.841308,133.102569,121.859141,157.251275,18.600154,0.56944,384.131339,2.9598,41.279435,28.899357,96.894694
S00089,L0004,T02,89,2.790777,129.041104,107.398609,209.66739,34.743585,0.46142,394.323792,3.548954,37.239313,21.201213,95.300355
S00064,L0003,T03,64,2.050338,77.456501,91.248097,221.268583,14.489259,0.400202,318.512867,3.070958,32.578482,19.529394,97.067161
S00621,L0031,T02,621,2.101382,144.724229,115.40139,174.695884,69.001908,0.318422,360.551639,6.28978,30.046492,18.435858,90.795066
S00134,L0006,T01,134,2.313458,126.616966,77.992905,181.877085,32.963076,0.69247,351.556063,3.875295,49.38165,28.519739,90.606702
S00335,L0016,T02,335,4.190909,139.536491,98.993082,220.284266,21.902872,0.319284,460.838075,3.184414,43.409034,23.584145,94.742246
S00380,L0019,T03,380,2.244334,136.929004,71.641599,144.013604,88.684363,0.726596,326.088481,7.304384,41.148613,40.093501,85.817472
S00307,L0015,T01,307,3.600088,83.362676,99.633811,157.134086,17.781791,0.739528,371.66944,2.608996,53.691578,28.33037,96.44471
S00557,L0027,T02,557,2.766844,75.573717,138.729959,151.87645,104.0857,0.699335,324.16946,7.951471,49.71486,40.897755,84.275151
S00629,L0031,T01,629,2.409748,115.788385,109.528634,162.331334,121.488141,0.502516,326.995058,9.495117,39.040197,33.418646,84.773339
S00544,L0027,T02,544,3.107928,120.894602,124.926514,206.012116,121.593015,0.210627,386.552488,9.543511,29.610614,29.886778,84.481578
S00326,L0016,T02,326,3.607195,137.363981,102.464358,132.458455,37.267339,,412.811633,3.835578,57.105464,32.505366,91.155877
S00772,L0038,T01,772,4.376484,80.339054,136.396325,220.487425,134.3682,0.367723,409.321903,11.954945,51.380332,31.38692,79.23654
S00271,L0013,T02,271,4.479296,146.740757,131.996848,143.027306,87.987415,0.595432,445.750069,8.139388,66.995439,32.470378,83.376328
S00420,L0021,T02,420,,131.16346,80.338595,185.618192,8.449488,0.469989,471.517231,2.499359,56.790116,17.64438,93.941434
S00080,L0004,T01,80,3.115322,13.411017,134.748775,197.569412,91.37741,0.680906,390.26508,7.683618,43.000626,38.187295,86.947027
S00161,L0008,T03,161,2.797812,79.626656,142.831169,215.533488,137.272202,0.507258,333.343866,10.516715,35.526071,42.254304,81.332724
S00223,L0011,T01,223,4.161985,131.819529,131.588752,122.856733,7.044717,0.410335,436.729145,2.802451,55.207156,20.698761,94.353176
S00393,L0019,T01,393,2.162322,89.457866,78.528127,218.038814,131.003575,0.537685,307.776188,11.160995,32.014185,38.872658,79.252436
S00150,L0007,T02,150,2.079912,141.709983,127.270864,201.395564,44.878381,0.388061,345.033402,4.634039,31.075581,22.841764,96.092112
S00608,L0030,T03,608,2.338476,92.239256,100.803194,183.342259,130.102228,0.609498,332.752079,10.614408,46.932496,38.171279,78.015592
S00092,L0004,T02,92,3.089989,85.588324,72.23802,192.136658,98.882736,0.213919,358.827142,7.641455,40.127169,20.625082,89.432858
S00222,L0011,T01,222,3.105548,99.973381,120.700989,203.834641,60.798065,0.501604,383.350359,4.51763,40.040257,32.917132,92.120125
S00698,L0034,T01,698,4.164832,148.857561,143.131491,154.635036,8.964428,0.641784,447.816412,3.058002,57.663766,24.177557,93.140947
S00011,L0000,T03,11,3.217331,87.210331,139.688989,144.980133,139.649996,0.249281,335.854385,10.856028,34.22564,30.021843,81.777674
S00035,L0001,T01,35,2.227995,71.276594,133.609927,216.171114,137.340935,0.322487,307.685577,11.403842,30.345002,31.564973,80.354175
S00096,L0004,T02,96,3.939889,119.206633,94.843651,169.245167,73.597928,0.219419,429.406185,6.375828,45.170398,26.864518,91.118877
S00408,L0020,T02,408,2.164868,138.830534,110.187522,155.93986,45.134718,0.554287,359.622455,4.642328,35.768701,34.02856,92.846129
S00147,L0007,T01,147,4.417119,139.259857,119.404232,194.330466,14.437394,0.605264,466.484554,3.82267,58.149713,28.458939,91.308683
S00384,L0019,T02,384,4.314309,106.599605,109.663923,141.075692,122.666774,0.565709,386.321195,10.311698,57.585529,40.723763,79.266604
S00044,L0002,T02,44,2.103598,140.597789,138.18645,153.577354,139.642699,0.772897,324.412764,11.655068,35.626237,44.178583,79.120058
S00720,L0036,T02,720,2.507249,122.185385,127.818623,124.401952,18.017406,0.46987,336.228969,3.607805,39.272619,17.689722,95.692335
S00368,L0018,T04,368,2.70852,72.574743,88.882206,225.849343,84.658875,0.493672,322.050064,6.258118,32.502014,26.82555,89.872184
S00451,L0022,T03,451,2.722303,107.414637,94.859246,208.126109,19.605078,0.707901,366.366451,3.232879,46.316907,30.941484,94.00539
S00244,L0012,T03,244,2.770418,70.851547,126.784601,172.424756,52.657025,0.309328,334.318106,4.083112,30.747302,20.315945,93.857939
S00238,L0011,T03,238,3.681034,101.824803,80.271856,199.048504,51.984228,0.408716,401.215193,4.10995,41.357097,23.399284,93.684384
S00644,L0032,T03,644,4.271153,118.944579,,136.566484,56.601614,0.68679,427.471353,5.216942,60.546746,31.6613,88.247342
S00334,L0016,T02,334,3.508037,88.709794,66.22007,219.958054,108.199757,0.621061,370.33773,8.466497,36.269466,36.741372,85.098422
S00072,L0003,T02,72,3.0953,126.848791,78.597385,145.545525,48.794614,0.214942,387.565895,4.496275,44.640942,12.883985,96.50765
S00162,L0008,T02,162,3.960913,77.842702,135.606161,192.828101,31.997596,0.692534,401.570148,3.575337,55.002739,26.575801,94.404557
S00622,L0031,T01,622,3.794192,96.488388,92.614825,220.360653,20.707536,0.239269,410.496779,3.212226,41.758233,14.292485,98.025833
S00003,L0000,T04,3,2.915237,106.742374,137.816521,204.071665,26.927814,0.567743,387.614691,3.194354,41.320079,28.170898,95.342943
S00458,L0022,T01,458,4.238695,138.226154,133.841177,211.649061,38.378254,0.7365,458.496118,4.234286,55.27874,24.941706,92.514718
S00283,L0014,T01,283,3.065439,106.584765,128.460943,185.389632,3.351897,0.34118,392.280146,2.181754,40.774401,14.099002,98.146025
S00776,L0038,T01,776,2.498968,120.584084,103.530303,132.653505,52.194637,0.528671,334.281435,4.632832,37.318728,24.383845,92.81766
S00439,L0021,T01,439,2.44067,104.653114,74.741715,162.11762,59.089607,,334.346816,5.574691,48.461122,27.108423,91.03124
S00418,L0020,T02,418,2.27895,95.306405,141.292124,184.925997,43.72197,0.418969,328.507149,4.259391,35.586032,19.701591,93.831367
S00473,L0023,T01,473,3.204006,76.608558,117.104537,142.067988,110.731679,0.375759,339.696461,8.436128,48.644632,27.688568,87.231499
S00561,L0028,T02,561,3.964022,71.042989,112.415736,131.39693,80.485052,0.440296,368.712728,6.166673,56.051245,28.2675,85.521131
S00177,L0008,T01,177,3.29258,118.689857,132.902729,140.856693,68.868084,0.211709,378.273942,5.755432,42.609547,15.556247,92.993467
S00019,L0000,T01,19,4.314477,95.391422,106.792056,153.32993,64.094547,0.298989,405.891526,5.99027,54.284229,17.810174,89.953122
S00533,L0026,T01,533,4.126257,70.458614,126.738163,210.134343,5.555284,0.646312,408.261862,2.647982,43.291569,22.240049,96.109158
S00314,L0015,T02,314,4.017673,130.957135,140.596439,148.921963,110.662113,0.252056,416.839489,8.302782,49.12564,25.248782,83.902986
S00665,L0033,T02,665,2.407313,127.207813,81.818831,200.5783,132.451127,0.443276,359.410132,10.928489,36.23766,29.008776,82.830435
S00386,L0019,T01,386,4.213712,88.97557,77.706574,146.863873,64.861382,0.771987,412.492312,5.883483,66.098326,33.75085,86.361031
S00626,L0031,T01,626,2.053186,128.256625,119.375486,159.060365,61.608808,0.49065,326.532777,5.584407,34.381442,31.736861,92.33255
S00508,L0025,T01,508,3.332438,73.407092,122.098992,,26.834859,0.69146,361.863273,2.85442,53.445296,32.731556,91.444735
S00704,L0035,T02,704,2.375789,139.95903,126.282119,,23.015704,0.667412,377.939065,2.973626,44.569459,28.401732,97.299582
S00285,L0014,T01,285,4.024101,113.984757,87.874199,172.66279,7.700329,0.683842,428.109098,2.953167,56.124895,25.418081,93.091979
S00338,L0016,T01,338,2.602711,72.619675,143.729739,184.909978,53.711626,0.491795,332.645918,4.979891,45.119942,27.226543,92.102016
S00460,L0023,T02,460,4.097268,105.593126,134.846526,163.235763,113.918551,0.430886,417.353892,8.658342,53.225981,32.377764,83.07132
S00007,L0000,T01,7,2.688454,103.755712,141.792327,165.020966,,0.439666,358.293423,4.255201,36.441547,24.388603,94.656049
S00071,L0003,T03,71,3.791588,121.58464,124.029781,154.469155,133.955535,0.574653,372.697202,11.195628,50.594281,38.252535,81.163611
S00239,L0011,T01,239,3.462765,131.747042,118.996135,222.984542,128.44643,0.434407,407.343279,10.613047,44.128936,35.248629,82.997497
S00062,L0003,T02,62,2.708765,81.361598,73.199617,144.145392,103.581621,0.445901,308.923031,8.154209,40.480294,30.588026,84.940118
S00596,L0029,T02,596,3.006725,119.394422,69.783607,153.045726,96.555277,0.301824,459.117509,7.494971,40.681939,23.363288,86.24597
S00127,L0006,T02,127,3.183977,110.348491,107.356839,133.511563,108.259772,0.605577,346.509175,7.976063,46.367147,38.775927,84.989994
S00077,L0003,T02,77,2.070692,105.319979,95.781112,216.34929,79.586713,0.275727,342.615687,7.333558,20.443548,22.472183,89.038723
S00641,L0032,T01,641,4.159587,130.706377,72.999991,189.912824,33.685647,0.657812,453.238371,3.87849,55.347585,30.062505,93.35304
S00006,L0000,T03,6,3.792366,110.481061,114.550215,149.212002,64.101091,0.457764,410.33812,5.478776,51.129775,25.503748,89.963826
S00465,L0023,T01,465,2.457572,137.135378,73.037702,226.777828,138.501308,0.570288,375.875148,11.827735,36.907005,41.657476,77.016373
S00662,L0033,T01,662,3.757691,139.774519,114.605493,136.871543,26.616368,0.748166,407.512393,3.83825,56.020229,21.061583,92.682401
S00086,L0004,T01,86,3.745886,146.141609,97.564233,150.423317,34.535823,0.45887,430.389736,3.808926,45.687495,20.800564,94.560885
S00279,L0013,T04,279,2.489786,132.552922,132.495788,188.638294,98.233018,0.284731,370.03376,8.150129,34.578387,21.707437,89.358561
S00707,L0035,T01,707,2.324417,113.791336,90.126781,144.445646,92.903286,0.629811,324.397544,7.344982,45.784291,29.787008,87.257035
S00691,L0034,T02,691,3.62328,95.698419,71.206081,141.440338,22.920368,0.513363,379.54728,3.054445,40.393462,23.924738,100.501436
S00639,L0031,T01,639,2.392762,133.359394,66.51342,122.180979,7.516961,0.717186,352.451648,2.92929,43.364258,28.744132,94.396641
S00002,L0000,T03,2,4.264217,104.195375,119.374044,120.283937,41.306578,0.689735,407.222096,4.245508,63.998106,30.430849,90.718939
S00179,L0008,T02,179,3.815254,134.79606,106.707153,141.039918,64.092414,0.413423,427.55485,5.108059,53.175077,31.273883,89.333881
S00732,L0036,T01,732,2.28794,110.863572,93.55679,127.190753,79.202258,0.737388,315.606054,6.853049,56.101636,35.222787,86.600217
S00564,L0028,T02,564,2.68759,139.092861,143.301549,174.699517,86.378339,0.498455,353.038984,6.393216,44.88695,28.187902,90.913895
S00594,L0029,T01,594,3.025646,139.266996,94.213937,227.574492,26.809873,0.317813,416.412976,3.39271,40.710634,14.666784,95.637437
S00321,L0016,T03,321,2.286699,108.170178,77.458127,120.715187,78.419398,0.781868,300.499646,6.840386,48.046291,36.379257,87.074043
S00068,L0003,T02,68,3.333327,70.927787,71.460686,153.311919,80.279666,0.491512,353.482098,6.430648,52.425508,28.912157,88.620172
S00235,L0011,T02,235,4.474227,114.94568,105.474703,207.306106,59.597471,0.799585,469.25867,6.097973,60.441873,33.977314,86.357386
S00751,L0037,T01,751,3.058915,138.073278,116.268157,150.117316,29.949016,0.303926,390.209542,3.079387,46.475277,16.172959,95.339837
S00413,L0020,T04,413,3.014232,110.429898,127.596165,129.750417,43.044968,0.63576,359.62473,4.186335,57.833745,30.474118,91.9547
S00548,L0027,T04,548,2.878011,120.820465,126.717535,188.894009,39.806482,0.596128,399.900282,3.626971,37.877467,27.540224,92.602581
S00600,L0030,T01,600,2.79352,101.718558,129.719588,189.975381,113.867053,0.299611,353.463652,9.277358,38.451245,26.567944,85.641696
S00126,L0006,T02,126,2.297741,108.302118,74.062323,142.04931,75.978381,0.524217,310.924819,5.955229,39.999742,26.827169,90.709495
S00728,L0036,T01,728,4.214748,140.207926,112.294419,188.046569,71.415418,0.333786,452.889711,6.093021,49.616447,25.924538,89.370514
S00267,L0013,T01,267,2.018512,119.207761,144.285384,135.821637,101.490557,0.250987,304.620092,8.278401,33.771049,20.784448,84.53592
S00485,L0024,T01,485,2.602532,106.953187,75.220386,226.004643,24.39738,0.2622,364.695831,2.841247,31.236837,18.678573,96.542735
S00583,L0029,T01,583,2.226744,132.073862,144.786328,130.949791,29.930854,0.576928,354.622244,3.855702,40.843472,27.070366,92.813935
S00049,L0002,T04,49,2.481932,73.314038,107.065901,202.609664,44.356961,0.427752,343.090701,4.575887,34.807985,21.473128,94.563508
S00383,L0019,T02,383,4.261344,118.639696,144.019254,137.557187,104.455738,0.248035,408.893912,9.078126,53.823598,28.527725,85.657422
S00042,L0002,T03,42,4.107205,109.481603,90.660271,209.604686,4.463849,0.279799,453.926441,2.500523,44.31085,14.226265,97.295866
S00164,L0008,T01,164,,73.110032,107.944422,125.963353,129.628725,0.223042,322.762827,10.087595,47.207905,26.34935,82.424028
S00208,L0010,T01,208,4.073184,125.993368,110.405908,152.083967,102.254437,0.307143,399.747906,8.491698,46.77906,29.689213,84.154465
S00241,L0012,T04,241,2.146044,77.280669,135.263229,196.791325,39.080226,0.755796,311.413037,4.076528,43.167743,24.687284,94.913455
S00788,L0039,T03,788,3.562504,108.19329,141.976957,228.587914,9.689768,0.748724,411.481204,2.73993,52.151387,28.612476,95.436371
S00376,L0018,T01,376,4.433574,146.691633,110.980868,187.93987,61.751447,0.2884,459.141048,5.534661,54.345626,23.279751,89.196526
S00313,L0015,T01,313,4.014243,85.184191,118.882436,144.532944,112.833767,0.737209,381.429617,8.856623,57.42711,38.055019,80.703287
S00024,L0001,T01,24,3.779958,133.725431,83.678038,156.890429,4.281947,0.427618,427.729902,2.187936,49.624126,14.366181,98.06983
S00041,L0002,T01,41,3.941865,130.871086,95.176697,139.479668,26.256031,0.686074,422.963869,3.67903,58.467362,26.596411,93.469357
S00097,L0004,T02,97,2.54144,70.632136,72.993918,142.712911,50.681502,0.628266,305.814084,4.72697,47.366654,26.764189,91.931289
S00207,L0010,T02,207,3.250169,142.904619,79.769164,229.066739,24.187439,0.328761,425.843886,2.787533,39.231244,17.723622,98.108613
S00217,L0010,T01,217,2.192983,115.075591,95.453995,225.803914,112.127269,0.736942,340.864003,9.2649,36.089658,41.845433,84.10202
S00627,L0031,T01,627,3.217519,92.053566,70.640062,155.061865,26.02353,0.705495,356.886624,2.5316,46.1662,21.845702,98.228941
S00666,L0033,T01,666,3.468027,70.573999,77.55952,124.388826,103.166029,0.733507,335.4178,7.709315,49.133894,40.052748,83.264567
S00545,L0027,T03,545,2.304243,75.812711,128.187378,122.589624,9.067375,0.770049,304.57005,3.240354,45.989716,28.773703,97.037399
S00037,L0001,T03,37,4.211422,97.243306,117.843988,129.081604,6.190372,0.21403,409.306201,3.418509,46.551997,13.308127,98.049865
S00453,L0022,T02,453,3.84499,86.294399,66.328276,224.195285,64.437284,0.462097,412.118635,5.240278,43.823957,23.62558,92.678103
S00058,L0002,T02,58,4.459801,101.795902,110.401861,161.234918,131.379014,0.324774,404.606664,10.73057,53.733593,29.952499,80.851589
S00463,L0023,T01,463,4.433035,78.59061,117.624786,208.800129,18.167485,0.608702,432.106589,3.095413,54.165541,30.147279,93.965108
S00351,L0017,T01,351,3.12626,137.708849,80.226114,216.164148,70.887491,0.419877,400.655378,5.601743,41.211361,25.750378,90.772083
S00586,L0029,T01,586,2.917982,83.677874,99.778105,193.749331,40.552543,0.778834,355.940881,4.010393,48.050208,36.263422,92.00559
S00487,L0024,T01,487,3.944818,127.658172,93.057613,215.82778,0.535728,0.377872,463.512577,2.367601,52.725134,19.981785,96.646211
S00171,L0008,T02,171,2.631828,140.794081,143.825233,159.034008,1.290064,0.542322,388.775369,2.810633,44.10296,23.575796,97.649513
S00631,L0031,T01,631,2.184477,129.039534,70.804512,211.017215,54.547491,0.690575,349.780927,5.509746,38.233671,37.670492,92.934422
S00029,L0001,T01,29,4.060025,92.183669,94.354645,178.48658,12.314695,0.724741,414.072694,3.573038,60.011291,27.910547,92.95148
S00382,L0019,T03,382,4.391584,131.643187,76.936548,171.989465,80.306433,0.395824,435.085112,6.593269,51.525073,31.144677,86.031459
S00426,L0021,T04,426,3.978608,146.144979,,225.818066,138.259995,0.766928,451.371383,10.830145,55.04214,44.821469,76.708738
S00340,L0017,T01,340,4.373234,131.570371,72.556654,150.029204,23.270125,0.227283,452.434432,3.390624,51.124863,18.982523,93.130568
S00328,L0016,T01,328,4.345942,71.356705,111.665214,182.371403,76.628161,0.383981,414.248984,6.4449,64.005852,24.801587,86.589046
S00306,L0015,T01,306,3.717792,70.759167,134.935904,150.469222,38.2414,0.68511,369.955677,3.818464,51.392225,30.24412,94.487465
S00745,L0037,T01,745,3.492731,78.123796,115.912948,202.644469,41.159208,0.644626,370.513703,3.593522,51.764478,28.496059,93.365804
S00139,L0006,T02,139,3.848591,84.723659,98.041964,128.071529,103.231294,0.798383,363.567198,8.252888,64.330601,39.425206,81.483915
S00759,L0037,T02,759,2.971378,148.527846,91.646913,210.931204,57.794747,0.771751,406.640101,4.673508,47.615723,37.443315,91.359704
S00774,L0038,T04,774,3.752929,123.065571,90.400298,186.509405,41.589011,0.342096,409.275513,5.043375,40.736618,25.963395,93.329455
S00498,L0024,T01,498,2.832139,143.352834,131.314564,134.441304,90.458738,0.214475,365.59335,7.256317,39.920436,25.564706,86.850013
S00628,L0031,T03,628,2.393485,91.126056,103.465159,140.889575,130.234299,0.441117,296.361054,10.904,44.795382,33.534058,81.926191
S00748,L0037,T01,748,4.088939,127.086498,138.395457,124.42117,124.973064,0.267821,392.821162,10.891374,52.743349,27.800066,80.120489
S00079,L0003,T04,79,4.086473,119.93347,113.641191,223.731675,79.773231,0.574814,435.402213,6.113063,47.574996,29.080585,91.548566
S00146,L0007,T01,146,2.510077,95.449482,129.197373,193.700281,131.033859,,323.940746,10.543335,36.679132,47.534161,80.327833
S00741,L0037,T01,741,3.870148,107.165999,94.15325,188.741454,1.694348,0.284259,433.178867,2.841832,46.343073,13.076064,94.618482
S00188,L0009,T01,188,2.227311,130.148525,117.47559,127.676241,17.86466,0.707885,328.20013,2.960041,43.289915,27.762363,95.533294
S00476,L0023,T01,476,2.929411,141.398942,102.713962,171.140769,45.222521,0.269351,391.705292,3.84323,35.485494,24.111172,93.6161
S00410,L0020,T02,410,3.583548,125.203313,79.916189,146.783475,41.027803,0.403408,383.77991,4.093641,48.344256,16.632288,95.609733
S00396,L0019,T01,396,2.772293,75.594212,103.711641,159.247303,798.65774,0.316775,324.07693,6.376371,30.469017,27.497701,88.556005
S00768,L0038,T01,768,3.310132,142.594015,144.5203,155.663157,77.915927,0.610024,397.874663,5.576713,51.013576,30.697549,88.788358
S00499,L0024,T01,499,4.429092,76.458905,97.422208,146.46705,124.952887,0.383598,392.850626,10.508565,58.575876,26.953282,79.552072
S00081,L0004,T02,81,3.201697,125.680636,129.782647,202.024893,52.863253,0.336768,390.276277,4.496037,32.4912,28.864626,91.41066
S00778,L0038,T01,778,3.387458,80.799292,122.615437,218.920432,105.778899,0.438964,368.608632,7.534738,42.254142,31.77546,85.494512
S00227,L0011,T01,227,4.205775,148.690634,87.089301,185.491471,127.034301,0.79778,433.943668,10.37994,61.305496,42.840807,77.241768
S00457,L0022,T03,457,2.514679,133.027412,122.146227,197.647191,63.956401,0.341214,364.843128,5.031928,33.381069,23.888118,92.97704
S00201,L0010,T01,201,4.272405,129.869937,140.931059,146.221546,97.261009,0.420647,424.111699,7.93946,55.295168,32.73078,84.58536
S00555,L0027,T01,555,2.88031,76.758039,82.85599,127.482703,93.552014,0.52462,309.790896,7.614494,40.402105,34.436667,86.118777
S00417,L0020,T01,417,3.816619,72.375671,70.859046,162.817829,56.211534,0.427963,370.803987,5.009146,51.483056,30.896501,89.692896
S00325,L0016,T04,325,2.475396,145.38893,104.870313,764.90972,56.245779,0.270844,366.23217,5.31309,29.75691,22.461832,92.825807
S00120,L0006,T01,120,2.110436,147.766014,113.579922,144.111237,33.140527,0.504467,353.017529,4.101293,38.313426,24.311254,93.365413
S00123,L0006,T01,123,2.737809,89.881811,81.084447,140.462946,132.806364,0.681045,323.863813,10.418857,48.147443,40.888954,79.506692
S00525,L0026,T01,525,3.656331,126.645618,144.285084,204.342419,13.910904,0.78641,427.855632,3.293913,51.8815,26.728833,94.48905
S00445,L0022,T01,445,3.915505,102.285085,74.71816,200.939323,136.747729,0.303284,388.880648,11.319242,42.647335,28.250223,79.610001
S00702,L0035,T01,702,3.459778,70.280115,125.1619,203.656145,95.890168,0.79862,363.12868,7.291183,54.1656,39.763064,83.919844
S00481,L0024,T01,481,2.692071,115.582945,118.801976,170.951951,135.265062,0.511348,347.133394,10.993074,45.410477,39.203325,80.756146
S00001,L0000,T02,1,2.584066,104.760472,129.456466,125.49153,110.511886,0.628087,318.182245,8.483471,51.013456,37.518904,82.232914
S00648,L0032,T01,648,2.035133,142.872745,69.288283,128.905993,139.105793,0.584769,305.598887,11.414232,39.40828,35.55307,79.605006
S00512,L0025,T04,512,3.662033,141.679606,103.318851,202.410649,32.494075,0.589653,457.757977,3.961171,48.454049,25.055675,93.390494
S00047,L0002,T03,47,3.486038,87.741556,116.228944,136.40385,34.222062,0.394545,366.678698,3.397772,51.923437,25.198506,94.745211
S00158,L0007,T01,158,3.015853,142.680224,77.991074,164.277055,135.217374,,372.403904,10.882547,40.947003,39.275697,81.725647
S00166,L0008,T02,166,2.747184,74.412103,66.578977,208.254547,81.132171,0.317942,342.545687,5.663478,37.914382,30.520395,90.080438
S00747,L0037,T02,747,3.728778,105.052306,86.703525,196.891873,112.448228,0.637944,400.862956,9.066913,50.633774,42.063809,81.602143
S00785,L0039,T02,785,4.270872,130.478856,116.99921,159.543493,93.288763,0.461875,435.794119,7.731498,53.119208,28.668271,87.73097
S00415,L0020,T03,415,2.144485,123.574592,98.032274,217.709566,60.3337,0.21727,347.085763,5.38798,29.301935,24.377392,91.063524
S00422,L0021,T01,422,3.380649,109.179512,136.429827,140.621868,112.92759,0.262108,363.889408,8.484255,43.69101,30.128615,84.330614
S00567,L0028,T01,567,2.864915,147.085674,112.598996,200.244537,121.878183,0.346021,382.827819,9.861657,36.322441,34.495409,82.298279
S00101,L0005,T04,101,3.072277,86.822233,105.646011,178.725913,106.218803,0.592077,352.282671,8.886334,45.507559,31.55563,87.100874
S00599,L0029,T01,599,4.235336,139.37928,98.689028,190.402948,73.801597,0.621445,458.783459,6.172804,52.427467,33.433594,88.938753
S00363,L0018,T01,363,2.148599,89.898597,126.464508,125.209522,119.574859,0.457478,282.025579,10.400001,36.731642,37.841267,82.223795
S00660,L0033,T03,660,3.560851,96.343638,99.227827,120.231199,51.687672,0.720732,369.973698,4.859381,58.392639,35.326506,88.276888
S00198,L0009,T01,198,4.140162,117.917806,144.606151,183.437347,21.213787,0.455547,439.821961,3.262152,56.504277,21.972191,94.309651
S00149,L0007,T04,149,2.328913,138.692504,120.333288,127.949841,49.634091,0.704861,342.218391,4.533749,32.953001,27.107956,92.996074
S00394,L0019,T01,394,4.070156,70.979159,67.958987,154.791927,137.732394,0.660828,371.391519,11.819011,63.472879,31.863182,76.87329
S00482,L0024,T02,482,2.500078,144.557852,119.71085,177.257725,43.931403,0.591289,382.613717,3.777057,43.330227,22.842604,96.769569
S00182,L0009,T01,182,3.596301,108.104916,73.069627,199.969487,37.4131,0.528917,399.416153,4.26189,44.349687,25.048392,94.376026
S00256,L0012,T01,256,2.776163,133.949995,74.355621,221.063939,68.350803,0.266938,410.765091,4.957231,35.485607,21.428979,92.064764
S00304,L0015,T01,304,4.048891,139.593069,120.040019,176.084149,41.000966,0.41835,453.590155,4.448777,55.579408,25.456978,92.609333
S00672,L0033,T01,672,3.100831,122.863866,,176.673519,45.424535,0.252896,389.81584,3.592897,35.067748,16.722819,95.548172
S00293,L0014,T01,293,4.019111,86.466288,112.79393,183.423224,133.002228,0.274635,369.775646,10.418999,42.592638,27.926014,80.937045
S00266,L0013,T01,266,2.533427,139.41681,142.952406,169.714811,44.617448,0.491381,384.631747,4.1886,48.111765,26.545942,93.154009
S00743,L0037,T01,743,2.856575,101.921301,93.611605,122.22401,45.291494,0.74428,348.15652,3.911205,56.818949,33.056579,91.467955
S00209,L0010,T01,209,2.613128,111.92161,131.58665,182.42448,9.326759,0.735465,374.756869,2.06254,47.28338,28.114091,95.157307
S00359,L0017,T03,359,3.250575,85.192487,133.471873,204.036725,49.683424,0.687308,383.086595,3.955991,50.778543,32.114095,92.891123
S00436,L0021,T01,436,4.374183,122.99157,135.169878,178.952469,8.582609,0.689696,461.344343,3.925238,66.999024,22.487154,92.669973
S00390,L0019,T04,390,3.025138,147.92942,,177.909783,18.641281,0.702901,407.416226,3.163366,54.458192,25.039455,94.172579
S00224,L0011,T01,224,2.881711,112.4059,127.886479,165.442557,2.031277,0.779799,367.61717,2.922841,48.490778,26.929955,96.004924
S00270,L0013,T03,270,3.880342,108.723655,98.568099,181.070781,121.800595,0.358719,390.31573,9.327625,50.942907,29.184365,83.903651
S00132,L0006,T03,132,2.407482,137.727218,77.908301,148.49191,135.747943,0.542491,388.217777,10.677561,38.386842,37.756648,78.117773
S00144,L0007,T03,144,3.797457,72.863928,118.699813,200.172978,17.168316,0.603016,404.143379,2.703574,55.868187,21.833376,94.333472
S00121,L0006,T01,121,3.564371,128.11145,92.984751,217.711061,133.290621,0.295193,412.456254,10.897858,41.996359,29.025469,84.419003
S00052,L0002,T01,52,3.794327,103.997725,135.809693,229.179231,28.066756,0.758449,433.391086,3.470708,52.59799,25.562745,93.624851
S00191,L0009,T01,191,2.132688,70.873218,140.206425,167.098244,115.17754,0.301053,278.243229,8.974531,25.808874,29.799338,80.885792
S00480,L0024,T02,480,3.288832,118.404616,119.776817,149.863995,4.573282,0.4418,404.473426,2.948307,43.604992,23.181788,96.07379
S00699,L0034,T01,699,3.724371,110.148717,96.178163,198.036817,43.361239,0.479486,411.387734,4.561095,41.280891,25.783536,95.510984
S00496,L0024,T01,496,3.539209,73.447798,90.523941,143.835021,16.562366,0.684886,378.800432,2.705804,54.94075,28.417341,96.026765
S00357,L0017,T02,357,4.216491,124.434313,74.173276,,119.464077,0.766693,413.79386,9.374227,67.301328,42.557611,77.248744
S00039,L0001,T04,39,2.096891,111.902936,127.624724,182.67684,18.382323,0.336581,346.832743,3.225327,30.073707,17.135247,95.400861
S00588,L0029,T04,588,2.97865,133.987947,68.962455,214.512789,,0.571462,413.706365,3.437237,44.684601,23.491042,98.830009
S00663,L0033,T03,663,2.643306,147.941723,142.07147,214.89001,58.543742,0.222384,393.245827,4.819446,29.012099,20.808608,93.814873
S00560,L0028,T02,560,2.589112,135.134357,79.846682,139.880485,101.316299,0.425522,355.284401,8.216187,46.307752,29.206371,86.844882
S00462,L0023,T01,462,2.123529,81.032403,131.030612,186.335243,95.212848,0.625324,314.057199,7.6156,39.940601,32.716649,87.637617
S00577,L0028,T04,577,2.477989,123.579852,94.992132,155.824967,105.613496,0.30541,347.306594,8.348327,35.44745,25.756917,87.076913
S00532,L0026,T03,532,2.065173,144.399983,95.391872,161.045197,18.909969,0.691847,351.897352,3.051828,38.20648,24.878529,95.813934
S00403,L0020,T01,403,3.351938,72.114412,96.870556,186.463686,75.348872,0.384044,347.246724,5.388657,41.649673,27.039519,88.298918
S00294,L0014,T01,294,3.067733,130.447808,138.974749,132.897309,86.903116,0.444258,367.225883,6.882884,44.746627,28.927761,88.977614
S00770,L0038,T01,770,4.491435,109.091972,88.69508,193.889203,77.859405,0.797368,440.691634,6.394028,63.130328,40.757463,85.02874
S00455,L0022,T01,455,2.007812,114.885693,90.712639,161.872427,7.426695,0.420754,346.006577,2.954518,34.078753,18.697057,96.810701
S00638,L0031,T04,638,3.778248,125.803651,80.101047,167.130457,106.250696,0.249467,392.072817,8.695789,53.929743,34.83298,84.139298
S00632,L0031,T01,632,3.419434,101.841423,67.781852,174.631935,101.172467,0.262924,377.19809,8.200755,41.132391,25.802048,87.969764
S00228,L0011,T03,228,3.381774,82.91301,88.258661,217.664141,27.151065,0.234876,372.325808,3.769127,34.610463,16.278565,97.120672
S00043,L0002,T01,43,3.530287,97.13414,100.067775,185.041572,88.318921,0.518436,376.40709,7.006157,43.233119,30.747363,90.363708
S00643,L0032,T02,643,2.01597,137.74425,125.6659,146.669531,40.984302,0.402594,336.226739,4.145471,37.815914,29.802518,92.859046
S00026,L0001,T02,26,4.40707,78.143824,106.863542,214.77554,126.387131,0.637833,427.997577,10.403669,50.872004,31.592059,80.807207
S00216,L0010,T01,216,3.352373,121.657942,108.302885,156.383536,91.795992,0.612545,395.292458,6.624096,53.387086,31.667284,88.044941
S00521,L0026,T01,521,2.128191,116.272553,143.961394,215.153396,98.440358,0.372212,341.221704,8.592473,34.798819,26.799151,87.125673
S00333,L0016,T01,333,3.519099,88.905488,81.13581,154.354085,119.228164,0.479205,356.282189,9.460799,41.418299,33.701812,83.560254
S00529,L0026,T02,529,2.020199,142.308461,97.958895,217.410997,39.158958,0.720304,375.728058,4.185462,39.987374,30.632539,93.934815
S00553,L0027,T01,553,2.069064,123.155117,104.651325,227.343544,42.573821,0.48677,366.604236,4.650873,29.902786,28.605332,91.923518
S00020,L0001,T01,20,3.45591,115.01493,81.569128,172.561558,23.276463,0.254752,410.832429,2.783494,40.312938,15.044416,95.963567
S00036,L0001,T01,36,3.610293,136.466094,123.804848,126.59429,58.226255,0.409938,389.65149,5.14761,42.969427,22.998473,92.664107
S00236,L0011,T04,236,2.495917,140.502942,129.713078,197.636122,94.843498,0.615414,372.292758,7.129222,40.223716,36.947372,86.302049
S00769,L0038,T01,769,3.439894,87.073914,114.075817,214.803062,120.580156,0.62857,362.483319,9.433313,42.154762,33.543403,85.087728
S00337,L0016,T01,337,2.994636,133.649726,122.839913,168.271208,104.724491,0.397402,387.18653,7.479608,39.217133,27.37864,87.526601
S00345,L0017,T01,345,3.630424,,85.125155,141.969655,58.549223,0.249648,371.881635,5.269728,42.285491,22.214584,93.560294
S00442,L0022,T02,442,3.863442,116.422503,67.218079,143.205463,23.686234,0.480941,412.056904,3.364834,51.834936,26.823566,93.051426
S00653,L0032,T02,653,2.974644,118.351515,66.63375,157.754548,113.644782,0.234981,369.984212,8.751582,33.787196,27.408587,86.988339
S00128,L0006,T01,128,2.909838,149.593023,122.661796,219.41707,38.31085,0.590341,409.302166,4.737564,45.459749,27.365328,93.814135
S00673,L0033,T01,673,2.317873,102.804046,86.650268,175.319476,,0.376955,328.606848,5.460871,31.905054,23.422299,91.444687
S00159,L0007,T01,159,2.708724,79.347447,141.924272,220.26419,41.555243,0.213792,358.565412,4.370666,33.443511,15.624573,95.44869
S00407,L0020,T01,407,2.642375,84.152261,76.246459,176.630828,139.53467,0.301263,327.116161,11.500301,33.609352,28.806843,79.095643
S00136,L0006,T02,136,3.236179,121.144347,124.062251,204.93439,30.453987,0.34151,419.139789,3.214758,40.861755,23.835071,96.370349
S00657,L0032,T01,657,2.038313,138.293391,139.047515,194.078158,81.205834,0.470812,346.178837,6.503305,43.812324,20.228411,90.667383
S00739,L0036,T01,739,2.624145,125.375425,112.31325,204.388547,114.313996,0.639831,361.190562,9.90402,32.34994,37.607528,84.763214
S00156,L0007,T01,156,4.426018,111.030232,110.425706,,120.964032,0.763835,445.074093,10.691104,55.284681,42.995708,80.2269
S00352,L0017,T02,352,2.24029,132.381458,128.56953,163.658076,69.3822,0.737648,330.590223,5.831966,44.930873,32.892918,91.365489
S00115,L0005,T02,115,3.738934,109.969314,98.218888,220.315549,76.668673,0.750287,410.339162,5.714178,44.311553,29.511267,89.899836
S00523,L0026,T01,523,3.338845,93.06754,72.131737,173.704682,121.85741,0.27808,340.888371,9.352948,39.373762,32.03017,83.548785
S00263,L0013,T02,263,2.066852,105.405332,124.688588,226.96133,110.329346,0.679675,346.661107,9.019916,27.007306,41.494434,83.777524
S00423,L0021,T04,423,3.710925,100.487921,71.056836,210.862934,14.534696,0.31108,429.558399,2.859956,44.76852,20.700789,97.896861
S00098,L0004,T04,98,3.933415,139.301299,115.893471,124.54654,25.101809,0.541406,424.642065,3.311281,51.90196,22.553471,94.863876
S00709,L0035,T01,709,3.060596,123.79433,120.327833,168.332996,68.205174,0.697586,382.949103,5.869108,49.19538,34.724683,89.286017
S00292,L0014,T01,292,3.947074,95.694575,67.625521,194.271945,97.432739,0.775056,395.693694,7.306294,58.198931,39.55053,82.035826
S00717,L0035,T01,717,3.65335,149.368403,139.158128,190.345237,76.780486,0.328184,449.509621,6.488235,43.836271,28.332201,90.635918
S00546,L0027,T03,546,2.43007,85.135325,135.957527,124.232112,84.224783,0.706052,316.486216,6.515107,36.104762,36.112192,88.769905
S00730,L0036,T02,730,2.878158,90.836339,125.770151,206.382867,31.687511,0.381001,361.97336,3.450483,35.604078,19.59892,94.351754
S00674,L0033,T01,674,4.036467,77.307556,136.598133,136.760772,15.804304,0.357149,403.202678,3.162754,49.423421,20.260098,95.021375
S00534,L0026,T01,534,3.528537,141.482252,118.409525,222.325319,126.111106,0.437363,423.50107,9.749005,44.784706,31.235297,82.150812
S00367,L0018,T01,367,2.550194,104.153854,120.335625,146.057509,35.38656,0.415282,333.954749,3.882068,35.797971,17.701458,96.094672
S00286,L0014,T01,286,4.232869,102.523033,95.047673,217.412782,73.448247,0.676102,436.435519,7.019666,51.404014,29.834885,87.516704
S00395,L0019,T01,395,2.538388,81.089235,131.745462,131.569314,136.678588,0.247015,304.665629,11.196089,39.820459,27.954297,81.082274
S00412,L0020,T01,412,4.468356,108.496629,89.536931,123.452702,106.770055,0.703817,424.686558,8.798486,63.9095,34.723335,81.659887
S00320,L0016,T01,320,3.021391,77.895203,85.351648,161.612408,17.237405,0.299047,348.583866,2.650191,36.760338,43.008168,95.476454
S00377,L0018,T02,377,3.713582,131.720098,141.079173,167.983969,80.758573,0.394743,422.097356,6.506085,52.341515,27.161452,87.384375
S00343,L0017,T01,343,3.005873,94.793163,100.268927,192.185144,50.829612,0.789798,377.941893,3.987587,52.922113,36.511061,90.102316
S00170,L0008,T02,170,3.527622,82.27201,100.847046,209.070576,91.950915,0.578986,374.069275,7.361144,44.827076,33.549763,85.993368
S00131,L0006,T01,131,4.044587,113.431204,115.088496,2298.90212,43.695325,0.687664,448.132159,4.898119,49.400848,27.169158,93.114073
S00755,L0037,T01,755,2.379526,83.310573,77.350908,199.505837,77.150976,0.475085,318.011387,6.696219,31.940203,30.315788,90.34736
S00174,L0008,T01,174,2.760093,71.816333,72.686035,168.785486,102.772219,0.523388,312.470312,22.288228,38.807212,32.465229,86.127783
S00516,L0025,T02,516,2.847769,94.409898,113.97825,132.013297,68.157494,0.381571,330.380378,5.414458,37.986262,25.757453,91.954329
S00259,L0012,T01,259,3.309584,78.613621,104.962189,159.992093,43.391843,0.584394,366.226714,4.149308,56.871102,25.986594,93.192966
S00189,L0009,T04,189,2.983517,127.574863,67.48458,161.706953,11.965556,0.339208,390.883379,2.828489,38.916693,24.633557,97.763927
S00025,L0001,T01,25,3.783368,100.219813,130.775113,197.391376,105.593682,0.282315,393.352289,8.663417,48.215081,25.323342,84.60452
S00681,L0034,T02,681,3.711335,136.642304,129.950226,159.950318,72.510732,0.582042,413.671106,5.267019,45.147531,30.299874,88.678767
S00783,L0039,T01,783,2.05385,109.399224,137.060116,153.283761,131.95025,0.209496,309.470346,10.592594,27.609383,25.16442,79.514727
S00310,L0015,T01,310,3.986656,124.990888,66.172555,133.400033,100.154068,0.646941,408.230436,7.951491,62.176639,40.571624,81.580506
S00397,L0019,T03,397,3.535775,97.362986,122.289218,174.888066,68.526635,0.49204,377.04758,5.768314,55.852415,25.169875,88.501823
S00414,L0020,T03,414,3.313679,97.497276,117.999365,157.780851,81.04842,0.60414,363.05117,6.35395,45.448134,33.311265,88.383602
S00701,L0035,T01,701,3.326241,124.751173,97.110664,172.727243,100.327248,0.663393,390.196412,7.310779,47.88168,33.244497,85.410609
S00721,L0036,T04,721,,74.301523,122.570978,222.044259,121.559451,0.416096,389.159604,9.148562,44.459942,29.613053,84.96761
S00503,L0025,T01,503,2.821568,102.113793,106.930563,221.516579,98.257544,0.222698,357.950026,7.543034,33.488494,27.735666,87.508709
S00262,L0013,T02,262,2.14088,128.063111,124.30153,143.523554,59.152202,0.722355,328.7759,5.25199,38.981893,34.253934,92.390108
S00642,L0032,T01,642,2.885716,134.799225,88.292017,189.500199,101.675534,0.417478,393.66027,7.878006,43.011382,23.199701,87.135928
S00763,L0038,T02,763,3.960524,85.545904,120.97045,127.465367,94.248742,0.423291,365.823875,7.756679,52.281986,29.714855,87.354948
S00197,L0009,T01,197,2.881586,119.911156,143.009753,217.167921,0.425793,0.441949,385.646426,1.948837,39.167303,19.252239,98.225958
S00752,L0037,T03,752,4.391959,74.014078,98.630188,154.029976,9.321985,0.359976,401.091248,3.280658,49.354489,15.691009,95.342842
S00477,L0023,T02,477,3.914044,73.526534,110.984089,182.84245,41.794688,0.219187,391.915913,4.629162,44.853269,17.410975,95.645332
S00796,L0039,T02,796,3.627398,90.909504,96.575875,184.732654,3.753574,0.499177,410.409183,2.796754,50.275134,19.556445,95.413338
S00733,L0036,T04,733,2.052614,103.113555,125.621258,173.765501,66.468783,0.647175,326.534319,5.255458,47.204348,32.428368,89.051944
S00744,L0037,T01,744,2.750095,120.049914,102.194214,141.626495,119.537579,0.36093,353.586608,9.081546,40.153759,30.162079,83.297335
S00758,L0037,T01,758,,90.851447,87.468531,216.810479,47.877603,0.604874,390.073482,4.17716,42.196238,29.684694,94.209459
S00118,L0005,T01,118,4.440099,121.12977,85.205401,136.143945,21.961077,0.222901,445.900864,4.261365,48.033747,17.382052,93.930917
S00556,L0027,T01,556,4.109244,120.956987,96.639904,194.832567,70.395218,0.670531,449.467175,6.380634,61.104916,34.085674,88.10209
S00669,L0033,T02,669,3.420695,76.080287,141.634194,168.109922,139.729744,0.339246,338.71059,10.819221,44.347894,35.723837,81.044776
S00184,L0009,T02,184,3.117963,84.140271,91.155821,128.310731,30.989296,0.480408,344.860425,2.84185,45.971375,21.991277,96.204922
S00471,L0023,T01,471,4.272684,132.117847,143.855729,166.06972,131.716417,0.336265,435.842006,10.651205,54.566285,32.011208,78.439449
S00059,L0002,T02,59,3.149722,99.865113,101.169706,144.135747,61.717446,0.310347,350.938705,4.587867,36.796342,22.680704,91.629358
S00119,L0005,T02,119,3.322266,92.569513,118.057279,144.386103,7.265324,0.548867,379.559702,2.358924,51.85211,22.152492,93.761828
S00440,L0022,T01,440,2.502115,118.959474,141.589447,223.761327,114.834413,0.53043,375.973771,8.914271,34.524751,29.802197,85.078994
S00736,L0036,T02,736,3.585841,147.463052,104.615795,165.158712,40.795847,0.622206,426.405475,4.257024,58.358688,36.445774,91.667693
S00381,L0019,T02,381,3.817732,138.189426,99.420936,158.023662,105.487911,0.767255,401.452871,7.972867,56.878027,43.570057,80.346463
S00038,L0001,T01,38,4.304674,,117.236954,133.473522,99.79629,0.408104,380.181376,7.869493,54.54897,32.411587,84.745472
S00362,L0018,T02,362,3.041959,83.012705,84.448086,145.516202,117.275621,0.560194,327.396329,9.772869,48.449964,36.852542,81.662943
S00530,L0026,T01,530,4.323183,85.747148,107.161448,145.22481,106.117231,0.501213,384.832642,9.056707,56.361636,29.305983,81.905771
S00443,L0022,T01,443,2.44367,88.513067,141.701061,143.613445,100.171996,0.795512,311.615733,7.713974,43.411291,34.575653,85.318417
S00614,L0030,T02,614,3.219878,111.616711,71.353073,200.211493,11.817071,0.521179,386.487873,1.870609,41.583932,16.138475,97.020597
S00635,L0031,T01,635,3.736641,128.674532,79.645789,141.89353,78.879657,0.223122,380.200036,6.476979,39.550375,23.677998,88.987323
S00446,L0022,T01,446,2.840386,132.994857,134.637526,129.259662,37.96789,0.735941,370.83637,4.135338,50.102221,31.680962,93.661831
S00705,L0035,T04,705,3.313716,99.212167,144.637955,138.841643,17.467973,0.434668,390.628594,2.40057,53.091229,18.994209,94.276176
S00348,L0017,T04,348,,86.016592,105.817531,141.052654,28.07394,0.525764,348.514674,3.627787,46.440756,27.718882,94.279048
S00678,L0033,T03,678,4.15781,106.322488,66.893037,149.990991,97.023081,0.626814,402.018906,7.876638,59.739188,38.069764,83.385077
S00176,L0008,T01,176,2.087485,104.219334,142.068087,169.645903,73.808651,0.584955,322.399251,6.798247,41.424854,34.897763,88.469208
S00726,L0036,T02,726,2.613207,144.93419,67.790245,126.067583,126.934084,0.583585,360.915336,10.007637,46.802895,41.710167,79.126507
S00364,L0018,T01,364,3.927819,112.518487,139.812674,144.937815,59.785029,0.316434,414.121717,5.022969,46.970438,23.593461,92.101029
S00437,L0021,T01,437,2.241336,103.235317,117.216254,121.029361,44.33648,0.711718,321.898546,4.690164,48.852338,27.388816,91.039102
S00309,L0015,T01,309,2.049392,95.435736,74.686619,211.095933,135.11445,0.765127,319.550766,11.39964,36.039046,43.189146,77.285835
S00506,L0025,T01,506,3.734117,91.600493,96.228628,147.571874,61.229241,0.38774,359.586898,4.891,49.497267,20.127608,91.557719
S00022,L0001,T01,22,3.323538,85.353026,75.761558,229.418161,63.01603,0.43212,393.725799,4.749196,33.386747,23.989682,94.477845
S00360,L0018,T01,360,3.480565,136.718638,129.102631,174.084567,105.126415,0.439549,391.227819,8.40497,51.185103,29.101517,84.88218
S00514,L0025,T01,514,2.923305,81.661334,99.369872,199.579707,5.386177,0.528991,367.324238,2.525948,39.775103,23.510091,98.586523
S00787,L0039,T03,787,2.136771,145.836366,138.384426,,15.759466,0.460281,358.342139,3.519801,31.050038,26.906408,94.024353
S00135,L0006,T02,135,2.686187,90.359107,127.884797,163.730638,82.97499,0.667983,332.148314,5.723079,45.564693,37.675853,89.942852
S00358,L0017,T03,358,3.525198,134.272586,130.510799,157.09781,126.833624,0.593273,405.780234,10.228513,51.863269,36.339627,79.851053
S00295,L0014,T01,295,2.853904,72.857737,65.109827,191.514644,101.229304,0.606696,344.142057,7.600414,47.161849,36.361418,85.05717
S00225,L0011,T01,225,3.348122,70.893544,98.48213,179.883801,134.131084,0.640702,334.630026,10.593728,51.483288,39.451266,79.130127
S00742,L0037,T01,742,2.854869,131.746372,82.155378,127.435238,59.450583,0.698948,371.173916,4.599299,51.700959,33.719922,90.322819
S00549,L0027,T03,549,3.084523,124.959505,72.388858,227.134098,115.440676,0.511907,382.260708,8.586288,43.439284,32.587881,85.341228
S00424,L0021,T01,424,2.002569,116.286371,136.423592,197.875015,112.930672,0.279444,334.983329,9.468456,29.896477,29.340192,83.976941
S00633,L0031,T01,633,2.874248,103.372098,94.88898,209.937805,27.008344,0.355822,376.762824,3.917273,41.937712,19.474851,97.733551
S00094,L0004,T02,94,2.086196,135.776054,114.834065,216.287675,49.324636,0.543629,360.825812,4.352747,33.778829,26.184894,90.465327
S00378,L0018,T03,378,2.286207,120.352203,141.288955,216.782953,103.8544,0.425009,346.121743,8.3096,37.404004,32.111123,86.323936
S00579,L0028,T01,579,2.143503,145.465932,72.730846,200.801084,133.270703,0.25776,357.165929,11.043124,30.624108,37.596698,79.294421
S00650,L0032,T02,650,2.427821,80.437878,128.166864,179.667054,37.974141,0.35621,333.356323,4.093515,40.814593,19.790072,93.443182
S00233,L0011,T02,233,4.23834,144.70676,80.97082,176.060428,92.66699,0.273896,441.68332,7.485097,48.90664,25.6845,88.918251
S00160,L0008,T04,160,2.000923,82.867299,73.185357,220.909127,118.974508,0.503913,314.581518,10.136029,33.879548,33.435759,84.387225
S00202,L0010,T03,202,2.943336,80.214167,99.403729,199.764435,97.141668,0.380976,358.733366,7.589109,45.854256,30.804657,88.114256
S00438,L0021,T01,438,2.220091,145.311629,76.918292,138.376271,95.787771,0.785517,342.045094,7.557731,45.615828,40.66319,84.575127
S00178,L0008,T01,178,3.815074,106.944145,132.561451,141.940015,36.526422,0.74721,389.865847,3.513783,58.258175,32.316653,92.236458
S00722,L0036,T02,722,3.394896,149.658109,139.263521,180.51497,116.329942,0.273403,400.073213,8.641524,47.286399,27.734627,83.856788
S00620,L0031,T02,620,2.422947,86.606038,124.292959,140.005944,120.253778,0.573161,290.265141,9.999201,42.756048,35.032538,81.099574
S00067,L0003,T03,67,3.611514,134.711741,123.836334,136.800507,139.096328,0.792429,398.550974,11.355008,55.291457,43.412307,78.858188
S00347,L0017,T02,347,2.462913,131.040393,136.29142,209.44764,8.000257,0.765087,383.345963,2.894945,37.463919,25.949685,95.254018
S00319,L0015,T01,319,3.680153,76.807898,91.349503,159.977399,,0.392621,362.713974,9.994152,51.483395,31.365644,82.335912
S00248,L0012,T04,248,2.902611,140.741015,96.466425,135.743435,43.256836,0.405353,375.490742,4.533939,44.069654,30.509577,91.721437
S00302,L0015,T03,302,4.38297,94.642922,70.72829,187.734249,49.667751,0.502101,432.979335,4.981018,52.99381,31.586842,87.998987
S00598,L0029,T01,598,3.231978,82.539495,127.515175,165.282026,136.850498,0.547993,326.436872,10.964991,50.380135,37.995141,79.225031
S00568,L0028,T03,568,2.626391,90.860654,139.725462,214.091519,128.430194,0.740849,345.730595,10.384451,37.308562,48.267551,80.08641
S00389,L0019,T01,389,3.23553,121.819338,136.055241,140.405412,4.384584,0.684832,386.392382,2.35135,48.802607,25.782325,95.895583
S00685,L0034,T01,685,3.20882,101.138383,99.447095,121.351699,70.47749,0.361074,340.620389,5.289247,47.064785,27.767108,90.424651
S00575,L0028,T01,575,2.565119,79.947912,100.089735,172.855634,16.354196,0.539824,339.416862,3.096815,47.875604,24.909163,95.271497
S00495,L0024,T01,495,3.37134,120.050817,143.886696,188.944811,39.849907,0.639949,409.33713,3.617211,51.450533,20.493296,93.689422
S00740,L0037,T01,740,3.255055,86.028874,120.380111,136.865539,118.987734,0.269354,343.029876,9.092687,45.327916,27.904519,85.567144
S00375,L0018,T04,375,3.433845,91.047106,104.174318,189.469611,88.868816,0.357728,369.587481,6.376153,44.66677,30.83674,88.866926
S00688,L0034,T01,688,4.310171,149.114529,135.381279,179.301133,88.95845,0.422981,462.413026,7.601767,62.194759,24.702348,85.424843
S00298,L0014,T01,298,3.48633,131.171853,121.159823,144.62949,64.161814,0.317114,395.196893,5.2238,48.50353,25.186516,91.774653
S00106,L0005,T03,106,4.441416,148.868365,113.937082,121.121177,132.56567,0.254622,427.950425,11.087356,61.057053,29.959186,78.386763
S00667,L0033,T01,667,3.204519,87.279653,70.415268,223.250981,29.333684,0.441432,387.155349,3.161514,48.316827,21.138414,95.582899
S00140,L0007,T01,140,3.140597,138.316317,72.291327,226.7321,119.548452,0.382756,406.515572,9.520595,41.049083,32.296844,82.461722
S00361,L0018,T01,361,2.11837,82.432982,134.197915,175.240953,60.01158,0.389209,305.097175,5.266234,29.333002,21.008235,91.89403
S00133,L0006,T02,133,4.233025,138.355941,99.967194,137.445932,19.638593,0.228048,451.001217,3.227398,54.908865,13.458218,96.255989
S00493,L0024,T02,493,2.081759,103.490432,101.785242,172.801307,137.165832,0.610388,314.392547,11.464148,34.818241,31.853057,78.558759
S00240,L0012,T01,240,3.528072,106.782817,81.40035,184.955025,108.04838,0.524992,386.829649,8.214257,45.605442,37.260991,85.745076
S00472,L0023,T01,472,3.287074,82.133567,139.78981,150.132891,132.218927,0.322171,344.269376,10.912853,47.749186,26.936569,83.054858
S00617,L0030,T02,617,3.340593,97.092107,66.974032,208.866361,4.424493,0.287984,406.156599,2.402911,38.142035,12.391976,98.232679
S00421,L0021,T01,421,2.115694,123.81917,110.478503,142.580059,90.326765,0.475513,314.056327,7.32933,43.382746,31.37311,88.073203
S00680,L0034,T01,680,2.589617,70.562547,131.094224,145.542741,38.047796,0.781634,312.453417,4.028391,44.671163,34.496125,93.506228
S00297,L0014,T02,297,2.535818,148.042173,130.765352,163.919313,18.581922,0.704309,387.137706,2.904668,43.405733,34.541552,97.242515
S00712,L0035,T02,712,3.752657,86.48486,70.402629,150.85127,81.400306,0.79717,380.299242,6.82895,58.20535,37.750733,87.952733
S00637,L0031,T01,637,2.059136,147.128764,71.067015,124.594997,139.176252,0.269245,322.378157,10.727152,34.769745,32.864485,79.923991
S00524,L0026,T04,524,2.817065,133.868752,83.841309,135.125097,63.403656,0.610775,365.268613,5.46226,45.138548,26.913149,89.534977
S00515,L0025,T01,515,4.231362,104.14893,102.553264,205.920326,82.130241,0.256586,424.025529,6.097995,42.414198,21.653979,89.807643
S00075,L0003,T01,75,4.467458,125.057129,113.036987,188.046364,120.707473,0.626222,443.594281,10.141012,61.190042,37.840736,78.011569
S00237,L0011,T01,237,4.119728,148.247045,116.027369,215.810199,96.485953,0.234977,455.065728,8.187148,42.415513,29.064006,89.331624
S00315,L0015,T02,315,3.796822,93.846349,114.932435,128.586559,2.266,0.634508,383.575734,2.731852,54.266527,27.318175,94.947411
S00746,L0037,T01,746,,98.448303,74.921902,179.204437,62.509801,0.446477,410.710257,5.6299,50.951015,22.889288,89.740364
S00105,L0005,T01,105,3.518263,94.197856,141.750944,135.156728,33.814997,0.656744,367.265966,3.831441,54.103126,22.329474,94.398605
S00700,L0035,T02,700,4.270027,113.373707,87.24895,152.324595,95.123009,0.47941,409.349257,7.337134,47.764928,24.227893,86.676835
S00200,L0010,T01,200,3.993549,128.869011,133.545927,122.670379,54.215238,0.705248,410.317936,5.114324,63.881836,28.637858,90.54686
S00782,L0039,T01,782,3.448858,138.164789,136.744581,226.253047,2.787689,0.51581,452.235222,2.285953,45.842079,18.781824,98.294976
S00528,L0026,T03,528,2.877256,145.990776,116.146598,189.371002,52.913409,0.754581,400.535077,4.474641,44.675199,35.445767,90.739221
S00604,L0030,T02,604,3.732899,77.969091,84.781983,170.81379,52.131771,0.575532,374.688017,4.087157,60.701924,26.24822,88.286681
S00258,L0012,T04,258,3.209757,132.588135,94.070052,207.742422,133.155966,0.256075,398.280206,10.544577,37.978303,34.931463,81.777857
S00196,L0009,T01,196,2.34751,81.584584,66.212395,229.999481,96.159433,0.60621,340.044246,8.064576,34.893738,35.24287,87.365337
S00595,L0029,T01,595,2.639587,143.157082,86.187417,190.095922,119.65225,0.308785,373.766851,9.711969,80.035192,36.278065,83.057596
S00405,L0020,T01,405,2.026433,103.67382,81.776197,214.001142,38.21954,0.599299,351.101487,4.571684,36.483444,32.540278,90.305294
S00168,L0008,T03,168,2.676577,110.121824,128.628321,122.229209,,0.275947,347.772416,3.480514,34.772366,24.718788,94.738129
S00603,L0030,T03,603,3.87123,120.602361,106.293082,150.930696,47.311915,0.702582,398.003367,4.451502,58.653916,36.049143,91.039986
S00328,L0016,T01,328,4.345942,71.356705,111.665214,182.371403,76.628161,0.383981,414.248984,6.4449,64.005852,24.801587,86.589046
S00372,L0018,T02,372,3.379484,134.765433,116.725575,131.437476,128.361491,0.749305,370.290716,10.01125,62.984877,36.447052,79.703985
S00012,L0000,T01,12,2.187475,75.913118,116.561211,161.585993,67.620671,0.315602,297.385615,5.760377,36.715288,22.065793,93.681906
S00507,L0025,T02,507,3.210128,100.910824,118.809924,185.790922,59.082556,0.366458,375.31801,4.499421,35.576171,22.410747,91.45991
S00284,L0014,T01,284,2.044369,81.790583,130.846751,184.217893,98.065922,0.752144,287.071406,7.604947,34.773311,41.603076,86.56785
S00547,L0027,T03,547,3.820377,121.550716,96.223222,202.344205,27.935275,0.575906,436.061858,3.474522,54.046321,27.135112,91.122205
S00151,L0007,T02,151,4.363165,96.642778,138.359326,199.979589,74.564567,0.636663,434.693702,6.193563,60.446282,31.751427,87.624174
S00088,L0004,T01,88,4.168741,136.45237,81.013948,181.17304,44.88219,0.475346,442.679007,4.083312,56.47152,24.966825,89.49044
S00057,L0002,T01,57,2.413844,143.143987,117.509843,212.464967,98.642163,0.585604,366.731577,7.872425,38.903729,36.834862,85.991887
S00777,L0038,T01,777,2.927165,141.499997,90.810256,188.014504,92.73662,0.769009,382.059246,7.63922,51.266076,37.559846,85.749529
S00491,L0024,T01,491,3.360502,101.991848,78.199522,204.538739,72.788057,0.234668,378.58611,5.299837,45.16269,24.711141,90.534802
S00242,L0012,T01,242,3.501449,100.379044,86.68696,224.028285,112.289463,0.79233,390.098804,8.10375,66.840354,44.460986,80.012844
S00268,L0013,T04,268,3.547673,124.628346,86.90144,122.172202,133.042742,0.279554,377.561263,10.337739,51.076148,30.053543,80.474056
S00610,L0030,T02,610,3.494105,116.520647,139.446815,171.330964,70.924626,0.261765,385.266513,5.377609,46.092552,24.60568,90.288799
S00563,L0028,T01,563,2.791367,127.15092,136.588942,227.896292,32.005338,0.598112,401.127288,3.5777,39.042777,31.129114,94.184193
S00278,L0013,T02,278,4.162965,128.103548,118.778135,126.38333,71.90474,0.696987,419.081594,6.131863,68.014315,32.418749,84.409517
S00274,L0013,T03,274,3.0,106.027623,75.802909,132.469074,40.01643,0.280864,364.978797,3.378564,41.806525,21.036324,95.544394
S00122,L0006,T01,122,2.610946,143.362768,127.469981,192.049236,58.403678,0.671981,379.263249,5.235668,45.313997,34.360646,89.697027
S00379,L0018,T03,379,4.392305,132.277051,131.024486,138.651599,3.042012,0.469874,445.341592,2.526904,63.287074,23.538118,90.460142
S00497,L0024,T03,497,4.421959,95.934942,117.333686,126.843525,46.311279,0.48185,417.361034,4.987063,55.396573,27.94715,87.813224
S00625,L0031,T01,625,3.332857,148.86739,81.035109,189.727994,95.630988,0.670691,409.486343,7.002815,55.699261,28.326146,86.858396
S00110,L0005,T01,110,2.881786,148.43614,102.172692,120.343183,31.866778,0.592498,403.183699,3.117173,53.12886,29.807061,95.125917
S00634,L0031,T01,634,3.631246,138.625942,120.334348,212.826138,123.938283,0.395471,425.535781,9.655041,44.442031,27.112852,84.842363
S00234,L0011,T01,234,3.444574,76.732377,140.74837,225.609099,45.85999,0.261785,384.815984,3.936134,34.091964,20.397034,94.432701
S00589,L0029,T01,589,3.972426,102.857137,127.839478,167.652526,82.342855,0.56603,410.297559,6.410425,55.261773,30.78165,86.536016
S00773,L0038,T02,773,3.366328,91.102297,130.094256,190.861515,103.001787,0.589503,370.894312,8.159732,53.652097,29.763757,86.134194
S00762,L0038,T02,762,2.787523,95.946831,65.196484,155.633317,19.707238,0.442621,358.065118,3.046378,41.295265,23.331868,95.153273
S00580,L0029,T03,580,4.100886,72.599338,103.298721,188.935161,102.460468,0.342632,403.815401,7.841298,50.321465,32.540924,84.189001
S00111,L0005,T01,111,4.125815,141.767345,98.025876,214.746409,50.780211,0.45023,476.043504,4.934888,53.390474,28.337699,91.888807
S00479,L0023,T02,479,3.74607,110.017581,129.707182,123.958495,3.081511,0.217431,408.449582,2.596716,46.570775,7.751167,96.759342
S00312,L0015,T02,312,2.356061,108.490486,100.848765,168.597774,100.916493,0.323202,335.531055,8.609149,35.165168,25.164279,86.4007
S00543,L0027,T02,543,3.505613,99.460938,65.154653,151.611338,133.277266,0.437363,363.202329,11.138768,53.888709,33.026907,81.161089
S00711,L0035,T03,711,3.792782,136.408874,76.228106,126.435308,98.477078,0.480804,403.351503,7.520955,53.35585,32.96362,86.483632
S00606,L0030,T01,606,,98.986905,141.670359,221.661894,107.606831,0.246983,432.287238,8.655819,42.930217,27.996735,85.612945
S00559,L0027,T02,559,3.119238,82.589996,110.116312,156.586531,7.351265,0.363884,357.083894,2.409939,38.396689,20.389357,96.966402
S00647,L0032,T01,647,3.590728,97.119087,114.179253,176.887641,101.210159,0.635298,374.174139,7.907679,54.037702,34.822064,84.27307
S00565,L0028,T01,565,2.653864,113.760202,88.391406,176.653692,46.724401,0.378991,351.315518,4.404142,37.111021,22.632959,93.194061
S00519,L0025,T01,519,4.378879,91.75195,99.866422,182.625185,62.607201,0.76634,422.293173,5.673873,62.82121,36.151039,86.881032
S00651,L0032,T04,651,3.756191,147.071004,127.038784,123.686579,72.330964,0.655459,403.870138,5.952564,57.270592,37.625886,87.205205
S00190,L0009,T01,190,2.208319,106.616268,69.171229,215.552954,83.619876,0.478826,331.394741,7.553141,40.120396,30.373895,88.585487
S00045,L0002,T01,45,3.414827,125.20654,101.451111,182.637718,53.341093,0.674979,406.522985,4.220922,43.243154,33.445359,92.240146
S00692,L0034,T01,692,3.870456,116.097371,68.20863,184.86986,43.53887,0.546793,408.771058,4.518152,53.14165,28.501753,93.669458
S00679,L0033,T01,679,3.47056,148.544803,140.631305,125.556538,,0.693269,415.09127,3.148399,48.936057,28.022406,95.912449
S00085,L0004,T02,85,3.621095,123.909551,133.105333,142.342445,65.216458,0.297417,398.939236,5.464038,43.775883,24.555077,92.307737
S00130,L0006,T02,130,3.643792,97.482212,129.031676,124.664506,33.196581,0.483387,383.723948,3.602276,55.593066,29.828563,109.599483
S00231,L0011,T04,231,3.844826,78.428652,106.838499,193.999899,95.465221,0.697457,378.0937,7.925786,54.328447,32.043028,84.485189
S00630,L0031,T02,630,3.846129,98.816309,137.272594,125.118004,89.185775,0.565714,379.189951,7.22872,55.715222,26.341994,86.708271
S00404,L0020,T01,404,2.877485,106.942556,98.496947,192.718539,31.669724,0.786357,392.260935,2.688744,44.352193,22.851822,96.28898
S00247,L0012,T01,247,,123.915316,83.622706,197.499159,56.257531,0.394984,445.420898,5.228723,48.380993,24.053508,92.345295
S00229,L0011,T01,229,3.224985,90.176843,131.013576,192.410384,1.039322,0.760695,395.242137,2.538499,49.733591,26.789744,95.046688
S00677,L0033,T03,677,2.652022,143.312172,94.551366,1905.88219,88.651482,0.670097,382.361637,7.264765,42.629676,41.307373,88.950669
S00366,L0018,T01,366,3.00394,107.726499,82.130153,188.176668,12.540289,0.274371,389.637901,2.711052,42.648825,16.027162,97.298617
S00540,L0027,T03,540,3.680659,137.439392,100.687574,144.651667,6.45358,0.450592,424.774982,2.527378,51.563261,21.665752,96.389221
S00316,L0015,T01,316,2.869162,111.604514,99.602723,189.696531,111.480917,0.421251,357.989211,8.226866,43.280958,34.707555,84.996551
S00218,L0010,T02,218,3.133485,107.5043,110.018465,216.447046,107.004534,0.577685,381.461558,8.433581,39.224638,37.620846,83.787369
S00046,L0002,T02,46,3.104117,84.204822,72.894864,141.583944,138.034895,0.294317,331.491384,10.662528,46.129888,36.955392,79.642329
S00537,L0026,T03,537,3.757322,149.630874,135.143184,159.335554,19.951038,0.318135,435.731486,3.61127,54.821082,15.857809,95.259333
S00342,L0017,T03,342,2.970653,82.195509,89.148848,176.607587,14.746079,0.398077,366.620674,2.957002,42.462821,16.762313,96.84921
S00109,L0005,T01,109,2.305092,90.215741,137.963318,124.082872,119.334241,0.325582,288.347596,22.616676,32.42381,31.245999,82.737228
S00686,L0034,T02,686,2.69848,126.998733,131.044247,145.150109,18.697577,0.684355,371.919222,2.893951,43.822378,26.625099,96.253905
S00469,L0023,T03,469,3.284648,100.523318,110.223931,227.622983,93.883132,0.448019,394.819607,7.026272,38.823145,32.803428,89.344942
S00370,L0018,T01,370,3.179511,87.447035,101.122961,228.063063,46.078291,0.613421,378.626275,4.107779,47.722708,32.293953,92.549967
S00576,L0028,T04,576,2.672114,138.61539,83.127226,174.067032,74.459566,0.349267,370.864291,6.353393,32.091394,25.816019,92.165552
S00318,L0015,T01,318,3.290611,146.002813,118.438832,218.833684,132.19337,0.372432,406.117753,10.763077,39.183735,33.78874,81.325344
S00344,L0017,T01,344,4.273756,112.305418,69.607917,200.334076,58.914546,0.280797,431.548376,5.137336,48.465835,22.701265,91.95979
S00432,L0021,T02,432,4.224454,111.23004,141.301412,204.993109,29.371201,0.411607,468.852858,3.937534,48.294404,20.765381,95.818787
S00181,L0009,T02,181,2.194927,120.848015,85.737037,130.908771,83.216617,0.752786,320.477077,6.586207,50.605144,37.946493,88.023756
S00253,L0012,T01,253,2.177347,138.346072,93.077134,137.692273,36.20621,0.645903,343.762994,4.199947,43.580382,23.007466,94.315739
S00531,L0026,T03,531,3.658359,83.937746,134.14992,135.513217,0.122661,0.711209,379.788994,2.636494,57.607719,28.669365,93.959148
S00245,L0012,T01,245,4.278086,97.503961,95.531089,137.829947,57.993706,0.54369,400.903144,5.473092,49.307751,27.289041,92.348822
S00461,L0023,T03,461,2.496418,128.945443,103.183025,207.880367,38.166771,0.402271,381.812542,3.913342,37.756145,21.578211,95.926584
S00725,L0036,T01,725,3.414778,73.264042,89.937934,225.045204,6.630655,0.607748,371.516749,2.703454,63.821885,23.867234,95.267124
S00387,L0019,T02,387,2.682815,97.955537,83.590614,157.78002,86.533635,0.726752,357.203573,7.097141,43.923037,35.316274,90.655195
S00538,L0026,T02,538,3.287773,88.678171,109.896829,155.62487,113.643143,0.394113,336.166377,8.834208,45.467363,34.729473,83.661657
S00535,L0026,T03,535,3.185122,146.387132,144.627488,162.766736,18.777495,0.482005,403.362744,3.276488,47.901813,21.164172,95.887333
S00607,L0030,T01,607,3.894591,143.113281,132.901573,205.38357,80.300691,0.663627,439.467817,6.465635,58.667672,39.204217,83.809031
S00114,L0005,T02,114,3.020553,107.045632,138.694578,168.564957,70.575066,0.674992,373.93394,5.415235,50.173518,35.28737,90.056448
S00254,L0012,T04,254,3.649035,129.393297,81.882919,134.140679,114.570281,0.328782,386.536889,8.568201,45.808653,34.166438,84.813667
S00076,L0003,T04,76,2.795342,74.139202,70.596235,216.742342,80.987397,0.721929,351.063543,5.774139,42.805021,30.395016,89.190589
S00032,L0001,T01,32,4.191678,90.690515,106.646269,208.763937,124.340178,0.227547,410.369966,9.77623,44.822114,32.453155,81.724102
S00187,L0009,T02,187,3.755519,138.894825,114.247464,166.964225,70.783327,0.598398,429.197086,5.767457,52.908093,35.658451,88.038459
S00613,L0030,T01,613,2.930359,91.217649,108.121969,153.761574,41.865282,0.589367,338.277969,3.763039,42.181353,27.739847,94.54374
S00195,L0009,T02,195,4.448605,94.354465,125.640342,186.451667,1.765401,0.329445,436.638884,2.685887,61.368885,11.490544,94.919883
S00129,L0006,T03,129,2.054458,101.97594,1112.2867,169.388388,71.491441,0.61282,316.531,6.778533,44.16928,31.401441,91.610198
S00433,L0021,T01,433,3.511865,145.12145,133.223024,166.315888,65.312641,0.571682,405.207165,5.238414,49.15561,29.215414,89.49027
S00165,L0008,T01,165,2.741635,85.384955,128.996169,170.795763,14.675567,0.280913,340.880737,2.954033,45.113285,12.945766,97.494073
S00214,L0010,T02,214,4.454737,79.265255,136.743718,123.829058,81.653393,0.749471,391.525996,6.48447,64.810204,38.198145,85.209366
S00282,L0014,T01,282,3.81578,147.77848,109.175193,183.720019,123.207594,0.354651,422.406535,10.19692,38.833031,33.499874,83.67125
S00569,L0028,T01,569,4.446135,140.575988,102.521396,150.20221,118.175572,0.308353,439.979498,10.263457,51.514733,32.497855,81.242183
S00250,L0012,T04,250,3.469708,128.953877,95.816366,157.849397,105.445577,0.473538,387.812051,8.378042,54.249301,30.211251,84.496761
S00107,L0005,T01,107,2.389247,112.148532,125.813098,139.173215,43.243012,0.630866,338.073104,4.672459,41.698251,27.312107,93.106385
S00051,L0002,T02,51,2.193587,140.021917,88.303847,125.58142,88.222209,0.351763,349.128135,7.835089,42.838183,28.128134,87.325715
S00264,L0013,T04,264,2.485985,87.173235,123.473116,143.307516,90.059146,0.527075,297.37701,7.010385,44.100834,34.442801,88.2293
S00468,L0023,T03,468,3.417986,76.582194,130.757685,197.061798,56.469024,0.452987,371.348613,4.631564,42.451269,25.178232,93.467288
S00014,L0000,T01,14,2.631209,125.172718,111.245192,151.161703,61.245224,0.406128,356.617402,5.458818,43.988726,23.420394,91.855307
S00291,L0014,T03,291,2.622969,137.143455,94.223341,121.585553,82.950528,0.437219,350.932338,6.346079,42.00248,26.101339,88.490702
S00578,L0028,T01,578,3.271601,102.90623,65.692983,176.777026,49.548044,0.534594,375.65754,4.337133,49.617757,25.325186,92.033711
S00084,L0004,T01,84,2.360857,77.336092,110.739446,177.291097,65.654677,0.231178,316.180387,6.276636,34.675248,21.840413,91.844427
S00143,L0007,T03,143,2.748984,99.939862,141.423133,150.969501,113.354666,0.647091,334.140211,9.074175,46.93191,40.723999,83.643659
S00355,L0017,T04,355,3.428951,134.497905,132.817837,142.988715,37.750131,0.72543,399.254441,3.670558,56.630423,32.875917,92.988737
S00124,L0006,T02,124,4.458271,137.265618,139.948751,183.483729,72.385772,0.383927,453.261099,5.913204,53.899734,26.657251,89.922152
S00429,L0021,T01,429,2.475609,87.815395,130.359927,188.856912,83.824063,0.713068,332.167137,7.020157,41.508227,34.38468,87.993498
S00780,L0039,T03,780,4.052016,138.965145,117.324821,,97.246105,0.256988,444.531328,7.955734,38.997523,21.628116,89.616514
S00060,L0003,T01,60,4.362629,116.44014,117.106709,146.401294,118.543193,0.518812,409.509613,9.753047,55.016157,35.752498,81.096245
S00690,L0034,T01,690,2.072436,72.848996,143.441712,215.09076,114.433052,0.591208,296.350078,9.343228,30.1966,37.349006,81.534299
S00793,L0039,T04,793,4.160902,72.408052,123.352456,169.974873,9.608641,,418.021132,3.186858,53.052613,25.91731,93.765061
S00587,L0029,T01,587,4.10809,83.711874,138.65777,188.414705,131.88357,0.771877,389.071418,10.422773,58.838293,39.580937,76.896105
S00562,L0028,T01,562,3.593019,136.316372,117.1573,150.039866,19.08912,0.4632,414.530932,3.280996,49.637802,21.50837,95.70577
S00694,L0034,T02,694,2.546791,86.226041,90.152059,204.069636,27.95684,0.792016,340.875304,3.538607,49.126485,30.691072,94.862166
S00454,L0022,T01,454,2.090491,103.854193,92.513934,215.115351,135.360643,0.275376,317.053971,11.266692,34.11267,25.51853,80.975122
S00682,L0034,T02,682,3.921212,146.143967,69.16265,174.972128,37.885227,0.257419,443.930737,4.025965,50.889229,19.597503,95.024674
S00220,L0011,T03,220,2.728055,74.752579,79.026133,196.250047,86.159493,0.617908,345.819308,6.126033,44.377345,33.691982,89.00665
S00082,L0004,T01,82,3.932655,128.01327,129.811161,226.536943,54.559414,0.594192,430.363373,4.631472,56.841802,26.84931,90.718689
S00749,L0037,T02,749,3.567014,128.775197,90.919549,197.857943,57.731437,0.545916,410.721091,5.314219,52.275478,29.331294,91.806286
S00775,L0038,T01,775,4.355814,136.665036,137.745149,133.486254,17.546386,0.449477,445.299309,3.288286,53.307423,25.546965,92.851547
S00766,L0038,T01,766,2.571767,73.373635,69.523136,204.684712,108.934747,0.471081,317.166347,8.621709,28.760884,29.797379,84.274435
S00649,L0032,T03,649,2.925032,102.671041,142.217877,132.185293,31.686738,0.717027,344.620266,3.285281,52.623816,30.124762,91.468369
S00466,L0023,T01,466,3.514578,140.891442,66.954479,149.831269,91.695682,0.28672,412.239614,6.510763,49.001982,20.957797,87.484922
S00308,L0015,T01,308,3.236496,100.773813,92.75908,228.955097,36.088214,0.605488,403.481831,3.554687,37.892644,31.270585,94.331211
S00100,L0005,T02,100,2.034766,94.821535,107.816362,122.525576,130.087716,0.200855,279.493172,10.424477,38.275059,24.84308,82.118112
S00671,L0033,T04,671,2.415018,80.506215,129.336357,146.664471,68.426597,0.68654,289.488692,5.780086,50.806275,39.972164,90.266602
S00154,L0007,T01,154,3.157193,81.597051,81.270177,124.825317,120.970828,0.779465,326.562277,9.065727,51.672297,46.048038,80.22003
S00731,L0036,T01,731,3.595586,144.766285,84.017727,193.203565,80.415458,0.308544,427.796813,6.684903,42.991668,23.390497,89.9576
S00409,L0020,T03,409,,135.51423,79.566578,187.351314,45.528207,0.311739,383.461599,4.671443,37.95916,16.970064,96.855075
S00689,L0034,T01,689,3.058021,114.141665,132.14053,122.292324,65.575049,0.457957,364.28882,5.379414,48.446336,32.656247,90.469032
S00332,L0016,T03,332,3.447827,94.032307,125.056212,190.775296,102.40845,0.240976,381.641359,7.988093,47.625597,24.082872,85.352019
S00021,L0001,T04,21,2.190908,1244.3188,138.098626,228.853745,118.697251,0.73163,341.528264,9.674259,36.012082,41.858589,82.402787
S00558,L0027,T01,558,2.605457,130.403709,100.222314,162.204248,132.28577,0.7132,341.508276,10.980042,49.333104,44.360391,78.588357
S00281,L0014,T01,281,2.026206,105.964569,108.949483,205.781121,30.299506,0.6202,349.612444,3.849105,36.126376,27.776987,94.709557
S00710,L0035,T02,710,2.92833,125.233458,72.833097,199.452336,31.736761,0.324338,401.201716,3.330298,36.043113,16.289492,95.181477
S00661,L0033,T03,661,4.468293,131.535667,123.037835,229.018285,128.895131,0.445696,446.715711,10.694858,49.065341,32.567516,80.113753
S00708,L0035,T02,708,2.156449,97.177482,132.72631,142.594181,61.389106,0.43657,301.450608,5.983457,35.824794,22.716346,88.989747
S00756,L0037,T03,756,3.74386,84.031839,136.636536,180.55931,29.404713,0.303711,392.12367,3.749399,44.050716,22.458032,94.141307
S00073,L0003,T04,73,,148.60754,127.200254,170.116389,71.818672,0.710306,451.687946,6.188252,55.807559,36.075829,86.211671
S00636,L0031,T03,636,2.421233,136.573071,128.371828,134.864782,118.198504,0.709333,336.417722,9.967645,46.446043,39.24947,82.953016
S00031,L0001,T01,31,3.533341,88.499114,134.621287,192.680329,4.815279,0.431795,395.161215,1.779872,44.308315,16.059003,96.756627
S00193,L0009,T01,193,3.282678,113.87979,125.388423,198.432319,77.298231,0.389342,388.430825,6.098926,37.212842,26.150588,90.68404
S00552,L0027,T02,552,3.489204,113.948249,80.664165,171.71149,133.992197,0.571433,367.74805,10.974134,50.196744,36.452381,78.910977
S00645,L0032,T01,645,2.624884,129.907112,75.17207,181.54292,133.32014,0.669835,358.579106,11.076351,49.513906,40.640569,78.432882
S00659,L0032,T01,659,3.340157,135.910695,82.4635,215.621052,58.85819,0.740487,424.623455,4.332656,51.579254,33.665953,90.965877
S00305,L0015,T02,305,2.691848,133.812875,133.568877,181.644277,98.017552,0.773348,364.093308,7.742843,46.523414,36.745428,86.445719
S00639,L0031,T01,639,2.392762,133.359394,66.51342,122.180979,7.516961,0.717186,352.451648,2.92929,43.364258,28.744132,94.396641
S00616,L0030,T02,616,3.440892,94.686256,94.571633,196.812148,0.033257,0.601672,396.990991,2.656731,45.071882,23.776952,94.952735
S00203,L0010,T01,203,3.89886,,133.935045,228.37295,79.013375,0.557201,444.781031,6.472009,51.040312,34.12157,87.175846
S00737,L0036,T01,737,3.535431,137.409802,139.761648,176.472831,48.490847,0.214017,414.033135,4.200143,40.484899,11.788512,95.32287
S00257,L0012,T01,257,3.529364,127.573095,102.150065,211.477641,68.214953,0.251325,422.697603,5.290688,40.52967,24.070046,91.240638
S00369,L0018,T01,369,14.087095,115.245805,97.705405,205.725502,3.779117,0.24516,392.480298,2.994725,36.170809,15.644405,97.08311
S00004,L0000,T01,4,2.149768,94.002651,105.647315,163.497078,81.832286,0.415312,316.967071,6.620887,38.186863,33.253249,88.565006
S00232,L0011,T01,232,3.735147,71.940011,119.896744,171.284112,98.096317,0.715165,360.029886,7.151956,51.251942,35.015076,84.808712
S00550,L0027,T02,550,4.062684,124.475651,73.254991,185.936111,8.00864,0.453497,451.101619,3.113088,48.963985,20.128729,96.156684
S00520,L0026,T04,520,3.411174,147.251704,75.73508,140.788269,111.73769,0.654695,402.34004,8.167636,58.108553,38.972331,81.277153
S00030,L0001,T03,30,2.425556,134.82656,128.093209,151.754324,72.255517,0.202646,353.281776,6.502228,33.093901,25.11615,90.199192
S00684,L0034,T01,684,2.761181,117.055747,126.161477,212.659492,115.185456,0.487692,359.250268,9.200194,39.320242,33.913082,84.874789
S00017,L0000,T02,17,2.136133,114.695715,89.632824,122.552934,93.597347,0.247362,308.769471,7.003897,33.67123,27.375416,88.477186
S00703,L0035,T02,703,2.902892,90.009774,124.224606,192.338868,90.293692,0.670014,348.919942,7.41304,49.173744,31.974962,86.572594
S00373,L0018,T03,373,2.181831,103.101673,85.021125,,66.795603,0.759091,300.863324,5.91729,49.090477,32.855692,91.249452
S00288,L0014,T03,288,3.31219,130.255093,137.894033,149.380512,42.998975,0.430674,391.543691,4.240551,47.084325,20.560995,94.602436
S00000,L0000,T02,0,2.453245,96.799841,92.630973,135.974051,70.636481,0.388604,324.254885,5.682892,36.446271,24.550829,91.640527
S00430,L0021,T01,430,4.237362,144.180989,108.598797,127.888274,48.800471,0.666526,445.30957,4.749727,69.047463,30.551378,88.135871
S00542,L0027,T01,542,2.878776,91.01164,135.196503,205.621339,73.395206,0.788114,344.344283,6.315535,49.489018,36.060442,89.402479
S00757,L0037,T02,757,4.003312,93.768634,100.212486,219.549485,105.291947,0.786181,408.675097,8.767421,58.319121,37.103624,83.812708
S00411,L0020,T01,411,2.963903,74.205249,128.647889,188.590081,133.150438,0.750685,330.363635,10.738177,45.718187,41.405415,81.3711
S00053,L0002,T01,53,3.345242,95.426781,116.68035,173.247476,3.311696,0.798826,377.558107,2.51867,56.944663,28.019764,96.581293
S00490,L0024,T03,490,2.172111,114.785708,129.341642,190.219682,118.503924,0.572492,318.506056,8.994226,35.916818,36.337364,85.767832
S00464,L0023,T02,464,2.006945,148.235437,74.305951,120.544177,85.11045,0.58196,330.277559,7.147126,47.90172,28.898474,88.495444
S00091,L0004,T04,91,3.129789,126.088683,66.065683,201.585641,4.380139,0.258358,411.27975,1.9959,38.238049,17.259407,97.798818
S00675,L0033,T01,675,4.319161,125.037181,108.239678,182.31336,14.260087,0.445171,451.555522,3.923266,58.437675,16.718708,91.144216
S00063,L0003,T01,63,3.220322,113.695034,140.030595,179.195062,126.388668,0.785765,368.94762,9.386746,54.952059,40.642645,80.968471
S00584,L0029,T03,584,2.42492,120.569226,141.173241,132.640721,91.421817,0.5915,327.190394,7.364387,39.323891,33.126662,89.917534
S00450,L0022,T03,450,2.703825,72.714248,112.315865,132.197745,58.390476,0.704247,304.69257,5.236452,52.921127,36.408104,89.407461
S00008,L0000,T01,8,,135.845641,104.492154,158.371636,65.055585,0.698605,397.241154,4.843369,50.808772,30.431846,91.798577
S00504,L0025,T01,504,4.244175,102.890038,69.653671,168.98699,67.520444,,411.00006,6.50238,62.880133,32.487918,84.407412
S00322,L0016,T01,322,2.075159,123.737375,76.066601,182.666298,81.168348,0.317636,336.260687,6.74927,29.618185,24.639618,90.945256
S00215,L0010,T02,215,2.205076,135.491203,142.242465,188.156129,12.738151,0.257329,362.237955,2.930535,28.348008,12.892346,97.552556
S00670,L0033,T03,670,3.163648,127.329702,115.080903,201.494905,,0.412063,406.062778,3.225024,47.028228,21.87809,97.243172
S00172,L0008,T01,172,2.745968,97.914384,122.833327,176.976027,105.989599,0.584263,340.153145,8.075171,44.382409,37.613678,86.862909
S00590,L0029,T01,590,2.229978,120.140121,109.914822,198.26703,51.683204,0.348029,336.116247,5.504063,33.506146,20.206279,94.629804
S00336,L0016,T01,336,4.094264,134.034949,80.65478,160.507896,10.037361,0.572621,460.911832,3.076717,60.77844,24.209683,91.612469
S00104,L0005,T01,104,2.396038,107.686647,139.00692,125.385969,16.666634,0.724334,338.006811,3.3206,53.017369,30.981355,93.755465
S00116,L0005,T01,116,2.4534,141.39842,133.380113,199.041977,3.235995,0.21551,386.936556,3.075904,36.236757,13.867454,97.697347
S00194,L0009,T01,194,4.30517,82.51751,125.182262,157.78135,106.327957,0.346298,385.519496,9.057503,54.700022,31.245571,84.065002
S00656,L0032,T01,656,,142.773201,80.092093,211.397884,79.901017,0.632999,424.443515,5.627823,54.660696,34.078296,88.372701
S00789,L0039,T03,789,4.147222,71.992007,,139.054319,103.478753,0.51451,367.207372,8.424914,57.806981,39.010233,80.677164
S00374,L0018,T04,374,4.019094,73.304701,97.95452,208.047032,8.155829,0.667152,419.204762,2.622966,48.140293,23.36739,95.340797
S00738,L0036,T01,738,4.100562,104.820093,88.658649,148.770497,32.331712,0.218969,403.10484,3.743397,49.76387,20.346908,94.349938
S00526,L0026,T02,526,4.003226,71.870996,124.856476,210.972252,52.70249,0.73291,428.238709,4.772507,54.40563,25.383422,92.416057
S00566,L0028,T01,566,3.182487,112.417565,139.448183,127.815744,0.070964,0.356517,388.009872,1.781049,44.854485,19.788155,96.071656
S00013,L0000,T01,13,4.252317,123.850617,67.061538,215.929193,111.117146,0.337048,447.785964,8.810844,47.207444,28.222972,84.290751
S00050,L0002,T02,50,3.332959,145.3199,67.737847,176.08006,63.789404,0.544675,413.444815,5.098542,51.159547,27.40145,91.462423
S00510,L0025,T04,510,2.571904,136.870126,144.505021,139.982815,122.935981,0.274875,342.034394,9.94406,39.335828,35.730474,85.081739
S00754,L0037,T02,754,3.33926,130.727491,101.67029,229.376553,119.61187,0.43826,399.901144,9.552181,45.052804,35.700591,85.690659
S00212,L0010,T01,212,4.225299,128.241424,140.676725,216.506545,120.641636,0.575078,449.706511,9.222893,53.673517,37.757723,80.124734
S00734,L0036,T04,734,2.983751,74.363574,119.382922,195.331797,16.814194,0.473401,364.587831,2.661572,43.710395,20.595852,96.994057
S00505,L0025,T01,505,3.034005,93.512172,735.0612,210.562023,106.387703,0.412817,363.332487,8.01717,34.482806,24.831758,87.981416
S00211,L0010,T02,211,2.052751,109.742423,88.868574,139.104028,5.673848,0.434118,331.943157,2.903453,35.749574,21.107439,97.068435
S00261,L0013,T01,261,3.71752,92.427269,83.077224,134.987524,93.143911,0.323192,365.426446,6.729984,50.245017,26.423722,87.364158
S00155,L0007,T02,155,2.127994,79.13278,144.860143,177.066431,117.442715,0.64395,282.890796,9.327601,37.974393,38.004803,81.051028
S00016,L0000,T02,16,3.274649,138.608467,139.731642,203.637768,94.739874,0.228077,404.338469,7.278517,33.574054,25.180391,87.484123
S00230,L0011,T04,230,4.268217,75.158991,81.88888,155.318899,91.875566,0.424462,389.221344,7.34774,51.346311,31.909705,85.277082
S00509,L0025,T01,509,3.471089,109.913469,122.489866,120.42161,37.117604,0.200204,371.063124,3.706925,35.404534,20.768427,94.852775
S00205,L0010,T03,205,3.202082,127.316183,72.785994,165.892458,135.241616,0.44639,352.403358,10.378782,47.745419,36.702848,80.411362
S00611,L0030,T01,611,4.262235,77.034153,119.716505,125.704538,124.350799,0.322908,379.949123,10.151586,52.353629,30.947986,81.649189
S00061,L0003,T01,61,2.645852,101.414749,95.066059,141.688526,6.951003,0.229867,335.401882,2.90142,41.885916,14.617649,97.213761
S00221,L0011,T01,221,3.300699,131.24047,126.838284,160.697924,120.079153,0.696941,395.132639,9.228869,55.397858,43.155892,83.23985
S00475,L0023,T01,475,2.784589,116.950095,118.32732,198.349375,108.456939,0.349186,358.154953,9.003613,41.115048,32.511406,87.119577
S00723,L0036,T01,723,3.11142,82.956678,93.922013,163.476467,101.545779,0.281703,338.257812,8.025193,48.116114,26.5164,86.824287
S00452,L0022,T01,452,2.134209,118.361665,143.083484,197.495232,62.852324,0.482383,343.27125,5.568453,41.620636,26.754326,90.056696
S00683,L0034,T04,683,3.212055,94.938494,91.993063,208.89344,131.983202,0.681092,358.397836,11.064146,44.272339,40.924319,81.087958
S00797,L0039,T04,797,4.37484,96.013226,123.037432,218.168244,103.53864,0.271707,428.932949,9.180376,48.048377,28.061239,84.675429
S00365,L0018,T02,365,3.81715,85.339359,142.765264,167.509746,115.106787,0.722423,380.58906,9.088708,60.323854,40.362124,81.24613
S00478,L0023,T01,478,4.027473,128.108708,138.938059,152.400382,23.212405,0.362867,425.925926,4.479865,51.536332,22.092098,94.370457
S00371,L0018,T02,371,4.251394,71.460433,100.501072,130.64094,3.741396,0.585125,399.003247,3.035311,58.729809,24.209903,91.906619
S00484,L0024,T02,484,3.880982,89.4696,143.456228,135.297988,34.222886,0.541252,334.859881,3.63185,61.377856,26.785809,91.868013
S00724,L0036,T02,724,3.963259,83.946314,110.891418,172.563152,105.731255,0.336089,377.616928,8.426333,48.291361,31.464801,85.338798
S00551,L0027,T01,551,4.407785,143.220533,87.080106,225.023141,133.941112,0.432497,462.890445,10.742968,52.245721,32.162863,79.51317
S00210,L0010,T01,210,3.65358,72.630768,80.882656,1710.94808,83.470633,0.667357,377.962686,6.735545,54.869827,32.936605,85.171694
S00330,L0016,T02,330,2.880356,141.167303,68.560422,149.135911,106.355829,0.63449,361.929245,8.26226,49.970744,36.149206,84.009978
S00791,L0039,T04,791,2.524358,71.776749,121.816808,219.63913,66.601164,0.285261,345.697633,5.399096,29.27774,25.038333,93.224286
S00536,L0026,T01,536,3.206462,101.873382,67.498897,121.113805,104.528043,0.428171,349.717756,7.454028,48.397783,31.55563,86.294537
S00391,L0019,T01,391,3.495338,91.103876,113.862012,168.601485,58.93221,0.275729,382.908037,5.819516,40.719265,24.219465,95.188252
S00033,L0001,T02,33,2.440117,74.776495,80.65044,214.61518,34.005058,0.272129,328.839378,3.589302,27.174332,18.003404,95.487191
S00571,L0028,T01,571,3.76521,133.060662,98.989311,131.69472,0.220763,0.409287,429.293801,2.528475,55.101882,19.422583,96.648553
S00767,L0038,T01,767,4.30636,123.207384,123.417465,217.8682,95.976796,0.583921,453.423257,8.739314,53.380816,29.841591,85.759715
S00040,L0002,T01,40,2.967209,133.054888,136.645882,191.189555,68.921429,0.718396,391.436601,4.935689,46.342935,33.343403,87.936378
S00087,L0004,T01,87,3.788521,143.384465,141.417352,166.973516,42.186227,0.543548,423.188126,4.10624,55.75426,21.57928,92.441583
S00467,L0023,T01,467,2.267599,,136.970663,179.847727,85.800374,0.721518,337.234614,7.784742,43.257027,40.165961,84.13424
S00695,L0034,T01,695,2.789526,88.781013,89.244077,192.18298,100.08223,0.391734,337.865523,7.908821,34.972857,26.795951,88.059366
S00400,L0020,T01,400,2.819902,116.198655,142.15855,201.78303,80.530735,0.347419,384.697833,6.304393,45.430392,25.722077,90.787636
S00280,L0014,T01,280,3.205129,142.648444,74.280516,156.470579,128.993779,0.362026,372.749517,9.743144,42.741497,31.868334,82.920279
S00385,L0019,T03,385,2.750577,119.452815,65.846618,199.004395,81.154735,0.610415,366.272953,6.761269,43.787045,34.335214,87.481274
S00792,L0039,T04,792,,101.777674,115.64687,180.817353,85.781325,0.393144,397.465747,7.417312,42.624939,27.794313,87.923287
S00750,L0037,T02,750,4.445385,116.240399,127.917785,186.902901,129.446377,0.792171,432.901568,10.990242,64.045464,43.839782,76.170501
S00015,L0000,T03,15,3.827511,121.047714,107.557835,145.633321,89.667002,0.443418,401.413051,6.669682,50.440655,34.725634,86.531782
S00500,L0025,T01,500,4.403706,132.631918,106.096649,153.58488,54.268217,0.305791,440.974587,5.090409,50.034826,24.046274,92.65197
S00018,L0000,T01,18,3.290525,131.271729,114.217386,214.231528,79.131714,0.617503,407.180138,6.525068,52.083596,36.800015,87.795553
S00145,L0007,T01,145,3.504517,101.200316,119.540224,214.425543,78.565374,0.362364,389.673362,6.6351,40.416751,24.109699,93.300861
S00392,L0019,T01,392,2.840474,136.204283,94.38667,129.070154,56.846848,0.200826,367.012394,4.665368,34.099995,16.007672,94.02037
S00353,L0017,T04,353,3.485724,119.855871,107.310791,183.934349,12.259645,0.67633,413.415958,1.846417,43.355231,29.74735,94.212379
S00255,L0012,T02,255,2.503384,111.63045,135.92265,146.504748,100.386724,0.661504,327.371094,7.958387,52.387541,36.730246,83.982833
S00605,L0030,T01,605,2.200346,90.929605,122.690979,190.346754,44.792841,0.594305,315.253189,4.640254,48.597113,25.529377,92.522693
S00799,L0039,T02,799,4.42181,103.703381,79.257755,178.194738,111.862893,0.705156,420.298879,8.822091,60.288731,41.866387,79.154225
S00199,L0009,T01,199,2.744578,133.086295,105.883593,156.526213,36.89324,0.537535,368.854021,4.078372,40.215094,24.044036,92.868464
S00251,L0012,T02,251,4.324049,132.478868,65.622462,121.912688,126.77024,0.498846,419.172892,9.911248,57.822534,33.480536,77.407665
S00764,L0038,T01,764,4.204259,137.744915,78.492943,153.246708,109.779363,0.359975,425.389494,9.133972,48.637007,30.35754,83.975462
S00539,L0026,T01,539,4.011463,75.466965,72.609264,144.41372,127.800692,0.677589,358.52256,9.920322,63.438457,38.99028,75.836391
S00718,L0035,T01,718,2.420193,99.864295,92.602733,133.732751,19.442955,0.290744,330.905026,3.173497,42.723674,16.649013,97.455117
S00324,L0016,T04,324,4.064712,136.880158,66.668386,181.807055,3.162797,0.284824,458.245761,2.67266,51.237832,17.057006,96.291292
S00287,L0014,T04,287,2.810881,109.133123,93.960063,185.088129,59.556135,0.299945,362.549893,5.340278,33.68137,23.337974,92.089831
S00083,L0004,T03,83,2.894904,95.739991,84.522102,203.543506,90.323661,0.219985,363.573295,6.436707,33.79936,25.694374,87.846009
S00329,L0016,T01,329,2.09944,123.132219,,143.912391,78.64284,0.334776,328.140857,6.445786,33.827094,26.532466,89.51923
S00185,L0009,T02,185,4.051136,122.377322,133.673249,197.42939,31.494326,0.637716,450.455971,3.698534,60.001357,29.248432,91.773144
S00153,L0007,T02,153,3.262141,134.604101,139.646079,193.799788,122.452884,0.316157,391.591984,9.726335,41.638005,29.757865,84.109131
S00157,L0007,T01,157,3.203178,93.709739,142.598001,,51.302699,0.615317,351.918804,4.135688,51.410604,31.665858,92.594539
S00554,L0027,T01,554,3.031043,128.700694,137.068529,151.891727,64.051908,0.536804,372.674939,5.112551,42.820039,29.304869,91.371399
S00141,L0007,T04,141,3.209794,123.058481,72.263718,147.433192,89.425821,0.503601,374.830333,6.270803,51.280287,37.271325,86.194395
S00056,L0002,T04,56,2.365279,116.533648,118.816818,197.146119,118.272279,0.508477,338.558985,10.274943,34.682885,38.496618,83.330686
S00619,L0030,T01,619,2.127524,71.783397,144.621577,120.520983,52.131605,0.676209,291.278842,5.149231,50.036362,30.140284,90.293507
S00010,L0000,T01,10,4.356449,135.621398,80.981296,148.338348,19.141878,0.552551,441.960825,3.625394,63.635243,20.818014,90.394858
S00113,L0005,T01,113,4.278072,103.056072,90.884342,130.514015,82.050323,0.619569,418.454616,6.751798,63.373032,33.872369,83.772972
S00249,L0012,T03,249,3.389218,120.525548,124.388635,227.060333,75.546548,0.647643,420.979173,5.52042,47.706966,34.750088,87.780742
S00023,L0001,T02,23,2.199284,132.243168,121.634105,228.868036,122.314974,0.778367,364.05452,9.626976,26.765957,47.945257,79.984458
S00441,L0022,T03,441,2.141883,123.27806,74.531433,227.958853,21.761592,0.755665,368.837853,3.266954,37.735514,28.710831,94.26261
S00753,L0037,T02,753,2.042601,132.371298,97.816927,169.153931,111.513529,0.439118,327.467017,8.094241,34.539359,33.619013,83.173745
S00715,L0035,T03,715,2.252823,81.120564,127.224367,195.726948,3.220113,0.30597,352.222597,2.584956,25.61176,17.533504,95.389585
S00511,L0025,T01,511,3.933798,139.260213,82.936918,221.163692,121.934729,0.728332,449.396915,9.688235,45.365748,38.178719,83.566133
S00486,L0024,T01,486,3.036029,127.90249,92.95576,135.072342,126.198626,0.450206,354.78935,9.844237,44.643654,33.065356,80.954148
S00054,L0002,T01,54,2.769533,81.902583,79.143391,217.654275,70.132477,0.683848,358.240786,6.096013,48.485405,31.259572,88.467196
S00448,L0022,T02,448,4.460883,132.861922,102.761306,144.084833,12.191786,0.256074,459.542234,3.341584,53.514706,18.429625,96.813542
S00640,L0032,T01,640,4.271295,98.234224,100.394624,127.162055,37.365343,0.48268,398.784598,3.668649,54.827877,20.835677,91.427092
S00055,L0002,T04,55,4.367397,116.591288,65.061146,189.784151,28.116117,0.237277,456.973108,3.754915,53.96351,13.86155,91.39363
S00513,L0025,T01,513,4.056401,90.407291,133.151906,180.615688,42.708955,0.27762,406.805239,4.486004,48.587341,19.489916,92.368685
S00066,L0003,T01,66,3.95293,81.155961,132.833703,210.066074,27.77196,,417.369293,3.534551,53.432938,28.026909,93.27059
S00112,L0005,T01,112,4.403353,123.133327,112.486675,131.484003,53.919763,0.457001,407.676959,5.035514,64.966586,29.829078,86.320867
S00581,L0029,T02,581,3.531792,117.375556,137.925017,129.158144,136.831212,0.350507,364.947627,10.702837,49.698236,32.423605,81.531497
S00173,L0008,T04,173,4.042922,127.515865,124.80826,213.898711,26.825212,0.408839,444.715559,3.911633,51.651342,21.736673,93.020487
S00252,L0012,T03,252,3.178493,140.13819,126.274249,191.729,5.502013,0.662667,416.210695,2.373173,47.751739,22.763062,95.872789
S00272,L0013,T01,272,2.242611,116.197385,139.246931,216.469686,,0.486545,356.938507,7.221635,37.733175,28.1452,87.803923
S00474,L0023,T03,474,4.338458,111.170083,139.705343,124.087429,4.296738,0.232145,419.391462,3.62246,51.268417,13.882787,96.682739
S00790,L0039,T03,790,2.982196,99.883662,82.222634,189.030041,82.673853,0.749788,348.771455,6.179624,47.393007,36.21052,89.47861
S00784,L0039,T02,784,2.321542,138.580287,69.812906,134.109882,95.221789,0.701324,336.252928,8.188361,40.6314,43.067703,85.735312
S00760,L0038,T01,760,4.175679,148.602756,86.727201,229.609924,75.406409,0.308968,453.76568,5.982696,46.775592,24.919725,89.919862
S00706,L0035,T01,706,2.116741,101.205325,132.282033,164.545352,70.30382,0.456931,326.822658,6.354436,39.908101,29.60073,87.959132
S00456,L0022,T01,456,2.755392,92.930613,65.815441,205.275401,61.039871,0.426804,353.336247,5.233644,39.485365,26.142913,91.360507
S00444,L0022,T01,444,3.196331,71.970015,67.751411,177.658819,10.861694,0.500999,355.538888,2.706796,49.007283,26.762421,96.218362
S00527,L0026,T01,527,4.103619,93.000428,111.276019,153.299706,129.695482,0.439996,396.632342,10.550996,54.233308,39.304719,78.534298
S00142,L0007,T02,142,3.874164,117.429911,72.292514,208.243347,93.716564,0.307003,412.383878,7.575252,43.099233,30.206847,85.016324
S00078,L0003,T02,78,2.801109,145.071655,101.958391,220.370879,56.787188,0.206954,411.060354,4.833436,37.608272,22.429927,93.386718
S00028,L0001,T01,28,2.830698,87.390238,82.609346,197.056509,75.77067,0.672277,360.254795,5.179128,40.964105,37.877313,89.529425
S00697,L0034,T01,697,4.268147,128.710534,89.423588,166.342705,117.619109,0.464912,428.322393,9.574552,57.891997,29.537336,80.55999
S00027,L0001,T01,27,3.708271,129.227972,85.268845,206.927298,56.265581,0.424781,445.294078,4.79158,49.045132,20.6342,93.195047
S00646,L0032,T01,646,3.964477,126.283167,124.998495,196.255085,85.582296,0.655942,415.270427,7.069997,52.346058,31.963163,86.303667
S00183,L0009,T03,183,4.328405,119.547328,97.41519,201.308158,76.015483,0.280542,427.85758,6.131253,51.62782,52.977998,87.800525
S00303,L0015,T01,303,2.258212,131.09982,76.403529,173.788542,36.883898,0.785059,341.885826,4.189284,41.908283,33.007268,92.533256
S00102,L0005,T03,102,2.399191,100.876398,107.266375,,51.835647,0.290302,333.488069,4.691042,38.15389,17.100669,95.104054
S00186,L0009,T02,186,2.221274,108.990744,111.864059,167.458183,6.045995,0.781878,346.485156,3.319049,41.424151,29.181336,93.72369
S00786,L0039,T01,786,4.028859,141.90949,141.554608,146.852624,57.437142,0.359762,435.752267,4.741442,51.62883,24.464251,90.186453
S00489,L0024,T03,489,3.36949,87.638541,124.188912,131.698349,47.517306,0.639391,351.833348,3.7548,54.117578,35.077409,88.846137
S00592,L0029,T01,592,,113.227559,101.529053,186.154276,116.605086,0.45156,334.837561,9.233618,37.821237,31.12658,83.746586
S00260,L0013,T03,260,3.06084,136.372967,142.303931,126.764713,,0.316475,376.88366,2.67224,45.01995,19.878716,93.979324
S00428,L0021,T04,428,4.202544,136.844218,117.907365,193.962524,83.750254,0.301739,450.409533,6.959678,48.731399,24.320672,86.884107
S00517,L0025,T01,517,2.254377,107.617237,68.22435,210.917506,129.533044,0.763859,323.945042,10.182353,33.111484,41.23244,80.851265
S00574,L0028,T01,574,2.378035,143.511121,111.024846,132.360395,53.67564,0.392938,360.192185,5.119187,37.046993,26.818488,90.835131
S00501,L0025,T01,501,4.314443,87.583615,85.110301,221.460546,119.713825,0.370625,404.730847,9.633625,55.427708,33.70137,80.354532
S00652,L0032,T01,652,2.221607,81.237767,132.911355,164.354255,97.768837,0.469717,295.435456,8.035338,32.723799,31.478052,89.128164
S00668,L0033,T01,668,4.052822,87.144128,128.297061,165.934575,69.036105,0.429738,369.335154,5.844541,56.056367,35.252838,88.118039
S00676,L0033,T03,676,2.8114,80.519603,80.535378,190.927078,95.31406,0.630572,331.494257,7.251612,43.509583,36.445683,87.416551
S00795,L0039,T02,795,3.319311,110.966171,131.413787,227.326183,21.270314,0.508199,418.9593,3.16816,42.074064,20.119234,93.890932
S00798,L0039,T02,798,2.774101,141.677904,71.353119,227.580144,80.332836,0.332842,389.01821,6.261737,32.955187,22.860815,89.726
S00406,L0020,T03,406,2.554332,124.988545,105.066968,215.972612,12.803384,0.626711,380.683537,2.787388,41.332337,18.439042,97.731101
S00419,L0020,T01,419,3.825853,120.129892,116.584727,201.509447,44.77456,0.47326,425.088832,4.424862,49.100703,21.797814,95.224152
S00301,L0015,T01,301,3.307926,110.512716,85.912651,125.266932,67.543942,0.778423,365.965048,5.768739,60.97528,35.012702,88.339438
S00370,L0018,T01,370,3.179511,87.447035,101.122961,228.063063,46.078291,0.613421,378.626275,4.107779,47.722708,32.293953,92.549967
S00492,L0024,T01,492,2.117214,118.169256,75.485599,181.706592,87.054746,0.358245,339.241281,6.582163,31.353261,25.023692,88.470059
S00323,L0016,T03,323,4.146717,139.939184,94.211731,165.258935,114.882689,0.623425,420.115432,8.61788,57.508813,35.762325,81.411795
S00618,L0030,T01,618,2.441348,133.251981,127.042482,,13.030093,0.603532,364.87789,3.202437,37.835944,26.905886,94.906728
S00180,L0009,T02,180,2.337967,96.551027,113.400543,169.870106,129.147914,0.764915,299.530534,10.456336,45.483765,41.709549,81.397601
S00612,L0030,T02,612,3.451434,125.824712,140.681492,195.954046,85.770199,0.547882,399.028792,6.802992,48.138956,26.737452,88.670977
S00065,L0003,T03,65,4.007055,148.523062,130.582943,214.796675,93.624935,0.47573,444.044415,7.711732,46.805993,32.088764,85.539434
S00714,L0035,T02,714,2.978631,99.37773,137.399918,179.283841,4.114406,0.305882,387.941613,2.697787,41.753856,18.594572,97.434575
S00034,L0001,T01,34,3.046481,140.887887,108.513928,182.30069,95.119607,0.231586,387.359677,6.356478,32.153507,25.110951,87.674661
S00299,L0014,T01,299,3.852161,143.594862,89.43242,130.157847,63.170351,0.33272,424.234347,5.110111,54.878015,27.697939,90.661495
S00277,L0013,T02,277,2.069872,87.587767,139.794589,152.209647,1.129039,0.730579,303.010298,2.879061,43.481031,32.055303,94.130711
S00459,L0022,T01,459,2.509939,92.154766,86.300248,192.639201,77.1876,0.400841,333.151407,6.850756,31.189261,26.485346,89.583122
S00213,L0010,T01,213,2.443482,107.823414,130.062875,198.836962,18.047317,0.49027,367.763265,3.108201,38.406718,20.54839,95.828999
S00522,L0026,T02,522,2.431703,76.968094,117.966358,195.970678,86.870434,0.640806,319.432797,6.973882,41.907375,34.665783,85.07835
S00693,L0034,T01,693,2.731205,78.007545,,222.205059,121.036299,0.423045,330.595014,9.478277,40.846491,33.273307,84.137622
S00601,L0030,T02,601,2.580584,124.001633,121.514822,158.04075,139.376186,0.459944,321.757941,11.23269,39.050537,34.806672,81.932504
S00206,L0010,T01,206,3.796246,86.72228,129.455006,177.184854,114.657536,0.719996,374.615693,9.007949,54.999971,39.114005,82.625292
S00401,L0020,T01,401,4.315021,73.695653,85.240299,219.907561,139.540917,0.60341,419.499328,12.194359,53.781574,37.070233,76.499543
S00502,L0025,T03,502,2.414197,94.69385,69.427979,212.564506,120.880972,0.260072,346.797496,9.967232,24.816366,34.884108,83.003194
S00440,L0022,T01,440,2.502115,118.959474,141.589447,223.761327,114.834413,0.53043,375.973771,8.914271,34.524751,29.802197,85.078994
S00356,L0017,T01,356,4.171312,132.650673,102.02453,220.010987,15.288574,0.566496,462.970188,3.465461,53.008151,25.086037,94.899115
S00327,L0016,T01,327,4.032762,109.763395,102.31088,201.436806,91.239004,0.610002,424.031127,7.604054,54.405124,33.582927,85.379619
S00735,L0036,T01,735,2.36484,80.279385,104.073471,154.194877,69.534184,0.460349,292.996713,6.726081,33.763958,25.325666,91.5319
S00108,L0005,T01,108,3.365914,125.287828,68.964041,201.342446,114.888398,0.707424,388.897391,9.005529,52.273406,38.818293,83.121804
S00597,L0029,T04,597,3.834967,135.478128,136.130297,154.128262,106.506363,0.582217,412.055045,8.173243,46.328485,30.793866,86.046317
S00398,L0019,T02,398,2.12823,89.978979,87.098287,182.999437,45.424897,0.456241,331.392223,3.887076,38.864669,22.102337,94.125894
S00416,L0020,T03,416,3.10642,132.947151,95.848705,191.815149,107.090881,0.489625,399.385429,7.677192,37.473188,32.79286,84.483191
S00713,L0035,T04,713,2.189255,148.525926,131.812407,121.074514,99.778865,0.45931,336.005715,8.439483,40.30066,33.922258,84.144214
S00624,L0031,T01,624,2.458506,105.066557,116.156364,178.943174,65.889337,0.248525,338.752059,5.490222,35.403039,24.675829,91.368834
S00573,L0028,T03,573,3.840923,125.127833,94.359243,196.418062,46.446989,0.71028,426.006733,4.890708,47.323703,31.970045,91.026156
S00572,L0028,T01,572,2.219818,113.407391,126.182796,198.289825,59.981623,0.448294,346.718366,5.615737,39.685224,25.060723,91.962943
S00727,L0036,T04,727,2.503277,95.684063,122.266912,2057.32664,58.429636,0.621695,335.75988,4.745308,42.078016,30.601955,91.358203
S00771,L0038,T04,771,3.508561,143.133853,92.097336,132.832033,106.317064,0.659825,397.429943,8.2006,52.770362,38.37748,84.821702
S00654,L0032,T01,654,3.174574,112.303678,134.734496,159.904216,132.217027,0.660569,359.529495,10.679213,38.502791,43.760645,80.989979
S00125,L0006,T03,125,3.578054,88.894148,110.252873,174.529647,76.445675,0.375704,374.898362,5.884559,41.934498,27.231564,91.653335
S00761,L0038,T02,761,3.718676,120.950616,86.217131,186.306426,,0.315923,421.306601,4.061076,50.947339,23.810757,90.521561
S00696,L0034,T01,696,3.022897,126.587929,85.453866,213.673979,87.07014,0.598011,381.797197,5.834517,44.880021,31.75151,88.150539
S00296,L0014,T04,296,3.218991,108.94927,78.448224,156.582563,69.800074,0.354108,366.537191,5.308048,37.834204,21.921696,93.506666
S00169,L0008,T03,169,4.183433,73.531536,85.398165,120.746266,48.037937,0.415339,378.156173,4.629385,56.226554,24.914081,92.33409
S00794,L0039,T01,794,4.264458,124.760825,90.335211,189.925044,137.69816,0.464533,415.786974,11.072087,62.67938,42.959025,75.961008
S00048,L0002,T01,48,3.691079,106.897667,104.127759,134.611622,53.191177,0.427953,379.276193,4.63918,55.024368,24.481512,92.423519
S00290,L0014,T01,290,3.333638,149.859964,130.459069,126.678607,131.156965,0.540023,379.898719,10.13937,49.564673,40.278799,79.522872
S00615,L0030,T01,615,2.827122,124.109202,94.661991,162.039634,73.137078,0.3234,373.254817,5.885068,45.489147,29.769906,90.961096
S00765,L0038,T02,765,2.936228,105.241105,68.142661,219.703557,5.819975,0.287118,396.298863,2.026013,37.137783,14.093101,95.115659
S00311,L0015,T03,311,2.769981,106.516716,138.364264,156.281198,9.505289,0.532928,366.347887,2.895086,46.627823,26.392269,97.753701
S00074,L0003,T01,74,3.555917,76.211111,88.245855,152.198549,49.798441,0.51434,360.909774,4.593009,54.174019,27.061839,90.960874
S00005,L0000,T01,5,3.320402,105.342041,80.619393,1534.2247,48.252133,0.497512,363.222178,4.42247,43.350805,27.500543,96.400136
S00427,L0021,T02,427,3.054878,136.456454,127.790044,175.712693,139.49505,0.242905,371.540183,10.845089,46.315278,32.380352,82.283879
S00093,L0004,T01,93,2.355792,96.995908,117.652627,202.731171,70.073619,0.212227,345.860745,5.964304,32.998917,23.56972,91.632868
S00148,L0007,T01,148,4.127738,105.385137,100.020402,177.114826,57.934654,0.620014,431.929445,5.641379,58.504242,33.555877,91.738539
S00449,L0022,T01,449,2.900968,116.395011,126.597994,227.326473,137.701786,0.707131,382.879231,10.948771,49.17149,46.115645,78.457269
S00431,L0021,T01,431,3.252944,84.710404,122.321629,197.378583,131.366641,0.316132,355.201209,9.932964,47.067922,28.066458,81.380613
S00591,L0029,T04,591,2.631454,90.962696,107.192669,146.049065,40.178757,,328.932027,4.234468,34.854272,20.602196,93.800546
S00204,L0010,T03,204,3.480239,136.563947,79.493494,224.164864,6.849628,0.30616,440.05679,2.101486,44.709963,13.787008,96.757855
S00779,L0038,T01,779,2.024628,121.505847,70.620054,199.946375,131.064088,0.72045,323.766012,10.390026,31.48175,41.362946,80.248267
S00276,L0013,T01,276,2.044404,97.010162,71.838003,212.326582,0.323564,0.795198,337.720831,4.570542,39.878475,29.117948,94.976283
S00339,L0016,T01,339,3.600032,104.558524,93.721389,146.777945,13.49062,0.721065,387.862817,2.987847,60.656442,27.52536,93.106666
S00289,L0014,T01,289,3.386575,77.962589,131.225927,167.83903,49.263896,0.739333,362.798905,4.769524,60.823424,38.926911,90.247827
S00273,L0013,T01,273,3.580186,132.649742,108.350781,219.403504,70.60254,0.314919,420.265634,5.378569,49.525944,22.563811,91.646665
S00609,L0030,T01,609,4.496077,,138.245509,228.266726,59.671298,0.486279,446.055267,5.154,52.980272,17.481865,91.19619
S00781,L0039,T02,781,3.426983,117.8499,140.805279,141.319142,74.21732,0.260431,375.932322,5.469276,35.530789,19.260496,89.315111
S00518,L0025,T04,518,4.351184,,138.029034,226.986392,108.348585,0.343395,458.659794,8.430473,50.661261,27.298765,83.592729
S00655,L0032,T02,655,2.891439,118.446676,131.95368,138.260387,12.3369,0.270446,382.870062,3.448166,46.515946,14.402235,98.11825
S00163,L0008,T01,163,2.631269,132.053291,103.966299,167.325446,43.549034,0.576746,368.342573,4.170139,39.144278,32.940799,93.914083
S00331,L0016,T02,331,2.690809,111.568204,9.831908,120.483758,66.183574,0.615597,350.764206,6.345038,54.932586,30.307515,88.543105
S00300,L0015,T01,300,2.412816,106.477582,131.2201,168.473204,3.568557,0.532961,349.389267,3.066925,37.166122,22.104416,97.28671
S00349,L0017,T01,349,2.394728,86.959505,76.56596,160.453747,120.811199,0.443889,319.743626,10.489217,35.072539,34.843517,83.179214
S00009,L0000,T02,9,2.557236,138.148584,92.199278,129.733831,19.264392,0.735346,361.568724,2.829316,42.521151,27.607806,95.634568
S00434,L0021,T01,434,3.979554,117.193403,143.421003,153.635637,0.031205,0.752388,425.795971,2.278456,62.58499,25.513996,92.671721
S00137,L0006,T01,137,2.377207,140.95926,138.613705,177.018873,108.077305,0.340352,360.013204,8.176587,30.396738,25.727766,85.713654
S00470,L0023,T02,470,3.589108,123.66428,101.535792,148.894701,51.976391,0.434744,394.519005,5.077327,45.616284,27.936584,94.665136
S00099,L0004,T01,99,4.089551,147.756494,85.569327,161.477948,104.516428,0.64441,431.153502,8.359023,65.349311,35.181455,82.237599
S00770,L0038,T01,770,4.491435,109.091972,88.69508,193.889203,77.859405,0.797368,440.691634,6.394028,63.130328,40.757463,85.02874
S00269,L0013,T01,269,4.320903,119.455914,69.878538,163.312168,85.071797,0.453872,431.36746,7.449768,56.636921,31.476297,88.376866
S00494,L0024,T01,494,2.127885,126.039721,112.71425,130.354438,49.605818,0.789326,318.854212,4.192562,47.382674,36.429117,91.958909
S00585,L0029,T01,585,3.919118,98.522258,84.860118,224.853405,72.859182,0.448811,404.792538,6.019876,47.686904,27.500931,89.444914
S00593,L0029,T01,593,4.482179,140.262852,108.156282,198.556906,92.106127,0.628842,469.570284,8.202761,59.787409,38.326223,83.122154
S00447,L0022,T04,447,2.57484,141.295614,88.095074,206.227803,11.716956,0.51511,389.464601,3.233662,34.438142,20.699053,97.466922
