sample_id,lot_id,tool_id,sequence,oes_peak_ratio,endpoint_slope,rf_source_w,rf_bias_w,pressure_mtorr,gas_flow_sccm,esc_temp_c,chamber_age_runs,endpoint_time_s,cd_bias_nm,selectivity,overetch_risk
S00092,L0004,T02,92,0.995105,-0.067998,904.009209,181.882396,30.131202,95.864199,18.103581,179.163699,65.492508,-1.297603,4.081939,0.072707
S00321,L0016,T02,321,0.90545,-0.061703,949.7941,191.263955,29.848645,99.14705,18.055622,47.598854,65.815049,0.123375,4.332766,0.049415
S00736,L0036,T01,736,0.981131,-0.059616,818.984092,182.563231,27.941223,106.809077,17.01357,45.831738,63.019312,-3.271542,4.951878,0.135292
S00638,L0031,T01,638,1.021762,-0.045263,816.75061,214.371597,28.97794,100.198261,18.305023,27.001098,64.634805,-1.288394,3.319359,0.07249
S00402,L0020,T03,402,1.11916,-0.054729,786.544612,219.264862,29.019477,115.828658,17.858193,10.019851,66.07903,-0.242412,3.547425,0.051409
S00634,L0031,T01,634,1.041587,-0.035867,923.500071,193.619641,,115.382259,17.198105,104.37323,64.514391,-0.842116,5.0354,0.062664
S00518,L0025,T01,518,1.126462,-0.039939,785.299161,202.551253,28.261557,108.356526,18.407301,172.804406,59.989976,-0.782978,3.663112,0.061459
S00015,L0000,T03,15,1.150824,-0.054875,775.168248,194.739137,28.79611,101.952212,18.764762,53.970854,61.306674,-1.355722,4.111902,0.07409
S00284,L0014,T01,284,0.951123,-0.047701,894.252405,230.035046,31.021208,95.191293,18.475432,12.23645,66.547533,-1.275326,3.351959,0.072183
S00404,L0020,T03,404,1.008528,-0.032375,945.462945,187.318219,25.182627,122.047191,18.253343,32.242587,65.236137,0.211571,4.049452,0.050886
S00215,L0010,T01,215,0.905217,-0.064532,806.884739,194.861345,26.98402,92.049885,,16.570779,62.722537,-1.43694,3.783833,0.076064
S00435,L0021,T01,435,1.096083,-0.037131,821.674956,189.501302,29.682995,86.006843,18.937562,38.809659,66.297174,-1.583767,3.623767,0.079755
S00484,L0024,T02,484,0.962205,-0.04979,833.883161,175.503751,19.419747,95.693121,17.979082,127.693488,62.891014,-1.306564,5.035177,0.072918
S00510,L0025,T01,510,1.035387,-0.047376,870.605316,172.197456,25.133803,106.690789,17.815861,8.018731,62.319784,-2.027436,5.040167,0.091921
S00792,L0039,T01,792,1.045215,-0.044163,739.885917,238.079211,29.572094,114.16225,19.00695,135.42975,57.88835,-1.276547,2.785816,0.072211
S00719,L0035,T01,719,1.041461,-0.04349,850.272374,169.525588,28.911268,89.81273,20.290083,71.676592,67.932309,-0.688084,3.607323,0.059571
S00764,L0038,T01,764,1.028456,-0.04766,956.806834,153.148401,28.133284,94.27043,17.549335,43.239168,67.059486,-1.055572,5.990907,0.067198
S00488,L0024,T04,488,1.093485,-0.035355,844.160304,188.329403,27.414341,114.851645,19.666618,1.29469,63.002373,-1.530029,4.759987,0.078385
S00675,L0033,T02,675,0.809787,-0.032974,758.063275,212.423222,29.58796,107.884689,16.053401,29.650422,65.719837,-0.835434,3.706804,0.062526
S00564,L0028,T02,564,1.076402,-0.03307,872.373929,212.338257,28.597608,,18.160778,47.054903,62.033455,0.077791,4.273689,0.048671
S00778,L0038,T03,778,0.832942,-0.047092,941.210885,185.696183,35.718849,104.320315,20.040463,122.462601,79.362258,0.069968,4.667293,0.219057
S00618,L0030,T02,618,1.018346,-0.041751,841.859082,197.88394,29.629702,95.920447,18.24539,1.058402,69.51661,-1.418707,3.762183,0.093134
S00666,L0033,T02,666,1.080894,-0.049979,835.467484,200.929787,30.236626,111.34789,20.045041,4.422757,64.925692,-0.612862,4.03345,0.058113
S00257,L0012,T01,257,1.090765,-0.057082,789.401019,181.108136,28.282254,97.969102,16.579596,52.633134,62.361362,-0.463895,4.41338,0.055324
S00476,L0023,T01,476,1.007137,-0.045692,819.275217,185.037087,27.350173,109.326624,15.723685,48.524529,60.897401,-0.940064,4.058066,0.064708
S00396,L0019,T01,396,0.858028,-0.053678,876.967557,203.809166,33.437846,109.203633,17.676873,92.920773,55.802141,-1.779716,3.809471,0.084936
S00579,L0028,T01,579,1.001019,-0.045458,811.810878,214.167479,29.890563,108.210821,17.101526,14.886728,61.169008,-0.507286,3.479585,0.056123
S00656,L0032,T01,656,1.007464,-0.026724,833.064305,209.63345,31.299212,96.991692,18.771887,139.317195,62.353103,-2.1191,3.928996,0.094635
S00696,L0034,T01,696,0.881331,-0.029031,846.885135,186.252126,34.102049,120.640523,18.681879,,60.014052,-1.345369,4.746481,0.073842
S00198,L0009,T02,198,0.977667,-0.030839,867.463227,190.703441,26.856601,102.282377,18.740208,115.098313,65.029903,0.446662,4.185698,0.05501
S00328,L0016,T03,328,0.789865,-0.042115,836.059516,215.074652,28.501165,,16.606485,156.100903,70.240282,-1.048388,3.341165,0.09137
S00123,L0006,T01,123,1.0107,-0.049342,884.841554,186.020093,28.002398,86.032405,17.502465,126.457331,65.600172,-0.778017,3.649353,0.061359
S00773,L0038,T04,773,1.125989,-0.040837,906.959231,156.475822,25.274927,96.511294,18.543178,0.51703,66.641479,-2.232887,5.321696,0.098102
S00415,L0020,T01,415,1.020902,-0.057528,925.382656,201.248437,26.369908,110.26809,19.365358,14.940442,61.024258,-1.470969,4.170843,0.076905
S00039,L0001,T01,39,0.862387,-0.047501,815.830432,203.287194,27.216104,103.070828,18.573869,130.746159,63.069903,0.464663,3.884059,0.055338
S00332,L0016,T01,332,,-0.03919,748.197885,184.254937,24.760709,108.314474,15.648234,82.986581,58.945219,-1.69789,4.103528,0.082736
S00000,L0000,T04,0,1.010858,-0.038565,1023.534287,195.427824,27.398699,99.851707,18.590841,179.984091,67.832019,-1.220655,4.109097,0.070912
S00626,L0031,T03,626,1.092468,-0.060608,798.995926,183.3039,31.075922,81.375269,18.549877,65.724235,59.5822,-0.882292,4.047018,0.063495
S00480,L0024,T02,480,0.922525,,864.29976,203.802722,29.164831,103.875063,19.44369,138.255927,62.775552,-0.671032,3.786933,0.059237
S00534,L0026,T02,534,0.91871,-0.034483,875.68162,173.575035,24.240823,99.615701,18.030893,68.799976,60.782515,-2.406516,4.934861,0.103612
S00752,L0037,T03,752,1.079013,-0.028132,846.121994,195.222611,26.43756,110.26574,20.379425,73.958229,59.372245,-2.710203,4.718342,0.113908
S00664,L0033,T02,664,1.061754,-0.051295,677.926978,182.470229,29.497861,100.19608,18.45218,162.22458,54.817137,-2.810061,4.3878,0.117484
S00359,L0017,T01,359,0.864413,-0.037608,843.202804,157.96081,27.788567,96.95523,16.920858,172.621761,62.819089,-2.936116,5.591915,0.122136
S00619,L0030,T01,619,1.027329,-0.063631,,207.733943,33.552192,96.51261,,,64.129146,-1.193517,3.970403,0.070288
S00338,L0016,T03,338,0.873445,-0.032828,872.017555,183.259832,,119.176972,18.443554,119.804002,74.779968,-0.944612,5.639958,0.160786
S00250,L0012,T01,250,0.938226,-0.057755,946.443636,201.63367,26.654684,103.181692,17.913965,176.541324,67.566621,0.188966,3.412155,0.050505
S00157,L0007,T01,157,0.952516,-0.025094,819.802053,184.533728,26.332283,105.321199,18.703285,99.442921,65.140728,-0.652474,4.649758,0.058876
S00086,L0004,T02,86,0.995291,-0.054723,817.147641,193.954345,,100.050496,15.627306,175.193697,62.132373,-1.479301,4.820424,0.077112
S00199,L0009,T01,199,0.900918,-0.059285,865.622504,187.649039,27.031502,96.897752,18.728067,29.975024,63.93054,-2.250086,4.2167,0.098636
S00645,L0032,T01,645,0.951099,-0.052972,875.582824,177.154499,32.387825,97.392077,15.407051,154.784755,66.027839,-2.518721,4.56489,0.107317
S00068,L0003,T01,68,0.941381,-0.038279,855.244022,169.912426,27.832978,,16.366291,153.687414,63.801197,-3.069256,4.359585,0.127221
S00536,L0026,T02,536,0.962751,-0.047553,839.247974,185.445752,24.374435,109.176154,17.432073,48.519727,65.832552,-0.564507,4.293718,0.057193
S00252,L0012,T01,252,0.98058,-0.046369,832.651147,196.526477,32.636886,109.184513,16.013245,98.279465,63.749311,-1.175761,4.3667,0.069883
S00201,L0010,T01,201,1.026601,-0.065061,854.684037,212.799953,25.300951,97.329608,16.661555,148.59818,64.605588,0.549281,3.971037,0.056907
S00751,L0037,T02,751,1.264068,-0.049544,893.656919,180.958961,28.990716,104.685071,18.792962,25.438098,67.798771,-1.225357,4.421573,0.07102
S00741,L0037,T01,741,1.031568,-0.042405,,179.142925,33.364772,107.306574,17.91155,178.127106,64.21861,-1.062954,4.545237,0.06736
S00081,L0004,T01,81,0.972026,-0.042132,932.217038,198.694452,27.10815,101.749709,17.039374,38.048113,62.258196,-1.633659,4.047391,0.081046
S00550,L0027,T04,550,0.911379,-0.042738,807.788411,198.184874,22.985578,119.302758,15.112468,134.267343,63.332289,-0.302624,4.691661,0.052447
S00310,L0015,T01,310,0.902566,-0.035289,722.734144,192.017062,24.998883,109.322196,18.527565,134.141192,58.966567,-0.922292,4.382291,0.064332
S00444,L0022,T01,444,0.885554,-0.048268,838.200146,162.22524,26.550311,98.934843,17.831335,4.604837,63.683765,-2.462364,5.530297,0.105442
S00291,L0014,T01,291,1.128506,-0.039833,811.4817,226.506067,25.654257,109.920663,16.720953,173.080372,59.274471,-1.294339,3.159236,0.07263
S00261,L0013,T02,261,1.134681,-0.056798,879.218755,196.090286,28.194508,112.45509,19.192243,130.131129,67.436955,-0.212652,4.839529,0.050904
S00491,L0024,T01,491,1.112867,-0.051333,948.358819,209.283202,24.816102,114.548367,18.642929,47.636757,65.79749,0.331689,3.783627,0.052955
S00798,L0039,T02,798,1.019068,-0.047425,869.384807,218.838651,25.945213,104.2225,19.237221,43.607276,67.998585,0.362131,3.454731,0.053492
S00020,L0001,T01,20,1.072669,-0.065044,824.014428,226.686515,27.268344,99.403831,18.029253,128.06887,60.947045,-0.81109,3.030736,0.062029
S00289,L0014,T02,289,,-0.04295,859.851905,191.633759,30.030644,100.503756,17.658313,138.16238,62.89511,-1.247469,3.838902,0.071532
S00043,L0002,T02,43,0.971933,-0.032908,913.350667,204.240301,24.678591,102.719794,17.497369,74.772755,65.922675,-1.580486,3.625128,0.079671
S00047,L0002,T03,47,0.720052,-0.053146,855.840255,190.384222,28.562553,117.551491,16.534615,95.740282,77.823165,-0.069604,4.967005,0.182103
S00540,L0027,T01,540,0.942297,-0.041713,791.938026,178.92617,28.659071,119.524943,18.696475,19.807751,59.039989,-3.417497,4.619105,0.14138
S00695,L0034,T01,695,0.88466,-0.030752,823.268873,157.232372,30.014082,105.447593,16.814384,98.253246,62.92555,-2.213103,5.298214,0.097491
S00066,L0003,T04,66,,-0.038553,849.210256,195.126032,28.946919,105.949485,16.712093,161.316098,62.963104,-1.130177,4.401243,0.068853
S00026,L0001,T02,26,1.092239,-0.058331,870.852248,236.251436,26.777213,90.466349,18.156795,118.724076,63.394226,-0.154562,2.64978,0.04993
S00709,L0035,T01,709,1.180479,-0.041096,873.304501,183.542993,27.622033,103.977382,20.342602,,63.571337,-2.131297,4.465059,0.095001
S00496,L0024,T03,496,1.007608,-0.039961,944.664429,211.551704,,117.435802,17.853216,64.54264,68.847673,-0.872229,3.881315,0.071255
S00312,L0015,T01,312,1.015664,-0.033002,884.471469,176.296954,23.932773,94.831947,16.90498,137.801649,64.687937,-2.592765,5.01609,0.061071
S00632,L0031,T04,632,1.065238,-0.057001,838.034699,177.478987,32.906886,109.029859,18.711149,31.307989,63.836487,-2.899411,4.876921,0.120765
S00147,L0007,T04,147,1.064791,-0.02063,900.846819,211.198162,29.701456,92.781216,18.820681,5.071057,64.887444,-1.197688,3.304092,0.070384
S00296,L0014,T02,296,1.219081,-0.053222,856.387877,183.403639,,104.170834,18.592934,51.687836,63.709477,-1.049964,4.733526,0.067075
S00151,L0007,T01,151,1.05006,-0.053774,834.508262,,34.926153,104.705716,17.50673,160.360121,63.113052,-2.618331,4.942322,0.110703
S00119,L0005,T04,119,0.975827,-0.027966,,155.35602,28.756376,100.370567,17.881318,88.843532,60.228082,-3.016497,5.435816,0.125184
S00669,L0033,T02,669,0.91735,-0.063595,840.212511,226.880767,30.386301,108.973654,18.871696,63.841323,66.756941,0.14725,3.02342,0.049809
S00265,L0013,T01,265,,-0.050174,954.387956,200.373249,29.258761,109.790361,,108.78497,63.510699,-1.89358,3.865619,0.088085
S00755,L0037,T01,755,1.013622,-0.035815,942.763512,157.318492,28.302285,110.76611,17.146241,136.088854,68.179961,-2.996858,5.358605,0.127404
S00730,L0036,T01,730,1.13294,-0.065868,884.435326,182.54666,32.757673,113.28949,18.137524,95.160044,64.880937,-0.483465,4.788223,0.055683
S00256,L0012,T02,256,1.046054,-0.031385,889.220731,198.860777,34.192239,104.431124,18.252859,61.738311,65.755299,0.558239,4.041818,0.057075
S00687,L0034,T01,687,0.86743,-0.053349,900.252865,176.699542,29.146046,103.957234,17.377457,96.290189,63.704257,-1.759305,5.382942,0.084382
S00500,L0025,T01,500,1.021407,-0.047644,930.298821,176.685665,29.423758,104.987167,16.71526,58.108339,64.755611,-2.031211,4.870595,0.092032
S00649,L0032,T01,649,0.960386,-0.019454,831.70278,183.436767,32.40662,105.679588,18.204554,91.528875,58.868507,-3.835978,4.405357,0.16011
S00173,L0008,T01,173,1.050748,-0.037917,905.45167,198.087818,28.839467,,18.272159,70.30853,61.760184,-0.553541,4.028473,0.150307
S00283,L0014,T01,283,0.988791,-0.026491,819.496256,190.714695,29.010805,103.151307,18.343312,167.26676,58.679425,-2.42331,4.323782,0.104159
S00453,L0022,T02,453,0.975498,-0.064103,825.804275,189.443139,21.557202,110.824785,18.289341,179.010975,61.673458,-0.887146,4.150172,0.063596
S00088,L0004,T01,88,0.961207,-0.046761,934.489509,179.425731,26.71853,102.004224,16.533202,39.591417,71.250641,-1.154311,4.943228,0.108284
S00114,L0005,T01,114,0.972921,-0.032283,826.464064,196.420579,28.036219,116.133693,17.284103,61.435521,63.268731,-2.11219,4.462016,0.094428
S00723,L0036,T01,723,0.997937,-0.062977,899.346164,176.921126,23.2229,99.700864,,99.123376,65.336826,-2.028102,4.792099,0.091941
S00627,L0031,T01,627,0.920478,,842.795829,162.014003,24.57321,99.981254,16.341621,106.903157,63.440266,-2.16283,5.575592,0.095954
S00129,L0006,T01,129,0.937196,-0.057322,846.433901,199.563056,28.979497,105.376333,18.008806,58.178151,64.527599,-2.134006,4.201849,0.095083
S00458,L0022,T01,458,1.062297,-0.048941,780.498871,177.526406,28.463178,106.019508,17.758773,41.56427,60.083996,-2.555283,4.384123,0.108549
S00654,L0032,T01,654,1.094602,-0.047981,868.605614,185.997922,25.839376,112.922402,19.907562,77.440124,64.299924,-0.368228,5.035629,0.0536
S00060,L0003,T01,60,0.942302,-0.038997,794.817928,174.833531,30.599003,97.256403,17.515786,153.282062,58.465645,-2.054547,5.054,0.092716
S00763,L0038,T01,763,1.217005,-0.044152,832.453738,207.719676,32.687416,94.892459,17.776797,17.183204,66.498885,-0.778153,3.070087,0.061362
S00428,L0021,T01,428,0.986237,-0.033789,766.536836,205.206206,25.761653,114.252771,17.519434,143.797861,62.512854,-0.384359,3.830463,0.053887
S00469,L0023,T01,469,1.086545,-0.056044,755.23699,210.194149,27.894446,114.961297,,74.052323,61.502934,-0.711067,3.73382,0.060023
S00415,L0020,T01,415,1.020902,-0.057528,925.382656,201.248437,26.369908,110.26809,19.365358,14.940442,61.024258,-1.470969,4.170843,0.076905
S00078,L0003,T03,78,0.610147,-0.0388,924.82535,209.442173,29.379202,94.542306,17.665274,140.670803,74.81356,3.215902,3.393458,0.29893
S00095,L0004,T03,95,0.893742,-0.041965,877.170595,187.021218,28.680295,88.540324,17.825516,12.705676,62.936612,-1.834394,4.2832,0.086435
S00153,L0007,T02,153,0.982603,-0.062502,,186.934908,24.933839,104.933583,19.632432,103.921666,63.187073,-3.02967,5.130358,0.12569
S00049,L0002,T01,49,1.09286,-0.022256,878.086392,160.411634,31.22936,91.294338,16.364795,62.386256,61.108269,-1.427349,5.256241,0.075828
S00515,L0025,T03,515,0.776937,-0.052886,775.185652,168.069862,28.213149,99.232657,17.462521,134.10289,74.70648,1.673074,5.113529,0.196478
S00586,L0029,T03,586,0.787834,-0.06612,845.328778,167.286584,25.499864,112.211541,17.816519,129.692001,72.885312,-2.665544,5.096911,0.208455
S00288,L0014,T01,288,0.993629,-0.050874,831.955552,174.693105,25.735224,99.057554,16.958815,133.84964,64.345923,-1.903669,4.540528,0.088369
S00507,L0025,T01,507,0.847848,-0.050604,,226.602533,24.988527,106.150571,17.152728,170.288731,64.240754,-0.696381,2.627844,0.059734
S00740,L0037,T01,740,0.967407,,897.956444,172.909007,34.814548,86.706965,17.754392,42.470677,66.271164,-1.594247,4.961787,0.080025
S00783,L0039,T01,783,1.059276,-0.051436,806.267692,141.613562,30.688264,111.133937,19.486735,78.652818,59.526346,-2.740877,5.733716,0.114996
S00054,L0002,T01,54,0.994887,-0.027065,848.129882,146.290497,32.604526,107.804415,18.40342,121.816366,62.971408,-3.312081,6.080636,0.13696
S00048,L0002,T02,48,0.989321,-0.063454,863.796917,176.877578,22.111628,108.290391,17.721255,14.125938,61.60945,-2.054031,4.83585,0.092701
S00156,L0007,T04,156,0.839239,-0.059718,947.250727,188.461504,29.059739,89.165283,17.106683,39.659085,63.790858,-1.973861,4.535613,0.090368
S00001,L0000,T04,1,1.036468,-0.047878,871.634109,202.02518,36.705711,104.630406,18.047857,,66.836565,0.041082,3.662001,0.04808
S00672,L0033,T01,672,0.985392,-0.056261,869.61815,169.494698,26.94945,100.269368,17.926352,44.410432,64.647304,-1.01738,5.162996,0.066365
S00661,L0033,T02,661,1.104059,-0.045353,760.633331,176.741779,26.359844,105.841012,16.164392,115.505789,62.5451,-1.890315,4.565835,0.087993
S00558,L0027,T03,558,0.832388,-0.046651,860.263338,166.704615,27.58939,102.650644,17.581823,144.865171,75.267575,0.509539,5.08629,0.150393
S00132,L0006,T02,132,0.902931,-0.037316,983.295099,202.158057,31.425484,104.712029,17.734282,148.572871,68.406216,-0.52701,3.331741,0.059827
S00318,L0015,T04,318,0.953213,-0.030996,878.592722,206.370361,25.77049,97.950711,17.298534,48.294983,68.085699,-1.639641,3.790342,0.082166
S00445,L0022,T02,445,1.119576,-0.049376,833.462442,203.237002,28.393989,93.575143,20.251536,161.780801,61.550991,-1.942077,4.029114,0.089458
S00659,L0032,T02,659,1.04723,-0.044211,885.606122,179.698591,31.974371,101.197377,18.3414,53.93907,69.454364,-2.116123,4.45486,0.114944
S00787,L0039,T01,787,1.003214,-0.055459,818.283019,203.394447,29.593855,106.975413,,112.209888,64.438362,0.802523,4.356722,0.061855
S00570,L0028,T01,570,0.938296,-0.068559,895.218386,185.622018,24.142287,99.043759,18.494775,58.573881,67.579453,0.154159,4.558389,0.049924
S00459,L0022,T02,459,0.958653,-0.035835,869.36215,206.517093,28.161012,97.253748,18.989292,33.423282,62.344481,-1.449645,3.133439,0.076377
S00395,L0019,T04,395,0.906352,-0.076379,872.243702,178.765189,30.78004,111.713064,20.591005,25.921895,64.329637,-1.346912,4.27217,0.073879
S00124,L0006,T02,124,1.072303,-0.041417,873.678944,196.756595,24.572217,121.919727,19.488251,35.168781,62.764699,-2.962682,4.884544,0.123136
S00056,L0002,T02,56,0.968994,-0.041621,818.438403,173.777142,31.056029,86.359215,17.082632,23.458312,61.126219,-1.784677,3.954731,0.085071
S00652,L0032,T01,652,1.143752,-0.038352,890.807822,191.693059,26.100065,109.593257,16.943113,98.637798,64.560008,-0.657208,4.220428,0.058968
S00305,L0015,T04,305,0.927623,-0.046196,880.708407,184.058015,27.795394,106.240007,20.493832,173.305422,63.819802,-1.88041,4.464004,0.087715
S00341,L0017,T01,341,0.970445,-0.031597,844.489006,,29.342031,120.845938,17.464382,26.191516,63.426127,-0.26146,3.626883,0.051736
S00192,L0009,T02,192,0.921763,-0.02689,892.247378,185.970326,27.433162,117.256229,17.995547,146.206038,61.095429,-0.844276,4.402377,0.062708
S00572,L0028,T02,572,0.926133,-0.064848,793.894379,215.017017,29.271917,102.677792,16.955562,1.166968,62.798218,0.092397,3.350838,0.048908
S00600,L0030,T02,600,0.949694,-0.078134,891.269503,197.286849,28.169351,110.936006,20.444514,85.850487,64.567842,-0.584556,4.223506,0.057573
S00671,L0033,T01,671,0.870785,-0.026889,943.543351,181.351907,28.756223,110.503875,18.716673,46.665135,65.52479,-0.727961,4.748788,0.060358
S00027,L0001,T01,27,1.117755,-0.047082,873.665803,170.762887,26.017411,120.267862,17.780518,80.204196,63.520869,-1.775011,5.536998,0.084808
S00298,L0014,T01,298,1.063085,-0.047329,,186.135469,29.652644,106.724977,18.432827,39.269178,57.671757,-1.733747,5.005407,0.083694
S00443,L0022,T01,443,1.001468,-0.023128,792.388547,159.077682,32.555012,93.31516,19.251971,88.114485,61.277809,-2.29172,5.493222,0.099939
S00467,L0023,T04,467,1.045407,-0.054927,847.999198,203.765433,26.003854,96.46511,19.082873,98.044809,64.25656,0.474547,3.993197,0.055519
S00376,L0018,T03,376,1.030643,-0.025031,888.171657,181.639907,23.437676,97.895086,17.653852,48.705924,67.005244,-1.017546,4.917932,0.066369
S00170,L0008,T01,170,1.082216,-0.068075,775.924725,176.088002,27.223917,98.709189,18.451443,62.704154,64.651384,-1.037788,4.729152,0.066809
S00577,L0028,T01,577,1.050265,-0.041614,865.292264,203.756956,27.859696,112.306655,19.625153,142.122849,64.35823,-1.380097,4.244037,0.074677
S00148,L0007,T03,148,0.697848,-0.050635,861.069786,212.259286,28.153034,111.691496,16.691266,167.364938,70.075073,0.003437,3.926553,0.063713
S00567,L0028,T01,567,1.10455,-0.040155,919.059874,147.396299,29.764302,103.400888,17.749436,71.52287,64.411227,-2.942942,5.892218,0.122392
S00621,L0031,T01,621,1.060626,-0.047243,846.191515,178.454586,34.460581,103.862332,19.17725,56.071616,65.12142,-0.92965,4.916679,0.064488
S00074,L0003,T01,74,1.100384,-0.04181,804.929734,188.486728,29.39209,105.135304,20.164462,14.15722,62.074917,-3.491754,4.242999,0.144564
S00593,L0029,T01,593,0.870477,-0.048506,772.486375,240.679119,27.434312,107.794434,16.902819,159.638895,61.189474,-1.443137,1.959469,0.072841
S00258,L0012,T01,258,0.976642,-0.036333,4590.2748,200.419105,30.749691,111.517939,18.51813,41.865822,63.502662,-0.979052,4.158321,0.065539
S00141,L0007,T01,141,1.14861,-0.042677,866.632553,224.612672,28.027589,110.77311,15.742735,11.223818,62.772814,-0.198008,3.147283,0.050657
S00333,L0016,T02,333,1.091564,-0.044137,883.596763,204.829528,19.316816,112.058282,17.896325,170.89434,65.355764,-0.965109,3.986494,0.06524
S00722,L0036,T03,722,0.914883,-0.059458,908.853702,192.320025,25.038247,96.649534,18.132904,65.737988,69.408481,-0.357633,3.89159,0.065158
S00607,L0030,T01,607,1.04228,-0.055694,719.886443,175.358328,26.752991,112.750497,17.786329,76.3855,58.984678,-2.718739,4.971567,0.11421
S00090,L0004,T02,90,1.072141,-0.019932,929.32171,186.723244,27.194424,96.490092,18.922839,28.400279,66.600569,-0.313772,4.008845,0.052641
S00269,L0013,T02,269,1.095798,-0.03951,867.640703,164.412043,32.880512,98.250039,18.255573,116.816535,63.947734,-3.496054,4.934277,0.144751
S00262,L0013,T01,262,0.95633,-0.037635,784.273022,171.507519,25.518648,100.430013,19.164863,9.408348,58.254779,-2.814825,5.56837,0.117657
S00122,L0006,T03,122,0.984227,-0.046265,891.947655,186.270275,28.423086,112.634133,16.600902,89.394679,67.877998,0.315802,4.926288,0.052677
S00689,L0034,T04,689,1.027929,-0.024201,828.210194,186.886213,31.178264,112.20889,19.039381,41.048945,66.863008,-2.191192,4.778022,0.096819
S00040,L0002,T03,40,1.0632,-0.019922,920.865659,237.438213,30.811375,115.60724,18.190661,80.08547,66.739375,0.510327,2.889654,0.056179
S00563,L0028,T02,563,1.140867,-0.034443,801.326373,201.305695,24.80404,106.83139,19.466414,158.893288,59.018641,-0.440039,4.4878,0.054889
S00030,L0001,T01,30,1.023367,-0.034913,829.687071,190.328401,33.586489,96.651618,18.810378,177.398001,61.216915,-1.052108,4.926246,0.067122
S00594,L0029,T03,594,0.778184,-0.068825,768.252993,156.303177,26.346282,109.370379,15.753387,158.412892,74.548696,-1.273194,5.645825,0.17192
S00754,L0037,T01,754,0.906751,-0.031248,866.145431,169.634378,28.585201,103.153412,19.659552,51.077439,63.657783,-1.877351,4.886944,0.08763
S00642,L0032,T02,642,1.031873,-0.055228,873.873134,172.998763,25.593671,112.022633,17.655537,70.431445,63.153911,-2.973194,4.820677,0.123534
S00603,L0030,T03,603,,-0.050739,784.167231,211.78166,24.198344,112.99285,18.31349,141.229226,69.580086,0.249724,3.21812,0.06443
S00756,L0037,T01,756,0.976824,-0.075338,850.627799,202.987619,28.13224,119.21013,18.516763,60.363184,63.368821,-0.558321,3.253378,0.057077
S00182,L0009,T01,182,1.051578,-0.0582,824.577494,177.233606,31.674201,105.835643,18.585034,7.955559,64.223923,-0.506543,4.687018,0.056109
S00385,L0019,T03,385,0.685,-0.05846,854.406228,183.477561,26.950738,113.221258,19.536174,111.082337,73.777689,1.373761,4.343491,0.160767
S00598,L0029,T01,598,0.894914,-0.032992,848.675521,220.04034,28.308346,106.947819,17.336169,,63.870587,-0.819929,3.193752,0.062209
S00680,L0034,T02,680,1.101061,-0.030237,860.376373,179.425526,33.088655,110.951644,16.811124,30.266774,61.596386,-0.799843,5.170036,0.0618
S00158,L0007,T01,158,0.964554,-0.028388,801.205443,200.480185,30.102473,116.413185,17.570394,103.387418,61.678652,-1.759162,4.060158,0.084378
S00486,L0024,T04,486,1.004718,-0.030898,971.153365,223.913267,27.039246,108.407337,17.806218,162.944059,69.157311,0.896345,3.008959,0.074974
S00629,L0031,T01,629,0.930355,-0.054571,861.253403,166.210107,27.530688,113.101511,16.027785,2.382102,66.304519,-2.055889,5.106665,0.092756
S00016,L0000,T03,16,0.954324,-0.06324,788.956585,,26.59702,87.413364,18.568903,30.587009,64.411306,-1.783791,4.148778,0.085047
S00503,L0025,T04,503,1.041968,-0.03534,897.072779,236.869448,25.46224,110.445313,16.992724,80.424409,64.72591,-0.549433,2.921011,0.05691
S00397,L0019,T01,397,0.990779,-0.068611,776.574327,199.345555,29.026087,96.716707,18.105832,95.51645,63.94481,-1.183051,3.963389,0.070049
S00052,L0002,T03,52,0.787018,-0.033062,807.059686,189.709094,31.176645,90.26241,17.322064,131.275005,70.48277,-1.253071,3.45732,0.100742
S00254,L0012,T01,254,0.989431,-0.019431,901.157212,225.341388,25.975928,102.254146,17.838306,168.613801,62.366462,-0.685187,3.158529,0.059514
S00796,L0039,T02,796,1.16018,-0.030901,828.906967,196.380897,34.414582,112.636449,18.143112,52.853732,61.254409,-1.506566,4.119757,0.077794
S00011,L0000,T01,11,0.959814,-0.048826,861.163675,205.30797,32.896501,104.940027,18.457895,10.20404,61.884407,-0.143126,3.628053,0.049741
S00477,L0023,T01,477,0.997416,-0.032968,885.421492,197.807323,31.415054,98.402813,17.476876,123.387084,66.026508,-0.936175,3.957503,0.064625
S00386,L0019,T03,386,0.995172,-0.033986,751.907608,158.351949,26.865624,106.689647,16.7245,,59.166014,-3.328584,5.33432,0.137644
S00210,L0010,T01,210,1.16027,-0.049699,799.268858,228.601493,27.292189,94.937198,17.14654,139.575401,63.051111,1.094865,2.757472,0.068065
S00120,L0006,T02,120,0.915946,-0.041999,950.439956,168.108704,23.911799,99.768162,18.773764,141.936404,67.867879,-2.268312,4.92727,0.099205
S00526,L0026,T01,526,0.887979,-0.04236,891.128861,181.784514,2.86568,120.40827,18.216623,32.19562,65.099347,-1.770245,4.784675,0.084678
S00348,L0017,T02,348,1.026465,-0.035448,841.022593,177.541338,28.43122,102.637069,17.257066,8.173271,63.378484,-1.554578,4.52664,0.079008
S00765,L0038,T02,765,1.131557,,901.557942,230.978143,23.835178,87.427312,18.091624,61.432295,66.199946,-0.11423,2.506691,0.049265
S00670,L0033,T01,670,,,878.336297,176.698833,23.059612,98.321655,17.701739,152.262118,67.422818,-1.277802,4.295602,0.072241
S00313,L0015,T01,313,0.848675,-0.024242,864.134864,208.113864,27.451866,103.667826,18.101212,156.417014,62.22507,-2.589719,3.380052,0.109721
S00479,L0023,T02,479,0.897397,-0.038332,839.254022,209.498606,27.165615,109.220417,18.080458,151.895876,63.270433,-1.141371,3.418322,0.069105
S00768,L0038,T01,768,0.96037,-0.046289,861.333868,197.658471,27.934759,100.305421,19.081103,137.699097,61.348039,-2.232687,3.651602,0.098096
S00613,L0030,T02,613,0.997981,-0.058376,739.40051,196.031955,27.8064,96.480857,16.553223,178.118974,60.537469,-2.653101,4.20259,0.111906
S00702,L0035,T01,702,0.982486,-0.038967,849.363117,230.027673,25.862679,96.396261,19.854048,59.585507,65.289902,0.197558,2.464911,0.050649
S00357,L0017,T01,357,0.936148,-0.030969,837.488004,230.467754,28.822847,104.764765,18.119754,150.778368,63.942212,-0.06248,2.751182,0.048424
S00485,L0024,T01,485,1.044999,-0.052986,890.564024,,23.905232,,19.619381,122.693837,64.658139,-2.408207,5.382179,0.103667
S00438,L0021,T04,438,0.942794,-0.058079,835.523367,227.145832,28.934337,103.924503,17.853687,19.482691,62.118367,0.434631,3.45785,0.054791
S00059,L0002,T01,59,1.160247,-0.037387,943.374291,177.377926,22.503786,102.931051,16.652603,128.381151,68.665662,-1.17303,4.887828,0.076591
S00527,L0026,T01,527,0.891068,-0.041413,906.547893,170.545521,27.746014,112.509791,19.793011,50.473819,65.577644,-2.318942,4.927076,0.1008
S00683,L0034,T03,683,0.842561,-0.044082,891.554169,224.697358,31.588402,101.441755,16.755011,169.241851,71.941644,1.097271,3.540712,0.116633
S00727,L0036,T01,727,0.885794,-0.054369,975.142493,185.183538,29.463076,109.1418,18.178533,144.738708,64.247489,-1.156301,4.712643,0.069442
S00576,L0028,T01,576,1.035666,-0.048693,841.553578,181.281011,28.926153,116.211002,18.994573,136.628604,61.00453,-1.713009,5.028946,0.083139
S00245,L0012,T01,245,1.016244,-0.041632,759.409489,196.08648,29.760429,105.516067,16.778538,53.233656,59.821553,-2.431658,3.658313,0.104432
S00587,L0029,T01,587,1.058043,-0.033345,906.092893,239.834403,23.113738,114.21408,17.515741,134.642372,61.206167,-0.387063,2.231099,0.053935
S00793,L0039,T01,793,0.942948,-0.018089,868.18507,164.318819,29.89714,104.259448,18.437,163.460951,61.112781,-2.828541,4.851327,0.118156
S00374,L0018,T03,374,0.713305,-0.031706,889.763568,198.165656,28.998384,102.898364,19.561471,127.612624,73.391292,0.113355,3.898736,0.104179
S00042,L0002,T01,42,0.961351,-0.029407,866.553349,162.785032,28.363255,98.041131,19.566089,39.464162,64.962165,-1.851704,4.821239,0.086915
S00416,L0020,T04,416,0.939903,-0.043809,812.114187,180.103565,31.739487,112.070551,16.855231,10.778638,61.001803,-2.649382,4.588842,0.111777
S00205,L0010,T02,205,0.963479,-0.057831,822.453148,,31.270051,94.636229,16.39411,64.461387,60.321259,-0.879399,4.418019,0.063435
S00121,L0006,T01,121,0.934147,-0.057016,919.833494,157.383523,31.965718,101.743162,18.230857,159.574392,66.587587,-3.170768,5.04869,0.131218
S00337,L0016,T01,337,0.997537,-0.046147,864.560376,198.36788,23.948531,99.268418,17.054542,113.456494,64.952135,0.020607,3.447904,0.047753
S00022,L0001,T03,22,1.238063,-0.036013,886.511401,210.085497,29.397406,104.516456,18.604176,36.446111,64.219486,-0.296379,3.777823,0.052338
S00423,L0021,T02,423,0.962541,-0.043993,840.649451,206.236276,29.715432,116.416915,18.883203,69.979063,65.584343,0.284946,3.763688,0.05214
S00308,L0015,T01,308,0.987729,-0.031954,826.818553,216.851825,28.03156,,17.302826,118.012637,61.45324,-1.309994,3.920798,0.072999
S00281,L0014,T04,281,1.018805,-0.063236,827.611531,186.226538,30.206663,108.232706,13.965214,68.006043,66.14958,-1.583852,4.299439,0.079757
S00082,L0004,T02,82,1.057397,-0.066653,903.3128,166.811418,29.333724,103.493616,17.598759,162.981606,65.667275,-0.897554,5.55551,0.063813
S00101,L0005,T01,101,0.877633,,771.002797,181.733889,27.916011,107.370135,15.592677,14.342886,63.605808,-1.293776,4.348383,0.072616
S00293,L0014,T01,293,0.983498,-0.048402,820.612534,176.452251,22.308496,109.614588,17.21971,80.984294,59.985714,-1.667996,4.621335,0.081946
S00519,L0025,T01,519,0.982752,-0.048559,810.22221,196.304557,26.749363,101.814454,19.474415,123.154947,59.968756,-1.872413,4.127645,0.087492
S00353,L0017,T02,353,1.039376,-0.035228,805.963895,181.138878,28.995251,92.900987,18.618098,147.214291,61.063766,-1.268621,4.452792,0.072026
S00112,L0005,T03,112,,-0.047019,895.585503,210.57099,25.562453,102.964874,18.46765,74.73623,61.623912,-0.307654,3.872807,0.052534
S00781,L0039,T02,781,0.89724,,827.836788,182.377448,29.846254,108.067976,19.778514,160.119962,58.046459,-1.913187,5.166425,0.088638
S00268,L0013,T02,268,1.074411,-0.039321,797.341692,172.100122,28.708015,101.991632,18.639831,67.16534,61.07243,-2.276852,4.998572,0.099472
S00104,L0005,T01,104,1.10513,-0.046828,853.076025,181.89388,30.949458,100.117309,18.015545,33.645212,65.451824,0.087247,4.966124,0.048825
S00746,L0037,T01,746,0.993385,-0.033459,867.862419,218.286231,28.660796,102.024197,19.139231,145.888944,67.083329,-1.151573,3.428619,0.069335
S00636,L0031,T01,636,0.977409,-0.040936,914.018626,214.199054,29.908714,107.878985,16.44788,8.468557,63.586738,0.49762,3.861102,0.055944
S00406,L0020,T01,406,1.026503,-0.051337,,201.119337,24.608488,101.898005,18.843785,37.162441,61.048318,-1.085603,3.418246,0.06786
S00592,L0029,T03,592,0.801048,-0.038953,784.38727,192.160987,26.804134,105.401471,19.115945,158.705459,71.768357,-0.46424,4.378736,0.093446
S00080,L0004,T01,80,1.106311,-0.036085,883.57879,180.551409,28.680824,96.798421,17.535252,59.216982,65.900369,-0.525955,4.326457,0.05647
S00426,L0021,T01,426,1.018875,-0.042477,970.068974,198.155717,26.901051,106.43264,17.450044,107.600388,70.984356,0.397586,4.159257,0.082172
S00492,L0024,T03,492,0.684004,-0.041406,758.403845,182.760572,26.473976,102.97657,20.321135,175.323092,70.541182,-0.387663,4.524828,0.077049
S00791,L0039,T02,791,1.058819,-0.045168,804.950164,230.238567,24.049235,101.692632,18.194607,148.053662,62.067989,0.064189,3.146929,0.048451
S00154,L0007,T02,154,0.921555,-0.043419,858.227509,196.276686,28.24177,92.358395,17.152133,9.64489,60.700735,-0.799412,3.884836,0.061792
S00003,L0000,T01,3,0.986176,-0.04962,935.700961,153.180047,25.205908,109.915132,18.678002,21.672673,66.411102,-2.203645,5.83718,0.097201
S00602,L0030,T01,602,0.994426,-0.056904,769.091221,186.164191,27.047071,113.601371,19.067429,100.550058,57.62537,-2.201781,4.425961,0.097143
S00674,L0033,T03,674,0.892418,-0.05015,864.104567,208.949067,32.137904,100.985689,19.52455,79.930802,66.526321,-0.304449,3.330843,0.052479
S00238,L0011,T02,238,1.114422,-0.066238,805.899535,173.784002,26.219585,98.757322,19.42345,127.996975,67.034083,-0.901463,5.005058,0.063895
S00452,L0022,T01,452,0.827622,-0.033408,881.694501,182.064303,28.511876,105.730132,18.043801,43.656552,64.358981,-1.97616,4.220157,0.090434
S00218,L0010,T01,218,0.953483,-0.033333,878.838078,173.335689,25.703212,106.400114,16.853262,169.97188,66.958194,-0.216397,5.443606,0.050967
S00771,L0038,T01,771,1.069996,-0.056352,864.15957,185.087727,28.59747,104.89259,19.41381,51.785256,64.567449,-1.870622,4.598394,0.087441
S00462,L0023,T04,462,,-0.04558,859.320552,174.404855,25.095694,107.658953,17.482459,80.289775,66.526692,-3.302154,4.727345,0.13655
S00180,L0009,T01,180,0.927696,,905.63149,208.970797,26.658818,,15.974223,18.478408,63.324255,-0.902224,3.761663,0.063911
S00780,L0039,T01,780,0.927058,-0.060454,887.976067,144.206372,29.533835,110.720264,17.360559,39.596173,73.817315,-1.450186,5.84812,0.165227
S00347,L0017,T01,347,1.038935,-0.033148,912.735507,175.645427,27.510687,99.44269,17.139916,58.15473,66.139291,-1.47067,4.214484,0.076898
S00356,L0017,T04,356,0.924721,-0.040182,808.381513,155.032067,27.74547,103.630508,16.628751,162.381178,62.960698,-1.531307,5.516429,0.078418
S00729,L0036,T01,729,1.039225,-0.034741,822.751827,197.434442,,113.233659,17.760749,177.446334,61.709237,-0.168183,4.402531,0.050157
S00140,L0007,T01,140,0.958692,-0.037186,827.253031,243.117195,26.115423,101.816047,18.054099,158.339004,66.184985,0.852513,2.769233,0.062878
S00221,L0011,T04,221,0.917614,-0.032846,904.803008,220.423163,26.767991,114.141917,16.554453,162.307891,66.542494,-0.95916,2.935432,0.065113
S00606,L0030,T01,606,1.173649,-0.050717,837.398411,213.509354,31.584812,101.161998,18.808259,34.394558,60.82261,-1.85802,3.359599,0.08709
S00091,L0004,T01,91,0.954843,-0.064116,909.546819,181.130964,24.533278,108.992673,19.330066,88.536107,62.316893,-1.2731,4.875837,0.07213
S00508,L0025,T03,508,0.856742,-0.055814,930.469768,197.743724,26.926837,109.859443,18.913116,81.689657,64.139816,-0.811579,3.552233,0.062039
S00535,L0026,T01,535,0.906518,-0.038574,794.257889,178.871281,32.699429,111.258935,19.721014,76.705167,64.91454,-2.047665,4.706338,0.092514
S00412,L0020,T01,412,0.917128,-0.044131,801.767901,187.35417,25.537194,94.069284,17.204523,41.521972,61.290128,-0.786961,4.030634,0.061539
S00282,L0014,T02,282,0.952207,-0.068264,804.294848,201.781513,28.044791,101.852803,20.314682,18.875649,63.164394,-0.800224,3.561199,0.061808
S00306,L0015,T02,306,0.963327,-0.037789,843.314697,175.864152,25.577863,91.460622,17.406816,170.588087,65.916902,-1.743614,4.368078,0.083959
S00229,L0011,T01,229,0.931739,-0.03609,998.54162,182.774186,32.344532,97.320021,17.465533,79.519304,64.223629,-1.652655,4.891375,0.081543
S00363,L0018,T01,363,1.102838,-0.046349,787.426307,152.229867,30.148759,110.564323,18.101356,158.123637,63.38188,-2.174886,5.58079,0.096321
S00168,L0008,T01,168,1.225323,-0.027943,830.934551,183.653315,29.802058,99.774624,,52.434507,62.174829,-1.868678,4.548126,0.087387
S00186,L0009,T02,186,1.069216,-0.03995,866.483865,195.578544,26.34797,106.902977,16.189077,53.052022,63.816796,-0.897915,3.493583,0.063821
S00489,L0024,T01,489,1.019135,-0.085492,,173.915659,23.727771,103.378898,16.986988,11.644022,61.046224,-2.679319,4.869541,0.112822
S00196,L0009,T01,196,1.024647,-0.025178,821.943955,203.059835,25.921369,103.590892,16.816865,2.569107,61.464028,-2.248911,3.412712,0.0986
S00430,L0021,T04,430,1.001806,-0.041385,750.731664,188.634928,29.270756,101.00104,17.213746,116.595092,65.314713,-1.136108,4.241598,0.068987
S00494,L0024,T03,494,0.817761,-0.043394,,175.006902,31.39144,111.032769,17.176899,102.94489,75.705561,0.596571,4.579347,0.163097
S00228,L0011,T02,228,0.916252,-0.038149,790.459547,199.29457,26.56388,104.728898,16.692068,75.12316,58.29285,-1.140796,3.887141,0.069092
S00133,L0006,T01,133,0.929092,-0.050319,999.534494,186.183095,28.402286,110.862058,17.417783,62.639691,69.04811,0.44466,4.527079,0.063736
S00362,L0018,T02,362,1.050686,-0.025687,812.028968,170.748699,28.12724,100.338629,17.908729,66.39369,63.019773,-1.350312,5.035261,0.07396
S00537,L0026,T02,537,0.916328,-0.041783,832.54903,213.726043,28.509626,97.879138,17.814147,129.724273,64.25909,0.506832,2.919081,0.056115
S00381,L0019,T01,381,0.877604,-0.045589,948.625384,179.365619,28.562206,104.391108,17.821029,51.006057,67.315818,-1.313665,4.693697,0.073086
S00287,L0014,T01,287,0.955465,-0.040283,854.482222,185.230602,22.560933,96.91019,17.909006,27.624051,66.792312,0.756916,4.119548,0.060935
S00776,L0038,T01,776,1.046285,-0.041188,793.345494,209.425651,23.999687,102.740725,16.214657,97.322441,61.109573,-1.778521,1.715233,0.084903
S00369,L0018,T01,369,0.9158,-0.061621,777.499554,183.40966,21.216866,99.54236,17.8712,57.691665,63.226965,-2.099298,4.603398,0.094043
S00382,L0019,T02,382,0.980809,-0.042058,893.907835,137.208831,28.596407,105.006886,15.898259,77.027564,69.481867,-2.881329,5.872564,0.145635
S00720,L0036,T01,720,1.11139,-0.038254,889.606575,193.472028,30.369508,,15.51489,74.913513,62.686762,-0.482515,4.263571,0.055666
S00055,L0002,T01,55,1.307963,-0.050282,891.695915,195.831556,27.452794,100.51215,17.693546,128.620986,69.782276,-0.93675,4.230615,0.082808
S00253,L0012,T03,253,0.663367,-0.044944,898.946264,176.074867,26.885042,104.820301,17.076105,,76.579036,1.174973,4.783885,0.213845
S00698,L0034,T03,698,0.578978,-0.038182,,140.677332,30.014687,117.02621,17.13356,,81.629856,-0.389305,6.312926,0.30592
S00529,L0026,T01,529,1.057778,-0.037783,935.819221,189.879399,23.970726,93.904025,14.802936,158.811775,68.071148,-1.92886,3.746589,0.089952
S00473,L0023,T01,473,0.956399,-0.046666,918.78494,203.791973,30.23362,93.268485,19.885456,161.548176,67.067637,-1.139796,3.897418,0.069069
S00688,L0034,T01,688,0.88873,-0.056741,812.023643,184.476462,28.144456,109.46993,18.158756,134.194014,65.588855,-0.712768,4.724354,0.060057
S00795,L0039,T01,795,1.036611,-0.037511,857.236247,147.475754,30.144312,98.006407,18.647332,131.063099,63.51197,-1.938489,6.090703,0.089356
S00725,L0036,T03,725,0.933095,-0.067069,785.848162,215.915443,32.096213,97.980243,17.649249,4.524079,62.692363,-1.205245,3.609374,0.070557
S00472,L0023,T01,472,0.933147,-0.049593,801.027854,210.727795,30.033853,114.129348,18.797775,99.987763,54.150626,-0.956921,3.564662,0.065066
S00183,L0009,T01,183,1.006091,-0.019785,985.736634,186.046243,32.991751,99.256063,18.482744,83.694373,64.581042,-0.291898,4.812982,0.052261
S00240,L0012,T01,240,0.904407,-0.048189,853.272389,200.291254,27.319305,113.682495,16.744517,37.64182,65.187794,-1.693201,4.611303,0.082612
S00067,L0003,T03,67,0.721165,-0.041014,,160.765875,35.765988,106.847843,17.571609,114.194119,73.707858,-0.0792,5.073115,0.107542
S00079,L0003,T02,79,1.088675,-0.032247,951.888965,177.715594,26.838977,103.755025,19.341042,122.75437,68.701534,-1.059397,4.581935,0.074194
S00009,L0000,T02,9,1.069925,-0.05613,828.18869,165.245945,32.316192,109.963671,17.719951,98.606582,61.715766,-1.63369,5.724873,0.081047
S00222,L0011,T01,222,0.893533,-0.039462,818.693751,194.374686,24.666584,92.141204,18.03416,97.21449,64.420809,-2.083157,3.872146,0.093562
S00747,L0037,T01,747,0.970525,-0.061875,839.311456,202.627694,25.110538,97.936445,19.538801,155.970386,65.842886,-0.304513,3.780054,0.05248
S00139,L0006,T01,139,1.056088,-0.05394,751.286897,181.648811,29.768683,98.285002,290.248258,,63.197642,-0.903869,4.716764,0.063945
S00144,L0007,T01,144,0.96453,-0.030648,899.188318,163.854439,28.884129,104.769301,17.32749,60.915068,61.16212,-3.258134,4.868679,0.134744
S00373,L0018,T02,373,0.962698,-0.053633,854.69269,207.808161,29.440462,119.45413,19.598599,170.789383,61.743558,-0.983847,3.56305,0.065641
S00610,L0030,T01,610,,-0.040154,861.343507,199.720753,27.818666,115.42381,18.473445,21.157682,60.922213,-2.298874,3.835233,0.100165
S00523,L0026,T01,523,0.879634,-0.049615,827.368207,229.237464,28.194763,121.271207,19.308518,51.743785,59.847711,-0.030936,3.612178,0.047917
S00379,L0018,T01,379,0.983812,-0.030807,824.075962,170.312184,29.473073,111.599052,17.155983,164.705031,61.485115,-2.077843,4.892953,0.093405
S00604,L0030,T02,604,0.963565,-0.058371,824.737744,159.012884,31.641744,109.459514,19.486077,109.307024,63.371244,-2.025238,5.354012,0.091857
S00524,L0026,T03,524,0.819708,-0.034332,,215.417268,27.473549,93.419752,18.090897,130.382484,76.873604,0.412545,3.102995,0.17879
S00249,L0012,T04,249,0.948685,-0.044276,783.4659,165.37992,22.882952,109.089211,20.742915,84.711304,61.009754,-1.138208,4.887341,0.069034
S00204,L0010,T01,204,1.134167,-0.050976,,209.619364,28.020745,99.61747,21.302074,143.134597,59.984746,-1.697167,3.225762,0.082717
S00294,L0014,T03,294,0.677223,-0.050189,903.594131,203.281491,23.125609,93.842147,18.514208,172.505651,78.495407,1.024849,3.259321,0.255976
S00440,L0022,T02,440,1.166522,-0.056481,861.080964,180.662227,29.858234,109.714158,18.496371,40.321504,67.751536,-0.563058,5.135897,0.057166
S00134,L0006,T03,134,0.984443,-0.043536,909.807405,192.957058,25.738779,92.964709,17.551471,54.967725,66.285421,-2.547448,4.061696,0.108284
S00322,L0016,T02,322,1.230045,-0.055024,907.127728,172.733216,25.152382,109.778316,17.301888,49.926973,67.777718,-2.333584,4.465833,0.101265
S00002,L0000,T01,2,,-0.034208,861.270102,146.546187,26.581428,100.565315,19.692148,87.255164,63.314494,-2.676427,5.492774,0.11272
S00159,L0007,T01,159,1.021003,-0.048305,834.059082,143.774182,26.667866,95.168188,16.849542,44.583548,64.429795,-2.767238,4.205086,0.115939
S00389,L0019,T03,389,0.949296,-0.02959,776.181264,154.613984,22.22425,100.887006,17.471403,92.129445,59.432444,-2.624934,5.539553,0.11093
S00028,L0001,T02,28,1.023905,-0.02877,806.024436,206.068809,34.978972,106.041339,18.564314,48.170947,62.025494,-0.944992,3.767023,0.064812
S00759,L0037,T01,759,0.97417,-0.049538,796.428335,200.931141,26.517465,98.945448,18.657458,141.066403,65.357307,-1.540386,3.589907,0.078648
S00073,L0003,T01,73,1.107764,-0.060484,973.098674,155.780144,28.93245,96.220748,18.37607,65.306128,68.623244,-1.87898,5.240894,0.095447
S00470,L0023,T01,470,0.902849,-0.040822,850.283948,178.494319,29.78217,128.073107,16.786397,117.711784,63.756152,-2.961413,5.082641,0.123088
S00419,L0020,T01,419,0.992886,-0.052451,863.589328,,29.848861,103.844613,16.544068,36.898659,64.392223,0.840311,4.303532,0.062627
S00216,L0010,T01,216,0.947107,-0.034999,872.595424,199.241276,30.02416,107.661482,17.8245,94.798759,63.475774,-0.131068,4.423097,0.049542
S00578,L0028,T03,578,0.74814,-0.071447,857.507961,195.879404,28.546917,93.376794,18.184729,149.72265,74.398117,0.71108,4.075042,0.142901
S00161,L0008,T02,161,1.057616,-0.043552,836.808123,182.038818,30.302577,102.116455,17.915206,179.732927,63.029204,-1.984148,4.3949,0.090665
S00224,L0011,T01,224,0.847727,-0.038418,843.144336,198.153623,25.04897,100.851243,18.096796,145.491841,61.221717,-2.103122,4.269963,0.094157
S00471,L0023,T02,471,1.016197,-0.02992,760.686764,215.981761,26.664156,104.723416,18.858145,17.611068,57.658874,-2.248762,3.635693,0.098595
S00685,L0034,T01,685,1.098169,-0.039729,815.970107,181.738427,25.721172,109.220987,20.299462,55.76125,64.639856,-1.290536,5.053074,0.07254
S00481,L0024,T01,481,1.011763,-0.067773,870.332093,216.768315,24.403781,101.946342,18.155173,44.205788,64.645731,-0.397208,3.070988,0.054117
S00554,L0027,T02,554,1.040666,-0.043579,811.878094,169.040903,23.923322,108.000823,18.607573,24.12783,59.746475,-2.183723,5.370241,0.09659
S00033,L0001,T02,33,0.996463,-0.047338,824.880422,170.773863,27.036843,107.227371,16.327992,144.819054,64.959975,-2.251611,5.320823,0.098684
S00611,L0030,T01,611,1.055168,-0.049948,918.751891,210.721602,24.060685,104.068751,18.579563,83.300514,69.184777,-0.431897,4.00948,0.064699
S00103,L0005,T01,103,1.048106,-0.053768,808.976102,192.97808,27.775956,105.640412,18.275489,73.048433,62.994937,-1.024185,4.573775,0.066513
S00495,L0024,T01,495,1.157942,-0.062154,832.1187,197.188243,31.176139,89.123128,17.813195,176.022879,65.872752,-1.350617,3.950575,0.073967
S00775,L0038,T02,775,0.9611,-0.037303,801.016723,140.128253,25.50504,104.429557,15.493339,49.187507,62.883349,-2.58342,6.189149,0.109505
S00230,L0011,T02,230,1.012899,-0.043724,863.169682,216.914483,25.091262,96.973376,17.892496,44.941799,62.601379,-0.95334,2.99223,0.06499
S00178,L0008,T01,178,0.980804,-0.042156,821.734182,175.698131,24.677674,113.70027,16.646768,134.900281,62.736899,-1.461463,4.775317,0.076669
S00452,L0022,T01,452,0.827622,-0.033408,881.694501,182.064303,28.511876,105.730132,18.043801,43.656552,64.358981,-1.97616,4.220157,0.090434
S00142,L0007,T01,142,1.07675,-0.052664,797.617547,204.38404,27.311027,107.021043,13.339458,74.846743,60.711668,-1.13129,4.19415,0.068878
S00185,L0009,T01,185,1.020599,-0.051208,860.916486,182.099059,29.303911,91.878617,18.306951,151.879889,63.938905,-0.609957,4.633004,0.058057
S00145,L0007,T02,145,1.170948,-0.025805,737.723705,200.962268,26.540739,106.782046,17.962771,,55.875131,-2.715197,4.072309,0.114085
S00200,L0010,T01,200,1.142057,-0.043568,841.135662,199.235093,30.366837,89.950711,19.510754,62.641492,64.095612,0.137944,3.787776,0.049655
S00197,L0009,T02,197,0.989987,-0.032315,868.755019,203.092985,26.503215,107.906569,17.326667,69.935834,64.969692,-1.096054,3.966218,0.068092
S00352,L0017,T03,352,0.701617,-0.035285,721.422087,184.64034,23.596956,102.000643,17.977476,137.14402,71.629156,-1.722776,4.828739,0.135561
S00317,L0015,T01,317,0.95079,-0.054929,837.491717,160.287006,32.251183,98.910315,18.266188,94.879808,62.138069,-2.004818,5.089045,0.091263
S00777,L0038,T02,777,1.11397,-0.053684,878.126503,192.198831,19.765017,106.657466,18.34076,158.6685,67.056282,-2.31823,4.270469,0.100777
S00448,L0022,T01,448,0.936245,-0.049329,869.72212,172.617196,28.656068,106.869998,15.822664,121.306359,63.736529,-0.665252,4.842065,0.059125
S00744,L0037,T01,744,0.888788,-0.054842,776.602985,238.417281,31.947144,107.175802,17.874097,64.942789,61.940573,0.963769,2.734659,0.065212
S00109,L0005,T03,109,0.786236,-0.036661,772.448987,241.89001,21.511091,98.190326,18.72547,165.278914,68.15945,0.255301,2.40293,0.052814
S00737,L0036,T01,737,1.105435,-0.05362,818.869258,212.861842,29.029642,107.990788,18.261347,121.032456,59.011988,-2.553397,3.618628,0.108485
S00790,L0039,T02,790,0.868879,-0.222705,929.721249,187.273344,29.844017,101.390556,17.992202,137.703887,66.461262,-2.107043,4.488598,0.094274
S00008,L0000,T02,8,0.957171,-0.050049,890.347539,197.680958,24.877625,107.4487,18.03739,114.330756,65.239951,0.437539,3.572801,0.054844
S00315,L0015,T01,315,1.136645,-0.057522,844.801135,199.523622,24.806018,113.901786,18.60214,77.023203,62.733633,-2.102736,4.194699,0.094145
S00630,L0031,T02,630,1.068419,-0.075113,933.1845,159.514553,27.684855,97.376473,17.391879,39.47836,70.764113,-1.185158,5.093065,0.102424
S00439,L0021,T02,439,0.882118,-0.054408,816.590208,167.641882,21.781411,86.739882,16.59508,5.645372,60.531696,-2.22354,4.519766,0.097813
S00568,L0028,T01,568,0.987026,-0.042439,926.989394,230.288953,25.833442,105.584069,19.080493,109.669856,69.317029,1.090214,3.045926,0.081595
S00596,L0029,T01,596,1.096518,-0.037457,852.129845,218.0658,25.467896,112.227832,18.207484,107.547415,62.617587,-1.50949,3.164065,0.07497
S00271,L0013,T03,271,0.8374,-0.046328,826.044983,179.671326,28.803585,106.885809,18.934462,,73.889225,1.212276,4.62697,0.155471
S00062,L0003,T02,62,1.001909,-0.040766,802.761344,159.826069,30.011375,103.074121,17.385068,177.770624,60.733136,-3.236934,5.289308,0.133881
S00136,L0006,T01,136,0.940137,-0.02009,915.923018,164.812538,32.377905,109.090342,19.545782,37.448823,64.954345,-0.380471,5.266371,0.053818
S00037,L0001,T01,37,0.950322,-0.031768,906.917751,200.901413,26.722672,108.303612,19.094499,45.924576,68.512811,-0.749,3.229996,0.065319
S00181,L0009,T03,181,0.997188,-0.033829,944.05214,184.069808,28.146793,107.16844,17.414407,15.236109,68.879738,-0.440137,4.459974,0.062153
S00546,L0027,T01,546,0.976531,-0.040547,814.178677,183.834943,29.081636,100.415029,18.057537,131.147855,61.262591,-0.109725,4.477648,0.049191
S00166,L0008,T01,166,0.924348,-0.039181,856.05388,201.084042,29.295556,113.368473,18.217763,103.59186,62.243459,-1.748819,4.301298,0.084099
S00714,L0035,T01,714,1.059448,-0.050203,831.54177,234.443776,31.153388,100.039328,17.873878,52.016379,62.34432,0.59623,2.728454,0.057795
S00552,L0027,T01,552,1.064895,-0.045721,884.224683,185.634282,29.421737,101.263528,17.787456,15.981436,65.051742,-0.39515,3.876591,0.05408
S00138,L0006,T02,138,0.93737,-0.037231,862.410493,163.410554,27.023188,94.940907,18.513225,15.827571,66.883671,-2.416834,4.888238,0.103948
S00189,L0009,T01,189,0.976752,-0.028943,868.162765,173.600075,29.347625,94.982611,16.871037,102.298942,63.105104,-2.787774,5.233582,0.116677
S00497,L0024,T02,497,0.974919,,756.216336,177.568072,30.739345,107.261272,18.349408,129.699491,57.9894,-1.113707,4.522147,0.068485
S00213,L0010,T03,213,0.764556,-0.038735,795.169512,195.532046,32.816481,105.709503,290.279054,114.070662,68.866373,-0.463638,3.949018,0.062516
S00408,L0020,T04,408,0.727515,-0.054987,828.378533,242.748164,29.18953,95.805637,18.714307,141.477159,64.945791,1.714888,2.000059,0.083189
S00110,L0005,T01,110,1.050736,-0.029718,733.39322,159.146931,26.084641,106.167553,19.086962,72.814972,59.018664,-2.710527,5.279638,0.11392
S00360,L0018,T01,360,0.928482,-0.046197,857.29832,191.849345,27.4774,101.940146,16.018249,118.634236,63.966778,-2.815201,4.605683,0.11767
S00270,L0013,T02,270,0.990887,-0.028767,851.96537,225.244688,27.494721,102.7069,17.543571,5.203103,62.166709,-1.082303,2.502957,0.065326
S00017,L0000,T01,17,1.09557,-0.046528,890.229111,206.174724,25.012135,106.12474,17.41986,150.320439,63.311915,-1.696806,3.968951,0.082707
S00401,L0020,T01,401,0.906207,-0.025816,812.068422,174.056748,29.443359,109.433017,18.820919,100.112839,61.811811,-2.007352,4.811753,0.091336
S00499,L0024,T04,499,0.928838,,914.264871,188.745671,24.09294,97.739906,18.481869,116.562316,62.373898,-0.122472,3.910359,0.0494
S00304,L0015,T04,304,0.954904,-0.038603,922.731466,193.61047,30.707327,102.396986,16.528398,86.284763,66.319609,-1.425223,4.064913,0.075776
S00628,L0031,T01,628,1.079381,-0.039352,821.530332,209.339112,28.398814,107.042751,18.815981,95.25111,59.348268,-1.828436,3.465325,0.08627
S00259,L0012,T03,259,1.069225,-0.052995,936.556364,204.059061,25.040072,118.630978,16.108063,85.325928,70.983427,1.735922,3.98502,0.125109
S00214,L0010,T01,214,1.133856,-0.049789,870.249321,159.206624,30.042595,99.711019,17.340859,16.810224,65.502927,-0.369713,5.020652,0.053626
S00012,L0000,T01,12,,-0.043829,871.208492,202.041012,33.343387,108.058722,17.068846,63.178497,62.764896,-0.946341,3.979512,0.064841
S00019,L0000,T01,19,,-0.051571,894.148324,171.287184,32.293486,102.600473,16.385122,26.228403,70.484167,-0.654616,4.347691,0.083306
S00622,L0031,T01,622,1.103618,-0.027496,962.974694,175.442874,26.721211,123.119338,16.493477,38.687817,67.982783,0.335479,5.440037,0.053021
S00565,L0028,T03,565,0.962335,-0.028911,836.968056,192.073075,34.332861,95.824766,17.858906,37.655806,62.176914,-2.312001,3.813022,0.10058
S00083,L0004,T02,83,0.977029,-0.054034,845.341176,209.762714,30.751547,98.295801,17.923441,52.266283,65.188222,-0.480588,3.170165,0.05563
S00405,L0020,T01,405,1.09786,-0.041834,918.089507,200.118751,27.407569,112.305178,19.955807,95.852963,66.854544,-1.972186,3.9743,0.09032
S00569,L0028,T03,569,0.831897,-0.038682,844.723223,190.057548,34.598757,104.854237,18.364576,165.591033,73.158378,-1.011849,4.414138,0.133299
S00525,L0026,T01,525,,-0.021262,783.486183,150.716388,29.4187,97.668245,18.474865,33.001937,61.917545,-2.729771,5.516673,0.114601
S00718,L0035,T01,718,0.952854,-0.056692,871.236733,220.0663,29.867021,102.371173,17.705288,32.499862,62.313679,0.550696,3.161044,0.056933
S00004,L0000,T02,4,1.006893,-0.048696,917.277971,180.425815,27.396163,103.311852,18.219961,10.365258,70.336144,-1.905938,4.626061,0.121053
S00699,L0034,T02,699,1.02993,-0.048096,859.788125,202.398637,28.115678,103.639234,19.022497,117.296949,61.85111,-1.344571,3.387222,0.073823
S00457,L0022,T02,457,1.09386,-0.038524,746.76069,161.110551,29.102114,115.709625,16.652664,6.274188,58.237591,-2.606717,5.349472,0.110303
S00761,L0038,T01,761,0.956848,-0.04625,814.112462,,33.375568,105.200739,17.302475,33.782485,61.807995,-1.175466,5.986112,0.069877
S00206,L0010,T02,206,0.976344,-0.043248,937.623716,199.389209,27.036376,102.043472,17.493601,161.094835,71.186767,-0.278532,3.672703,0.081324
S00601,L0030,T01,601,1.014983,-0.042685,912.823482,203.89576,28.944903,109.047955,16.193623,94.512843,68.504069,-0.610541,3.933283,0.062345
S00533,L0026,T01,533,1.01035,-0.046081,860.008311,190.19355,23.158501,106.465042,17.903673,31.719061,61.852413,-0.689279,4.410719,0.059594
S00275,L0013,T02,275,0.948603,-0.067545,777.598711,197.918686,23.859093,105.60438,19.463587,151.823296,60.897211,-1.768663,4.015939,0.084636
S00703,L0035,T01,703,0.955051,-0.069877,814.667552,190.038183,29.90325,105.168138,18.549429,78.853255,60.128841,-2.615934,4.338632,0.11062
S00538,L0026,T01,538,0.991866,-0.041446,893.476933,199.346302,34.121385,95.22932,18.224397,135.796132,68.778787,0.679103,3.677198,0.066267
S00279,L0013,T01,279,1.009755,-0.031684,851.056001,178.285676,29.608602,92.351271,20.610662,126.57077,67.12573,-1.311924,4.466946,0.073045
S00118,L0005,T01,118,0.970545,-0.058354,807.538157,225.479367,27.693026,112.340823,18.030299,105.727704,61.36841,-0.462291,3.267465,0.055295
S00077,L0003,T01,77,0.868378,-0.040103,846.090081,223.78718,26.817008,121.610014,18.553098,130.973702,65.255685,-0.83577,3.56015,0.062533
S00590,L0029,T01,590,0.957378,-0.044989,862.994019,179.536402,30.957342,112.242454,20.128708,34.909587,65.675364,-0.789443,5.139794,0.06159
S00211,L0010,T01,211,1.055007,-0.035234,749.412715,192.457832,26.707372,110.469699,17.13079,37.591987,56.35315,-4.182996,4.384342,0.177125
S00748,L0037,T03,748,1.105336,-0.056982,761.841696,250.31599,26.786219,118.83677,17.68874,86.537,61.789003,0.712728,2.370159,0.060056
S00706,L0035,T01,706,1.019228,-0.046169,835.508351,201.486404,30.15511,96.028263,16.008621,162.355678,62.770873,-0.785575,3.775814,0.061511
S00235,L0011,T01,235,0.984458,-0.062355,874.435666,193.723777,28.726471,100.186945,17.980316,31.210937,65.062265,-0.308942,3.888903,0.052557
S00786,L0039,T02,786,0.903962,-0.054365,852.057319,202.299284,29.603795,123.147576,18.611199,116.294292,63.722087,-0.985254,4.410247,0.065672
S00498,L0024,T03,498,0.877316,-0.038194,889.335637,223.870815,25.187618,111.221012,17.05559,49.245865,66.5952,-1.447628,3.052346,0.076327
S00779,L0038,T02,779,0.887286,-0.038807,778.487351,169.928058,27.615199,88.421663,19.562292,81.717822,59.860405,-3.119529,5.070079,0.129187
S00135,L0006,T04,135,1.132641,-0.060463,877.260325,204.834667,25.811755,103.00908,18.636848,177.0859,66.124576,-0.178444,3.954973,0.050328
S00326,L0016,T01,326,0.949517,-0.050062,866.413978,213.218304,28.925661,95.849957,18.238006,4.624276,62.525616,-1.777047,3.556332,0.084863
S00409,L0020,T01,409,0.98297,-0.046909,866.834143,206.615164,24.352244,105.946195,17.407651,145.579081,66.760381,-0.244636,4.246569,0.051447
S00692,L0034,T01,692,,-0.04036,766.795064,158.992942,31.328412,92.303676,16.529426,86.562057,60.856436,-3.727233,5.308644,0.155058
S00745,L0037,T02,745,0.951569,-0.077983,791.041898,183.510792,,100.656671,18.399065,2.146165,60.916809,-1.980446,4.538405,0.090558
S00127,L0006,T01,127,0.978782,-0.039884,805.145417,208.949262,25.438256,111.332498,15.751861,7.253343,61.7441,-0.598296,4.408294,0.057834
S00782,L0039,T02,782,0.972926,-0.039559,876.52629,178.619337,34.459193,105.198395,,161.678668,63.446081,-1.413016,4.752555,0.075477
S00506,L0025,T03,506,1.043181,-0.05614,798.357501,206.460768,32.020392,118.428097,18.477397,22.422133,61.884173,-0.560433,4.293339,0.057117
S00425,L0021,T03,425,0.850801,-0.029574,851.291992,175.059223,28.937197,110.825085,19.105126,178.088128,71.157593,-2.321402,5.388565,0.152662
S00640,L0032,T03,640,0.762953,-0.041105,788.830642,198.059184,25.230366,113.774022,19.008654,114.587894,74.811534,0.553325,4.461765,0.143735
S00422,L0021,T01,422,0.945212,-0.027451,889.095774,171.672658,25.542292,111.02586,17.828532,103.792154,71.080095,-0.812251,5.223009,0.095031
S00107,L0005,T04,107,0.896377,-0.053597,876.98705,198.843374,30.900442,106.844517,18.462781,8.09292,66.610457,0.125445,4.52424,0.049449
S00149,L0007,T03,149,0.659861,-0.046147,891.044379,190.850453,25.876954,104.808612,17.739739,136.100981,77.633918,0.769513,4.261833,0.216601
S00164,L0008,T03,164,1.021529,-0.05128,858.857028,183.244102,26.168744,100.708938,289.37395,49.897258,65.827064,0.765062,5.115003,0.061098
S00300,L0015,T01,300,1.105096,-0.058643,745.130499,150.895969,26.595534,98.582304,16.526484,30.350714,64.732419,-4.833529,5.580689,0.212777
S00514,L0025,T04,514,0.846286,-0.047015,866.338006,189.727437,28.548638,83.050741,17.435321,143.519657,65.125465,-2.025247,3.94266,0.091857
S00774,L0038,T01,774,0.906505,-0.055082,935.221675,202.140986,26.916215,110.443965,19.149518,96.472881,64.627793,-2.123067,4.440944,0.094754
S00299,L0014,T01,299,0.914669,-0.051626,912.879776,205.242827,27.183351,95.932874,17.881734,95.605298,64.749552,-0.03975,3.695977,0.048058
S00436,L0021,T02,436,1.03328,-0.037809,851.483312,172.838111,32.305309,95.399844,19.411629,116.295946,62.651202,-2.226376,4.554195,0.097901
S00219,L0010,T03,219,1.002078,-0.056569,843.523313,195.136756,30.80905,110.686098,16.829247,91.627903,63.903349,-2.234938,4.118392,0.098166
S00612,L0030,T02,612,1.078127,-0.039296,869.9575,176.26425,28.398176,112.41287,18.096617,175.429254,63.081829,-1.188141,4.572266,0.070165
S00637,L0031,T01,637,0.992061,-0.034873,728.829039,170.981608,33.333586,98.295271,14.534441,86.870256,58.898134,-2.977782,4.385915,0.123708
S00548,L0027,T02,548,0.924257,-0.042365,927.471507,210.374662,24.447761,118.510704,17.150812,5.326214,67.317625,-0.453223,4.365647,0.055129
S00617,L0030,T03,617,0.812622,-0.046139,956.020672,167.556886,26.828677,104.356072,17.926357,173.849916,75.099673,-1.390476,5.138513,0.190251
S00490,L0024,T02,490,0.986269,-0.031995,885.276255,219.52726,24.925911,98.421882,19.3359,146.681301,65.589509,-0.182418,2.620824,0.050395
S00203,L0010,T01,203,0.940005,-0.055888,784.912496,198.812732,29.541039,107.886841,19.846544,74.60205,59.738616,-2.137751,3.95355,0.095195
S00691,L0034,T02,691,0.835791,-0.052094,780.357775,208.91767,22.534324,101.087607,17.316613,121.260414,58.593124,-0.076085,3.471351,0.048644
S00784,L0039,T01,784,0.920928,-0.026555,801.919408,164.41113,27.30261,116.746198,18.911981,122.219527,64.19837,-1.610709,5.237714,0.08045
S00478,L0023,T01,478,1.071875,-0.05385,777.319298,165.530132,25.269243,93.109575,17.942574,84.31399,62.250863,-3.156353,5.253741,0.130644
S00076,L0003,T02,76,0.956514,-0.043702,904.006647,226.675422,28.06367,111.790097,16.885675,42.600548,65.02944,-0.16241,3.398422,0.050061
S00097,L0004,T01,97,1.128719,-0.064023,764.910944,204.785689,25.555243,110.75072,17.855883,95.744387,60.570125,-2.380004,3.760027,0.102753
S00660,L0033,T04,660,0.945508,-0.040699,787.050067,167.779192,24.265666,106.112922,18.001662,47.119151,58.292659,-2.750852,5.256327,0.115352
S00543,L0027,T01,543,1.081029,-0.03559,830.069654,190.943241,,100.645239,19.009992,174.750994,61.564502,-1.137326,3.859246,0.069014
S00069,L0003,T02,69,1.039523,-0.062144,861.373866,190.810888,29.502341,92.534793,19.515225,86.132002,68.508764,-1.185483,3.976927,0.075246
S00466,L0023,T03,466,0.955653,-0.062728,795.489398,197.315707,26.876638,124.101986,17.147306,41.026114,63.494556,-1.077218,5.065935,0.067674
S00493,L0024,T01,493,0.94003,-0.050074,842.039304,210.058634,29.04813,101.049103,18.918944,35.756999,61.244687,-1.407138,3.562802,0.075334
S00407,L0020,T03,407,0.785439,-0.046196,847.184215,199.30497,27.140543,97.236191,18.737454,140.649434,71.26266,-0.805294,3.768312,0.097198
S00442,L0022,T02,442,1.015602,-0.048281,821.452525,195.644629,31.01878,112.555749,18.246188,37.550142,63.359945,-0.89067,4.332892,0.063669
S00072,L0003,T04,72,1.014851,-0.049728,830.306667,149.537,23.784243,106.443895,18.627262,72.504419,64.226848,-2.899293,5.93323,0.120761
S00551,L0027,T01,551,1.087977,-0.044774,831.939232,215.375117,23.609183,109.244953,18.314998,68.038831,63.229399,-0.741305,3.744194,0.060623
S00429,L0021,T03,429,0.83421,-0.05101,919.021609,194.370389,29.862928,101.436816,,88.496531,66.9098,0.142764,4.321859,0.049735
S00446,L0022,T01,446,0.916715,-0.050908,995.520214,161.873028,30.783948,105.568977,16.78172,126.638569,71.046645,-1.390384,5.378922,0.11341
S00686,L0034,T02,686,1.101152,-0.043211,834.642583,215.281189,25.668501,91.4789,18.884612,89.275031,63.636963,-0.690023,3.56724,0.059609
S00155,L0007,T04,155,0.89883,-0.057394,819.454966,147.014276,33.409966,110.514819,18.571382,35.413704,61.605535,-2.846173,5.591742,0.1188
S00393,L0019,T01,393,1.022894,-0.043205,801.53155,214.150976,30.335391,105.205795,17.946875,37.83934,62.912017,-1.699144,3.300517,0.082769
S00100,L0005,T01,100,0.960117,-0.04117,863.079801,196.897481,22.761077,98.010353,18.823237,2.195898,63.274182,-0.814837,4.194799,0.062105
S00553,L0027,T02,553,1.03285,-0.043934,864.661629,193.064167,27.262045,113.93086,15.449044,44.304108,63.42433,-1.532407,4.556151,0.078446
S00031,L0001,T02,31,0.856264,-0.024316,911.596879,210.268519,31.81358,120.308442,18.650997,36.678603,62.035903,-1.494131,3.595884,0.077483
S00449,L0022,T01,449,0.884479,-0.029416,891.495248,177.476522,31.653695,105.506332,18.31256,26.700281,69.001119,-1.546192,4.656608,0.090408
S00694,L0034,T03,694,0.977736,-0.045803,852.633433,188.397473,23.735177,116.270625,15.844255,10.146357,59.842415,-2.901522,5.155168,0.120843
S00437,L0021,T04,437,0.980684,-0.036964,849.004878,,25.385661,93.1493,17.658016,48.786608,66.296113,-1.954253,4.631571,0.089806
S00724,L0036,T01,724,1.087061,-0.045299,851.885178,233.17291,26.020351,109.169344,17.608485,26.825323,61.262511,-0.41789,2.85699,0.054488
S00657,L0032,T02,657,1.144726,-0.041766,820.165314,213.632003,23.573249,103.427603,15.983534,178.319215,62.80033,-0.884454,3.522628,0.06354
S00559,L0027,T01,559,1.153068,-0.054467,,180.821513,27.884961,98.529545,17.927597,39.773249,68.571948,0.319259,3.999293,0.057191
S00350,L0017,T01,350,1.099798,-0.043484,851.281697,204.594843,26.315774,99.65885,18.183538,137.297847,63.465655,0.233702,3.848256,0.051261
S00371,L0018,T03,371,0.959404,-0.0388,818.114597,176.784321,28.770314,114.336257,17.609715,50.250934,65.545557,-2.105609,5.499415,0.094231
S00209,L0010,T02,209,0.964864,-0.057901,852.263476,210.501441,30.483399,112.86384,17.820674,116.334613,64.236682,-2.154686,3.811171,0.095707
S00339,L0016,T01,339,0.947317,-0.045607,820.120562,163.769698,29.197902,118.063221,17.603892,90.755152,59.844514,-2.517519,5.506998,0.107276
S00007,L0000,T01,7,0.97174,-0.036389,791.244455,221.408843,29.321909,103.962505,17.748845,46.365029,62.173688,-1.232204,2.963393,0.071178
S00244,L0012,T02,244,1.066391,-0.024505,871.46434,169.93287,29.608269,111.771458,16.73874,33.957297,63.028427,-0.238944,4.870842,0.05135
S00207,L0010,T01,207,0.981092,-0.038964,752.227958,167.600628,30.063318,103.890283,16.309538,58.764793,63.266498,-4.052319,5.012715,0.170557
S00502,L0025,T02,502,0.889557,-0.053106,910.804381,192.474527,27.804658,108.077211,18.49903,19.944361,67.156774,-0.998812,4.053324,0.065963
S00390,L0019,T02,390,1.06692,-0.046703,839.080045,174.023844,30.302454,85.682445,17.922716,7.806653,64.034976,-1.040076,4.336045,0.066859
S00521,L0026,T02,521,0.926363,-0.05383,958.17126,181.07183,23.4269,105.641914,16.945226,32.541192,66.586277,-2.465377,4.479649,0.105541
S00117,L0005,T02,117,1.037781,-0.05075,894.869044,203.23874,27.637514,99.443172,19.483097,143.053549,70.062425,-0.728088,4.001253,0.080483
S00248,L0012,T03,248,0.674406,-0.049908,935.926284,210.697663,26.329417,89.009978,18.815173,136.860363,79.71543,0.607302,3.83011,0.263059
S00176,L0008,T03,176,1.047042,-0.027814,835.837378,176.36142,28.026234,102.220413,18.254072,25.645953,56.982299,-2.045569,4.934457,0.092453
S00735,L0036,T01,735,1.091169,-0.030927,879.66011,170.377683,32.368692,111.789281,17.086918,153.727072,61.980734,-1.595251,5.202433,0.08005
S00266,L0013,T01,266,0.809283,-0.044762,816.279236,183.809258,32.745835,100.625053,19.639864,159.884143,61.647343,-1.587031,5.193627,0.079839
S00239,L0011,T03,239,1.076792,-0.044596,747.261946,189.233335,28.397002,107.266498,18.895984,81.16709,59.826339,-1.031338,4.353338,0.066668
S00237,L0011,T03,237,0.72074,-0.03741,916.257481,168.634364,29.239791,95.372468,16.48741,138.906649,73.597611,-1.666004,4.725777,0.171184
S00220,L0011,T04,220,1.047236,-0.043081,931.455213,166.381015,31.111428,106.035855,17.961405,150.233275,69.636057,-1.66253,5.477375,0.102228
S00482,L0024,T01,482,1.023449,-0.048263,897.364109,204.462811,,117.332443,17.630192,30.841877,68.744005,0.30054,4.377384,0.058238
S00044,L0002,T02,44,1.053385,-0.040601,728.79706,170.103186,28.122061,91.509885,14.898075,123.254808,61.38473,-0.509278,5.295704,0.05616
S00146,L0007,T02,146,0.909567,-0.054536,925.288077,200.377914,27.458911,116.444252,17.320534,164.156558,67.24556,-0.412897,3.95564,0.054398
S00277,L0013,T02,277,0.928438,-0.016228,844.689112,163.018296,25.410489,100.533046,17.374641,154.107296,64.687078,-1.581144,4.949803,0.079688
S00336,L0016,T03,336,0.771044,-0.047241,882.338734,209.498937,25.776293,,17.401295,159.740924,75.207964,0.872908,3.292143,0.166133
S00303,L0015,T01,303,0.992968,-0.027562,922.674164,192.645177,23.661072,102.505426,19.806436,90.307667,63.77316,-1.178876,4.179858,0.069954
S00391,L0019,T03,391,0.920579,-0.072935,896.667319,171.730422,27.767696,110.708774,19.648789,60.211029,66.915279,-1.558364,5.349394,0.079105
S00770,L0038,T01,770,0.913114,-0.055528,891.480232,186.007949,25.252664,99.172075,18.037262,34.341941,71.413228,-1.139547,4.755551,0.110153
S00532,L0026,T03,532,0.738264,-0.04348,899.688054,180.165646,34.099342,116.478766,18.640937,177.2513,75.006137,-0.351576,4.81943,0.138712
S00663,L0033,T03,663,1.021485,-0.023058,889.771284,198.88514,25.155445,109.729715,18.464222,5.681471,63.3303,-1.788199,3.871144,0.085167
S00609,L0030,T01,609,0.944034,-0.035441,901.761168,178.528523,25.92047,107.117826,18.441688,132.980554,65.195787,-2.573829,4.670834,0.109179
S00089,L0004,T01,89,1.015071,-0.063205,908.807589,199.225517,27.065568,116.8695,17.913682,133.446067,66.198375,-0.882224,4.063608,0.063493
S00615,L0030,T01,615,1.210599,-0.042677,749.16467,171.707661,25.363728,117.789493,18.162754,97.14858,58.080988,-3.10268,5.728355,0.128525
S00237,L0011,T03,237,0.72074,-0.03741,916.257481,168.634364,29.239791,95.372468,16.48741,138.906649,73.597611,-1.666004,4.725777,0.171184
S00096,L0004,T03,96,0.825452,-0.036037,950.262019,180.102634,27.788059,,18.242159,138.319464,76.940175,0.016537,4.351753,0.160679
S00447,L0022,T01,447,1.057478,-0.02942,847.241871,205.994031,32.70756,112.974202,17.203523,173.778372,63.863668,-0.202731,3.646834,0.050736
S00647,L0032,T01,647,1.041738,-0.049415,923.630893,164.012702,27.052594,104.534218,18.377162,97.068386,67.852307,-3.281789,5.367021,0.135712
S00704,L0035,T01,704,1.023795,-0.046571,859.118543,204.311144,29.577019,100.711723,18.386742,41.774206,64.276667,1.227031,3.983376,0.071059
S00797,L0039,T02,797,1.075326,-0.0352,840.778589,210.936656,27.092778,115.89259,18.438806,48.833305,61.523199,-0.609304,3.721438,0.058045
S00522,L0026,T01,522,0.884226,-0.054772,844.227119,215.079074,23.386015,100.571664,16.866811,13.371795,64.035667,-0.009039,4.080954,0.047569
S00177,L0008,T02,177,0.860438,-0.038179,803.698625,188.197389,25.405112,100.290608,19.719037,50.358845,61.038302,-1.078513,4.050967,0.067703
S00361,L0018,T01,361,1.041654,-0.057232,839.312168,175.033274,28.704621,98.641446,17.10412,145.774214,61.07853,-2.239436,5.006238,0.098305
S00483,L0024,T01,483,0.908005,-0.042449,843.403804,188.662248,29.152577,96.453074,16.860819,,67.589266,-1.294983,4.513608,0.072645
S00715,L0035,T02,715,1.030633,-0.040364,889.057408,,26.800726,92.021485,18.330759,145.612366,63.664353,-2.185819,4.340946,0.096654
S00711,L0035,T01,711,0.991588,-0.068327,768.144143,235.516052,28.003644,106.681067,,127.883602,59.662892,-0.506239,2.478126,0.056104
S00750,L0037,T02,750,0.996573,-0.034775,950.296631,152.381819,26.133654,99.118587,18.439434,22.531252,69.870339,-1.190026,4.977406,0.09088
S00285,L0014,T02,285,0.899139,-0.027205,910.229899,203.374571,32.197942,,18.286168,4.703978,66.392625,-1.32569,3.350949,0.073372
S00263,L0013,T02,263,1.025994,-0.05589,870.075516,198.185654,27.794928,116.341564,18.352647,153.202365,65.21432,-0.68124,4.804983,0.059437
S00631,L0031,T02,631,,-0.048093,769.691259,174.577887,31.575082,100.965659,18.783798,174.987033,62.354993,-4.108763,4.702693,0.173369
S00662,L0033,T02,662,1.068091,-0.063435,859.401992,216.584158,26.792955,102.368763,17.248115,28.668078,62.999591,0.801652,3.850192,0.061837
S00633,L0031,T03,633,1.017697,-0.041281,737.075067,174.461877,27.509254,95.755297,17.621788,50.007059,58.634343,-2.064724,5.203372,0.093017
S00314,L0015,T04,314,0.945896,-0.023252,805.130285,144.962357,29.493032,91.219607,18.33803,139.251953,59.479035,-2.768229,5.577212,0.115974
S00331,L0016,T01,331,1.017733,-0.049608,852.257523,168.749164,32.40792,91.345191,16.935171,84.92631,65.5458,-2.256875,4.791772,0.098848
S00468,L0023,T01,468,0.9291,-0.073281,823.518372,197.566211,26.101806,99.470042,19.793563,76.177263,68.761416,-0.538838,3.855643,0.063139
S00614,L0030,T01,614,1.173793,-0.06001,804.679031,185.299942,24.58957,107.505392,20.001655,49.616374,61.435373,-2.751496,4.914396,0.115375
S00757,L0037,T01,757,1.074079,-0.048467,775.995011,141.019339,27.277844,93.509962,19.506647,58.310518,62.303041,-3.513798,5.772596,0.145521
S00098,L0004,T02,98,0.916464,-0.061317,844.840511,149.003843,24.326468,112.375447,19.229892,136.648242,63.713203,-0.903616,5.886635,0.06394
S00461,L0023,T01,461,0.853096,-0.059586,881.24069,163.457616,27.629035,117.003213,16.102487,99.480469,67.135325,-0.533339,5.322706,0.056608
S00024,L0001,T02,24,0.957408,-0.038608,795.682296,196.648088,28.552272,104.281807,20.596367,162.858208,62.678172,-1.124826,4.425001,0.068733
S00233,L0011,T01,233,1.023963,-0.049334,879.064262,167.40816,27.413658,94.952214,18.306942,123.545935,63.159422,-1.223311,4.991052,0.070973
S00749,L0037,T03,749,0.887046,-0.025129,808.208343,190.869924,28.743829,100.848464,16.04507,120.530458,73.485633,0.920297,4.135392,0.135281
S00236,L0011,T02,236,1.111567,-0.03523,823.985826,194.365522,30.162354,112.232315,16.422671,41.406705,66.517329,-1.309508,4.872812,0.072988
S00713,L0035,T04,713,1.006959,-0.046061,789.03097,145.02089,22.243255,101.392287,290.909661,,63.014857,-1.028962,5.652386,0.066617
S00172,L0008,T02,172,1.109512,-0.053275,836.846972,182.272049,26.390502,102.674802,17.630864,145.944392,63.194937,-1.967024,3.710258,0.090172
S00789,L0039,T03,789,0.852237,-0.043366,937.343702,207.363304,29.642801,108.726526,15.335718,164.7795,80.569775,0.717747,3.782232,0.296646
S00131,L0006,T03,131,1.015239,-0.043152,878.159074,229.399917,27.604404,98.584067,16.260583,36.525748,64.120578,-0.400901,2.765892,0.054183
S00528,L0026,T01,528,0.983393,-0.049573,903.903409,213.294951,29.396611,90.627157,19.846757,100.315514,63.078802,-0.41567,2.848989,0.054448
S00246,L0012,T01,246,0.991123,-0.061926,841.250154,192.516208,26.833002,90.333075,19.347762,8.786991,65.213855,0.493646,4.812902,0.055871
S00648,L0032,T03,648,1.125024,-0.036304,834.702467,167.416448,30.309874,107.773483,17.985968,77.958093,58.598975,-1.722855,4.679294,0.083402
S00278,L0013,T01,278,1.124031,-0.049018,868.145324,162.052876,28.084223,104.784366,17.212681,86.987685,66.209404,-1.122005,5.6234,0.06867
S00295,L0014,T02,295,0.841676,-0.064349,860.084526,205.154512,34.866437,103.854843,19.18579,138.347216,65.02927,-0.570925,3.986743,0.057315
S00511,L0025,T01,511,1.004585,-0.044875,831.153717,172.418726,23.708223,106.244006,18.509633,141.685713,61.31037,-2.439544,5.062967,0.104691
S00358,L0017,T02,358,1.014262,-0.040697,887.068117,211.263571,29.090056,102.14964,18.518093,65.875753,65.389331,-0.317672,3.367679,0.052709
S00549,L0027,T01,549,0.930954,,870.784266,194.788076,24.576702,98.113449,16.948802,164.294298,64.084999,-2.760602,4.113388,0.06852
S00046,L0002,T02,46,1.035227,-0.045519,776.987446,150.63169,25.031944,98.89604,19.245953,136.803856,63.8501,-1.68524,6.151195,0.082401
S00225,L0011,T01,225,0.976021,-0.056505,873.175202,221.232374,25.235201,,19.01697,15.228646,65.513724,-1.244071,2.84935,0.071453
S00366,L0018,T01,366,0.892085,-0.046395,964.492532,182.061844,26.714598,101.923688,16.183599,52.765893,67.418713,-0.294817,4.161722,0.052311
S00701,L0035,T01,701,0.972116,-0.022147,741.247254,214.860266,30.149135,93.792129,19.805481,165.554632,58.653955,-1.171261,3.172548,0.069781
S00731,L0036,T01,731,0.917751,-0.044092,907.943992,198.959594,20.832894,102.58359,18.12435,48.193113,66.198688,0.185524,3.230306,0.050447
S00193,L0009,T01,193,1.048268,-0.033405,824.472168,174.796683,26.91202,110.474287,18.409198,35.787244,65.23113,-0.744106,4.552913,0.060679
S00363,L0018,T01,363,1.102838,-0.046349,787.426307,152.229867,30.148759,110.564323,18.101356,158.123637,63.38188,-2.174886,5.58079,0.096321
S00045,L0002,T02,45,1.040084,-0.048088,745.32963,,34.214713,109.042807,17.73983,143.024462,59.962235,-1.929721,5.365312,0.089106
S00320,L0016,T02,320,1.029711,-0.047475,908.584178,212.406856,30.674013,114.584562,17.165047,136.118841,65.589966,-1.169032,3.598803,0.06973
S00025,L0001,T01,25,1.044543,-0.032156,828.479287,169.190808,31.882596,102.066647,19.962146,167.434233,61.829302,-2.255223,4.693603,0.098796
S00311,L0015,T01,311,1.073678,-0.025984,855.499803,158.256034,27.499601,97.22143,20.48304,39.582141,66.195939,-2.399379,5.174734,0.10338
S00344,L0017,T01,344,1.052019,-0.032244,827.386885,210.029795,29.423015,100.321494,15.322328,141.041037,63.243839,-0.824428,3.559922,0.062301
S00171,L0008,T02,171,0.920815,-0.045808,935.055198,192.236358,26.996445,107.852202,15.782545,129.718325,66.38144,0.571865,4.157772,0.057332
S00302,L0015,T01,302,0.974812,-0.042717,839.43554,193.385073,23.512318,,19.548555,154.668107,61.734396,0.51498,3.993549,0.056266
S00394,L0019,T03,394,0.632531,-0.046821,792.989605,165.021568,26.959335,103.562852,17.840663,127.694832,73.403168,-0.769717,4.438353,0.127848
S00274,L0013,T04,274,0.991985,-0.05076,807.713748,216.465,26.864605,108.974041,17.235411,143.723944,61.753257,-2.088944,3.484692,0.093734
S00573,L0028,T02,573,1.018722,-0.040242,859.541266,195.49939,28.824929,103.749765,18.219704,84.573244,67.66001,-1.343988,3.903306,0.073809
S00432,L0021,T03,432,3.844545,-0.042022,1023.663563,211.576879,,89.555978,17.451939,114.063585,78.887577,1.857796,3.766428,0.328134
S00644,L0032,T01,644,1.208506,,824.230102,202.109317,23.252005,110.49133,19.924241,169.340505,63.404106,0.347617,4.122532,0.053235
S00255,L0012,T01,255,1.104631,-0.060789,895.7036,184.88388,28.817454,118.170062,17.670971,50.599157,64.956014,-1.741349,4.433255,0.083898
S00785,L0039,T01,785,1.079687,-0.057431,792.157846,225.49236,28.523364,104.697214,16.646503,4.061149,61.757317,-0.921546,3.000035,0.064317
S00323,L0016,T02,323,1.053598,-0.049769,858.573937,199.05415,26.531769,104.296534,19.239116,82.722493,65.875046,-1.02136,3.758177,0.066451
S00038,L0001,T01,38,1.047064,-0.059399,865.63587,205.439135,28.821324,108.415211,19.071166,35.123008,63.628328,-1.546082,3.906264,0.078792
S00693,L0034,T03,693,0.652302,-0.060341,911.656722,207.448621,29.212054,94.765899,17.45443,116.856242,77.852432,0.957275,3.846827,0.23378
S00556,L0027,T02,556,0.911564,-0.043733,885.445829,157.361608,27.59071,106.465773,17.93617,53.964753,65.799433,-1.184352,6.057385,0.070079
S00584,L0029,T01,584,0.970029,-0.032403,875.988749,201.108924,27.914391,114.998662,18.839376,86.215586,64.000678,-0.312265,4.65334,0.052615
S00547,L0027,T01,547,0.86881,-0.053668,1017.285244,187.107771,32.490346,102.582963,21.491602,97.3476,67.937307,0.263316,4.54587,0.051767
S00102,L0005,T01,102,0.902688,-0.041092,983.091908,223.92693,28.775232,107.881231,17.21346,125.165319,68.355701,-1.013585,2.824438,0.069662
S00531,L0026,T01,531,1.126613,-0.041382,798.902926,173.967668,25.277083,102.330911,18.355092,7.922741,59.23308,-1.48383,4.41144,0.077225
S00658,L0032,T03,658,0.928452,-0.049848,809.970313,208.234848,28.368643,128.622341,18.252678,128.243268,75.953602,2.315214,3.801288,0.269604
S00574,L0028,T01,574,0.90512,-0.039189,780.375013,165.434849,26.436165,104.93294,18.157228,47.151843,60.825568,-2.707351,5.349637,0.113807
S00125,L0006,T02,125,1.113947,-0.024316,802.99462,226.168108,31.143201,110.658675,17.262153,78.479469,60.892507,-1.459194,3.449674,0.076613
S00050,L0002,T01,50,1.15333,-0.02797,909.164097,178.542122,27.136719,102.149457,19.194016,118.918685,64.885955,-1.401304,4.707583,0.075192
S00643,L0032,T02,643,0.779026,-0.042031,787.490341,159.417334,27.888449,111.252937,16.449796,4.088468,61.998837,-3.325378,5.164439,0.137511
S00575,L0028,T01,575,1.009298,-0.066723,835.878456,171.690709,23.968189,104.879952,17.761747,110.908762,64.233284,-3.216227,4.324325,0.133043
S00380,L0019,T02,380,0.92732,-0.0604,827.886079,166.109876,26.812452,103.197113,18.236562,5.908658,66.44721,-2.537953,4.793802,0.107963
S00093,L0004,T03,93,0.830435,-0.019831,760.949251,215.74677,27.406265,110.977261,18.418648,46.874414,56.081067,-1.834217,3.305245,0.08643
S00175,L0008,T02,175,0.925059,-0.047258,845.517027,177.667105,28.774182,99.387659,18.860741,123.949338,61.687915,-1.516041,4.487576,0.078032
S00041,L0002,T01,41,0.98749,-0.051625,830.360697,2252.73726,23.448348,100.426083,17.864451,31.0504,62.726919,-1.764162,3.635269,0.084514
S00105,L0005,T02,105,0.982984,-0.0411,848.261822,181.727506,24.385972,88.082502,17.906061,145.365811,60.39638,-2.033743,4.270186,0.092106
S00583,L0029,T04,583,0.967699,-0.037645,858.734394,225.818957,32.559524,114.328525,17.094223,21.413071,64.579065,-0.286538,3.512287,0.052168
S00465,L0023,T02,465,1.042372,-0.052824,867.933909,184.637873,23.118904,99.980796,18.334148,157.146144,60.352048,-2.176712,4.595919,0.096376
S00345,L0017,T01,345,1.074321,-0.062533,850.698543,240.666383,29.871174,112.913372,18.753101,82.563191,61.509307,0.346161,2.27904,0.053209
S00742,L0037,T01,742,1.094538,-0.066444,737.934209,171.826597,22.316866,99.622905,18.586692,56.39898,59.786081,-2.422443,4.57489,0.104131
S00585,L0029,T04,585,0.868799,-0.061142,931.885068,201.269418,25.158617,93.637346,19.607296,171.143746,69.19245,-1.220862,3.369559,0.083644
S00167,L0008,T01,167,0.988488,-0.046161,,207.198376,28.32445,110.292984,17.711073,61.222941,62.33231,-0.77215,3.849205,0.061241
S00580,L0029,T01,580,1.038449,-0.060557,956.14068,178.498131,28.524996,109.847427,,133.274216,68.929829,-0.701761,4.726648,0.068185
S00505,L0025,T02,505,0.951279,-0.055546,,207.371404,27.00798,98.495432,19.229647,1.63057,62.883973,-0.151292,3.235837,0.049876
S00555,L0027,T04,555,0.956986,-0.057332,902.077965,177.609372,27.437084,96.949166,19.536701,156.76085,63.502266,-0.914512,4.707927,0.064169
S00639,L0031,T01,639,0.846896,-0.02828,876.471346,179.513527,27.215059,,17.161673,179.678526,67.196227,-0.069402,5.548201,0.048535
S00733,L0036,T02,733,0.964529,-0.055311,872.229577,166.000195,25.503782,99.765576,17.484237,27.371383,65.696505,-1.238496,4.77167,0.071324
S00772,L0038,T02,772,0.94029,-0.046806,786.27619,191.405709,30.718579,86.0543,,48.292263,63.637209,-1.620029,3.622145,0.080691
S00162,L0008,T01,162,0.996163,-0.030387,892.079322,215.672375,26.572121,104.876875,16.251821,104.260675,65.578495,0.52555,3.096339,0.056463
S00297,L0014,T02,297,0.9819,-0.044291,802.958085,148.549242,26.440518,97.028215,19.066794,98.250282,59.068587,-2.453896,5.527735,0.105162
S00087,L0004,T01,87,0.950462,-0.037362,917.289356,212.059222,25.816147,1079.48069,16.477393,23.161305,66.416549,-0.895801,3.723686,0.063776
S00653,L0032,T01,653,0.932006,-0.067675,836.789392,180.984729,31.148231,109.871549,15.797715,131.917168,62.208892,-1.46143,4.64648,0.076668
S00208,L0010,T03,208,0.74899,-0.047144,900.014142,201.707747,28.946506,105.211124,18.549667,144.111363,78.255423,0.942057,3.981552,0.243798
S00032,L0001,T02,32,0.994157,-0.034563,878.43666,188.362265,26.266557,98.158586,18.878312,81.179273,62.028319,-1.936037,4.169283,0.089286
S00743,L0037,T03,743,0.780234,-0.045359,789.152541,196.273592,24.173042,117.453878,18.873012,146.10043,75.973691,0.955024,4.563838,0.18699
S00058,L0002,T04,58,1.11538,-0.022317,,187.41453,30.907405,116.266524,17.580006,2.553607,60.80973,-2.655155,4.972271,0.111978
S00383,L0019,T04,383,1.115738,-0.033898,816.204391,172.104334,28.049542,104.879036,19.407466,,60.429515,-2.628149,4.917689,0.111041
S00799,L0039,T03,799,0.725873,-0.045644,788.152288,191.453757,28.277243,103.479573,17.157941,109.701224,71.25729,0.109611,4.076701,0.07777
S00460,L0023,T02,460,1.023009,-0.049997,857.018116,196.322499,25.724299,97.948366,19.051085,144.00621,64.037139,-1.911964,4.225238,0.088603
S00464,L0023,T02,464,1.071395,-0.047977,836.540464,185.690007,32.759212,108.581004,16.856583,110.914773,61.287905,-1.951661,4.416503,0.089731
S00542,L0027,T01,542,1.080358,-0.029628,826.080604,214.978663,23.566222,108.163659,18.025609,60.005376,63.651501,0.209986,3.737852,0.050859
S00403,L0020,T01,403,1.043609,-0.070632,772.891313,196.940534,25.561894,107.54415,18.514123,49.424832,60.087287,-0.577529,3.901014,0.05744
S00260,L0013,T01,260,1.086331,-0.043217,869.695555,223.762171,27.948452,106.619413,17.621419,30.813538,65.67288,0.244981,3.031944,0.051453
S00378,L0018,T01,378,1.056944,-0.061611,905.704324,194.274847,32.874367,86.492812,19.04901,65.939775,65.891511,-0.008552,3.612339,0.047561
S00753,L0037,T01,753,0.927347,-0.055394,853.578404,199.92189,24.707344,116.073087,18.519063,55.270492,66.3741,-2.493177,3.832018,0.106463
S00651,L0032,T02,651,1.159234,-0.04333,864.44559,172.310663,28.636379,98.717268,18.230789,35.979602,66.488334,-1.587321,4.629778,0.079846
S00411,L0020,T02,411,1.11699,-0.046274,819.983636,180.254493,24.344682,126.040592,17.031807,177.01441,62.243383,-1.310376,5.273505,0.073009
S00681,L0034,T01,681,1.089132,-0.077792,825.058903,216.594653,26.178315,106.996179,19.299544,83.759682,59.679159,-1.15347,3.030884,0.069378
S00716,L0035,T01,716,1.043109,-0.049574,820.574029,208.539368,29.284051,101.024188,18.045121,70.395029,64.135282,-1.34974,3.874095,0.073946
S00364,L0018,T01,364,0.954917,-0.043448,812.57841,161.358001,23.662177,103.803059,19.179893,65.26613,62.022755,-0.830387,5.285558,0.062423
S00413,L0020,T04,413,0.997038,,790.92672,176.047514,24.639035,100.136063,16.391989,28.892565,70.963404,1.087052,4.498733,0.102016
S00063,L0003,T01,63,0.897578,-0.048668,844.592987,188.660923,30.766045,89.961455,17.129937,101.210224,59.145944,-1.481784,4.382307,0.077174
S00018,L0000,T01,18,0.892406,-0.060055,833.072468,232.232565,28.751955,102.033802,16.519388,66.017823,61.908728,1.253766,2.467244,0.071679
S00351,L0017,T02,351,1.030194,-0.068085,775.908088,173.320779,27.642158,116.779337,17.919266,26.831296,57.211066,-3.204893,5.64939,0.132586
S00354,L0017,T01,354,1.063425,-0.082744,819.417536,130.001591,29.823167,114.543276,18.014628,114.846607,64.079985,-3.681605,6.636638,0.152977
S00010,L0000,T04,10,0.902671,-0.05716,918.556818,196.368112,30.45578,105.366313,16.709512,68.543424,68.289754,-0.850218,3.977116,0.065439
S00427,L0021,T01,427,0.896488,-0.040185,882.076311,183.106154,27.679272,97.275769,16.405641,22.598287,64.019575,-0.983933,4.534194,0.065643
S00450,L0022,T01,450,1.103259,-0.038733,824.306978,208.175698,26.779624,109.789883,16.83907,47.0055,65.515419,-1.360275,3.798579,0.074199
S00623,L0031,T04,623,0.954494,-0.053058,779.394552,165.360288,26.979448,107.776178,16.703887,92.622154,60.155314,-2.494278,5.047118,0.1065
S00036,L0001,T01,36,1.048064,-0.061998,896.836115,143.739863,30.953555,102.507207,19.525241,3.357669,65.679268,-3.307191,5.295538,0.136758
S00013,L0000,T03,13,1.041579,-0.041757,796.253413,148.89803,31.754071,108.693205,17.077875,49.114406,61.327358,-3.174564,5.833419,0.13137
S00290,L0014,T01,290,0.840272,-0.036229,851.25028,173.393703,,104.647077,16.594728,169.766787,59.896475,-2.193752,4.991821,0.096897
S00234,L0011,T01,234,0.984332,-0.037218,864.512345,218.800917,25.105473,101.191858,21.761151,3.936012,62.346674,-0.179033,3.330453,0.050338
S00280,L0014,T02,280,0.955892,-0.057914,793.876234,173.427253,27.3073,119.598308,18.217643,93.731695,61.994647,-2.153047,5.128428,0.095658
S00267,L0013,T01,267,0.979171,-0.045406,868.671642,216.241904,30.127552,103.96995,18.196439,176.32073,61.294346,-0.643002,3.448149,0.058693
S00160,L0008,T04,160,0.899098,-0.065009,904.458769,195.53213,29.339782,120.800719,18.058723,14.45375,63.516199,-1.049888,4.641001,0.067073
S00307,L0015,T01,307,1.135726,-0.034089,883.132399,196.223141,30.531768,104.298657,19.454327,130.138352,63.140214,-2.054507,3.44929,0.092715
S00541,L0027,T01,541,0.810798,-0.032464,955.216091,199.755112,24.756,116.441361,18.368241,84.541057,66.480456,-0.337255,4.47883,0.053053
S00766,L0038,T01,766,0.859424,-0.062004,891.732581,187.955923,25.927885,112.583924,18.349025,91.256947,65.363661,0.27022,4.892706,0.051886
S00108,L0005,T01,108,1.133679,-0.048413,909.727407,185.700513,30.052617,107.294205,,90.753829,66.78339,-1.267317,4.335175,0.071995
S00712,L0035,T02,712,0.90506,-0.009965,885.544663,191.471763,33.192835,99.091655,17.755548,170.335865,63.76733,-1.993201,4.36603,0.090926
S00646,L0032,T01,646,1.024905,-0.041281,897.075089,188.743518,32.260187,119.077777,17.232591,146.948745,63.879214,-2.211317,4.331077,0.097436
S00106,L0005,T01,106,1.041966,-0.048926,896.537291,235.515683,28.342856,97.18742,19.842795,125.339824,64.66806,-0.784445,2.453498,0.061489
S00150,L0007,T03,150,1.043261,-0.032234,861.56889,151.661351,27.35171,114.628062,21.035316,73.470001,63.189167,-3.34451,5.883279,0.138307
S00273,L0013,T01,273,1.109321,-0.03351,845.385085,172.342796,26.942668,97.040668,17.742128,117.358651,62.746808,-2.809287,4.983553,0.117456
S00137,L0006,T04,137,0.967284,-0.053057,808.59474,136.428431,25.805839,95.506804,17.980342,5.49602,65.837841,-1.75351,5.804352,0.084226
S00762,L0038,T04,762,1.09981,-0.054885,941.835493,154.85099,28.299831,106.278538,17.512635,1.379927,66.527687,-2.015618,5.463704,0.091577
S00035,L0001,T01,35,1.032282,-0.041758,818.595991,174.403714,24.149395,100.709465,18.316981,156.164439,64.014343,-0.711692,4.795742,0.060035
S00418,L0020,T01,418,0.965295,-0.028874,,195.110444,26.868963,105.935906,18.000174,85.209241,65.396006,-0.65388,4.267265,0.058904
S00589,L0029,T03,589,0.914749,-0.031023,807.536853,193.414368,28.135094,109.222968,17.202991,37.827905,59.661944,-2.436495,4.21044,0.104591
S00769,L0038,T01,769,0.885576,-0.037524,812.611086,220.893804,26.852135,109.942027,17.777359,175.401207,60.065018,-0.680584,3.608641,0.059424
S00327,L0016,T01,327,0.91648,-0.038746,830.831975,152.080824,30.262435,118.951181,17.293825,99.428625,64.555548,-1.748011,5.576204,0.084077
S00165,L0008,T02,165,1.050658,-0.043971,814.019775,180.551433,26.381697,97.204213,19.083744,104.025285,59.882285,-1.296184,4.683718,0.072673
S00226,L0011,T01,226,1.133288,-0.047457,818.765208,193.809013,33.43389,106.172637,18.454834,144.101675,65.375315,-0.964929,4.045821,0.065236
S00721,L0036,T01,721,1.074402,-0.057047,948.006019,187.426429,27.669576,101.803828,18.331302,70.434414,65.424139,-1.773906,3.933437,0.084778
S00241,L0012,T01,241,1.091033,-0.039467,753.853449,201.467277,28.446014,107.020274,17.762214,22.796375,59.631349,-1.274334,4.018509,0.072159
S00616,L0030,T01,616,0.839563,-0.04771,834.719246,171.786351,24.843895,105.537878,,110.766326,64.874588,-1.787136,4.733608,0.085138
S00187,L0009,T02,187,0.904912,-0.030011,795.922458,169.911778,27.088175,110.221262,19.573034,79.967183,62.926035,-2.854217,4.844462,0.119095
S00276,L0013,T02,276,0.964943,-0.03097,849.834465,154.65278,28.574239,109.334092,17.681316,34.828546,60.34024,-1.908232,5.717808,0.088498
S00739,L0036,T03,739,0.931136,-0.052861,803.832783,197.526032,28.937189,112.599752,18.185434,18.099723,58.905758,-2.137028,4.243912,0.095174
S00194,L0009,T04,194,0.996292,-0.025745,816.333811,152.191419,,94.455828,19.055846,6.161234,63.632474,-1.638678,5.405975,0.081177
S00377,L0018,T01,377,1.015969,-0.050877,767.403427,192.016196,26.986522,106.434724,16.216479,,64.224096,-0.610635,3.907627,0.05807
S00676,L0033,T01,676,0.982044,-0.024591,858.764529,158.15279,,91.805165,18.263982,145.539314,61.682774,-0.448458,4.995446,0.055042
S00243,L0012,T02,243,0.975646,-0.067679,834.079295,236.683493,29.776621,118.197234,17.715574,57.036947,62.83885,-1.249038,2.628269,0.071569
S00130,L0006,T01,130,0.940127,-0.047099,860.75611,176.290316,29.198881,100.010096,17.688915,123.589187,64.291549,-2.437771,4.764091,0.104632
S00726,L0036,T01,726,1.009493,-0.032128,910.0116,203.491966,30.390081,114.02793,18.805927,88.026657,63.541505,-1.558929,4.001792,0.079119
S00504,L0025,T02,504,0.889099,-0.022297,829.706637,157.60479,28.640799,114.155484,18.750298,54.935775,64.620608,-2.764248,5.668028,0.115831
S00732,L0036,T04,732,0.909003,-0.073228,876.432225,193.771716,28.724874,110.40148,17.921024,146.756328,68.254046,-2.921119,4.31153,0.125703
S00605,L0030,T01,605,0.735182,-0.00938,793.608893,224.51357,31.480651,,18.357467,142.523745,61.708954,0.414388,2.555961,0.054425
S00595,L0029,T01,595,0.910562,-0.038611,,220.734958,23.470042,97.191131,17.630729,169.846502,64.839315,-1.270392,2.723478,0.072067
S00191,L0009,T02,191,1.143749,-0.043422,704.835284,137.573203,29.586188,108.52179,18.711148,16.077669,63.731795,-1.435142,6.140874,0.07602
S00006,L0000,T03,6,0.928695,-0.026305,746.327756,196.142238,,96.890535,20.36149,166.367574,70.350579,0.618435,4.149833,0.080842
S00560,L0028,T03,560,0.94998,-0.057339,797.588768,186.058751,29.90808,119.657833,17.448717,69.413236,64.218796,-1.988242,4.532892,0.090783
S00513,L0025,T03,513,0.847107,-0.040159,814.880388,201.161389,31.51073,115.243223,17.057839,113.767252,70.306103,-0.206435,3.769662,0.070317
S00705,L0035,T03,705,1.040512,-0.044085,872.305456,154.25065,28.150428,101.569901,16.39851,74.378176,65.033438,-2.710156,6.075538,0.113906
S00608,L0030,T01,608,0.929752,-0.035615,808.278202,179.462713,28.652048,111.669066,18.34202,166.544187,62.465196,-0.381055,4.688385,0.053828
S00454,L0022,T02,454,1.040877,-0.045595,818.872041,156.464719,27.411356,107.637711,18.006281,86.208388,66.099753,-2.669995,5.960952,0.112495
S00355,L0017,T01,355,0.98207,-0.059176,898.380973,164.646092,29.060418,94.817886,18.185883,155.768795,65.330169,-0.522925,5.204545,0.056414
S00021,L0001,T01,21,1.036766,,826.048451,123.067482,25.026479,111.868923,18.813817,1.128774,66.55891,-2.993049,6.25722,0.124288
S00085,L0004,T01,85,1.064044,-0.028554,799.011881,194.147845,,92.384952,15.021097,133.778318,61.441102,-1.09284,4.174163,0.06802
S00625,L0031,T04,625,0.876324,-0.05893,842.244589,212.659811,,92.199073,19.773807,77.032487,64.609664,-1.441516,3.466377,0.076176
S00316,L0015,T02,316,1.003085,-0.04843,833.968267,175.943055,31.044435,101.88399,20.094544,20.716681,62.179685,-1.969561,4.589499,0.090244
S00084,L0004,T02,84,0.973114,-0.027619,771.09512,175.742805,26.35482,106.29899,17.712719,158.077761,59.993033,-2.772836,5.046653,0.116139
S00375,L0018,T03,375,0.762253,-0.039149,765.246074,172.494784,31.277186,102.983087,17.431509,134.212835,68.627865,-0.713375,5.219136,0.065612
S00398,L0019,T01,398,1.046649,-0.071457,825.206985,174.522456,25.126702,87.800088,16.666935,85.691993,59.267461,-1.337783,4.351858,0.07366
S00760,L0038,T03,760,0.670161,-0.033511,820.699249,209.608343,25.665097,89.869773,17.381847,169.48718,70.214951,-0.35972,3.249701,0.072976
S00342,L0017,T01,342,0.944064,-0.050132,895.485101,202.065227,24.152029,91.353726,17.109968,154.870449,64.172136,-1.522605,3.540595,0.078198
S00509,L0025,T03,509,0.874367,-0.039269,822.434013,158.494948,31.033743,114.360985,18.147908,51.437283,66.474036,-2.911888,5.245726,0.121229
S00212,L0010,T01,212,0.993625,-0.051725,842.82722,147.921453,28.791799,106.695065,15.766301,92.517697,64.535636,-2.586378,6.209472,0.109606
S00264,L0013,T01,264,0.950683,-0.035081,786.033999,174.234458,25.790915,96.214828,17.663782,61.009286,63.035258,-2.01515,4.628034,0.091563
S00728,L0036,T01,728,1.048649,-0.057517,683.709443,157.860301,29.888822,89.386613,19.065909,136.683705,56.371171,-3.188087,5.693653,0.131911
S00115,L0005,T02,115,0.975643,-0.062313,856.302417,214.664568,29.374243,,18.322488,83.142802,37.890651,-0.746867,3.721059,0.060734
S00232,L0011,T02,232,11.26532,-0.040012,821.145808,186.53611,30.176424,106.246852,16.275434,20.599117,60.863358,-2.870322,4.155373,0.119688
S00223,L0011,T02,223,1.030725,-0.076453,817.159804,169.547368,24.222149,91.595172,18.132616,10.006383,60.652211,-3.443902,4.932467,0.142506
S00075,L0003,T02,75,1.040574,-0.05009,807.2086,182.00171,25.526989,111.582207,18.108682,81.670844,56.743495,-3.402885,4.456055,0.14076
S00163,L0008,T02,163,1.029874,-0.050349,915.060173,168.187437,23.220013,115.749493,19.637832,96.970688,64.66593,-2.263861,5.459623,0.099066
S00545,L0027,T01,545,0.866346,-0.036758,893.515463,203.187335,27.57721,97.069468,18.927534,59.842314,65.802059,-0.323593,3.695641,0.052813
S00384,L0019,T03,384,0.986294,-0.040083,797.048549,215.5606,27.504353,105.299828,17.461469,43.596684,62.580237,0.560641,3.353846,0.05712
S00340,L0017,T03,340,0.972983,-0.038634,808.205384,190.575778,36.456583,95.22355,19.406801,62.449202,62.260899,-2.291651,4.501564,0.099937
S00169,L0008,T01,169,1.039268,-0.037422,879.783657,202.283628,27.465393,97.234124,16.732121,4.445901,61.150445,-2.067091,3.778673,0.093086
S00635,L0031,T02,635,1.011219,-0.040068,848.15344,214.382477,28.102862,103.833404,19.011856,109.560747,64.215539,0.184423,3.339912,0.050429
S00794,L0039,T02,794,0.982439,-0.011387,895.666415,221.019592,24.011062,120.762247,18.634074,565.05521,68.17191,0.801753,3.267686,0.063352
S00710,L0035,T02,710,0.882274,-0.063308,806.326153,157.012241,30.129346,105.605632,20.385728,103.009736,58.365745,-2.845592,5.462259,0.118779
S00673,L0033,T04,673,1.007834,-0.036495,777.693699,214.588639,30.195742,95.292202,16.376643,144.757523,59.93959,-1.766868,3.536417,0.084587
S00202,L0010,T01,202,0.976986,-0.042142,817.504155,150.118556,27.043689,,17.362835,154.672715,63.654724,-1.751763,6.222667,0.084178
S00539,L0026,T01,539,0.957626,-0.040254,856.09216,197.933445,32.802642,98.249036,17.613439,84.595878,60.886578,-1.665045,3.860803,0.081868
S00116,L0005,T01,116,1.091007,-0.02712,901.277332,172.2895,28.525699,106.593037,17.772049,97.019266,63.981966,-2.672426,4.777853,0.11258
S00456,L0022,T04,456,0.959426,-0.039987,890.863201,222.826552,26.860261,110.359093,15.869721,,65.136379,-1.22385,3.247801,0.070985
S00029,L0001,T01,29,1.049452,-0.064019,836.226195,202.522658,30.227285,99.860537,16.832569,103.532068,63.890617,0.628167,3.755624,0.058407
S00070,L0003,T03,70,1.043898,-0.029641,822.506322,210.51366,28.072677,115.645016,18.248339,94.292802,60.475999,-1.505216,3.172894,0.07776
S00516,L0025,T03,516,0.733924,-0.041816,848.007997,189.710703,23.236564,110.741405,17.104776,110.530558,73.084778,-0.831128,4.364136,0.124948
S00365,L0018,T04,365,0.912816,-0.024715,841.682727,194.969474,33.008967,112.18438,19.088435,125.652747,62.100321,0.111542,4.130329,0.049221
S00424,L0021,T01,424,0.984082,-0.043317,739.904933,171.304021,28.341826,97.765143,17.115752,136.959852,61.480382,-1.775282,4.82585,0.084815
S00370,L0018,T02,370,0.84629,-0.044667,843.654139,164.781358,26.803643,111.408517,19.155609,90.454488,62.109981,-3.33432,5.405847,0.137883
S00367,L0018,T01,367,1.038563,-0.02839,907.978909,,28.866296,99.688996,18.294922,78.38213,61.002472,-1.393268,4.247588,0.074996
S00475,L0023,T01,475,1.004498,-0.070998,836.702056,240.970672,29.314467,113.976479,20.089448,7.831545,62.066628,-0.675608,2.913264,0.059327
S00334,L0016,T01,334,,-0.04113,850.79852,199.216843,21.446977,96.986398,17.622506,12.495672,64.216592,-1.140489,3.590746,0.069085
S00400,L0020,T01,400,1.034881,-0.033424,840.03283,141.653444,24.030949,113.715837,18.643871,14.523492,62.298468,-2.677598,6.274222,0.112761
S00599,L0029,T01,599,0.868046,-0.029391,925.012972,181.798941,28.129924,95.046704,18.978314,70.681782,67.436812,-1.294076,4.304438,0.072623
S00064,L0003,T01,64,0.937856,-0.027461,811.605107,217.230811,25.590914,109.605457,16.607848,40.450695,61.981798,-1.09789,3.798466,0.068132
S00346,L0017,T04,346,1.007957,-0.03073,833.501647,207.618762,24.939966,116.594635,17.554416,162.006179,62.790721,-0.251961,4.106681,0.051573
S00392,L0019,T01,392,1.035881,-0.056332,862.698579,192.532565,30.141201,108.5404,19.31068,175.959331,66.264982,-1.829708,3.688124,0.086306
S00561,L0028,T01,561,0.965698,-0.049714,893.862187,155.035874,30.312976,113.438816,17.757876,170.150558,62.861579,-1.959117,5.846399,0.089945
S00544,L0027,T03,544,0.780001,-0.038034,796.517894,169.990035,24.659051,110.011951,,102.416697,72.537176,-1.441122,5.493899,0.140031
S00057,L0002,T01,57,0.983791,-0.058493,921.284684,215.555954,32.873753,101.591868,18.274166,86.628055,68.034737,0.000343,2.772363,0.047667
S00227,L0011,T04,227,0.951943,-0.007321,943.606223,195.084088,33.310998,103.139079,18.835914,121.811194,65.85608,-2.800133,3.844787,0.117124
S00677,L0033,T01,677,0.983129,-0.023561,837.879056,206.742577,26.17201,101.719267,19.52874,62.08036,62.930007,-1.940425,3.876738,0.089411
S00242,L0012,T04,242,1.108056,-0.032618,,183.643875,24.875539,103.020725,17.586389,151.256529,59.203138,-1.854255,4.284021,0.086985
S00099,L0004,T04,99,0.966679,-0.039683,808.190689,183.305001,27.463617,110.709723,18.325974,45.632204,62.99053,-1.396243,4.419002,0.075069
S00190,L0009,T03,190,0.981063,-0.053127,957.605845,190.513821,31.963656,101.841725,18.561223,84.707522,65.042681,-1.629085,4.836565,0.080927
S00678,L0033,T04,678,1.0066,-0.055559,881.405886,194.002765,31.127983,104.237625,18.757602,16.534468,60.283847,-0.169025,4.373491,0.050171
S00421,L0021,T01,421,0.961966,-0.039371,863.244265,164.537074,27.01064,101.660353,19.499853,33.329219,60.397764,-3.121271,4.698013,0.129256
S00767,L0038,T01,767,1.23653,-0.039249,868.441482,177.993992,28.725246,106.826622,19.479286,136.336153,64.1119,-1.518029,4.638298,0.078083
S00343,L0017,T01,343,0.927756,-0.064121,900.384889,224.406678,27.993974,102.695858,16.820924,75.28493,69.406403,1.24004,3.160718,0.086667
S00113,L0005,T03,113,0.730701,-0.046386,917.228795,216.859754,29.787365,113.497743,17.120641,108.606841,80.004744,1.760309,3.152407,0.358201
S00679,L0033,T02,679,0.965527,-0.042748,828.102293,194.608792,22.796101,105.154951,17.488177,137.189333,60.370918,-1.866961,4.242271,0.087339
S00217,L0010,T01,217,1.015076,-0.046134,829.067844,223.05758,27.797207,100.442243,16.80027,101.783223,60.078672,-1.880279,2.797067,0.087712
S00143,L0007,T01,143,0.950635,-0.039618,883.803377,173.50587,31.816809,95.358079,18.985068,80.162056,63.498896,-2.109944,4.47387,0.09436
S00275,L0013,T02,275,0.948603,-0.067545,777.598711,197.918686,23.859093,105.60438,19.463587,151.823296,60.897211,-1.768663,4.015939,0.084636
S00387,L0019,T02,387,0.99077,-0.055034,832.458713,179.959831,29.148008,107.456335,19.261005,118.079386,62.028034,-1.471751,4.672583,0.076924
S00301,L0015,T03,301,0.779262,-0.049456,865.346677,193.139789,26.883499,104.837542,17.060547,139.448593,73.14764,-0.165758,4.173382,0.102492
S00738,L0036,T01,738,0.901358,-0.032847,821.632117,219.914244,26.972425,102.087675,16.415671,14.250531,61.606855,-0.457299,3.268904,0.055203
S00325,L0016,T04,325,1.080641,-0.048838,855.787009,154.980725,28.860975,106.230328,16.666818,53.845405,67.021233,-2.33867,5.977486,0.101427
S00588,L0029,T02,588,0.954907,-0.045661,907.144336,223.520102,27.210074,108.344089,20.14967,128.53244,69.242756,-0.710033,2.925944,0.07142
S00330,L0016,T04,330,0.94139,-0.050553,873.842294,184.490219,32.023316,102.805458,18.160811,2.183096,64.858638,-1.022732,4.845924,0.066481
S00349,L0017,T01,349,0.920536,-0.029298,847.102817,172.966662,27.823997,114.574277,16.820325,103.912698,67.420645,-2.185276,4.715304,0.096638
S00487,L0024,T03,487,1.05016,-0.042711,831.194261,185.682988,26.589882,108.095248,19.537594,63.950306,63.603278,0.775651,4.494408,0.061311
S00319,L0015,T03,319,0.713777,-0.041574,893.804887,178.85415,24.666009,97.833144,18.788789,107.236715,77.712315,0.44593,4.665332,0.199875
S00597,L0029,T01,597,0.992514,-0.031557,854.314842,203.029706,22.291268,84.061546,19.432479,151.320088,59.543396,-1.327777,3.598668,0.073422
S00455,L0022,T02,455,1.026385,-0.052373,894.166484,200.791682,29.992304,103.382621,19.838166,133.770536,69.994936,-0.886566,3.431623,0.083903
S00624,L0031,T02,624,1.061183,-0.050733,880.932985,177.050767,28.219438,112.797871,16.588287,24.896532,61.781223,-3.312532,4.749511,0.136979
S00641,L0032,T02,641,1.013623,-0.054358,837.786263,255.151028,29.879267,108.081555,18.096983,148.64255,60.094081,0.608425,1.701713,0.058028
S00463,L0023,T01,463,0.8689,-0.039203,801.714986,169.791718,,102.328875,19.326005,120.741843,62.257454,-2.986891,4.714657,0.124054
S00655,L0032,T04,655,0.990823,-0.061699,,222.116479,27.175729,108.299047,18.194293,156.672422,59.896585,-0.584873,3.338041,0.057579
S00697,L0034,T04,697,1.006699,-0.03664,825.400518,192.78911,29.531549,99.012744,18.125818,144.672426,67.288059,-1.437313,3.772292,0.076073
S00309,L0015,T01,309,1.026859,-0.036102,889.879038,181.821509,28.496371,100.815194,18.682121,157.481476,67.440835,-1.32525,4.299709,0.073362
S00582,L0029,T04,582,0.979107,-0.047862,857.792429,162.302593,22.950194,96.395196,,122.073515,61.820415,-0.768487,5.240569,0.061167
S00051,L0002,T02,51,0.980829,-0.046162,1002.106589,209.185132,30.612549,105.472278,17.626449,119.135746,70.232898,0.408483,3.089119,0.074324
S00335,L0016,T02,335,1.036103,-0.062454,866.062988,202.601893,32.863765,96.05873,19.295676,133.245189,63.073164,-2.091645,3.1637,0.093815
S00023,L0001,T01,23,1.034103,-0.048712,795.648291,195.696797,34.034552,110.522643,17.504939,83.913657,58.668173,-2.572353,4.281561,0.109128
S00591,L0029,T03,591,0.669794,-0.039345,891.097533,159.477719,20.18398,105.149959,17.229108,109.124839,77.012173,-0.432536,5.542784,0.182905
S00128,L0006,T02,128,1.029695,-0.023698,753.636876,200.621924,31.471262,100.540932,17.358228,51.229715,58.849893,0.100634,4.064641,0.049043
S00620,L0031,T01,620,1.078626,-0.073112,936.84876,202.828205,24.754941,99.707794,17.381538,57.555884,67.533366,-1.441314,3.955713,0.076171
S00668,L0033,T03,668,0.963355,-0.066694,853.513435,188.606302,33.068836,95.854811,16.708866,94.05676,61.778685,-1.837414,4.369609,0.086518
S00061,L0003,T01,61,1.0562,-0.026621,991.826016,206.366926,29.631725,103.135967,17.547816,137.069582,64.801844,0.012331,4.041097,0.047621
S00272,L0013,T02,272,0.910317,-0.027594,824.720729,176.748861,23.982854,90.241962,16.460394,76.115769,67.026216,-0.407214,4.1615,0.054296
S00071,L0003,T01,71,1.058957,-0.033743,894.757234,243.87046,28.106004,116.601919,18.070439,161.133779,65.934445,0.359161,2.129048,0.053439
S00329,L0016,T04,329,1.077788,-0.040253,827.280859,175.003405,21.254956,99.854013,18.602378,1.819708,62.4808,-0.4382,4.643634,0.054856
S00372,L0018,T02,372,1.034394,-0.055407,886.832964,156.478435,30.781787,107.143571,18.107831,41.573586,66.591944,-0.450657,5.166015,0.055082
S00708,L0035,T04,708,0.985007,-0.056407,872.816068,145.065136,29.449049,109.560945,13.809841,,66.492206,-2.181547,5.904353,0.096524
S00665,L0033,T01,665,1.051845,-0.048957,847.343422,201.840293,32.137606,109.02171,16.477568,4.461045,63.531469,-0.576872,3.820168,0.057427
S00566,L0028,T04,566,0.972027,-0.069873,838.763272,170.084041,29.751201,101.531372,16.699608,0.759422,66.721632,-0.12912,4.755082,0.04951
S00557,L0027,T02,557,0.990255,-0.031198,822.157341,177.975363,27.630969,105.220585,17.674392,59.650387,59.17816,-2.394748,4.515945,0.10323
S00690,L0034,T01,690,0.838998,-0.040941,866.038835,154.249487,29.546023,99.924214,19.335125,,66.401434,-1.498308,5.910083,0.077587
S00195,L0009,T01,195,1.081893,-0.050428,979.004646,196.409497,34.820795,112.657087,18.072196,144.955404,67.610334,-0.076102,5.09832,0.048644
S00700,L0035,T01,700,0.950698,-0.059075,848.281986,183.744185,27.638966,98.684727,15.745752,54.471532,63.002851,-1.597821,4.502878,0.080117
S00788,L0039,T03,788,0.716907,-0.065239,867.932217,220.774804,27.9515,101.874003,17.775033,129.944993,75.311218,1.893698,2.901219,0.224345
S00441,L0022,T01,441,0.81517,-0.007468,796.613605,208.186425,25.151579,96.951559,19.502576,82.328612,60.747516,-1.609327,3.739329,0.080414
S00667,L0033,T03,667,0.962109,-0.046021,835.091461,190.174683,29.289761,94.179037,18.202962,70.184757,65.131417,-1.588343,4.039685,0.079873
S00530,L0026,T01,530,1.182058,-0.029065,849.485882,256.515325,28.022401,,17.177165,67.971718,60.147597,-0.881779,1.926728,0.063484
S00433,L0021,T01,433,0.992732,-0.034355,862.952026,209.979147,28.025066,102.434042,18.017127,101.440787,64.346463,0.361514,3.416185,0.053481
S00758,L0037,T01,758,0.93071,-0.045655,865.861879,172.400591,25.413844,105.606189,18.029589,17.105062,65.455439,-1.13839,5.225562,0.069038
S00417,L0020,T02,417,0.930292,-0.052043,855.323571,176.426064,25.713388,112.913558,18.874977,46.801449,60.71901,-1.992742,5.207464,0.090913
S00474,L0023,T02,474,0.933461,-0.075658,838.270988,153.326499,27.431859,100.745925,19.194284,33.064362,65.336188,-3.186073,5.79668,0.13183
S00179,L0008,T02,179,0.991146,-0.035582,912.897367,171.31328,26.778749,111.27935,17.299244,114.303302,63.101519,-1.433579,5.49608,0.075981
S00581,L0029,T03,581,1.033333,-0.035129,904.979108,165.94402,25.563112,100.556852,19.144093,34.367051,63.721593,-2.057957,4.669851,0.092817
S00717,L0035,T04,717,0.987505,-0.050269,883.851105,174.345776,29.371975,120.604819,18.724157,44.215009,64.05734,-2.132996,4.610199,0.095052
S00152,L0007,T01,152,1.125539,-0.046076,842.402697,184.055693,31.071128,107.058548,16.757851,113.029638,60.892469,-1.144934,4.167249,0.069185
S00431,L0021,T01,431,0.964128,-0.040779,894.81799,192.538368,29.321065,110.735986,18.673356,121.976681,66.399483,-0.524748,4.182184,0.056448
S00517,L0025,T01,517,0.857409,-0.056854,735.613289,188.450306,28.671807,,18.592311,95.349114,57.100995,-1.786198,4.539855,0.085112
S00174,L0008,T01,174,1.000759,-0.060223,911.477644,197.17498,31.363394,102.426487,18.055569,33.435609,64.800893,-0.548484,4.540096,0.056892
S00684,L0034,T02,684,0.881248,-0.026603,789.629322,229.245202,27.691383,98.984229,16.552376,57.04498,61.393712,-1.147366,2.928572,0.06924
S00111,L0005,T01,111,1.065771,-0.031773,875.580125,183.8735,28.987868,105.40716,16.565955,88.384961,61.112384,-0.92279,4.881749,0.064343
S00065,L0003,T03,65,1.147173,-0.018898,910.745907,153.141762,29.337815,111.750394,17.09788,23.372281,69.030381,-1.34098,5.896623,0.085013
S00520,L0026,T01,520,1.033575,-0.031359,814.458707,160.544156,22.51275,106.089527,19.273727,135.57481,63.366151,-3.350331,5.241349,0.13855
S00286,L0014,T01,286,0.966374,-0.044327,838.219745,144.900691,30.531854,113.119064,18.1214,75.062079,62.552579,-2.843309,6.179695,0.118696
S00734,L0036,T01,734,1.095064,-0.018806,874.49652,180.171426,25.617522,110.998121,19.479641,21.059571,63.442146,-0.749321,4.723598,0.060783
S00053,L0002,T03,53,0.855946,-0.052517,778.059113,182.494866,32.345016,97.260824,18.192837,169.506513,70.424805,-0.622606,4.483659,0.081783
S00368,L0018,T04,368,0.911159,-0.042043,813.952776,178.792845,28.530231,113.185745,16.635444,64.701316,65.358942,-1.499039,5.031157,0.077605
S00399,L0019,T03,399,1.001755,-0.034098,846.276332,207.446973,22.930447,113.386081,17.9126,29.896304,62.610125,-0.815998,3.636709,0.062129
S00571,L0028,T02,571,0.906334,-0.040487,860.389176,207.731363,31.414918,113.937837,18.274983,152.540189,65.47984,-1.658056,4.098091,0.081684
S00231,L0011,T01,231,0.7909,-0.034546,898.040973,228.950469,24.63205,111.296207,19.480256,25.645637,67.259883,-0.564258,3.187558,0.057189
S00562,L0028,T01,562,,-0.061616,921.179005,139.141765,28.91345,108.301041,17.849796,72.92498,65.697667,-1.857807,6.190981,0.087084
S00414,L0020,T01,414,0.949718,-0.057296,789.056059,178.982613,26.649543,107.076063,16.600877,167.412979,62.713675,-0.747927,4.998196,0.060755
S00420,L0021,T03,420,0.854606,-0.063993,782.17565,121.299449,29.314763,91.153689,18.395331,4.718848,61.630598,-3.523703,6.928332,0.145953
S00184,L0009,T02,184,1.084904,-0.067871,789.347516,194.97134,29.462901,109.048189,18.039119,179.940849,66.535517,-1.308155,3.7554,0.072956
S00434,L0021,T01,434,0.989493,-0.039669,913.814828,180.444669,23.119977,94.454008,20.103557,15.839564,60.46847,-2.20047,4.040653,0.097103
S00094,L0004,T01,94,0.990083,-0.03504,861.519231,185.010396,28.712465,107.555009,18.840706,126.106559,62.978487,-2.139946,4.998634,0.095262
S00292,L0014,T02,292,0.97601,-0.035729,900.545603,193.937164,25.184793,102.225964,19.516434,31.896869,62.065589,-1.092474,4.556662,0.068012
S00501,L0025,T01,501,0.925679,-0.022792,819.096613,170.753938,26.142813,107.386547,17.155932,49.207553,62.528026,-1.895542,4.746337,0.08814
S00034,L0001,T02,34,1.047916,-0.039627,896.231191,180.981725,24.621484,107.369774,18.543927,83.838106,66.571235,-2.341208,4.486394,0.101508
S00451,L0022,T04,451,1.027568,-0.039213,795.294537,178.797307,28.784617,123.02801,19.934821,86.081194,62.160716,-2.691317,4.869325,0.113243
S00251,L0012,T03,251,0.711453,-0.028991,907.549935,208.271202,29.893322,101.785336,18.232577,99.024389,81.006385,2.05705,3.184509,0.418466
S00005,L0000,T02,5,0.903855,-0.055977,921.194554,188.098851,24.868471,115.028422,19.181624,77.469232,69.238696,-0.667035,4.835294,0.070389
S00682,L0034,T02,682,0.938781,-0.043963,836.678763,174.15576,27.556406,108.252767,17.10428,85.008953,62.655986,-2.334612,4.591921,0.101298
S00324,L0016,T04,324,0.849249,-0.053463,868.599495,228.121336,31.503137,103.342873,16.998504,93.728669,64.366551,0.108025,2.453544,0.049163
S00410,L0020,T01,410,1.076974,-0.028861,790.289442,231.771904,24.220941,94.599548,16.854236,59.767315,64.462224,-0.495382,2.643892,0.055903
S00247,L0012,T02,247,1.016063,-0.043379,887.267004,202.752882,27.758335,97.031605,17.538324,85.377047,63.095351,-1.936601,3.564002,0.089302
S00388,L0019,T02,388,1.099799,-0.056305,756.963713,192.775307,25.76437,107.718034,17.128682,145.643274,58.685084,-2.596029,4.019454,0.109936
S00707,L0035,T01,707,1.031356,-0.041915,887.104979,168.917074,27.049593,85.006636,18.83659,129.190683,67.815396,-0.340887,4.959713,0.053116
S00512,L0025,T02,512,1.091326,-0.046992,857.978239,221.976514,22.657536,104.107595,16.883983,45.861456,64.1047,-0.72732,3.299031,0.060345
S00188,L0009,T04,188,1.14279,-0.033714,856.376294,166.108333,24.219519,113.127166,,75.918031,60.547053,-1.732444,5.262779,0.083659
S00650,L0032,T01,650,1.039806,-0.052461,864.138185,210.618395,30.219791,111.552546,17.717487,129.848783,66.12173,-1.162035,4.252273,0.069572
S00014,L0000,T01,14,0.955515,-0.067913,918.502962,206.192244,28.853347,107.920926,16.185756,54.354208,66.892283,-0.992266,3.799169,0.065822
S00126,L0006,T04,126,0.934601,-0.068102,903.153971,199.263092,29.964568,108.55141,18.906201,27.481593,64.987942,-1.630988,3.783421,0.080976
