sample_id,lot_id,tool_id,sequence,oes_peak_ratio,endpoint_slope,rf_source_w,rf_bias_w,pressure_mtorr,gas_flow_sccm,esc_temp_c,chamber_age_runs,endpoint_time_s,cd_bias_nm,selectivity,overetch_risk
S00627,L0031,T02,627,1.007336,-0.033875,832.649543,179.401515,29.907866,102.785768,18.90525,152.901851,63.819759,-0.122417,4.979219,0.049399
S00196,L0009,T01,196,1.048187,-0.043934,944.512404,195.130327,26.569967,103.338896,17.547031,56.365445,66.170492,-0.97028,4.932756,0.065351
S00449,L0022,T03,449,1.030856,-0.045969,824.347355,194.693803,26.346681,116.86038,17.927922,65.981832,62.388247,-1.676595,4.87508,0.082172
S00490,L0024,T01,490,1.00619,-0.046472,813.008944,198.362705,27.496043,110.162109,17.591201,85.36446,62.508088,-0.163926,3.564188,0.050086
S00112,L0005,T04,112,0.904897,-0.05212,823.276648,180.901826,29.13457,91.315182,19.757898,56.13284,61.395891,-1.438727,4.730393,0.076108
S00534,L0026,T04,534,0.886253,-0.042029,738.842242,202.812498,28.676349,114.770762,19.806319,112.988511,61.95323,-0.884503,3.556537,0.063541
S00711,L0035,T01,711,0.992276,-0.03496,831.099688,161.68031,25.246212,96.226907,293.509735,136.405389,71.242237,-2.209797,4.849334,0.149283
S00695,L0034,T01,695,1.050858,-0.050597,779.724317,203.586348,28.74627,107.129929,18.837655,53.78157,62.282805,-1.915146,3.691389,0.088693
S00041,L0002,T01,41,0.990145,-0.047205,860.55256,155.990355,29.520032,94.631964,18.347778,116.456522,68.246272,-1.566886,5.7445,0.082062
S00406,L0020,T01,406,0.929368,-0.025501,791.452363,213.608449,24.496891,103.373042,17.176921,85.34431,66.001447,-0.645405,3.419522,0.058739
S00387,L0019,T01,387,0.931524,-0.033009,774.328503,202.5101,25.457908,101.184673,17.244675,144.477947,64.70769,-0.385919,4.290227,0.053915
S00197,L0009,T01,197,1.035493,-0.044743,807.732655,198.596288,26.613919,112.389195,17.763632,47.039463,60.040964,-0.940459,4.470433,0.064716
S00153,L0007,T04,153,0.854981,-0.040433,852.971568,177.923164,26.506691,105.612944,17.415783,76.712052,64.331216,-1.972342,4.791202,0.090324
S00020,L0001,T01,20,1.026001,-0.047714,,201.424266,25.440744,96.19344,17.875135,71.139805,68.573546,-0.610911,3.698677,0.062965
S00048,L0002,T02,48,0.940401,-0.053058,794.905679,175.805303,27.644291,97.241316,17.444225,160.24485,69.097118,-1.149931,4.205572,0.080694
S00657,L0032,T01,657,1.093962,-0.044226,766.402681,201.609945,29.876203,95.758745,17.689542,,64.959952,-1.724986,3.289871,0.083459
S00319,L0015,T01,319,1.076131,-0.042912,815.257208,194.125814,31.359853,103.444271,17.800382,69.470075,65.961294,-1.317624,3.392601,0.07318
S00623,L0031,T02,623,0.967686,-0.052834,906.089507,209.147847,28.009886,106.418547,18.784167,172.852061,75.97379,-0.693809,3.607269,0.173489
S00545,L0027,T03,545,0.939687,-0.038503,841.055351,160.530966,25.617782,117.312803,18.289116,24.801741,63.12821,-1.786444,4.86684,0.085119
S00376,L0018,T02,376,0.995445,-0.013917,763.916051,196.668596,27.23885,111.044848,18.079477,45.205916,61.75074,-1.60044,4.066108,0.080184
S00346,L0017,T02,346,1.022214,-0.042181,785.736452,210.011281,28.548399,109.12818,15.206088,53.22897,63.802581,-0.337233,3.338037,0.053052
S00589,L0029,T01,589,0.915991,-0.051208,878.167956,201.507407,29.386065,1089.55236,18.130358,2.447669,64.70696,-0.628898,3.922174,0.058421
S00354,L0017,T02,354,0.900505,-0.048937,884.940998,213.520126,31.735694,108.60306,18.783565,70.135683,69.698947,0.02817,3.74653,0.060922
S00774,L0038,T02,774,0.982725,-0.047624,804.275669,154.967897,33.047068,95.913252,17.359593,103.300133,62.093087,-2.562797,5.322564,0.108804
S00428,L0021,T04,428,0.938475,-0.025174,895.906418,232.198501,25.350403,117.500218,17.112826,32.611268,62.130217,0.320464,2.683138,0.052758
S00628,L0031,T02,628,0.92086,-0.040831,882.997627,171.552924,28.929203,105.979944,18.194633,82.467097,65.606171,-2.638473,5.274246,0.111399
S00055,L0002,T01,55,1.22512,-0.068826,936.462864,178.51381,26.069308,95.354927,17.263141,24.24709,70.942876,-1.321189,4.599099,0.109471
S00372,L0018,T01,372,1.070683,-0.039071,837.448897,161.457242,31.306363,113.903217,20.266157,107.621446,67.62504,-1.622834,5.576993,0.080764
S00345,L0017,T03,345,1.137357,-0.044543,888.298146,171.327578,31.140411,108.120453,19.209689,135.066123,71.377253,-0.713359,5.394442,0.095891
S00422,L0021,T01,422,1.023607,-0.04294,869.120655,198.108955,28.128104,97.80024,17.458805,138.889785,70.3045,-0.797691,3.765533,0.085089
S00448,L0022,T02,448,1.180224,-0.042559,817.258932,182.057313,27.832262,104.340683,17.82975,67.079955,65.091884,-0.733595,4.890087,0.060469
S00751,L0037,T01,751,0.95971,-0.052408,873.78801,192.708921,26.746054,99.021892,16.32469,18.794312,68.539506,0.290646,4.185997,0.056394
S00294,L0014,T03,294,1.069884,-0.051299,862.236379,180.267757,29.553055,101.430012,20.131066,46.381673,67.654332,-3.80125,4.242796,0.118116
S00098,L0004,T04,98,1.06855,-0.036506,862.986238,201.68114,30.385186,105.91179,19.071065,177.102073,66.250366,-0.350369,3.776599,0.053284
S00110,L0005,T02,110,0.889729,-0.034801,884.614765,173.756425,26.58666,113.319524,15.831587,158.097589,69.940227,-1.08227,4.652,0.088655
S00404,L0020,T01,404,1.056961,-0.043452,857.715672,180.862834,28.405301,113.506312,16.766574,88.774637,67.586705,-1.827025,4.473128,0.086232
S00232,L0011,T01,232,,-0.041099,759.908578,192.112433,29.88621,118.695937,17.731358,129.701697,66.865046,-1.212182,4.763231,0.070716
S00224,L0011,T01,224,0.864148,-0.031755,848.174783,197.866353,26.008424,106.600548,17.096135,32.775623,62.370496,-1.481756,4.008151,0.077173
S00514,L0025,T04,514,0.96997,-0.030104,849.11213,195.381359,27.672529,108.850769,19.664072,161.76656,71.421754,0.756769,4.302381,0.097804
S00088,L0004,T03,88,1.03496,-0.049129,841.998713,188.795607,29.411434,100.419206,16.443266,58.390167,63.534331,-2.699356,4.231268,0.113525
S00396,L0019,T01,396,0.906796,-0.048207,776.490849,201.929905,30.593428,102.142413,17.687543,154.587871,68.644031,-1.170689,4.039336,0.076304
S00209,L0010,T01,209,1.007392,-0.039851,848.49968,194.440049,23.477383,95.839835,17.624753,115.337624,72.019266,1.601284,3.996637,0.137447
S00582,L0029,T02,582,0.990738,-0.064111,917.405686,180.791983,31.935894,104.69991,17.306637,49.257401,71.02521,-0.795818,4.437386,0.093835
S00701,L0035,T01,701,1.101035,-0.044326,840.632926,171.336841,30.548538,111.520212,17.146856,176.886928,72.478992,-2.375594,4.933582,0.182919
S00164,L0008,T03,164,1.048809,-0.041063,876.728669,198.548931,30.812681,110.739174,17.516847,104.062263,70.132351,-0.048911,3.720414,0.065191
S00689,L0034,T01,689,1.028083,-0.044021,877.296217,176.037605,30.056838,98.67071,18.208543,57.555318,64.37059,-2.521831,4.415566,0.107421
S00546,L0027,T01,546,0.994425,-0.060828,827.573738,181.189318,27.618176,113.665249,16.531954,69.433634,65.71548,-1.498214,5.139839,0.077585
S00300,L0015,T01,300,1.050893,-0.055558,936.166893,186.854515,26.944799,104.820269,17.300396,13.504708,66.279573,-0.148423,4.573733,0.049829
S00236,L0011,T01,236,1.074196,-0.048514,852.02419,225.158133,27.648051,109.430376,16.046543,100.740906,70.662023,-0.12724,2.674769,0.072014
S00146,L0007,T01,146,1.063643,-0.029641,925.244659,204.826893,31.053188,99.998658,15.565768,161.083614,67.272698,-0.207391,3.720862,0.050815
S00630,L0031,T02,630,0.8998,-0.025161,773.894074,170.769989,24.829459,110.026449,19.027047,69.142196,63.898647,-0.93471,5.169013,0.064594
S00130,L0006,T04,130,0.993726,-0.055373,782.888271,207.431786,26.789775,113.268366,18.58949,9.169498,58.148765,-2.166103,3.899839,0.096054
S00721,L0036,T01,721,0.897921,-0.025291,792.776086,197.549171,,104.441914,19.457732,10.293094,63.501049,-1.588726,4.165683,0.079882
S00533,L0026,T01,533,0.88342,-0.040415,868.670283,200.527115,28.961246,103.974244,16.674431,164.81983,67.245432,-1.591508,3.926208,0.079954
S00042,L0002,T01,42,1.104818,-0.047604,859.629224,151.141209,31.992971,90.577269,18.097201,26.502726,60.736196,-2.385419,5.563092,0.102928
S00251,L0012,T01,251,0.94145,-0.049978,782.044558,239.174363,25.822264,108.717964,18.487516,108.442262,64.57571,-0.559974,2.723947,0.057108
S00527,L0026,T01,527,0.994813,-0.03357,862.708529,148.237356,29.22703,105.273406,18.259393,162.844084,71.449099,-1.243523,5.794803,0.114315
S00158,L0007,T01,158,0.91798,-0.050356,796.912459,193.148956,29.91656,108.100293,17.810999,116.609417,66.179412,1.051691,4.77224,0.067113
S00316,L0015,T01,316,1.14894,-0.025846,845.995941,180.316086,28.821673,98.391296,17.751253,179.479841,66.265279,-0.429036,4.661079,0.05469
S00267,L0013,T04,267,1.008557,-0.035362,851.107384,176.985448,23.578393,108.129142,18.814002,13.153807,59.744105,-2.69029,4.837352,0.113207
S00602,L0030,T03,602,1.087081,-0.063481,911.53122,161.608271,30.989476,116.313641,19.172685,123.405758,71.839786,-1.39636,6.112864,0.126164
S00099,L0004,T02,99,0.956282,-0.041604,856.982351,202.418855,28.172691,105.805742,20.84451,96.029217,65.840008,-0.352928,3.600894,0.053329
S00742,L0037,T02,742,0.982672,-0.047636,877.632554,228.445769,24.036026,107.732318,17.286493,159.381172,64.284338,0.018272,3.28331,0.047716
S00612,L0030,T01,612,0.990579,-0.039259,901.957488,183.184231,35.991064,85.533719,19.720757,123.232226,56.381584,-2.313591,4.001263,0.10063
S00192,L0009,T01,192,0.96505,-0.065045,898.030715,207.744935,30.654825,108.475187,17.664578,144.593526,68.380335,0.19685,4.105938,0.053451
S00643,L0032,T04,643,0.962814,-0.031455,783.907141,192.866344,29.316831,113.08264,18.540813,18.736414,56.356042,-1.325266,4.200962,0.073362
S00704,L0035,T02,704,1.060061,-0.055916,915.752632,190.715584,34.351501,109.630436,17.813402,165.62815,76.006927,0.162517,4.540482,0.149049
S00694,L0034,T02,694,1.052269,-0.053201,876.539073,204.314168,26.704768,103.727105,18.02658,1.456085,63.453792,-1.337683,3.632137,0.073658
S00155,L0007,T02,155,1.127358,-0.051614,838.959827,182.46583,27.622192,95.72998,17.837454,127.542142,71.902802,-1.217919,3.79114,0.120436
S00037,L0001,T04,37,0.973707,-0.038303,876.230021,210.937558,24.529177,104.213293,19.05579,95.053822,70.386408,-0.911943,3.576673,0.089247
S00286,L0014,T03,286,1.047678,-0.0451,785.398632,179.691164,25.747042,101.031929,18.357034,124.786408,66.190487,-1.310738,4.94592,0.073017
S00654,L0032,T04,654,0.986896,-0.073636,892.221153,162.55741,26.15018,101.436082,16.798686,133.538778,69.682112,-2.785308,5.315763,0.145191
S00616,L0030,T01,616,1.034294,-0.038741,899.405437,159.480699,29.901257,110.660868,15.757126,114.664412,70.036516,-1.560983,5.716075,0.104502
S00307,L0015,T04,307,0.975861,-0.056705,823.457941,,26.776647,106.246595,18.151875,150.199859,68.822826,-0.602803,4.314761,0.065034
S00685,L0034,T01,685,1.110825,-0.045583,915.389221,148.629954,24.180003,106.929629,17.488687,91.636791,67.277659,-3.012756,5.65308,0.125041
S00125,L0006,T02,125,1.001873,-0.040066,821.011047,157.263805,26.048099,102.216728,,21.082676,65.109792,-1.676452,4.846701,0.082169
S00290,L0014,T01,290,0.894985,-0.061499,941.422546,208.033665,29.766126,107.444885,18.65549,78.442032,70.657251,0.478073,4.147572,0.08061
S00108,L0005,T02,108,1.020336,-0.035041,823.317205,181.016601,33.113642,102.605868,17.715147,69.561351,64.912507,-1.667287,5.108809,0.081927
S00679,L0033,T01,679,0.901179,-0.039805,939.511043,173.020301,33.658087,106.893885,19.097695,25.441491,67.070142,-1.312223,4.17796,0.073052
S00571,L0028,T01,571,0.97646,-0.0519,800.080165,176.05201,31.101673,99.295539,16.806297,120.365904,67.752907,-1.310912,4.535942,0.073021
S00708,L0035,T02,708,0.997752,-0.036499,777.066489,211.491237,22.234083,106.294322,18.344028,36.688745,61.172049,-0.759723,3.60268,0.060991
S00003,L0000,T01,3,1.100827,-0.028813,946.875855,216.145856,27.79745,114.312389,17.931234,157.448527,71.121618,1.066935,3.630037,0.103555
S00427,L0021,T01,427,1.098696,-0.077658,820.717554,153.143017,31.644135,113.4128,19.776344,147.181988,69.925024,-1.56788,5.254988,0.10317
S00046,L0002,T01,46,1.015629,-0.047307,846.704029,206.28749,32.286085,105.001084,16.184697,119.891771,65.700538,0.67806,3.472831,0.059375
S00370,L0018,T03,370,1.026655,-0.060486,818.187255,166.518999,27.481943,96.210462,16.607786,42.756821,64.992456,-2.357481,4.663004,0.102029
S00586,L0029,T01,586,1.121425,-0.059453,832.481567,162.011574,30.423701,105.92136,15.646481,166.623007,70.11449,0.34962,5.061519,0.071727
S00665,L0033,T04,665,1.175167,-0.051412,766.188739,211.463988,28.986467,99.606706,17.560956,52.798138,60.94117,-2.990746,3.998678,0.124201
S00416,L0020,T02,416,0.882811,-0.04692,867.90686,169.560319,24.546072,96.479923,17.545859,175.709912,71.435717,-1.196847,4.804538,0.112471
S00517,L0025,T01,517,0.89321,-0.03078,848.187188,185.853797,25.488481,111.342042,18.385601,139.25098,63.325369,-1.863589,3.963159,0.087245
S00668,L0033,T01,668,0.925532,-0.053454,860.093235,208.068011,26.05621,97.940484,18.332745,121.558718,72.513678,0.632977,3.633407,0.10896
S00460,L0023,T01,460,1.056107,-0.041126,781.035941,223.343849,27.714016,89.3159,19.495287,162.792846,68.779737,0.122898,2.985869,0.055199
S00388,L0019,T01,388,1.050594,-0.04804,940.891108,179.775313,33.836798,98.134953,20.647167,89.461461,73.027309,-0.46183,4.2003,0.110636
S00561,L0028,T01,561,1.014608,-0.054967,916.280718,194.580041,25.748998,111.550015,20.008058,99.31223,65.647435,-0.736459,4.472366,0.060526
S00073,L0003,T01,73,1.012589,-0.031138,847.036239,186.939546,31.853254,110.237126,19.422788,172.722299,68.754327,0.29143,4.111886,0.058148
S00476,L0023,T04,476,0.87157,-0.054795,738.437592,177.320244,29.161747,94.484293,17.510659,53.660617,62.157111,-1.915013,4.232749,0.088689
S00333,L0016,T02,333,0.964563,-0.03085,806.673257,160.092946,31.919129,112.61899,19.585926,85.576336,66.69747,-2.075897,5.781827,0.093347
S00107,L0005,T01,107,0.966592,-0.041626,868.02517,184.020561,26.627481,115.122328,17.163194,35.872152,67.790283,-0.660609,5.123467,0.059034
S00569,L0028,T04,569,0.9823,-0.007453,919.940812,197.50624,30.328484,106.654423,17.116193,73.662531,66.299947,-1.510814,4.002269,0.077901
S00050,L0002,T01,50,1.043492,-0.046704,806.18078,187.187806,26.506792,90.438338,15.25956,85.708577,62.563134,-1.531816,4.137714,0.078431
S00247,L0012,T02,247,1.004493,-0.019662,815.922212,218.305395,29.743366,97.912836,17.581632,71.713917,64.173719,-2.071313,3.116652,0.093211
S00226,L0011,T01,226,0.950899,-0.050245,847.140532,153.94356,27.789984,111.994314,18.800996,104.647578,67.813837,-1.459739,5.630987,0.076626
S00287,L0014,T01,287,1.10782,-0.051361,925.464497,202.831147,25.326373,98.035717,17.401447,54.504253,68.472708,-0.89214,3.674897,0.068062
S00341,L0017,T01,341,0.922572,-0.0559,732.57873,158.722574,30.944652,110.91697,17.964207,45.049988,62.576219,-3.425648,5.361904,0.141727
S00012,L0000,T01,12,0.968767,-0.075321,800.563978,160.135816,28.284703,104.212326,19.295435,35.605153,63.28713,-3.082045,5.289359,0.127718
S00270,L0013,T01,270,1.070368,-0.051768,832.811374,231.248728,24.203106,95.712515,17.604192,18.005757,62.544837,-0.92208,2.95724,0.064328
S00391,L0019,T01,391,1.074427,-0.042144,901.010839,189.249591,25.334573,109.741742,15.643376,119.599205,64.794628,-2.75978,4.59799,0.115671
S00320,L0016,T03,320,0.918161,-0.055035,770.115578,174.525483,26.514391,109.805859,18.293005,4.812396,61.066223,-2.286016,4.999892,0.09976
S00551,L0027,T02,551,0.961159,-0.046256,935.35215,166.946651,25.825092,105.983006,19.943626,65.397758,64.815578,-2.402789,5.462069,0.103491
S00150,L0007,T02,150,0.920588,-0.039968,830.07815,165.004695,26.981208,111.061871,15.706839,1.942283,61.085353,-1.572573,5.343337,0.079468
S00001,L0000,T01,1,0.992078,-0.033781,797.841822,200.664388,22.249473,108.886014,19.360051,124.961518,62.955674,-1.358404,3.696229,0.074154
S00638,L0031,T01,638,0.966734,-0.047077,876.368977,199.53445,31.949567,101.183571,17.795921,103.977982,68.689163,-0.833203,4.230718,0.068817
S00463,L0023,T03,463,1.048314,-0.03202,758.76896,193.136951,28.474221,102.318667,19.285215,175.141817,64.940371,-0.775247,3.888679,0.061303
S00640,L0032,T01,640,1.079941,-0.032599,936.062662,191.877193,30.595953,125.923487,15.989922,136.405398,76.289306,0.476896,4.51011,0.169427
S00185,L0009,T01,185,1.063784,-0.030159,1006.638675,142.141894,29.074016,101.424487,16.913102,45.469756,64.555006,-3.780302,6.100699,0.157507
S00470,L0023,T02,470,0.886091,-0.036771,789.664462,168.62509,27.001568,108.002009,17.935402,34.174791,60.26712,-3.401046,4.482037,0.140682
S00077,L0003,T01,77,1.032938,-0.049625,903.901803,212.980392,29.249366,105.545619,18.913783,157.099066,71.882154,0.151951,3.891971,0.085921
S00028,L0001,T02,28,0.934526,-0.023149,918.04793,182.74935,25.615317,102.100141,16.112556,29.986204,67.436099,-1.247222,4.432934,0.071527
S00465,L0023,T01,465,1.139249,-0.054382,813.341717,,24.342933,110.450379,18.326377,168.224935,53.584455,0.560821,4.224393,0.057124
S00625,L0031,T01,625,1.002935,-0.026852,869.691091,162.334498,31.058986,107.717462,17.383136,21.784843,62.505552,-2.438341,5.335846,0.104651
S00429,L0021,T01,429,0.941009,-0.032531,879.447283,159.279602,27.383428,91.505612,18.302981,54.038815,68.298377,-1.548215,5.270731,0.082159
S00390,L0019,T02,390,,-0.057168,871.61713,204.841061,26.155796,104.318059,16.575661,59.092826,71.18321,0.881884,3.845198,0.098513
S00268,L0013,T01,268,1.053246,-0.039104,806.308955,203.537065,31.344951,109.001504,19.092962,158.012509,72.052209,-0.058298,3.53382,0.085351
S00681,L0034,T01,681,1.078515,-0.051482,907.034736,180.960527,27.619268,100.959883,,58.762933,66.158318,-1.765433,4.321191,0.084548
S00264,L0013,T01,264,1.238424,-0.047328,884.213898,186.509806,24.462442,105.477672,17.184409,62.597772,63.774624,-0.79851,3.849138,0.061773
S00176,L0008,T03,176,1.004542,-0.003596,860.404187,158.834553,24.720961,97.843156,19.097734,41.986543,60.813165,-3.642613,5.373975,0.151217
S00776,L0038,T01,776,0.934507,-0.051797,923.113549,161.022213,28.669117,116.264433,17.238285,69.698698,67.886748,-1.359652,5.344915,0.074184
S00032,L0001,T01,32,0.98682,-0.063928,884.054191,218.861722,28.961317,110.12689,17.848025,96.376202,66.538641,-0.059357,3.389009,0.048373
S00743,L0037,T02,743,1.023102,-0.047961,915.000919,205.611739,27.349983,86.374558,17.621812,97.545811,68.522188,-0.420989,3.434682,0.058727
S00277,L0013,T01,277,0.886506,-0.056842,849.209374,202.588807,27.32557,110.89772,17.583419,56.729218,61.58244,-2.711992,4.211751,0.113971
S00140,L0007,T01,140,0.931466,-0.049866,829.331254,171.380785,28.343234,110.76277,17.935632,41.405209,62.134252,-1.793875,5.552034,0.085322
S00183,L0009,T01,183,0.954255,-0.026323,818.638132,178.226496,22.161008,100.93657,18.118045,107.282156,65.438556,0.088463,4.635217,0.048844
S00348,L0017,T02,348,1.011212,-0.053446,762.13624,197.591739,23.641372,120.958987,17.126685,109.822885,61.468222,-1.245072,4.940289,0.071477
S00106,L0005,T01,106,0.852466,-0.039217,812.095546,189.427962,29.294405,110.346285,18.199403,41.183074,65.207284,-1.086658,4.808793,0.067883
S00104,L0005,T01,104,0.922348,-0.045149,853.336822,172.480426,26.643565,,17.786333,18.693654,62.72115,-1.433009,5.10234,0.075967
S00772,L0038,T01,772,1.028055,-0.038797,822.869981,188.750405,28.088898,100.25313,20.169112,77.004702,62.245222,-1.401923,4.473673,0.075207
S00047,L0002,T01,47,1.013277,-0.033525,829.230439,200.550546,25.926002,104.278007,19.026884,173.468923,68.52856,-1.054675,4.148307,0.07232
S00522,L0026,T01,522,0.979569,-0.030384,835.593115,174.197408,25.174721,106.846799,19.954532,157.381326,68.955426,-0.915872,4.821259,0.073364
S00166,L0008,T01,166,0.956663,-0.057741,869.002614,189.476082,28.822261,95.522522,19.831551,166.044324,71.985887,0.335748,3.966628,0.092406
S00312,L0015,T02,312,0.911566,-0.043615,914.017465,252.266791,32.460937,112.848292,18.648423,90.988738,71.62717,3.263493,2.267647,0.211868
S00598,L0029,T01,598,0.948255,-0.040001,904.782499,211.427624,31.666446,104.478775,17.16634,50.89547,64.427,1.155704,3.959283,0.069428
S00600,L0030,T01,600,4.09778,-0.05564,,188.381076,27.155711,102.401952,15.548836,87.726147,71.789981,-1.654723,4.43025,0.135597
S00072,L0003,T02,72,1.036078,-0.039616,705.496247,177.80359,26.677025,102.178253,17.136861,72.215439,60.492895,-1.601792,4.625541,0.080219
S00413,L0020,T04,413,1.044099,-0.040295,845.540896,182.354061,31.10465,104.381156,17.361219,175.50767,72.009083,0.422061,4.607733,0.09527
S00784,L0039,T03,784,0.985015,-0.058369,891.566796,,32.631331,,16.140472,74.8556,67.901592,-0.648275,4.351852,0.058795
S00567,L0028,T02,567,0.99692,-0.040606,964.748826,164.474085,28.337866,94.799723,18.377999,122.814742,72.645048,-0.665208,5.214247,0.112005
S00478,L0023,T02,478,1.047009,-0.051573,903.545354,208.846086,32.422399,108.105972,17.908897,159.838861,71.573695,-0.749844,3.468653,0.099616
S00507,L0025,T04,507,1.029755,-0.036845,872.009374,189.132284,26.965313,96.891096,17.378191,105.726413,66.727162,-0.624457,4.670363,0.058335
S00187,L0009,T01,187,0.987514,-0.039698,769.436777,214.426569,31.743529,105.539696,17.012205,127.015498,71.563992,-0.42856,3.327388,0.089855
S00069,L0003,T02,69,0.946153,-0.031366,812.557696,184.693913,32.015707,109.122955,18.340438,152.889415,69.407734,0.941294,4.393682,0.078755
S00516,L0025,T01,516,1.063109,-0.05571,853.095363,210.372881,24.903266,96.802191,16.46467,42.479532,65.764617,-1.467367,3.147258,0.076816
S00758,L0037,T01,758,1.036335,-0.047029,861.583782,221.961371,27.079937,112.295373,20.929318,,64.873778,0.243401,3.686044,0.051426
S00090,L0004,T01,90,1.037591,-0.042868,908.850282,220.834525,30.94724,100.394192,15.857224,128.722413,70.969933,0.247368,3.150816,0.078137
S00601,L0030,T03,601,1.1287,-0.032485,872.065867,208.767282,,124.790438,18.72481,166.963785,69.023371,1.197435,3.562399,0.081108
S00461,L0023,T01,461,1.106038,-0.033223,917.05946,162.348805,31.442877,122.130143,19.667844,46.541812,67.634595,-0.928592,5.808887,0.064465
S00473,L0023,T04,473,1.046783,-0.038348,839.170376,197.724997,28.115297,111.86475,17.495618,50.351979,67.110677,-1.50797,3.148906,0.077829
S00618,L0030,T01,618,1.042587,-0.051568,949.868729,177.146565,25.717692,109.979596,18.674667,91.410151,71.813949,0.057808,4.629308,0.082589
S00258,L0012,T04,258,0.870166,-0.050046,909.727166,197.955807,30.43188,102.766827,16.554615,65.469176,62.995046,-1.627549,4.034945,0.080887
S00238,L0011,T01,238,1.00543,-0.060166,915.420035,156.462883,23.088455,128.965884,16.604955,8.79198,56.507087,-3.030034,4.67457,0.125704
S00350,L0017,T04,350,0.791621,-0.056649,880.20697,199.551825,26.489386,97.434445,17.595119,2.331881,66.91696,-0.875263,3.925327,0.063349
S00717,L0035,T01,717,0.977204,-0.044132,798.632128,186.109406,27.554207,109.229801,17.335926,57.593803,61.573739,-1.844056,4.398125,0.086702
S00178,L0008,T01,178,0.991711,-0.060083,785.05277,167.034833,28.460769,92.270901,15.950672,39.581842,61.630134,-1.748189,5.220551,0.084082
S00587,L0029,T01,587,1.012186,-0.048738,801.407543,165.142611,32.864555,97.124792,18.256036,169.676913,66.120639,0.492686,4.88916,0.055853
S00310,L0015,T01,310,1.095243,-0.031971,825.158643,165.742044,31.667891,94.772459,19.34426,157.13947,66.552837,-1.709869,5.656554,0.083055
S00420,L0021,T01,420,0.964002,-0.062772,906.270351,219.501228,27.481687,97.590581,17.65375,97.813485,71.333413,1.33932,3.223485,0.115963
S00550,L0027,T01,550,1.017428,-0.043377,837.365399,196.698143,29.559484,106.607383,19.646173,36.217593,62.933409,0.057974,3.949032,0.048351
S00206,L0010,T01,206,1.094696,-0.035578,859.66728,167.578806,28.180886,103.152109,17.631719,0.052482,61.239555,-1.178764,5.056354,0.069952
S00440,L0022,T02,440,1.039483,-0.045816,812.743669,203.127864,29.604024,104.837292,16.150007,141.975691,66.794307,-1.851381,4.007462,0.086906
S00097,L0004,T01,97,1.030548,-0.041427,837.810972,187.376851,29.989616,100.785165,19.578209,68.588447,64.154771,-0.530513,4.387734,0.056555
S00775,L0038,T02,775,1.068065,-0.058204,893.359147,156.415787,24.583334,101.697409,18.765145,7.534185,63.460172,-1.802026,5.237496,0.085545
S00085,L0004,T02,85,0.929676,-0.056109,832.222685,204.278469,27.901216,98.864273,17.069594,80.377729,66.25286,-0.546204,3.777568,0.056849
S00659,L0032,T02,659,0.910844,-0.049048,866.990526,201.672091,25.082986,108.179241,,115.481764,69.197879,-0.010255,4.205397,0.056427
S00691,L0034,T03,691,1.08558,-0.067461,850.602871,196.925003,33.166705,97.43601,17.92984,145.584358,64.542772,-1.211228,3.889684,0.070694
S00378,L0018,T03,378,0.951862,-0.033543,740.241871,213.066754,33.854868,104.374062,20.118583,33.501165,57.593862,-1.143496,3.516835,0.069153
S00335,L0016,T04,335,1.063114,-0.032497,814.914578,214.774096,30.745736,92.77795,17.639177,122.404488,62.112197,-0.92686,3.346255,0.064429
S00697,L0034,T02,697,1.035391,-0.04098,800.802925,203.129479,27.731356,102.131741,16.094288,44.70683,65.155696,-2.060008,3.752959,0.092877
S00094,L0004,T03,94,1.08856,-0.057287,848.798693,234.263242,21.322352,108.263963,15.138286,152.75974,69.184234,0.440203,2.741245,0.06487
S00357,L0017,T01,357,0.967424,-0.031864,881.473148,189.820754,24.168532,101.536581,17.332294,99.046455,69.403705,-0.671983,4.380653,0.072141
S00013,L0000,T01,13,1.027939,-0.046353,851.623145,179.493682,23.983741,104.801645,17.776455,104.707483,69.258985,0.695052,4.532421,0.071234
S00152,L0007,T02,152,0.933665,-0.034811,803.245987,194.904293,29.652643,117.507825,18.749301,138.359097,67.359213,-0.800132,3.67118,0.061806
S00650,L0032,T01,650,1.017838,-0.057403,741.129834,197.870114,28.718111,120.487642,17.586306,88.758633,61.308032,-1.239613,4.171819,0.07135
S00506,L0025,T03,506,0.92274,-0.047393,907.453165,202.794586,24.035156,92.137276,17.963452,15.173793,64.362687,-1.249194,3.591979,0.071572
S00374,L0018,T01,374,0.946051,-0.029394,795.98949,187.474897,30.099243,116.342517,18.147984,155.52573,73.847943,0.998962,4.436189,0.145148
S00330,L0016,T01,330,1.085701,-0.042029,916.701344,162.462324,28.368258,100.62178,16.73824,28.241186,66.725198,-2.218783,5.557977,0.097666
S00645,L0032,T01,645,0.933136,-0.055455,793.276013,163.762419,25.750018,102.675556,15.796953,63.344202,64.978386,-1.656541,5.330245,0.081644
S00343,L0017,T01,343,0.947223,-0.071136,868.344345,217.833105,31.242832,101.69283,18.290768,167.74648,65.232188,-0.556399,3.549782,0.057041
S00548,L0027,T01,548,0.927847,-0.045218,730.000676,207.065353,31.881948,104.13238,17.142266,179.327513,61.544351,0.096947,3.629536,0.048983
S00204,L0010,T02,204,0.885858,-0.034645,929.824674,169.525496,29.020626,100.71193,18.608044,45.261012,64.352403,-2.526003,4.932032,0.107561
S00339,L0016,T01,339,0.92909,-0.030909,769.008133,173.684725,27.951344,109.859599,14.293826,101.83018,62.171916,-1.909197,5.041762,0.088525
S00356,L0017,T04,356,0.889338,-0.03871,897.898202,186.961109,26.874791,106.404882,17.827384,63.424887,64.136517,-2.359041,4.376564,0.102079
S00030,L0001,T01,30,0.905316,-0.037212,894.8199,203.964722,32.232195,100.333778,18.352164,24.819443,64.053133,-0.472999,3.780948,0.055491
S00646,L0032,T01,646,0.956568,-0.047357,907.874612,192.393181,27.771461,111.845924,17.524185,39.985019,67.558253,0.002767,3.820639,0.04747
S00114,L0005,T01,114,0.96681,-0.028015,908.275076,187.687044,28.795755,116.858073,16.011244,101.301463,68.766606,-2.138868,4.580114,0.105608
S00389,L0019,T01,389,0.984909,-0.053591,926.705417,198.623502,28.903336,97.024945,15.66758,74.446879,68.433451,0.723846,3.839077,0.064066
S00417,L0020,T01,417,0.99835,-0.055102,846.163194,182.240077,31.125299,102.237823,17.989202,24.881557,62.99816,-0.244296,4.378073,0.051442
S00361,L0018,T02,361,0.87855,-0.059832,864.715636,144.962694,26.580628,114.185866,18.466138,169.510715,67.868836,-2.42943,5.668052,0.104359
S00092,L0004,T03,92,1.035637,-0.032956,884.871614,217.859355,30.336842,117.299768,15.597522,82.239545,67.464381,-1.402974,2.965059,0.075233
S00789,L0039,T01,789,1.013958,-0.057996,856.283388,167.811136,28.003628,114.633908,19.785654,158.079946,72.364495,-1.515861,5.374695,0.140062
S00219,L0010,T02,219,1.041128,-0.049127,787.138852,189.059027,29.096244,101.874945,18.239284,51.221043,63.265621,-1.457224,3.707653,0.076564
S00151,L0007,T01,151,0.964344,-0.029528,805.874475,191.588972,30.726523,104.941707,19.137539,96.747192,60.92597,-3.202177,4.557554,0.132476
S00021,L0001,T01,21,0.923271,-0.022664,917.526735,166.815808,26.815683,106.640385,16.408252,136.228104,70.449638,-0.300028,5.347961,0.07395
S00200,L0010,T01,200,0.981794,-0.02361,825.851916,164.093531,25.716822,103.313981,17.938032,56.56184,64.357289,-1.478476,4.541088,0.077092
S00385,L0019,T04,385,1.05815,-0.045242,905.625927,199.78686,29.93861,100.447176,18.461527,168.512199,70.026786,-1.312291,4.362271,0.096505
S00269,L0013,T03,269,1.064392,-0.03853,901.588064,190.376855,29.409434,113.912979,15.10133,153.725684,68.096507,-0.472898,4.515457,0.056252
S00621,L0031,T01,621,1.060471,-0.067045,928.596251,191.630951,24.544094,102.823248,19.859993,72.252514,71.950898,-0.003005,4.291105,0.082693
S00446,L0022,T03,446,0.892328,-0.046007,779.889687,195.840805,26.770054,94.5909,16.997604,4.311861,63.000674,0.250786,4.321249,0.051553
S00436,L0021,T01,436,1.025347,-0.043449,943.275826,195.523146,29.697651,107.159416,19.939799,63.407707,67.851405,-1.028657,3.659696,0.06661
S00056,L0002,T01,56,0.913123,-0.035339,759.836169,183.938242,31.421714,102.941527,17.954808,82.711263,63.674772,-2.677185,4.253276,0.112747
S00493,L0024,T03,493,1.022548,-0.049019,883.340983,204.951655,30.306924,91.102779,18.249948,118.83804,64.103931,-0.87132,3.590819,0.063267
S00528,L0026,T01,528,0.932239,-0.048533,806.274206,219.112802,28.392244,118.772413,20.343313,147.293874,66.019166,-0.335772,3.869394,0.053026
S00256,L0012,T01,256,0.876666,-0.059163,842.145375,178.476755,28.71447,101.713654,15.510476,109.949883,65.940097,-1.196279,4.564278,0.070352
S00254,L0012,T01,254,0.922044,-0.051905,834.147179,189.292989,26.12622,111.958844,18.883898,88.478737,65.147,-2.142918,4.539236,0.095351
S00740,L0037,T04,740,1.069384,,765.149373,173.501877,34.473969,107.860964,17.76621,138.3846,67.161832,-2.609946,4.00558,0.110414
S00693,L0034,T01,693,0.922707,-0.051518,953.431408,197.765896,33.80453,112.239965,16.905704,70.595971,76.144418,0.016048,4.83036,0.145204
S00766,L0038,T01,766,1.077869,-0.066154,860.137156,193.057849,29.636199,112.458085,17.80078,65.625096,63.31119,-1.864245,4.340849,0.087264
S00475,L0023,T03,475,0.945449,-0.041709,916.445376,120.245711,31.544588,121.578461,17.422799,158.801563,74.948281,-1.471246,7.149035,0.191109
S00484,L0024,T01,484,1.040814,-0.043603,972.912123,191.915592,30.37898,101.122185,17.251988,173.722074,72.359162,-0.764349,3.814198,0.111194
S00379,L0018,T01,379,1.058896,-0.022226,891.644692,169.898865,30.753444,,18.099535,100.857774,63.532306,-1.323954,5.155071,0.073331
S00181,L0009,T01,181,1.026285,-0.054996,773.355766,156.865013,30.456084,113.507118,18.156258,39.420731,64.631598,-0.63535,5.673801,0.058545
S00324,L0016,T01,324,0.99171,-0.037893,829.062327,192.609806,34.771696,98.136418,18.534548,11.938926,58.430823,-1.783007,3.401216,0.085025
S00462,L0023,T02,462,0.878567,-0.025022,798.518495,196.474602,28.176058,117.556604,16.081424,171.837506,66.105686,-2.216914,4.797131,0.097609
S00034,L0001,T01,34,0.999871,-0.066797,843.53032,192.392953,30.208903,101.191599,19.559896,108.743256,63.881632,-2.300945,4.240767,0.10023
S00231,L0011,T01,231,0.992641,-0.036929,760.023176,174.635215,27.298933,104.417265,20.083937,149.798849,67.721934,-1.90399,4.437259,0.088378
S00265,L0013,T03,265,0.963931,-0.027959,861.764372,175.890555,27.490923,99.457723,19.5183,49.129943,64.7698,-1.170637,4.588586,0.069767
S00184,L0009,T03,184,1.043484,-0.039724,921.529372,167.264313,28.711108,98.581643,17.09805,49.609966,63.922115,-1.084449,5.551941,0.067834
S00244,L0012,T01,244,1.068691,-0.064965,846.22395,198.681734,22.921695,99.163288,20.400238,66.680587,71.734594,1.010328,4.107284,0.110446
S00555,L0027,T01,555,0.983207,-0.050934,953.059771,175.571372,30.088641,100.09064,17.581213,111.099172,71.246718,-0.242227,4.547169,0.081046
S00764,L0038,T02,764,1.10039,-0.054836,790.704994,192.614839,29.25354,101.073002,16.061376,177.325112,69.448182,-0.049181,4.346365,0.059214
S00486,L0024,T04,486,0.972768,-0.024909,807.360783,208.979212,28.142491,108.988411,20.400769,85.788014,67.298522,-0.425582,3.679275,0.054627
S00334,L0016,T01,334,0.998607,-0.041593,856.084652,155.584374,31.397142,118.58142,15.67892,34.888891,67.379148,-0.949029,5.549267,0.064898
S00262,L0013,T01,262,1.034181,-0.025473,844.368176,199.622295,30.8062,94.400449,16.404131,84.64887,63.933991,-1.343799,3.866073,0.073804
S00443,L0022,T01,443,0.978562,-0.04324,785.558444,176.574402,28.032991,109.978413,18.352058,81.357914,67.934687,-1.266269,5.028217,0.071971
S00510,L0025,T01,510,1.017064,-0.043356,864.095159,173.601739,23.351533,115.285513,18.950324,100.266277,62.538534,0.23754,4.998819,0.051326
S00261,L0013,T04,261,0.927443,-0.044219,907.422823,205.018188,30.594588,98.705095,19.111047,4.937653,64.726958,-1.931859,3.653282,0.089167
S00433,L0021,T01,433,1.090658,-0.072751,871.427679,203.611407,23.799967,109.569889,17.881015,139.954454,72.26227,0.390299,4.279979,0.097611
S00568,L0028,T02,568,0.982172,-0.047327,859.355558,192.22972,26.82512,108.324328,16.82276,9.397875,63.667345,-1.522648,4.524787,0.078199
S00327,L0016,T02,327,1.193148,-0.063767,921.547489,171.914482,29.018688,118.00516,18.051331,61.91266,69.837545,-1.582749,5.222801,0.10244
S00129,L0006,T03,129,0.964778,-0.006213,971.105013,166.18106,30.073697,103.176025,19.625667,68.757211,68.259073,-1.889478,4.888175,0.091138
S00295,L0014,T04,295,1.150158,-0.029859,890.381301,170.942509,27.046837,101.850801,16.724376,142.572589,72.381836,0.058264,4.945695,0.08929
S00403,L0020,T02,403,0.949065,-0.032984,944.862991,221.136475,29.175818,95.987658,16.04836,,65.58717,-0.29753,2.735857,0.052358
S00684,L0034,T02,684,0.99027,-0.046318,794.991366,243.858874,25.562076,120.477085,21.120062,129.605777,61.901692,-2.159419,3.090011,0.06026
S00229,L0011,T01,229,1.124296,-0.071132,784.107195,163.368235,32.402983,107.787013,17.284165,130.3211,67.608461,-1.947629,4.897583,0.089616
S00338,L0016,T03,338,0.926627,-0.045911,819.50284,157.787708,22.576292,113.664831,17.791541,126.623923,59.96057,-2.511804,5.423043,0.107085
S00190,L0009,T01,190,0.8897,-0.057176,893.025465,167.273456,33.641887,97.955488,17.151114,135.079591,68.658489,-1.618405,5.009253,0.088283
S00737,L0036,T01,737,0.967802,-0.034701,792.14686,168.462727,32.161437,107.125087,17.091719,51.661367,62.506909,-1.686178,5.044613,0.082426
S00255,L0012,T01,255,0.973103,-0.044819,815.432688,197.310386,29.857462,105.542554,18.065744,89.713734,66.617927,-1.763771,4.313563,0.084503
S00210,L0010,T01,210,0.888405,-0.047657,842.877544,214.354875,27.568103,106.520513,16.889874,148.0118,67.609887,-0.030386,3.51077,0.047909
S00103,L0005,T02,103,0.975051,-0.055998,913.442696,203.717935,26.885701,115.235949,19.113133,158.382909,68.563059,-0.250807,4.049025,0.055842
S00355,L0017,T03,355,1.073416,-0.035437,919.183954,191.515061,25.594784,109.647786,17.663952,100.653949,68.513458,-1.049048,4.35283,0.072037
S00773,L0038,T01,773,0.917,-0.049967,816.700748,190.187433,27.201475,97.382893,17.216772,32.686016,66.4334,0.587028,4.267282,0.05762
S00535,L0026,T02,535,1.144928,-0.036235,840.190898,236.801655,30.968382,113.336338,17.830446,179.216034,63.949872,0.200217,2.390384,0.050694
S00690,L0034,T01,690,1.039659,-0.042977,784.138035,222.285425,26.12322,87.079173,17.435086,173.469187,68.944732,0.789078,3.336123,0.070299
S00585,L0029,T01,585,1.045492,-0.045922,861.421692,179.639966,32.574223,105.793122,20.618584,61.93022,65.801623,-1.531238,4.558179,0.078416
S00502,L0025,T01,502,0.94611,,943.917836,239.529289,24.428283,101.785479,20.804496,174.206812,76.289341,0.44955,2.79857,0.168086
S00605,L0030,T01,605,1.067349,-0.037654,865.0119,186.809284,32.643153,116.079052,16.301726,137.659175,76.068838,0.744228,4.311706,0.178112
S00624,L0031,T01,624,1.013404,-0.066155,879.657501,200.175398,31.90568,96.416806,17.987586,,69.166448,-0.497249,3.888871,0.065928
S00394,L0019,T03,394,1.098254,-0.032605,799.261681,191.090955,29.900986,96.047591,20.358446,57.626486,64.20798,-1.314205,4.127827,0.073099
S00730,L0036,T03,730,0.948796,-0.044063,823.790488,194.009208,26.328723,101.811498,18.481502,154.652118,68.862525,-2.307524,4.233261,0.112747
S00727,L0036,T02,727,1.042623,-0.046097,865.335715,165.043128,31.251209,116.19128,18.531968,142.855559,69.758284,-1.668333,5.115579,0.104113
S00131,L0006,T01,131,0.954736,-0.025418,817.810587,174.700004,23.174715,97.520427,17.85854,164.797821,69.165573,-1.050395,4.49076,0.07889
S00492,L0024,T01,492,0.957185,-0.058094,915.998324,181.833101,27.908916,105.057427,17.467325,5.913717,63.537099,-2.511835,4.659441,0.107086
S00680,L0034,T01,680,0.967333,-0.072507,858.935048,181.348508,30.687454,113.57157,19.034384,124.772834,67.243303,-1.106157,5.495583,0.068316
S00177,L0008,T02,177,0.945176,-0.036666,906.968092,180.019049,27.319058,115.107316,18.004205,13.357238,64.868351,-0.821506,5.051781,0.062241
S00530,L0026,T01,530,0.948559,-0.057151,760.796811,189.880372,30.094662,108.340077,18.820328,91.864489,61.869393,-1.667395,4.118475,0.08193
S00186,L0009,T03,186,1.056672,-0.060418,863.358639,198.83963,27.368355,114.449903,19.433384,137.092438,67.021666,0.261356,4.390133,0.051734
S00137,L0006,T02,137,0.881219,-0.029611,769.948236,191.741502,28.954993,94.109231,17.412326,99.462285,64.371516,-2.101383,3.823929,0.094105
S00252,L0012,T01,252,1.051412,-0.046013,751.926256,228.168823,25.493776,100.029698,18.276098,58.830328,58.57401,-0.180141,2.475723,0.050357
S00677,L0033,T01,677,0.991257,-0.05886,763.939774,172.323754,30.365733,105.439702,17.73622,128.796685,63.797209,-1.55782,5.436214,0.079091
S00122,L0006,T02,122,0.957723,-0.042158,865.85579,180.919267,27.454524,115.342513,18.87904,18.701879,60.555883,-2.302758,4.658893,0.100287
S00144,L0007,T03,144,0.932804,-0.045011,926.463239,212.425144,28.710016,97.696533,18.57184,153.609676,70.755755,0.975178,3.117722,0.095754
S00499,L0024,T02,499,0.95186,-0.059656,905.572791,226.607328,29.316003,108.471307,15.652028,30.655824,62.737981,-0.367838,3.198108,0.053593
S00648,L0032,T01,648,0.962119,-0.025914,886.937238,163.07153,31.498889,119.163888,18.890724,59.950491,65.665895,-3.040334,5.547476,0.126101
S00683,L0034,T01,683,1.00626,-0.047075,820.957342,189.806498,28.744591,102.028871,18.087225,85.510751,65.008889,-2.501353,4.00256,0.106736
S00749,L0037,T01,749,0.991973,-0.044826,855.582656,211.757196,25.569086,91.252172,16.930017,88.044192,69.406451,-0.931476,3.61905,0.078492
S00608,L0030,T01,608,0.975643,-0.041648,873.098902,197.536547,23.079681,102.994773,18.720364,114.726481,69.03667,-0.718369,3.196736,0.069586
S00719,L0035,T02,719,1.052049,-0.056679,791.538765,190.020148,26.661519,100.175495,16.362639,160.220167,68.246627,-1.236396,4.212386,0.073763
S00409,L0020,T01,409,0.992704,-0.033837,828.279104,189.218919,20.38772,104.231167,19.384531,2.223264,62.472781,2.130386,3.643715,0.076251
S00487,L0024,T01,487,0.969989,-0.024969,793.263632,175.832185,31.88445,112.825959,20.343122,11.763596,60.605886,-1.72705,4.906739,0.083514
S00547,L0027,T01,547,0.9436,-0.040391,910.578091,200.441521,30.051742,103.084133,18.413252,29.88143,62.084125,-1.001016,3.994168,0.066011
S00698,L0034,T01,698,0.962131,-0.052416,,188.853572,30.289986,110.001345,18.171678,100.654036,64.797474,-1.217714,3.904936,0.070844
S00437,L0021,T02,437,,-0.043855,826.795451,154.920497,27.226857,101.464478,18.56933,4.615676,61.033961,-1.431862,5.971033,0.075939
S00257,L0012,T01,257,0.976584,-0.078264,864.653497,174.195823,25.452314,102.275253,20.066644,150.236737,71.503871,-0.415217,4.900582,0.088742
S00100,L0005,T01,100,0.940576,-0.062983,817.113607,184.74822,24.577345,96.914048,19.253469,29.706918,66.957785,-0.136975,4.318159,0.049639
S00027,L0001,T02,27,0.940263,-0.03452,856.265829,148.186663,25.18599,97.447696,17.186352,95.531232,65.810928,-2.958516,5.928576,0.122979
S00660,L0033,T01,660,0.847651,-0.057166,948.553012,228.102267,23.438288,122.265424,17.325247,171.598329,66.414896,-0.198548,3.70033,0.050666
S00656,L0032,T02,656,0.934974,-0.05791,872.009747,198.176732,23.917747,97.147087,19.719019,129.412935,73.830357,0.710275,3.647579,0.132751
S00081,L0004,T01,81,0.979555,-0.054796,888.075368,157.775967,28.792439,109.387934,17.072776,111.811141,66.419671,-0.501465,6.332524,0.056015
S00572,L0028,T01,572,1.007297,-0.060895,819.300479,228.107895,28.172504,105.821453,16.536399,33.686642,63.972567,-0.955456,3.074722,0.065035
S00023,L0001,T02,23,1.130906,-0.069099,814.029153,218.898503,26.638052,125.66943,16.928569,60.899664,62.835196,-0.096987,3.170474,0.048983
S00352,L0017,T01,352,0.989197,-0.051944,875.021175,166.26299,26.909631,107.067283,18.91609,108.442867,68.063461,-1.862845,5.305314,0.087985
S00161,L0008,T03,161,1.058853,-0.040463,874.965996,183.42376,33.340271,112.208267,19.399896,161.095255,70.705858,-1.423545,5.046872,0.109498
S00133,L0006,T02,133,0.983669,-0.0504,857.14277,170.77519,27.330492,100.494237,17.805913,8.69844,58.595666,-2.304329,5.125334,0.100337
S00781,L0039,T01,781,1.033763,-0.032433,806.435467,172.493883,26.517286,117.623584,17.910012,158.233346,66.494551,-2.32845,5.703939,0.101102
S00025,L0001,T04,25,1.076897,-0.054721,943.997107,195.689021,24.006503,109.921704,18.641269,148.066088,70.84661,-1.803495,3.969532,0.125452
S00760,L0038,T02,760,1.067405,-0.040318,889.356175,191.472249,25.445099,100.797922,16.625398,143.941673,69.902458,0.789669,4.06914,0.080302
S00142,L0007,T04,142,1.072566,-0.053406,830.071369,203.416866,30.190861,96.020364,16.77112,40.156259,58.722449,-0.130964,3.469708,0.04954
S00375,L0018,T03,375,1.068519,-0.052414,845.353911,211.733532,25.828815,105.097677,18.425478,138.806586,69.576947,0.67982,3.528688,0.074088
S00716,L0035,T03,716,1.001926,-0.02879,852.311766,205.103269,29.633337,106.51737,19.081611,128.850415,67.250475,0.208734,3.914743,0.050838
S00057,L0002,T01,57,0.841189,-0.038492,834.178238,208.806918,26.689416,106.957772,19.359341,166.966701,71.939627,-0.426301,3.331211,0.094503
S00223,L0011,T01,223,1.00808,-0.042837,842.553878,168.530754,31.188939,113.467563,17.092699,134.163147,69.560087,-1.964979,4.728244,0.111229
S00353,L0017,T01,353,1.159341,-0.03836,840.637788,181.245039,28.525633,97.800061,18.481861,108.066186,64.743213,-0.85762,4.406883,0.062983
S00423,L0021,T03,423,0.93314,-0.02521,876.637056,260.160665,29.436004,108.063122,18.209302,121.19233,67.716861,1.791206,1.860781,0.085249
S00515,L0025,T01,515,0.984884,-0.052279,830.632933,164.118022,27.057311,114.549762,19.129503,179.050545,70.791948,-0.306261,5.192701,0.0777
S00160,L0008,T01,160,1.073898,-0.02468,864.603924,170.956611,30.113328,110.710909,17.744388,27.812031,64.169742,-0.231366,4.763034,0.051221
S00741,L0037,T01,741,1.139817,-0.03768,900.748497,157.459454,28.571402,105.09491,16.366713,43.674121,67.196469,-1.663885,6.400223,0.081837
S00552,L0027,T02,552,1.071594,-0.03629,790.357052,188.506202,30.238687,101.054739,19.529597,28.096469,63.81484,-0.793088,4.314432,0.061663
S00059,L0002,T01,59,0.98744,-0.031823,,187.154611,26.750001,103.021498,16.489367,20.552213,65.86586,-0.919088,4.134214,0.064265
S00075,L0003,T01,75,1.133889,-0.041879,782.268391,191.477412,28.599531,96.436584,19.315477,43.065284,61.783277,-1.075383,4.207171,0.067634
S00011,L0000,T03,11,1.18961,-0.048974,888.356975,172.154642,28.917475,106.725121,18.220553,132.071841,72.297105,-0.19588,4.769949,0.092216
S00438,L0021,T03,438,0.896011,-0.082688,826.911885,144.461205,30.008082,122.129709,15.245588,121.173238,66.50223,-0.372888,6.887015,0.053683
S00580,L0029,T02,580,0.999938,-0.048268,869.137482,175.023635,22.283909,109.858147,18.38798,15.859408,61.793031,-2.458175,4.630635,0.105303
S00249,L0012,T01,249,0.971527,-0.054941,817.894921,173.538337,24.405529,99.464404,17.938744,162.584269,68.331194,-0.932016,4.645251,0.067602
S00752,L0037,T02,752,0.91649,-0.052515,858.303727,222.114898,21.764904,99.760317,20.434436,6.373227,66.904978,-0.132973,2.314871,0.049573
S00297,L0014,T03,297,1.032793,-0.056287,850.829184,230.787229,30.815982,100.107039,19.743603,109.578381,67.172145,0.362576,2.648305,0.0535
S00306,L0015,T01,306,0.98615,-0.057964,699.504719,198.02983,29.435496,104.723331,17.901805,178.586451,65.962484,-0.224994,3.134972,0.051113
S00174,L0008,T01,174,1.074912,-0.046178,799.840158,210.624022,30.314915,104.524312,18.498031,44.982738,63.05969,-2.315322,3.987063,0.100685
S00393,L0019,T01,393,1.068608,-0.040346,913.640096,168.829491,30.237682,99.614538,15.794453,63.969217,63.747658,-0.623388,5.018754,0.058315
S00250,L0012,T04,250,1.08195,-0.045285,962.595589,194.829212,30.425622,97.891675,,15.920549,70.903649,0.049727,4.477874,0.072625
S00686,L0034,T03,686,1.039787,-0.045057,921.394436,158.059901,27.982719,124.092752,18.137164,134.117174,75.02717,-1.881495,5.938127,0.216293
S00712,L0035,T01,712,1.094291,-0.048732,755.614977,184.003923,28.903166,119.091684,17.159234,179.76983,69.626052,-1.759942,4.563722,0.105259
S00214,L0010,T01,214,1.048469,-0.056112,897.653489,176.788814,30.134284,105.229989,17.322569,82.50199,67.645092,-0.842861,4.948126,0.062679
S00670,L0033,T01,670,1.056965,-0.046506,869.458983,203.652924,28.330954,116.057429,20.921905,132.929986,67.965666,-1.062509,3.795444,0.06735
S00400,L0020,T02,400,0.937692,-0.053309,889.771988,216.913016,29.053837,90.901538,16.733847,141.586391,71.424692,1.152256,3.401996,0.110759
S00285,L0014,T01,285,1.022046,-0.029008,785.319695,214.168408,25.170563,,17.087525,40.45748,62.240037,-1.140454,3.555395,0.069084
S00135,L0006,T03,135,1.060803,-0.066467,901.401208,216.446435,27.593736,92.745679,17.585854,20.650568,67.230319,0.874669,2.833044,0.063336
S00501,L0025,T02,501,0.945902,-0.03911,897.852148,213.511239,30.989925,101.648569,17.701179,167.110453,68.977046,-1.332527,3.719141,0.084165
S00466,L0023,T03,466,0.992718,-0.062018,892.908527,200.495349,27.927449,111.956896,17.21768,105.33127,68.354389,-0.099277,3.642459,0.051559
S00242,L0012,T02,242,1.07446,-0.05545,861.380413,202.616289,27.825715,100.248238,19.894285,172.165238,72.365139,0.630993,3.336405,0.10675
S00392,L0019,T03,392,1.037686,-0.050959,874.129004,193.049083,30.37755,102.830444,16.602265,114.405667,66.888238,-0.884106,4.085079,0.063533
S00076,L0003,T02,76,1.09193,-0.021646,796.788528,198.089965,24.946576,103.665938,17.265486,96.766694,65.427438,-1.712095,3.776238,0.083114
S00792,L0039,T01,792,1.030196,-0.040543,738.483614,214.711029,23.785273,94.997338,17.779843,88.729804,64.554689,0.546491,3.425105,0.056854
S00664,L0033,T01,664,0.978959,-0.042356,883.477929,209.288247,28.565622,122.81703,18.999321,146.407738,69.055993,-0.966468,3.810337,0.075625
S00044,L0002,T02,44,1.001633,-0.053557,875.715723,209.799397,26.739666,97.659668,16.96181,177.521235,70.038785,0.75634,3.254969,0.080953
S00575,L0028,T01,575,0.992258,-0.039683,928.112015,209.663921,33.124736,110.216784,19.594812,116.81394,74.321888,-0.102734,4.123219,0.117558
S00672,L0033,T03,672,1.019416,-0.05561,849.060645,161.266049,28.78094,109.133331,18.492395,32.528533,63.505623,-1.827329,4.950127,0.08624
S00246,L0012,T01,246,1.142544,-0.051383,774.127233,182.146777,28.896576,104.662993,20.985063,115.800498,64.557882,-1.317313,4.250524,0.073173
S00328,L0016,T02,328,1.001644,-0.061691,861.534316,180.528564,29.18137,91.1821,17.415438,107.937308,63.509239,-2.194784,4.094743,0.096929
S00111,L0005,T02,111,0.940478,-0.05954,827.183743,240.228039,26.242704,100.477337,19.547581,75.82674,67.885878,-0.423452,2.187439,0.054589
S00367,L0018,T01,367,0.95033,-0.054796,867.176087,182.403995,27.476865,119.873705,18.115767,20.604105,65.919237,-0.38363,4.972959,0.053874
S00410,L0020,T03,410,1.07669,-0.051051,889.640651,236.538695,29.229045,97.901295,17.196718,,70.604045,0.408396,2.431056,0.078244
S00733,L0036,T02,733,1.058322,-0.043663,928.94159,218.063138,28.682675,115.80889,16.811221,86.578902,71.391416,-0.287048,3.325946,0.083875
S00498,L0024,T01,498,0.986192,-0.037818,859.666389,195.004506,28.88475,105.816471,16.457484,108.288197,68.229974,0.554939,3.753266,0.058896
S00531,L0026,T01,531,0.901503,-0.056588,928.587379,166.438453,31.147622,102.344815,18.355673,0.779814,67.303858,-1.438914,4.999644,0.076112
S00631,L0031,T01,631,0.912679,-0.038177,777.873536,159.130894,24.151005,108.564843,18.056294,137.161817,67.001606,-1.33026,6.034001,0.073481
S00377,L0018,T01,377,0.993398,-0.075557,835.209753,191.261881,26.980612,90.764509,16.53339,137.621323,72.505258,-1.60201,3.869273,0.146352
S00303,L0015,T01,303,1.042961,-0.036823,800.931517,196.858827,18.565906,81.966792,18.99018,35.983247,80.648273,0.807086,3.449276,0.305704
S00043,L0002,T01,43,0.994311,-0.038491,860.792241,180.1917,28.524025,105.808284,18.669836,153.89164,69.196306,-0.934432,4.451114,0.076315
S00722,L0036,T02,722,1.020677,-0.059919,855.30929,215.117687,34.071983,118.452071,17.524501,82.947391,71.610471,0.089557,3.759473,0.081131
S00071,L0003,T03,71,1.084094,-0.044833,887.44297,143.417137,24.324445,101.132672,18.009568,63.249824,70.421918,-1.046073,6.412074,0.093588
S00765,L0038,T02,765,1.242256,-0.046832,893.898517,171.097454,27.398838,109.455063,16.048194,105.105119,65.879659,-0.838897,5.266695,0.062598
S00504,L0025,T01,504,0.868381,-0.029436,757.572597,208.86479,25.212312,110.734786,18.285518,178.927758,61.139879,0.438325,3.575788,0.054858
S00036,L0001,T01,36,1.012326,-0.073802,818.762373,181.432122,28.144484,117.57503,17.379661,73.149711,63.351427,-1.006098,4.964257,0.066121
S00126,L0006,T03,126,1.078442,-0.063482,900.994562,218.961915,27.089358,100.462884,17.402676,4.619913,63.069233,-0.227833,3.786711,0.051161
S00237,L0011,T03,237,1.095396,-0.065787,941.075589,174.864176,27.364902,105.168512,19.821662,126.124984,68.037184,-0.893151,4.870766,0.064055
S00326,L0016,T03,326,0.968789,-0.041472,830.701363,195.44089,29.025487,101.992002,19.589949,77.528711,63.882247,-2.252812,4.400557,0.098721
S00121,L0006,T01,121,0.984134,-0.056137,865.08418,187.474933,24.664041,122.27674,20.288559,100.035857,62.504385,-1.829331,5.08986,0.086295
S00714,L0035,T01,714,,-0.050073,878.382126,151.938705,26.729302,114.421672,16.601373,11.693535,65.526818,-1.797907,5.574536,0.085432
S00019,L0000,T03,19,1.12161,-0.040464,843.761922,232.445789,28.492577,114.358932,16.904347,15.252972,61.618583,-0.756633,2.802795,0.060929
S00508,L0025,T01,508,0.920569,-0.045541,765.10429,171.172014,27.29797,105.341782,18.029537,104.550356,63.30512,-1.219206,4.989795,0.070878
S00134,L0006,T01,134,1.045068,-0.062393,,146.741024,25.126252,103.307296,18.92747,135.725105,63.001704,-1.887623,5.723918,0.087917
S00794,L0039,T02,794,1.017068,-0.059145,755.280074,179.970947,21.810882,90.244839,16.347549,130.557469,66.700429,-2.251794,4.295502,0.098689
S00658,L0032,T01,658,1.003218,-0.037812,815.753174,192.002377,28.860669,98.370555,16.206895,76.699022,63.787801,-2.35249,4.343002,0.101869
S00667,L0033,T04,667,0.834762,-0.040593,819.022511,190.354341,27.988392,99.636034,16.862552,57.722783,65.762835,-1.41183,4.343251,0.075448
S00212,L0010,T04,212,1.092772,-0.041586,811.858819,146.066674,26.860539,102.977617,16.022288,115.408971,66.539022,-2.003127,6.47146,0.091214
S00005,L0000,T04,5,1.03764,-0.031553,985.495201,204.526588,28.690969,100.872347,19.481073,106.335901,76.118635,0.488665,3.743485,0.166426
S00280,L0014,T03,280,1.082384,,857.875971,,28.62243,112.401889,18.518278,62.305332,63.572305,-1.422716,4.294618,0.075715
S00613,L0030,T01,613,0.982085,-0.039195,791.224489,189.739715,28.407644,113.730829,16.336185,38.734841,59.159574,-0.818128,5.028893,0.062172
S00603,L0030,T03,603,1.008976,-0.045834,860.522762,173.603664,26.838862,100.11435,18.038876,94.557171,70.018346,0.11645,4.39382,-0.029625
S00274,L0013,T01,274,0.995962,-0.060493,871.041444,188.910071,24.703312,115.113459,15.726535,99.08411,67.671429,-0.153165,5.081455,0.049907
S00225,L0011,T01,225,1.014416,-0.070011,781.531781,134.661073,28.984007,100.467032,18.719933,117.947462,67.92283,-3.133319,6.828822,0.129731
S00240,L0012,T02,240,0.987748,-0.036368,951.928543,163.214544,27.089885,99.251993,19.226403,59.495565,70.59314,-0.489887,5.066889,0.080205
S00096,L0004,T01,96,1.066033,-0.031828,837.031504,163.636931,27.33717,98.971857,17.726852,44.770877,67.339495,-0.890789,5.242173,0.063672
S00084,L0004,T01,84,1.150842,-0.04588,846.097761,174.498783,23.916817,95.884766,19.289733,42.896379,67.749485,-1.220392,4.414006,0.070905
S00745,L0037,T03,745,1.024577,-0.066602,893.077489,201.990481,33.587747,114.070961,290.662061,122.793901,73.106104,-0.389655,4.259958,0.10932
S00342,L0017,T02,342,0.837015,-0.066377,745.188572,180.498066,,100.746103,17.644871,169.118237,63.791338,-2.272593,4.770487,0.099339
S00215,L0010,T01,215,0.922394,-0.04897,819.03077,202.728746,26.241237,102.152952,18.86611,114.808807,63.718103,-0.668688,4.042034,0.059192
S00652,L0032,T02,652,0.970484,-0.045202,854.743683,222.098545,28.776821,105.51356,17.510004,166.411775,66.4218,-0.587298,3.604486,0.057625
S00066,L0003,T01,66,1.115517,-0.022153,750.293803,196.855227,24.138421,100.908257,18.163953,79.646372,63.086373,-0.333479,3.61163,0.052986
S00777,L0038,T01,777,1.040776,-0.023056,838.684807,210.223008,24.914174,101.663698,16.384898,17.332506,60.481549,-0.338835,3.489196,0.05308
S00489,L0024,T02,489,1.026768,-0.042682,822.857417,252.245745,30.27653,96.369535,19.330634,32.355915,60.956381,0.534592,1.32186,0.056631
S00579,L0028,T03,579,1.020363,-0.055883,841.21838,196.853111,28.37533,109.565933,19.120629,137.265446,68.522673,-0.930559,4.437889,0.069403
S00016,L0000,T01,16,1.08355,-0.029493,855.113548,170.336787,26.038828,111.560014,18.744452,160.212435,68.810187,-0.600103,4.861642,0.064862
S00260,L0013,T01,260,0.897488,-0.034767,885.59465,230.826557,26.958508,104.325776,17.467838,137.358799,68.960482,0.419261,2.270592,0.062433
S00481,L0024,T02,481,1.09684,-0.042633,911.297427,183.864197,29.488037,102.357076,17.646872,156.947871,72.488421,-1.062111,4.657725,0.124009
S00116,L0005,T01,116,1.020934,-0.056707,906.460798,182.320118,27.478042,121.295818,18.96924,174.671064,68.743661,-0.544582,4.64505,0.063101
S00004,L0000,T02,4,0.878407,-0.054247,824.063875,208.20637,28.516046,113.083056,18.738424,92.898408,69.716118,-0.287444,3.877154,0.066485
S00213,L0010,T01,213,0.967166,-0.049928,876.676537,169.376574,28.712049,114.480438,17.63505,47.617991,66.582878,-2.771144,5.568496,0.116079
S00008,L0000,T03,8,0.980872,-0.034384,909.212311,215.555524,26.362452,99.824432,18.210269,151.789424,73.523247,0.542215,3.652673,0.121134
S00266,L0013,T02,266,1.043711,-0.053617,828.910406,,30.497792,94.769908,19.399749,10.075049,62.501953,-1.644381,3.859324,0.081326
S00195,L0009,T01,195,1.06956,-0.014136,912.719689,193.869446,22.864757,100.873514,17.908228,111.983023,68.92782,-0.795194,3.846329,0.070273
S00783,L0039,T02,783,1.055532,-0.039121,823.724023,174.329524,28.814991,101.129726,16.421994,67.154053,64.720258,-1.300791,4.879635,0.072782
S00474,L0023,T02,474,1.012135,-0.038385,890.222354,,32.376777,110.873317,18.056366,25.614505,63.693273,-0.970065,2.865782,0.065346
S00629,L0031,T03,629,0.980609,-0.042045,823.492018,156.962114,28.000791,103.114357,19.082382,99.639415,67.964804,-0.340671,5.150946,0.053113
S00289,L0014,T01,289,0.988912,-0.064182,850.178968,203.20962,29.472115,104.015885,18.556109,176.407614,68.597513,-0.844754,4.342137,0.068198
S00156,L0007,T02,156,1.022255,,844.19447,171.538885,33.313446,116.601645,19.168669,131.727252,72.04973,-0.526382,5.145274,0.099007
S00655,L0032,T04,655,0.897241,-0.078028,729.289483,191.631468,28.919012,106.915871,18.108712,41.005928,62.899375,-3.916907,4.409727,0.163956
S00369,L0018,T01,369,0.961888,-0.050143,861.893762,188.268429,28.416262,102.034961,19.003377,77.2769,63.50176,-1.910399,4.52432,0.088559
S00573,L0028,T02,573,1.105802,-0.062914,847.305471,196.436621,23.172004,98.454363,18.903514,19.52831,65.565577,-0.35395,3.881129,0.053347
S00622,L0031,T02,622,1.053906,-0.037302,774.646058,168.99433,27.681778,107.587686,17.592797,148.803126,68.145383,-1.780704,5.578538,0.086673
S00763,L0038,T01,763,1.065465,-0.034568,839.92374,221.545184,27.539345,109.787296,18.829835,50.809185,62.414622,-0.869349,3.163014,0.063226
S00163,L0008,T02,163,0.926976,-0.036738,893.472918,180.832048,27.015254,108.8478,19.163737,41.18039,65.81323,-1.071306,4.46097,0.067544
S00425,L0021,T01,425,1.018048,-0.049103,907.698709,176.5571,30.925512,102.594978,18.109828,150.340714,69.544911,-0.368154,4.883184,0.066645
S00591,L0029,T01,591,0.87404,-0.035278,914.998359,173.166575,32.302319,88.97606,19.445018,58.120523,61.38323,-3.012688,5.111943,0.125038
S00472,L0023,T02,472,1.031381,-0.050751,821.578658,227.074328,27.774197,87.551943,19.172524,95.886528,66.404657,0.493757,2.994475,0.055873
S00061,L0003,T03,61,0.912051,-0.053133,793.119181,214.201594,278.87304,,17.96103,22.3785,62.392157,-2.143321,3.155302,0.095363
S00124,L0006,T01,124,0.89686,,884.264168,186.192352,31.043164,107.025108,19.184253,63.353267,66.004157,-2.077467,4.343057,0.093394
S00619,L0030,T01,619,0.9857,-0.03481,826.133149,217.777009,25.668526,100.048643,17.548675,141.432983,67.465272,0.061879,3.4577,0.048414
S00065,L0003,T02,65,0.946485,-0.028917,938.967758,195.175145,27.298676,104.832588,18.385603,54.467618,65.203703,-0.603839,4.386801,0.05794
S00666,L0033,T01,666,0.992608,-0.063091,848.780422,168.554485,28.533164,109.604673,17.964491,144.492408,68.673801,-2.369367,5.214296,0.112082
S00511,L0025,T02,511,0.912469,-0.051992,849.714698,212.912301,29.412253,108.546675,18.696029,93.109467,68.322463,1.494141,4.151524,0.081012
S00669,L0033,T01,669,0.961133,-0.055995,861.151547,162.633864,33.321782,103.601969,16.063813,131.621249,68.533418,-2.098319,4.734634,0.101053
S00321,L0016,T01,321,1.071081,-0.041814,878.789536,222.630704,30.853366,106.177734,19.562803,77.280595,68.998782,0.264686,3.097432,0.059662
S00790,L0039,T03,790,1.080336,-0.047845,935.31689,206.174012,31.545831,99.468724,18.109395,,64.734505,0.069586,3.65499,0.048538
S00105,L0005,T02,105,1.011566,-0.036147,834.084483,184.238106,26.802516,103.047423,16.809148,145.203913,67.268491,-1.136525,4.531052,0.068996
S00282,L0014,T01,282,1.01248,-0.05854,845.426276,165.339043,27.514556,120.09998,18.11332,4.177763,59.53175,-1.291016,5.62525,0.072551
S00363,L0018,T01,363,0.971354,-0.066234,850.525162,176.760979,24.682066,97.020403,17.81477,68.199304,68.256364,-0.919631,4.051856,0.066628
S00373,L0018,T01,373,0.883353,-0.041118,901.251445,204.370422,26.253449,104.40927,14.204172,134.242546,68.375901,-0.242904,3.543415,0.054239
S00083,L0004,T01,83,0.972187,-0.061853,870.312416,145.7468,24.96615,94.864935,17.074962,112.355133,70.669492,-0.329489,5.856767,0.076969
S00222,L0011,T01,222,1.084073,-0.041643,771.449277,174.91145,32.002225,104.099233,20.647975,90.48865,68.644293,-2.035838,-1.140901,0.100579
S00148,L0007,T01,148,0.939999,-0.05856,850.88791,175.408947,28.058583,97.924584,18.587847,165.474294,72.316427,0.598029,4.636547,0.104966
S00171,L0008,T01,171,1.018279,-0.036755,871.085673,212.863774,29.181326,,18.926762,149.243529,73.968058,0.119101,2.846818,0.112735
S00615,L0030,T01,615,0.980722,-0.033049,775.944396,190.142366,29.920358,106.914204,17.672168,136.583118,69.017499,-1.676768,5.16536,0.094447
S00709,L0035,T01,709,0.976131,-0.045601,802.277626,192.67178,,112.907599,19.509273,140.903939,66.859807,-2.572889,4.281507,0.109147
S00078,L0003,T01,78,1.039793,-0.061413,836.819613,203.553231,25.934344,102.182143,18.032575,78.993286,68.174254,0.136361,3.629296,0.050877
S00734,L0036,T01,734,0.896197,-0.038781,838.776617,193.043981,27.56743,118.025152,18.588799,123.680735,67.707248,-1.935862,4.157693,0.089281
S00524,L0026,T01,524,1.155523,-0.058095,828.311493,159.581303,26.178458,102.553052,18.687698,154.736933,67.984913,-1.983838,5.584265,0.090656
S00089,L0004,T01,89,1.00059,-0.045458,853.187257,222.712907,28.138891,93.371453,18.376698,4.355243,64.808438,-0.478602,2.663086,0.055594
S00397,L0019,T03,397,0.961203,-0.042016,781.621925,208.039333,21.148982,101.575039,18.247269,33.024123,62.083645,-1.09758,3.239912,0.068125
S00201,L0010,T01,201,1.097322,-0.032826,850.575407,157.505849,33.360387,96.521677,20.239589,59.07923,62.616857,-1.791237,4.422879,0.08525
S00574,L0028,T02,574,0.94723,-0.042187,823.982685,216.509813,24.942991,,16.9961,85.334737,72.144731,0.041473,3.159579,0.085977
S00676,L0033,T02,676,1.039374,-0.03503,820.021465,195.489626,27.215422,94.632199,18.388491,31.202749,61.013298,-1.372151,3.787834,0.074485
S00329,L0016,T01,329,0.992706,-0.0275,891.696097,206.218856,28.494493,101.779871,14.871234,78.846064,66.504768,-1.282118,3.587072,0.072342
S00299,L0014,T01,299,1.001559,-0.018054,836.656057,165.553705,24.894349,98.753198,18.441804,113.42422,66.203194,-1.154311,5.446164,0.069397
S00304,L0015,T02,304,0.874142,-0.029007,816.651312,149.854544,25.44071,109.644944,17.744922,10.679229,62.784671,-4.428341,5.663865,0.189989
S00435,L0021,T01,435,1.077456,-0.054495,841.939739,205.437015,27.546702,115.785202,18.030159,0.030222,60.067081,0.064437,3.020976,0.048455
S00291,L0014,T04,291,0.911543,-0.03741,863.178865,184.184705,27.236026,105.028264,17.642196,25.65817,66.511279,-2.033702,4.528009,0.092105
S00649,L0032,T01,649,0.915976,-0.035452,868.676417,240.541328,33.169225,103.771236,18.894091,157.833089,72.472286,2.026946,2.473121,0.165243
S00537,L0026,T01,537,1.089122,-0.03852,850.535081,209.317981,26.914625,103.780917,17.732504,121.454377,69.16858,0.707188,3.053176,0.07062
S00031,L0001,T01,31,0.956868,-0.033484,805.255636,161.065521,29.724686,115.347972,18.244201,129.664412,66.987698,-1.935214,5.351175,0.089262
S00744,L0037,T03,744,0.956601,-0.047304,905.20861,181.732068,26.435423,110.735804,17.473147,113.85998,63.311915,-1.95435,4.506039,0.089808
S00430,L0021,T01,430,0.947619,-0.048575,1003.464988,210.172153,29.335,95.274436,19.432803,139.848002,71.20318,1.016556,3.434221,0.103055
S00468,L0023,T01,468,1.049151,,850.151524,,24.934757,101.088234,17.234404,1.984058,71.364479,2.149213,4.138551,0.148919
S00620,L0031,T01,620,0.911119,-0.023952,874.921794,206.283504,26.673926,107.850812,19.280356,103.825706,63.777483,-0.079348,3.5916,0.048696
S00570,L0028,T01,570,0.872875,-0.033577,813.788129,184.081624,25.244582,104.068041,16.194008,54.34609,64.945025,-0.417647,4.707269,0.054484
S00143,L0007,T01,143,1.033976,-0.045635,814.994098,236.050252,24.122133,107.632721,18.177823,133.457785,68.335028,-0.289111,2.305254,0.054756
S00442,L0022,T01,442,0.983796,-0.019127,829.480423,235.616069,32.184754,112.223588,16.60793,171.905276,71.481727,0.732816,2.994412,0.097858
S00298,L0014,T02,298,0.941522,-0.034012,842.740394,199.681135,26.064633,101.109552,19.127323,145.233446,67.144721,-0.855271,3.428823,0.062935
S00079,L0003,T01,79,0.944684,-0.047256,846.601645,193.0919,26.113769,111.142104,18.397715,57.225304,63.049036,-0.612739,4.635426,0.058111
S00512,L0025,T01,512,0.97994,-0.057585,824.898392,197.858511,26.611169,118.081193,17.107004,155.481661,69.757849,-1.210178,4.000929,0.090072
S00018,L0000,T01,18,0.84916,-0.031689,737.519769,219.202042,28.011058,96.52455,16.878113,179.831808,67.732655,1.291669,3.430989,0.072567
S00207,L0010,T02,207,0.957077,-0.042221,831.600361,186.224915,23.996526,113.390596,19.463372,55.566598,62.685884,-0.714937,4.629055,0.0601
S00699,L0034,T01,699,0.859421,-0.033354,808.292346,187.414529,26.597598,99.18392,16.932148,21.507327,68.343374,-1.780224,4.042635,0.08904
S00309,L0015,T02,309,1.013617,-0.019075,795.604138,215.278472,25.321199,109.361526,17.124886,13.775355,59.778864,-0.865906,3.201698,0.063155
S00311,L0015,T02,311,1.021778,-0.035613,739.290995,170.371112,29.196904,120.594904,17.422585,135.051964,66.6289,-2.005566,4.890193,0.091284
S00720,L0036,T01,720,0.912458,-0.054213,809.263607,150.730249,28.511622,92.113146,17.816825,163.146069,69.266479,-1.525324,5.337292,0.093116
S00120,L0006,T02,120,1.045261,-0.052107,812.641999,204.471824,28.10805,104.975785,17.19029,119.822808,66.104805,0.282437,3.424862,0.052097
S00038,L0001,T01,38,0.919915,-0.032146,790.476646,184.12195,26.023287,104.364203,19.674126,98.35296,65.004164,-1.195933,4.527158,0.070344
S00651,L0032,T04,651,0.896214,-0.054938,814.7767,205.659389,20.901265,90.730171,18.713412,21.883265,69.100303,-1.389089,3.538837,0.087163
S00639,L0031,T01,639,1.002561,-0.053867,897.206335,190.83411,30.352166,114.801478,18.46211,116.45474,71.089164,0.605852,4.584093,0.089108
S00455,L0022,T02,455,1.089571,-0.042802,826.191277,209.817893,24.822827,100.870455,18.415805,35.134331,66.64971,-1.711113,3.225478,0.083088
S00015,L0000,T02,15,0.981854,-0.038046,916.20166,167.208187,28.678723,116.722002,19.338992,101.24701,72.933726,-1.554029,5.562669,0.152383
S00771,L0038,T01,771,0.993702,-0.048417,731.281115,208.187406,28.105514,102.351712,18.655386,174.081556,64.424282,0.18087,3.059707,0.050369
S00263,L0013,T03,263,1.01714,-0.030802,,200.11457,28.10266,99.595558,19.124052,122.036802,69.251997,-0.319055,4.33244,0.062942
S00634,L0031,T02,634,0.946612,-0.037753,910.160531,175.856824,32.125433,107.197041,20.172871,57.917023,66.202308,-2.365951,4.533636,0.102301
S00053,L0002,T04,53,1.243456,-0.02961,958.758254,176.042269,29.328316,103.492298,16.556739,71.552686,65.653263,-1.976103,5.216168,0.090433
S00091,L0004,T01,91,0.887026,-0.036241,900.165218,213.990156,28.970313,,18.307882,40.796085,68.071692,0.127994,3.001683,0.05
S00796,L0039,T02,796,0.996815,-0.058547,842.999398,194.371815,25.389925,94.949596,19.04612,30.954783,67.862253,-0.574172,4.159315,0.057376
S00007,L0000,T01,7,0.969283,-0.032709,848.600292,204.492451,23.999166,108.820093,19.113516,174.722848,68.599343,-0.702758,3.650106,0.065123
S00756,L0037,T01,756,0.970853,-0.047548,726.493597,133.265515,26.752763,99.662826,98.27753,16.143144,58.021255,-3.399847,6.153778,0.140632
S00273,L0013,T04,273,1.234944,-0.036051,820.207897,166.693215,26.098729,1192.26706,18.612146,163.161033,67.479846,-1.635849,5.144919,0.081103
S00754,L0037,T03,754,1.054563,-0.038319,935.392581,186.66801,30.524359,92.157026,18.364126,19.157815,62.311876,-0.169073,3.610989,0.050172
S00653,L0032,T03,653,0.990733,-0.053894,956.310699,184.363005,27.405208,107.204803,18.676042,178.355525,72.837711,-0.529856,4.428678,0.110181
S00418,L0020,T01,418,0.96261,-0.056434,852.173577,176.338984,31.593927,1081.47883,19.924601,77.081481,69.755932,0.257848,4.902465,0.066214
S00305,L0015,T01,305,0.898622,-0.057138,815.433983,186.700212,28.076953,111.168495,17.407556,169.884233,67.731316,-0.424606,4.146322,0.05461
S00590,L0029,T02,590,0.853909,-0.043075,889.853743,174.886738,34.504042,119.760924,19.764913,43.943011,75.400875,0.741917,5.327989,0.163803
S00233,L0011,T01,233,0.925967,-0.056476,790.690463,207.723882,29.881146,100.286633,16.755396,17.199536,61.21912,-2.05034,3.363658,0.092593
S00175,L0008,T01,175,0.98469,-0.050578,844.088841,180.143881,31.134835,98.844861,18.143052,0.513295,62.345754,-3.045888,4.67934,0.126315
S00673,L0033,T03,673,0.957216,-0.053934,822.869197,164.599344,27.768722,98.857787,17.743295,80.401989,66.026221,-1.717074,5.114299,0.083247
S00040,L0002,T01,40,1.057078,-0.01188,779.914038,196.158453,29.622214,109.244689,16.106866,48.661548,60.418149,-1.847977,4.368112,0.086811
S00149,L0007,T04,149,0.966986,-0.041547,813.763637,165.402324,29.781084,108.608947,16.067608,140.961429,63.175549,-2.203986,5.167985,0.097211
S00539,L0026,T03,539,1.009626,-0.04529,823.02409,173.133658,28.751536,89.663262,17.905544,169.650852,63.998609,-1.951566,4.802378,0.089729
S00276,L0013,T01,276,1.130479,-0.046726,912.976644,170.452257,32.502456,104.117672,18.545159,138.623824,67.582632,-1.390637,4.935381,0.074933
S00451,L0022,T01,451,0.969355,-0.056965,796.286937,188.726332,29.993758,97.02629,19.245184,98.719127,61.23645,-1.970761,4.258796,0.090279
S00632,L0031,T01,632,0.973689,-0.047923,820.049369,189.417711,25.384344,107.290784,17.09653,151.463042,62.196138,0.651224,4.244086,0.058852
S00279,L0013,T01,279,1.049571,-0.04031,800.901318,207.309299,27.891218,105.216673,17.166709,63.909967,60.705659,-3.254156,4.19068,0.134581
S00584,L0029,T04,584,0.961817,-0.042418,829.510643,178.106304,30.604393,96.209938,18.673545,95.986135,64.642765,-2.112275,4.650199,0.09443
S00017,L0000,T02,17,1.012154,-0.04205,838.591853,158.01404,33.018743,111.062783,20.960331,59.328681,64.485155,-2.745686,5.590473,0.115168
S00288,L0014,T04,288,0.95292,-0.045656,,230.77336,24.403104,118.071468,21.890036,178.973322,64.458478,1.494005,2.990918,0.077479
S00675,L0033,T02,675,1.042164,-0.058744,893.112423,154.251207,25.03603,104.330038,18.641802,111.402321,66.102102,-2.527791,5.706471,0.107621
S00450,L0022,T02,450,0.958616,-0.025302,866.344149,199.205044,30.207694,110.600771,19.369119,55.53321,68.98703,0.6981,4.46844,0.06865
S00024,L0001,T01,24,1.025461,-0.032139,865.136196,225.68273,24.631373,89.565474,16.721018,6.163131,66.516497,0.217877,3.061596,0.050992
S00182,L0009,T04,182,1.085233,-0.049546,915.60515,162.513794,25.050466,113.603899,17.771483,82.099555,69.192781,-0.789326,4.896607,0.072775
S00767,L0038,T02,767,0.988962,-0.054308,885.299797,193.756279,22.183524,106.189487,19.754493,96.952775,66.986925,-0.255262,4.113126,0.051629
S00033,L0001,T01,33,1.117561,-0.042833,857.181265,186.707919,25.869178,110.922743,17.991119,113.369925,61.477183,-2.629661,4.780309,0.111094
S00191,L0009,T01,191,1.04224,-0.045245,801.737003,163.320821,28.924226,117.21055,17.914173,13.964929,63.002295,-1.863405,5.212876,0.08724
S00557,L0027,T02,557,0.85595,-0.056325,754.142684,211.970255,27.572444,97.107241,18.269608,133.359621,67.558587,-0.22227,3.60267,0.051067
S00332,L0016,T02,332,1.149678,-0.044888,843.407803,192.469856,28.937339,104.025179,18.056923,117.088124,62.875051,-1.747718,4.166435,0.084069
S00402,L0020,T01,402,1.037109,-0.036438,848.677202,188.32452,27.196475,111.811397,15.649513,72.368332,68.165142,-0.200269,4.336343,0.0519
S00089,L0004,T01,89,1.00059,-0.045458,853.187257,222.712907,28.138891,93.371453,18.376698,4.355243,64.808438,-0.478602,2.663086,0.055594
S00731,L0036,T02,731,0.897118,-0.057618,789.888176,214.396539,27.879536,113.159466,16.483049,,67.124354,0.19483,3.904062,0.050603
S00780,L0039,T03,780,0.961672,-0.044462,916.60566,229.885135,30.93219,93.228538,15.500938,117.06757,66.123839,0.485881,2.295599,0.055727
S00687,L0034,T02,687,1.009098,-0.043274,784.091361,142.792895,28.358415,116.326593,16.66111,179.112738,66.47955,-3.14394,5.92998,0.130151
S00779,L0038,T01,779,1.162788,-0.061512,1023.43815,177.82026,26.949427,98.939398,19.168643,115.458737,73.744583,-0.71727,4.868831,0.131556
S00411,L0020,T03,411,0.939481,-0.037389,806.729913,222.826495,27.376339,109.189355,17.812864,95.465974,64.715736,0.41885,2.858559,0.054506
S00453,L0022,T02,453,1.102441,-0.035914,873.590457,189.604901,31.72258,93.461877,,127.780241,66.86708,-0.440891,3.700016,0.054905
S00509,L0025,T02,509,0.908187,-0.040752,895.057816,222.193231,24.559682,109.501462,16.167759,95.83094,66.448911,0.839946,2.930171,0.062619
S00407,L0020,T01,407,0.969511,-0.055002,885.667114,182.910965,28.98542,99.930549,18.108522,117.644136,72.910437,0.31,4.150378,0.103871
S00459,L0022,T01,459,1.005427,-0.032406,836.625678,195.559421,25.516207,107.368406,14.784472,137.825326,68.179395,-0.921681,3.597774,0.065958
S00593,L0029,T03,593,1.027521,-0.055308,793.368793,228.653384,25.214125,101.687524,18.125043,90.999978,62.410564,-0.970852,2.950905,0.065363
S00296,L0014,T04,296,1.101078,-0.056573,741.16582,189.04802,28.698065,124.042014,18.243896,179.583513,67.863536,-0.882439,3.950206,0.063498
S00641,L0032,T02,641,1.008497,-0.06698,,179.387135,32.848705,111.936193,14.78891,116.116803,67.734648,-0.245424,4.9477,0.051461
S00525,L0026,T04,525,1.183603,-0.036653,845.440277,212.454132,30.697815,110.903362,18.014351,178.942695,65.056625,-0.902948,3.150403,0.063926
S00243,L0012,T01,243,1.022911,-0.056836,887.441871,184.549581,30.230659,104.6186,18.565026,10.799139,64.319884,-1.321479,4.81248,0.073272
S00768,L0038,T01,768,1.0904,-0.048339,833.919746,189.261086,28.09525,95.516085,19.154195,24.764316,64.792058,-2.702479,4.129181,0.113635
S00159,L0007,T02,159,0.973967,-0.063382,886.862863,203.916234,31.602971,98.712022,18.122728,155.252635,70.354715,-0.894565,3.85707,0.088371
S00519,L0025,T01,519,0.923706,-0.067402,803.043092,188.269672,28.649117,111.725163,15.962797,,63.800902,-2.561294,4.426406,0.108753
S00058,L0002,T03,58,0.981914,-0.033203,834.237555,220.929678,24.941777,97.794627,18.772412,64.650276,67.486516,-0.454825,2.939234,0.140369
S00797,L0039,T01,797,1.04318,-0.042626,889.570783,173.611872,32.690269,113.551413,17.62103,99.418581,69.804132,-1.483242,4.536555,0.098834
S00292,L0014,T01,292,1.009591,-0.047511,906.639682,162.490011,24.115809,108.802506,19.804118,68.958136,66.579798,-0.665747,5.75947,0.059134
S00702,L0035,T01,702,1.187467,-0.042076,860.212645,196.812081,26.616635,112.770332,18.16156,67.292584,64.370659,-1.101243,4.083953,0.068207
S00359,L0017,T01,359,0.997663,-0.044992,864.136098,220.285069,29.146273,89.693695,18.415136,60.548155,65.039269,-1.51644,2.757741,0.078042
S00414,L0020,T03,414,0.921226,-0.064023,819.113456,190.531064,23.49792,109.082363,20.267924,165.918488,67.210662,-2.25672,4.138156,0.098843
S00067,L0003,T02,67,,-0.014337,872.239156,193.658157,27.922542,109.204058,19.445268,79.919639,70.236643,-0.501362,3.894292,0.076631
S00705,L0035,T02,705,0.941768,-0.03694,862.130974,208.906317,24.273011,108.366777,19.202581,43.528769,68.134978,-0.611653,3.527898,0.059207
S00362,L0018,T02,362,1.030778,-0.043113,770.008375,204.178088,33.30528,95.669287,18.292387,58.87265,58.416797,-1.251011,3.688965,0.071615
S00456,L0022,T01,456,0.981982,-0.049657,839.613355,199.512687,31.209672,99.049123,15.419298,136.647536,67.924765,0.838121,4.150859,0.062582
S00441,L0022,T03,441,0.904128,-0.03365,994.410452,181.134658,22.726991,106.21433,18.154946,84.595508,70.202757,0.299433,4.325532,0.071439
S00444,L0022,T03,444,0.967206,-0.046466,826.520443,231.809285,25.83875,98.679935,291.315689,106.15744,68.457259,-0.32498,2.746898,0.056377
S00128,L0006,T02,128,1.032215,,884.55223,174.949907,33.637715,93.478072,17.379617,172.664387,62.271132,-1.151336,4.383228,0.06933
S00633,L0031,T03,633,1.093928,-0.057447,938.150762,175.176276,31.318898,112.827498,15.749168,101.363486,75.252373,-0.778614,4.996894,0.162516
S00082,L0004,T01,82,0.982997,-0.075389,707.51604,180.74786,27.708676,104.192317,18.75047,21.119908,58.586369,-2.615761,4.263071,0.110614
S00757,L0037,T02,757,1.116771,-0.040486,841.401652,175.119165,27.195944,111.401419,18.530719,154.605688,70.749976,-0.942253,5.290556,0.094686
S00477,L0023,T03,477,0.997784,-0.030132,881.267191,188.676555,26.667703,104.031615,17.995419,146.669888,69.020668,-1.323063,4.119331,0.084414
S00782,L0039,T01,782,0.996772,-0.037962,799.875237,175.213511,24.845803,102.814344,16.75467,78.461531,65.046246,-2.46427,4.821515,0.105505
S00762,L0038,T01,762,1.029856,-0.050297,961.948162,209.847936,,106.345143,17.945649,12.591313,70.889372,0.117474,3.689784,0.074091
S00445,L0022,T03,445,0.997468,-0.036815,777.266034,173.070853,26.961574,93.343281,17.864507,178.496538,68.220761,-2.240914,4.707725,0.101327
S00529,L0026,T01,529,0.928858,-0.029956,853.22573,168.747408,27.81961,98.932667,19.523115,34.49866,63.007646,-0.945679,5.360728,0.064827
S00383,L0019,T01,383,0.909072,-0.045337,872.124091,132.785821,26.905224,99.205719,18.537541,37.558998,69.411703,-1.30591,6.384064,0.088574
S00724,L0036,T02,724,0.927211,,839.838028,193.599308,28.381467,112.923063,17.482735,127.25658,67.211831,0.858659,4.180927,0.063005
S00087,L0004,T01,87,0.999687,-0.042756,865.457189,207.999106,25.490692,108.460364,19.198574,80.479426,66.062963,-1.436946,4.122397,0.076064
S00086,L0004,T04,86,0.998629,-0.028929,760.362057,223.091578,27.467216,114.462744,18.519215,104.121414,61.288609,-0.859256,3.21268,0.063017
S00062,L0003,T01,62,1.09832,-0.025625,880.875918,177.161884,30.177735,106.772656,19.377751,35.852454,67.100412,-1.642052,4.80446,0.081265
S00395,L0019,T02,395,0.957368,-0.047646,853.815159,167.150346,31.460493,129.001422,16.133459,119.357706,71.631274,-2.098633,5.74211,0.15177
S00401,L0020,T01,401,0.918567,-0.059552,919.383564,181.811056,30.276795,108.257192,17.543233,150.268542,70.142243,-1.044165,4.484629,0.090035
S00642,L0032,T01,642,1.068998,-0.043922,755.006855,205.479218,30.784473,111.297315,16.501419,169.726826,69.580689,1.762758,3.269813,0.104712
S00544,L0027,T03,544,0.918691,-0.028721,919.281917,188.280261,28.63842,103.495265,17.227044,,66.793277,-3.074093,4.496166,0.127409
S00408,L0020,T01,408,1.019794,-0.04101,824.069458,172.704518,30.444751,94.557503,18.896901,34.02027,64.729041,-2.526278,4.732556,0.10757
S00513,L0025,T01,513,0.905011,-0.047442,850.774452,201.467739,25.420809,109.342681,18.391929,72.61449,65.088946,-0.753258,3.656409,0.060862
S00500,L0025,T03,500,0.890323,-0.034533,846.475232,184.945963,26.096971,107.483793,17.878581,101.638052,71.969615,-0.430525,5.064156,0.095016
S00609,L0030,T02,609,,-0.04568,803.873898,185.484978,26.890669,90.815675,18.037956,157.644985,67.346884,-0.767453,4.818475,0.061146
S00661,L0033,T02,661,0.966817,-0.034299,860.576579,200.031354,31.242521,109.031386,17.203715,10.478352,63.240623,-1.620779,4.674964,0.080711
S00588,L0029,T01,588,0.844018,-0.049043,853.312864,154.66301,26.319351,111.136711,16.364674,0.123998,61.55436,-3.570273,5.802155,0.147996
S00793,L0039,T04,793,1.02649,-0.034519,868.111529,187.832964,27.328166,118.481789,18.945234,71.108849,90.033473,-1.070468,4.187027,0.067526
S00799,L0039,T04,799,1.04606,-0.035627,929.78509,188.365411,23.801943,98.232403,17.54927,179.678314,74.252865,-0.474381,4.022232,0.130558
S00577,L0028,T01,577,1.073185,-0.048686,838.95319,198.86582,29.693126,101.333646,19.709381,,64.391458,-1.307666,3.626147,0.072944
S00726,L0036,T02,726,0.954477,-0.04771,876.420227,219.170835,27.30011,87.995277,15.753989,167.950501,73.830167,0.715098,3.066621,0.132942
S00157,L0007,T02,157,0.930649,-0.050909,902.872347,214.430645,29.063077,102.893245,17.847877,8.827879,67.540695,0.474862,3.648937,0.055525
S00617,L0030,T01,617,,-0.054035,987.573879,181.75639,30.672228,101.818821,19.605114,173.580214,73.111016,-0.713242,4.551819,0.120924
S00483,L0024,T01,483,1.031446,-0.050367,828.127306,189.223766,33.769141,99.421981,19.692026,186.84014,62.951559,-1.07108,4.326635,0.067539
S00349,L0017,T02,349,0.964243,-0.050712,894.855544,161.59939,28.491255,104.673067,16.411476,117.066447,70.793353,-0.839896,5.458448,0.092203
S00458,L0022,T01,458,1.17165,-0.017719,682.458553,207.650138,31.121641,118.293701,18.118013,169.270925,64.827213,1.75482,4.094786,0.084261
S00678,L0033,T01,678,0.929531,-0.042383,838.104521,113.557278,29.242432,89.636392,15.819885,164.214044,65.239364,-2.116718,7.168854,0.094563
S00682,L0034,T01,682,0.951587,,907.966584,155.077836,31.894379,106.848208,17.136586,53.279205,67.439727,-2.449607,5.970919,0.105021
S00113,L0005,T01,113,0.959695,-0.054028,743.67716,201.33851,28.535558,118.435159,17.164134,71.960653,60.236502,-1.715974,4.050212,0.083218
S00119,L0005,T01,119,1.169155,-0.042611,858.468635,186.074003,29.95901,99.899453,17.610673,128.610011,68.32582,-1.000576,4.124327,0.069079
S00503,L0025,T01,503,1.011124,-0.043553,869.16843,175.846178,23.925459,108.583873,19.107498,67.1869,65.708899,-1.354088,5.028302,0.074051
S00637,L0031,T02,637,1.058613,-0.041372,810.01648,157.073376,27.849534,104.889401,17.152033,2.395099,57.844207,-2.894641,5.826052,0.120588
S00115,L0005,T02,115,1.126013,-0.057593,886.277951,193.36238,31.287325,108.315017,17.076345,116.758329,72.205013,0.230761,3.929626,0.092081
S00193,L0009,T01,193,0.950828,-0.04788,848.56036,166.839815,31.166582,111.235548,19.641393,21.317539,67.485594,-1.513325,5.913248,0.077964
S00080,L0004,T03,80,0.822214,-0.040897,843.433365,219.676713,23.838682,114.356266,18.402703,155.201378,65.845559,0.132907,3.434122,0.049572
S00141,L0007,T04,141,1.043761,-0.036923,897.142039,189.433464,24.536823,92.750038,19.052635,89.769505,68.772372,-0.580655,3.575574,0.064109
S00022,L0001,T03,22,1.172924,-0.049622,829.441801,226.4602,30.694609,102.184528,17.894756,75.410606,64.96589,-0.881028,3.057457,0.063468
S00006,L0000,T04,6,0.973735,-0.064381,821.396665,197.707214,26.71707,106.877588,19.233838,71.734125,67.468584,-1.508825,3.81232,0.077851
S00467,L0023,T01,467,0.941848,-0.04774,839.380295,183.154273,26.478755,100.028424,19.761167,17.17678,63.464935,-0.47957,3.966096,0.055611
S00753,L0037,T02,753,0.957176,-0.041759,945.400139,179.87274,24.034638,113.989732,18.453647,61.917015,61.765163,0.195331,5.279265,0.050612
S00725,L0036,T02,725,1.214479,-0.040087,885.116676,250.291416,28.632588,119.784468,17.182387,7.712089,70.495382,0.799212,2.671001,0.087387
S00597,L0029,T01,597,0.990778,-0.019533,815.234887,186.037745,28.962691,96.25897,17.896479,81.722003,64.6548,-0.844737,4.387341,0.062718
S00439,L0021,T01,439,,-0.029176,821.283804,181.601825,31.608146,103.136619,18.39815,6.189018,63.836321,-1.003281,4.276138,0.06606
S00189,L0009,T02,189,0.882554,-0.064955,868.728788,164.05568,28.703181,101.193145,19.258343,86.290644,69.789107,-0.989593,5.040985,0.084302
S00635,L0031,T01,635,0.992795,-0.03017,844.050153,187.618143,27.647494,117.534826,17.74856,102.680771,64.605671,-2.6159,4.667286,0.110619
S00421,L0021,T03,421,0.980459,-0.049216,873.417911,222.97444,30.413639,103.902332,18.428893,96.460535,68.499795,-0.441268,2.775836,0.058934
S00505,L0025,T04,505,0.987401,-0.042383,826.873698,190.024978,22.049087,105.011919,17.139354,86.973746,66.202754,-1.552169,3.838499,0.078947
S00278,L0013,T01,278,1.117216,-0.030965,769.174127,179.978273,29.233827,124.121309,18.72934,100.25245,69.84631,-1.352643,5.103602,0.095382
S00713,L0035,T01,713,0.960079,-0.053242,905.829666,210.104061,25.358693,114.910215,16.624311,161.492514,69.34221,1.566873,3.997211,0.095327
S00234,L0011,T01,234,1.002607,-0.064673,783.302984,149.946371,31.558449,108.218813,16.947598,49.263952,65.252614,-1.255805,5.902139,0.071726
S00607,L0030,T01,607,1.045362,-0.046663,789.2662,204.639066,32.135998,110.598233,19.809639,166.707443,67.980256,-0.859539,3.789042,0.063023
S00216,L0010,T02,216,0.989438,-0.020786,854.434896,182.781643,24.210611,92.529046,17.528825,177.47171,71.156103,-0.33274,4.043363,0.082404
S00259,L0012,T01,259,0.986741,-0.048534,880.757052,153.362257,33.326154,95.931751,16.524534,37.828849,65.076438,-2.243806,5.268789,0.098441
S00221,L0011,T02,221,1.118062,-0.036936,802.589843,235.217386,23.172169,92.80076,16.870217,58.360452,68.377725,1.481101,2.550173,0.081289
S00431,L0021,T01,431,1.100332,-0.039653,881.916249,204.355006,24.319885,104.383541,18.265881,38.161012,66.251421,-1.069903,3.900135,0.067513
S00039,L0001,T01,39,0.992327,-0.034985,843.023456,157.854796,28.169726,110.175808,17.989233,26.332142,62.045824,-2.106059,5.494702,0.094244
S00180,L0009,T02,180,1.065128,-0.050712,816.351368,233.94166,27.928302,101.54006,17.948126,108.486656,67.27765,0.538441,2.605589,0.056703
S00412,L0020,T02,412,0.986201,-0.049713,824.198657,194.706195,23.399351,112.792478,19.041727,41.80744,60.506476,-1.313041,3.799557,0.073072
S00132,L0006,T01,132,0.938168,-0.060712,831.819961,160.510723,30.789363,105.146666,17.539645,19.733633,60.908442,-2.119086,5.17751,0.094634
S00454,L0022,T01,454,,-0.061749,770.53407,199.220693,35.045913,104.05918,18.553811,46.193479,59.776814,-1.534797,4.067905,0.078506
S00700,L0035,T04,700,1.027578,-0.04909,855.282035,240.755735,30.387242,107.730003,17.648672,11.137024,65.66398,0.937966,2.375207,0.064663
S00060,L0003,T04,60,0.900195,-0.035343,779.906306,195.32516,27.44992,112.068971,18.074351,84.167814,63.526708,-0.947468,4.482419,0.064865
S00235,L0011,T04,235,1.019387,-0.045861,836.308683,178.461568,21.631501,107.662548,17.025561,100.99244,66.661496,-1.729079,5.028741,0.083568
S00562,L0028,T01,562,1.067173,-0.037075,862.693452,214.087296,29.120619,109.773927,20.578539,119.030324,69.867191,0.435378,3.331188,0.071257
S00049,L0002,T02,49,1.025877,-0.031537,853.314816,219.284336,31.494613,107.018302,19.4667,112.754146,66.420813,-1.138232,3.263367,0.069034
S00495,L0024,T02,495,0.865531,-0.053437,905.920507,175.363599,30.03206,98.954831,17.437751,177.618046,69.583939,-0.639912,4.524266,0.073207
S00070,L0003,T01,70,1.010168,-0.043717,830.538828,,25.856368,102.540097,14.879233,104.803567,71.09301,-0.262817,3.15854,0.079874
S00538,L0026,T03,538,1.052902,-0.035881,832.757485,190.911108,25.588844,109.880468,18.444133,32.841639,57.879763,-2.929586,4.054933,0.121891
S00167,L0008,T02,167,1.045278,-0.027696,835.298457,152.331632,28.563233,106.989873,19.149842,165.568177,70.841435,-1.001383,5.401465,0.097678
S00565,L0028,T02,565,1.040204,-0.046128,931.733176,171.354796,26.033559,112.067555,16.499737,47.273989,69.783221,-0.837869,5.142813,0.080227
S00778,L0038,T01,778,0.93385,-0.052037,783.199156,153.489372,27.084496,103.277101,18.409835,137.380804,65.798584,-0.790498,5.288392,0.061611
S00770,L0038,T02,770,1.095869,-0.044744,811.544201,194.211699,28.960237,95.02609,17.308766,6.004712,59.299751,-2.808597,3.483847,0.11743
S00610,L0030,T03,610,1.043349,-0.037691,856.71661,200.767079,27.620246,103.971585,17.214355,101.444144,29.575953,-2.003311,3.848636,0.098633
S00241,L0012,T01,241,0.891001,-0.046642,840.842441,140.439634,32.217992,119.771343,18.066115,39.6053,71.771903,-0.517918,6.20706,0.095096
S00795,L0039,T01,795,1.02932,-0.056937,898.191645,167.919668,21.584301,92.354229,19.663734,19.351962,69.088919,-1.740325,4.715696,0.097304
S00308,L0015,T03,308,1.010848,-0.034726,875.358601,183.738956,29.921995,111.336094,19.137265,158.070703,70.432829,-0.867963,4.654049,0.088565
S00221,L0011,T02,221,1.118062,-0.036936,802.589843,235.217386,23.172169,92.80076,16.870217,58.360452,68.377725,1.481101,2.550173,0.081289
S00791,L0039,T03,791,1.004339,-0.04926,858.639174,219.857344,26.828603,99.716282,19.640475,164.896272,70.140078,0.266907,2.964446,0.070073
S00336,L0016,T02,336,0.996015,-0.057264,857.663966,240.854088,27.221859,101.967487,291.174914,170.68401,71.796262,-0.513681,2.622546,0.095283
S00785,L0039,T04,785,0.986881,-0.047969,815.409838,142.82791,30.029189,103.200816,17.313402,18.122553,63.739577,-3.106427,5.493796,0.128672
S00558,L0027,T04,558,0.88118,-0.063099,817.631343,195.64304,28.543376,108.5487,18.025381,98.608445,63.037454,-1.588459,4.261215,0.079876
S00560,L0028,T03,560,1.081678,-0.048295,899.439211,172.417727,27.755122,103.463262,17.506394,58.10928,68.84171,-1.007066,4.727062,0.07438
S00715,L0035,T03,715,0.89289,-0.038797,773.896276,169.806303,28.313124,104.386426,18.699894,68.905213,62.021584,-2.404693,5.251282,0.103553
S00271,L0013,T03,271,0.907761,-0.034508,902.694532,225.485207,31.146855,98.527824,18.427916,50.073855,64.256229,-0.413939,3.103738,0.054417
S00464,L0023,T01,464,1.002298,-0.065723,844.661856,173.957824,25.802283,104.439315,17.087673,73.92332,64.613448,-2.494331,4.49838,0.106502
S00358,L0017,T01,358,0.921538,-0.041752,816.637773,171.076639,31.80295,99.328767,16.97579,103.941942,62.369752,-3.301401,4.84911,0.136519
S00123,L0006,T01,123,0.975292,-0.038588,833.934843,238.962857,25.060255,111.891527,18.63654,99.210172,63.670104,-1.547671,2.617979,0.078833
S00301,L0015,T02,301,0.988649,-0.054079,812.984036,168.934026,30.182873,98.989537,18.615133,142.160801,64.141434,-1.49954,5.027366,0.077618
S00382,L0019,T02,382,0.965067,-0.041318,844.36791,227.583754,29.365765,112.929543,18.954249,76.577913,69.701069,0.975031,3.391339,0.0829
S00636,L0031,T01,636,0.987835,-0.034893,822.134591,224.725579,31.680426,108.353859,20.969057,39.10054,65.345357,-0.06476,3.333584,0.04846
S00322,L0016,T02,322,0.868567,-0.058731,816.944321,203.803893,23.840036,111.766319,18.409797,139.981064,64.812076,-1.344352,3.546139,0.073817
S00281,L0014,T01,281,1.019966,-0.04675,808.655254,193.125911,24.934774,111.695067,19.312823,49.391489,60.58187,-1.388285,4.330175,0.074876
S00371,L0018,T01,371,0.933963,-0.0437,806.526852,143.794027,22.649215,108.105473,17.468114,8.357698,62.687836,-2.81948,6.346148,0.117826
S00556,L0027,T01,556,0.952508,-0.04267,797.064098,182.573091,25.403729,96.057709,19.216289,144.108512,69.502654,-0.333372,3.941323,0.065502
S00769,L0038,T01,769,1.031798,-0.059264,899.972801,200.416803,29.273298,104.674277,17.924861,100.89546,70.815611,0.152513,3.974923,0.074174
S00026,L0001,T01,26,0.925864,-0.040483,849.638154,202.259785,31.334677,100.309396,18.288335,176.493329,64.880272,-0.547846,4.016807,0.05688
S00068,L0003,T03,68,0.977259,-0.028176,830.405059,183.731421,29.519204,96.859678,17.13818,153.364345,67.408748,-2.003326,4.999288,0.091219
S00169,L0008,T01,169,0.997245,-0.033167,751.624427,153.603613,26.966657,102.371858,16.950995,78.681431,63.215045,-2.364282,5.379642,0.102247
S00095,L0004,T04,95,1.156489,,850.343266,219.701726,28.976145,112.984364,18.270658,47.773289,64.44656,0.887055,3.333692,0.063594
S00340,L0017,T04,340,0.940686,-0.025377,845.23337,202.984668,31.760408,93.078575,16.273654,122.325691,60.705286,-0.295794,3.276495,0.052328
S00718,L0035,T01,718,0.929612,-0.048883,907.628627,153.939095,34.463385,111.673545,18.330572,176.58243,71.800157,-1.452089,6.108238,0.127667
S00644,L0032,T03,644,0.997246,-0.062206,807.353621,188.530455,26.454416,106.156,18.904524,143.39828,67.136807,-1.15901,4.51151,0.069503
S00337,L0016,T03,337,0.878316,-0.051399,871.731746,190.352805,31.172559,109.968407,,179.974096,71.053006,-1.641314,3.891043,0.122648
S00692,L0034,T02,692,1.021706,-0.044102,869.004968,176.424002,25.514802,110.428512,,179.542157,69.350813,-0.404347,4.107987,0.065629
S00253,L0012,T03,253,1.05073,-0.028365,786.480986,166.442929,29.164202,98.262908,18.83975,170.647383,67.756767,-1.183525,4.789777,0.07006
S00748,L0037,T03,748,1.066073,-0.048107,769.425097,196.48893,25.557959,104.627644,19.35318,62.812853,63.81312,-1.640065,4.119814,0.081213
S00599,L0029,T01,599,1.101315,-0.022183,897.414959,211.035445,27.720646,98.891304,19.191215,7.471101,68.612085,0.509485,3.811508,0.061234
S00063,L0003,T02,63,0.95867,-0.04241,901.800365,192.878324,28.542186,99.636798,19.840726,157.060417,67.177775,-0.307642,4.152733,0.052534
S00703,L0035,T01,703,0.924043,-0.03174,833.488939,213.647564,27.804215,107.19317,17.618344,142.903278,67.064184,-1.649453,3.902149,0.081459
S00747,L0037,T02,747,0.908258,-0.044727,846.516818,190.094977,33.974935,102.528823,17.575129,8.041424,65.99488,-1.118229,4.381669,0.068586
S00710,L0035,T01,710,1.02316,-0.047244,852.198434,167.719032,26.827429,109.499042,15.849499,91.074372,70.362373,-1.506477,4.561395,0.107323
S00398,L0019,T01,398,,-0.031339,965.900702,149.049361,26.439463,94.952372,16.728014,86.391875,71.578605,-1.16324,5.814854,0.11344
S00179,L0008,T01,179,1.129765,-0.05494,883.287194,178.125734,28.378953,94.729383,17.677192,160.52939,69.749023,-1.254808,4.804269,0.09125
S00228,L0011,T02,228,1.036045,-0.052074,849.806655,222.604771,27.052599,108.092412,17.591299,25.967713,62.499108,-1.562282,3.408582,0.079205
S00706,L0035,T01,706,0.950923,-0.040192,829.639416,164.109592,32.171975,102.744839,15.533115,124.632901,66.623561,-1.675123,5.263736,0.082133
S00302,L0015,T01,302,1.031644,-0.051163,815.625034,209.455219,27.403752,113.096085,18.351899,44.34447,65.430334,0.619008,3.925529,0.058231
S00426,L0021,T01,426,1.093331,-0.048053,780.584743,210.247044,32.597072,100.310058,17.032523,91.383308,60.237603,-1.172144,3.623194,0.069801
S00482,L0024,T02,482,0.99543,-0.029445,958.242849,144.204601,27.956286,111.405967,16.847518,154.23657,73.200907,-2.260985,5.628978,0.19333
S00496,L0024,T02,496,1.029819,-0.060892,836.99089,176.751886,27.631589,108.955484,17.671687,175.815256,69.798321,-0.629231,4.777731,0.075159
S00014,L0000,T01,14,0.993769,-0.045238,816.393461,189.348452,31.935853,101.840462,16.464322,74.426796,64.085984,-2.205408,4.570064,0.097255
S00457,L0022,T01,457,1.092807,-0.036569,838.154735,215.255077,25.630125,108.192025,18.549719,9.878176,61.524347,-0.673311,3.610769,0.059282
S00248,L0012,T02,248,1.027481,-0.028589,847.13322,165.294516,25.245846,118.992137,16.820404,81.208789,67.166161,-1.573065,5.2226,0.07948
S00162,L0008,T02,162,0.982503,-0.031707,807.905276,150.926568,28.707973,115.079508,17.124598,1.275311,63.593035,-2.043895,6.00372,0.092403
S00172,L0008,T04,172,0.973198,-0.030334,839.982396,177.613316,29.207968,107.001958,19.703614,35.425375,67.118568,-1.149663,5.236761,0.069292
S00518,L0025,T01,518,1.000323,-0.032246,821.421793,216.488307,29.803616,117.744679,17.278022,108.104501,66.63404,-0.269552,3.702007,0.051875
S00317,L0015,T01,317,1.045939,-0.048515,786.134034,208.637118,23.419093,90.577176,18.533863,89.282936,70.756038,-1.358403,3.295742,0.108018
S00002,L0000,T01,2,1.108474,-0.071902,775.16445,211.086809,31.454185,119.028642,20.3251,24.880755,64.546744,-0.763642,3.616603,0.06107
S00576,L0028,T04,576,1.047359,-0.041309,942.060503,156.458743,29.493013,93.148885,17.37649,161.315831,70.121867,-1.071201,5.37821,0.090561
S00488,L0024,T02,488,1.032319,-0.034846,861.223548,200.410888,27.218596,99.536985,19.365602,126.162704,67.920915,-2.181228,3.692625,0.096514
S00405,L0020,T01,405,1.019432,-0.053656,868.604935,199.839311,32.016006,106.24644,18.476072,43.758822,60.339491,-1.589409,3.637496,0.0799
S00344,L0017,T03,344,1.13399,-0.05127,889.95545,166.622228,26.055996,104.532754,18.106057,102.737975,64.360682,-0.934134,5.560403,0.064582
S00522,L0026,T01,522,0.979569,-0.030384,835.593115,174.197408,25.174721,106.846799,19.954532,157.381326,68.955426,-0.915872,4.821259,0.073364
S00315,L0015,T01,315,1.028033,,883.427282,180.707955,25.564099,93.634865,17.614093,27.999602,67.844483,-2.363874,4.522825,0.102234
S00761,L0038,T02,761,0.928594,-0.026269,837.301251,206.3617,24.258699,114.648877,18.02584,44.442905,63.310759,-2.212241,3.982999,0.097465
S00054,L0002,T02,54,0.932021,-0.035533,865.781943,184.414475,31.498979,89.078665,,28.264629,60.479303,-2.50064,4.830048,0.106712
S00101,L0005,T03,101,0.888352,-0.046222,927.303412,177.536805,27.245122,101.554123,17.879779,132.4378,70.754206,-0.682596,4.580487,0.087228
S00520,L0026,T02,520,0.997903,-0.061219,865.017807,217.232617,26.768312,106.480433,16.799491,122.725093,66.007131,0.06673,2.34351,0.048492
S00541,L0027,T01,541,1.074035,-0.049305,901.201751,181.39164,36.39288,99.015323,20.137419,17.383055,67.838786,-1.700756,4.540339,0.082812
S00746,L0037,T01,746,0.999756,-0.057531,867.923157,188.060171,23.882225,111.531509,16.507975,17.65645,63.911261,-1.922035,4.768568,0.088888
S00199,L0009,T01,199,0.972014,-0.027038,851.920666,171.570758,28.956619,103.861166,16.459611,84.707081,68.774916,-1.826002,5.099942,0.095811
S00239,L0011,T02,239,0.935849,-0.02744,786.379343,202.563236,28.726986,104.610941,19.281548,67.588388,60.287452,-0.670371,4.019463,0.059224
S00606,L0030,T01,606,1.141524,-0.046539,994.563895,213.83494,24.72581,92.231112,17.981942,163.744844,81.262711,0.885955,3.031865,0.331699
S00674,L0033,T02,674,1.123822,-0.053969,901.090844,199.824527,26.647444,98.996714,17.442222,119.678834,69.599963,1.804193,4.491904,0.106354
S00364,L0018,T01,364,0.925047,-0.04808,847.010487,190.536045,27.728088,108.11719,18.231429,27.23106,65.325316,-0.304924,3.743319,0.052487
S00732,L0036,T01,732,1.03075,-0.011726,836.199208,176.92203,25.000589,110.806524,17.594612,110.263988,60.612839,-2.45357,4.522961,0.105152
S00217,L0010,T03,217,1.024839,-0.042584,834.76228,199.075967,23.962936,107.155955,19.242301,7.822632,62.16794,-0.398821,3.798542,0.054146
S00117,L0005,T04,117,1.100518,-0.026542,882.782805,196.305434,28.666579,89.820069,17.816375,51.540344,65.523315,-1.195644,3.671024,0.070337
S00136,L0006,T02,136,0.991618,-0.044978,892.385769,198.909158,25.177804,96.44237,15.856643,74.863222,72.450319,-0.03941,3.820909,0.089589
S00728,L0036,T01,728,0.9147,-0.040361,855.743399,145.179631,29.610508,89.20378,18.419467,18.406205,58.37173,-2.047666,5.195348,0.092514
S00173,L0008,T01,173,1.064387,-0.023512,862.002191,174.235235,27.904651,124.075211,17.69652,84.020174,71.7358,-1.133422,5.311427,0.114768
S00662,L0033,T04,662,0.935129,-0.04877,835.032023,200.160262,26.63359,107.120063,16.417232,107.829557,67.637532,-0.416307,3.945362,0.05446
S00325,L0016,T04,325,1.004992,-0.042686,851.991568,163.77112,26.646235,105.690849,18.658918,42.876495,64.020581,-1.206805,5.004583,0.070593
S00479,L0023,T02,479,0.940073,-0.033276,907.083822,205.629059,24.830808,91.38189,18.14124,89.740588,71.702928,1.238247,3.492573,0.118035
S00532,L0026,T01,532,0.957225,-0.041683,839.412571,185.351554,26.035833,93.891889,17.749207,166.683121,74.129412,-1.008015,4.418869,0.150871
S00491,L0024,T01,491,0.915203,-0.046653,835.49877,232.28022,28.088018,103.84097,16.551596,44.013117,62.850246,0.056525,2.826427,0.048328
S00739,L0036,T01,739,0.989227,-0.074826,782.25552,180.631291,27.877957,92.498238,20.789692,63.849861,64.225257,-1.458424,4.503036,0.076594
S00284,L0014,T01,284,0.998785,-0.048694,857.071451,211.987342,32.963351,102.959919,16.933749,33.433089,63.291358,-0.974918,3.76274,0.06545
S00064,L0003,T02,64,1.020033,-0.046256,903.846486,220.972498,33.343366,,18.730714,28.135354,68.200159,0.99818,3.234818,0.067824
S00485,L0024,T02,485,1.029198,-0.050443,868.33489,232.874822,28.188418,102.773951,16.813747,85.263197,72.082932,1.074689,2.623178,0.118009
S00347,L0017,T01,347,0.963497,-0.064614,910.280634,210.366157,28.867158,108.254637,16.514529,5.750724,66.46993,-1.053744,3.779344,0.067158
S00553,L0027,T02,553,0.984036,-0.02392,801.402145,185.375253,27.006997,100.816251,17.608238,60.016419,59.392441,-1.910857,4.653852,0.088572
S00523,L0026,T01,523,0.89404,-0.049753,901.732813,188.231525,26.719083,101.777693,18.363174,173.98778,72.252811,-1.55825,4.063918,0.139831
S00384,L0019,T01,384,1.166912,-0.046993,875.012601,240.208278,28.508854,90.147082,17.878618,154.792403,69.734858,0.483368,2.252021,0.071055
S00272,L0013,T01,272,0.849623,-0.047186,836.310474,191.334071,31.782465,86.275269,16.070846,16.059827,61.715054,-1.548934,3.923706,0.078865
S00139,L0006,T04,139,1.103417,-0.043986,845.08159,191.627875,31.453737,92.481632,17.730479,13.130631,60.484067,-1.364039,3.666837,0.07429
S00542,L0027,T01,542,0.835785,-0.039891,872.134768,180.478629,26.983853,96.038039,15.769038,144.336092,69.30162,-0.774564,3.924606,0.073532
S00604,L0030,T03,604,1.043929,-0.026647,924.04765,165.809176,29.319866,103.392453,18.096269,124.476662,65.12573,-0.578167,5.145769,0.057452
S00366,L0018,T02,366,0.989718,-0.037304,816.775806,194.641046,29.800982,100.867556,18.778575,153.69399,67.237816,-1.470103,4.322396,0.076884
S00314,L0015,T04,314,0.938034,-0.031776,944.252586,217.723049,31.306536,103.725378,20.310321,159.32503,72.702037,0.140224,3.395186,0.095728
S00205,L0010,T01,205,1.034257,-0.028271,842.719683,204.191016,28.942873,97.193496,18.617266,113.438039,68.703124,0.497801,4.157658,0.061786
S00788,L0039,T02,788,1.066364,-0.046671,823.698717,216.432946,26.759998,94.352961,18.721822,157.663006,71.501928,1.792882,3.139644,0.136202
S00735,L0036,T01,735,1.057508,-0.052368,943.172119,210.733149,30.591156,101.195814,17.41283,37.355312,61.25246,-1.799007,3.506723,0.085462
S00227,L0011,T02,227,0.996577,-0.057166,834.571269,175.420209,26.637273,104.436897,20.398154,82.429819,66.711361,-1.602095,4.649281,0.080227
S00351,L0017,T03,351,0.810893,-0.038131,872.445202,190.545749,24.08319,107.671434,17.834766,8.519556,60.076085,-3.054638,4.548198,0.126654
S00707,L0035,T01,707,0.844898,-0.054285,774.955704,178.396433,29.515416,115.662986,17.579892,91.32507,65.784427,-1.481617,4.871659,0.07717
S00759,L0037,T03,759,1.059424,-0.061955,928.147768,206.012958,27.427564,112.246688,20.721993,41.898457,69.368253,-1.351412,4.072713,0.089336
S00399,L0019,T01,399,1.013938,-0.046996,941.606459,168.853943,30.037471,110.73576,18.736811,26.845943,72.907134,-1.761293,4.9043,0.16145
S00723,L0036,T03,723,0.928887,-0.034526,879.645134,184.840358,26.994849,96.038882,18.901578,94.493053,69.211356,-1.958671,3.896588,0.105953
S00469,L0023,T01,469,1.025227,-0.062587,832.799324,211.254878,30.266589,98.895104,17.9677,114.858031,68.156012,-0.229242,3.547852,0.052334
S00188,L0009,T01,188,0.995084,-0.044623,854.72189,196.174075,20.82687,112.021138,18.349308,43.318505,62.510081,-1.706444,4.616722,0.082964
S00592,L0029,T02,592,1.108877,-0.031058,885.826642,168.45345,20.670048,109.785471,18.294386,2.143183,59.838615,-3.255431,5.306076,0.134633
S00786,L0039,T04,786,0.933573,-0.052501,773.686398,205.966251,23.686313,98.34196,20.327157,16.645904,61.870449,-0.184214,3.579743,0.050425
S00540,L0027,T01,540,0.936747,-0.021323,855.36118,212.53971,33.005565,115.679565,17.655647,61.522639,66.00805,-0.609099,3.478947,0.058041
S00614,L0030,T02,614,1.078611,-0.019654,814.280554,198.143087,29.777877,104.66082,16.42117,64.67475,65.574138,-2.028618,3.929097,0.091956
S00220,L0011,T01,220,0.994368,-0.058217,863.941243,243.944205,25.89389,110.200588,17.693445,153.066349,69.048737,1.142684,2.963528,0.07997
S00380,L0019,T01,380,0.970899,-0.057742,819.983485,204.184191,29.848874,92.643939,18.112464,69.295271,64.548576,-1.126894,3.629085,0.06878
S00432,L0021,T01,432,1.000235,-0.050982,775.890428,204.033405,34.457146,105.906628,17.728782,9.71844,60.747321,-3.118965,3.695253,0.129165
S00526,L0026,T01,526,1.125776,-0.055648,787.495476,207.45388,27.513625,99.786674,18.145407,179.445519,66.086918,0.309352,3.686732,0.052564
S00323,L0016,T01,323,0.97684,-0.04311,786.921934,188.909663,24.864024,100.516237,16.439102,21.309971,60.40443,-2.4513,4.377336,0.105077
S00331,L0016,T02,331,0.965855,-0.062025,849.926538,213.290963,25.796197,98.726925,18.021011,164.974608,70.180227,0.04016,3.112914,0.065442
S00127,L0006,T03,127,0.917705,-0.051744,848.787822,174.221491,30.40214,103.254786,19.474784,102.623748,65.761386,-1.197594,4.871029,0.070382
S00729,L0036,T01,729,1.030589,-0.042263,840.923022,163.235684,26.161591,103.815688,17.184126,50.583431,65.45379,-0.587843,5.202754,0.057635
S00293,L0014,T04,293,1.062712,-0.04735,812.680506,184.036989,27.77754,112.766107,17.807999,82.972217,65.397246,-1.196429,4.168358,0.070355
S00594,L0029,T01,594,1.146762,-0.054683,830.927837,205.583967,33.565751,110.763173,19.5807,108.246896,70.565285,-0.124619,3.650367,0.088395
S00208,L0010,T04,208,1.003821,-0.048661,793.878368,215.315558,26.944444,96.601201,16.363913,166.545451,68.775286,0.072562,3.138767,0.054253
S00497,L0024,T01,497,0.947225,-0.05319,773.932748,206.62263,33.295917,111.941666,19.764582,156.678083,69.285348,-0.4458,3.912861,0.065917
S00787,L0039,T02,787,1.048163,-0.054658,921.401222,219.79918,31.441793,93.056643,16.997757,142.430087,66.197139,-1.274885,2.954343,0.072172
S00010,L0000,T01,10,0.958784,-0.043185,724.353254,231.170066,25.672497,102.233134,16.86199,150.182702,64.140626,0.715674,2.949363,0.060114
S00471,L0023,T01,471,0.843621,-0.054448,903.932212,177.100845,27.011361,91.458342,17.30529,16.179965,67.374858,-0.396324,4.368114,0.054101
S00158,L0007,T01,158,0.91798,-0.050356,796.912459,193.148956,29.91656,108.100293,17.810999,116.609417,66.179412,1.051691,4.77224,0.067113
S00365,L0018,T01,365,0.831875,-0.005618,838.195874,190.801208,21.283334,109.453447,19.623824,61.97661,55.680376,-1.686086,4.751177,0.082423
S00035,L0001,T01,35,0.960807,-0.023925,796.076895,224.19684,24.294524,95.060654,16.615429,106.850884,68.373284,0.023214,2.91796,0.050408
S00521,L0026,T01,521,0.881279,-0.041744,905.314734,214.509332,24.768233,125.23333,17.905536,163.950011,67.340194,-0.636516,3.677734,0.058568
S00211,L0010,T04,211,1.110331,-0.033453,873.934988,167.301649,26.585408,94.375607,18.367237,100.319619,69.971043,-2.098446,4.988414,0.122401
S00074,L0003,T03,74,1.134972,-0.051267,822.09983,171.081269,33.68318,105.568604,18.233001,29.832385,64.500026,-2.19136,5.158129,0.096824
S00009,L0000,T01,9,0.964816,-0.049035,811.972395,198.421825,28.026864,103.929805,16.959945,39.450138,61.697851,-2.138749,3.714853,0.095226
S00313,L0015,T01,313,0.900193,-0.047794,890.618304,182.318996,32.30112,102.387068,17.01219,171.500209,72.692531,-0.353722,3.886886,0.102264
S00093,L0004,T01,93,1.064614,-0.056756,865.757178,176.221026,28.033273,108.045385,18.749012,98.651117,66.581019,-0.905645,5.39206,0.063983
S00595,L0029,T04,595,0.987674,-0.044482,876.809129,220.73997,26.726343,117.816035,18.334181,79.182203,67.555743,-0.073043,4.047441,0.048594
S00452,L0022,T01,452,0.921449,-0.050529,919.029642,173.61254,30.290112,,17.16962,115.072181,74.887974,-0.010682,5.233536,0.123136
S00424,L0021,T01,424,0.97751,-0.039682,806.710161,186.106251,26.359287,108.103424,19.865206,82.536797,71.182518,0.295348,4.697887,0.081716
S00194,L0009,T01,194,1.094617,-0.032882,922.366641,135.642336,26.588665,113.371163,18.009473,90.48056,68.161344,-2.906326,6.493287,0.12362
S00318,L0015,T02,318,0.98992,-0.034719,919.328345,182.962344,25.951783,110.613424,,111.102632,66.436941,-1.937508,5.100548,0.089328
S00696,L0034,T01,696,1.149629,-0.042699,789.034094,187.411987,30.032601,97.966943,17.939228,123.320555,61.589889,-1.702295,4.790484,0.082853
S00578,L0028,T01,578,0.912061,-0.040935,,216.210729,27.936019,99.54279,18.232913,125.663221,70.3665,0.576185,3.285908,0.079925
S00283,L0014,T01,283,1.147471,-0.028176,847.750615,192.255575,30.661475,106.086163,19.483387,122.386121,69.802804,-0.207264,4.600467,0.065557
S00386,L0019,T01,386,1.050209,-0.041401,814.703978,206.968082,27.689099,109.462425,18.620245,64.466037,62.030655,-1.278956,3.198862,0.072268
S00596,L0029,T02,596,1.159068,-0.047584,778.852105,172.091725,27.143421,103.509917,19.713234,33.930191,66.796517,-0.865145,4.646691,0.063139
S00663,L0033,T02,663,0.908756,-0.045153,828.3682,168.299219,31.52308,117.080936,17.286581,57.127601,68.088476,-3.105374,4.428566,0.130126
S00604,L0030,T03,604,1.043929,-0.026647,924.04765,165.809176,29.319866,103.392453,18.096269,124.476662,65.12573,-0.578167,5.145769,0.057452
S00000,L0000,T04,0,0.932655,-0.030773,872.959854,237.882307,27.631397,109.375309,17.338949,10.144428,61.329209,-0.076447,2.2101,0.048649
S00447,L0022,T01,447,1.176179,-0.052915,893.821686,197.091301,24.921835,105.620398,19.846664,16.459568,64.702202,-0.72595,3.954099,0.060318
S00688,L0034,T01,688,0.944784,-0.042296,832.185913,204.108532,27.839533,101.056125,18.389995,3.157575,60.761558,-1.067803,3.824602,0.067467
S00368,L0018,T01,368,0.935848,-0.0612,764.669745,160.797044,26.750485,113.696683,17.894256,44.662475,62.768704,-1.402295,5.669544,0.075216
S00563,L0028,T01,563,1.062985,-0.062136,876.675712,197.44806,30.609731,111.602176,18.668097,104.822771,68.757552,-1.547497,4.028428,0.087485
S00029,L0001,T04,29,1.093202,-0.03911,781.422089,195.974551,21.522829,83.700116,18.386442,53.426146,71.560341,-0.626162,4.25213,0.095627
S00118,L0005,T01,118,0.969182,-0.042912,855.351659,191.860697,,108.693353,17.652486,10.304635,63.949639,-2.505489,4.204523,0.106874
S00419,L0020,T01,419,1.126188,-0.033037,901.513909,191.267718,27.264236,106.950121,16.884768,44.73813,62.52219,-1.413974,4.359416,0.075501
S00145,L0007,T01,145,0.993923,-0.047235,786.848742,175.912173,23.848655,115.561544,17.181545,70.790487,58.901699,-1.856598,4.810324,0.087051
S00798,L0039,T04,798,1.006295,-0.052619,766.970574,194.115959,28.560943,110.616755,20.412801,59.462342,62.95137,-0.978865,4.022918,0.065535
S00360,L0018,T01,360,1.119891,-0.016196,768.695744,234.779061,26.722311,103.924856,16.907309,105.132745,62.791962,1.290302,2.657851,0.072534
S00198,L0009,T01,198,0.962862,-0.038299,871.743106,202.972624,30.311937,106.609762,16.193818,88.856604,68.586295,1.751238,4.007749,0.091196
S00165,L0008,T02,165,0.993194,-0.036743,860.594967,193.389196,28.738715,91.692174,18.876612,49.958517,62.045759,-1.940048,4.083451,0.0894
S00611,L0030,T04,611,0.961492,-0.050676,876.19026,198.590849,30.594591,105.30094,17.339378,56.059276,66.853674,0.263303,3.684941,0.051767
S00052,L0002,T01,52,1.005951,-0.07454,935.796338,209.914884,26.975805,109.045224,17.548246,113.453319,68.839952,-1.473503,3.446286,0.08641
S00218,L0010,T03,218,0.939748,-0.052357,857.648815,179.000746,26.892903,109.674575,17.687504,163.174724,70.124084,-1.04479,5.289252,0.08983
S00381,L0019,T02,381,0.946685,-0.049073,865.131965,165.764436,24.714362,113.478789,19.676982,106.363415,63.472162,-1.842755,5.449304,0.086666
S00738,L0036,T02,738,0.990151,-0.070485,882.979588,198.420709,26.752016,105.909852,17.100895,171.328027,73.161989,-1.352093,3.756399,0.147736
S00203,L0010,T01,203,0.987218,-0.031564,787.268494,173.108059,,97.605974,18.405722,159.533973,67.557601,-1.850377,4.413523,0.086878
S00583,L0029,T01,583,1.004913,-0.057855,805.451639,183.717765,33.137785,102.757628,16.171388,6.391124,61.236457,-2.21464,4.425436,0.097539
S00549,L0027,T02,549,1.045966,-0.052317,903.583692,175.659829,30.266119,93.081679,20.057082,0.026291,63.083158,-0.667317,4.815129,0.059165
S00480,L0024,T01,480,1.033767,-0.042427,832.929231,128.559046,24.234521,107.867953,16.971482,10.147825,59.930155,-2.190536,6.082248,0.096799
S00536,L0026,T01,536,,-0.022384,778.970682,203.045157,27.825343,109.365487,17.417161,31.254807,58.00042,-2.504001,4.244739,0.106824
S00543,L0027,T01,543,1.135039,-0.055159,804.179027,190.674335,26.523516,,19.26665,129.700613,61.159314,-1.626318,4.343419,0.080855
S00564,L0028,T03,564,0.095961,-0.056191,736.021203,190.698439,29.30074,104.931194,18.340151,108.947043,64.670587,-1.026274,4.289716,0.066558
S00566,L0028,T02,566,0.881582,-0.041101,739.29908,167.914785,25.05168,103.42813,18.869841,61.231141,60.255183,-2.924518,5.210617,0.121701
S00245,L0012,T01,245,1.142445,-0.054824,882.593784,171.757244,23.95437,110.032479,17.285077,5.804536,64.689214,-0.910351,4.839218,0.064081
S00736,L0036,T01,736,1.037858,-0.035399,746.550579,190.432693,28.750356,101.951898,15.375947,62.114769,61.189531,-1.161071,3.916143,0.06955
S00626,L0031,T02,626,0.984345,-0.037545,867.39129,168.297245,29.63143,103.232467,20.007303,55.580301,61.217148,-2.342851,4.997551,0.101561
S00559,L0027,T01,559,1.11112,-0.051331,880.169725,208.85667,29.504059,109.672239,20.603809,64.314949,68.342366,-0.223334,4.397834,0.053632
S00154,L0007,T02,154,1.049589,-0.026628,904.080105,171.47598,24.214955,108.228348,17.902046,174.865338,69.68654,-2.15092,4.89909,0.119814
S00230,L0011,T01,230,1.1014,-0.061933,866.741227,211.669042,29.932958,107.636904,17.472391,77.734871,68.037452,0.050541,3.706884,0.04849
S00671,L0033,T02,671,0.949393,-0.043012,747.76191,157.607752,31.131507,107.451963,18.905035,35.618551,58.682767,-2.818829,5.883211,0.117802
S00750,L0037,T01,750,1.055467,-0.03809,872.658605,207.741714,23.98703,81.453315,17.19965,80.147803,73.834511,-1.752985,3.121264,0.180749
S00415,L0020,T02,415,1.162107,-0.048999,829.00273,179.729914,32.546158,98.98731,18.534633,79.11849,66.34021,-0.524138,4.554431,0.056436
S00051,L0002,T01,51,0.834277,-0.042371,837.469751,205.099324,23.832538,122.195109,18.709678,2.471062,60.210163,-1.111716,4.210701,0.06844
S00581,L0029,T01,581,1.237416,-0.029089,865.054121,195.064934,30.573527,123.109714,20.493338,144.821212,75.683986,1.201241,4.670174,0.193572
S00647,L0032,T02,647,0.960622,-0.063528,867.431839,258.736637,27.038651,100.28377,17.660475,177.582697,68.913599,0.75473,2.085745,0.069215
S00202,L0010,T01,202,1.043997,-0.030679,783.554266,165.275029,23.468896,105.841115,18.147253,49.431412,63.106263,-1.589071,4.893421,0.079891
S00275,L0013,T01,275,1.00549,-0.063976,860.686688,210.68399,30.582216,100.043809,18.083441,169.470808,68.710179,-0.403731,3.630733,0.059964
S00434,L0021,T02,434,0.965237,-0.056768,812.780643,167.279874,27.193083,92.913466,15.844455,50.18513,69.906077,-2.459494,4.614416,0.13549
S00147,L0007,T01,147,1.012803,-0.051664,920.836739,196.186046,31.776458,109.44703,18.298283,162.07328,78.149606,1.739781,4.190881,0.295538
S00109,L0005,T03,109,1.00013,-0.056228,880.66807,167.630478,27.644836,101.270214,18.149123,174.858155,68.508973,-1.273262,5.122099,0.077414
S00168,L0008,T01,168,1.028509,-0.058576,913.789063,198.24836,23.40516,111.288669,18.581182,128.638608,69.520109,-1.632845,4.294798,0.099707
S00755,L0037,T03,755,0.96424,-0.03714,841.814013,196.497918,25.156991,102.30921,17.673562,178.708307,66.189994,-1.231015,4.468831,0.071151
S00138,L0006,T01,138,1.039911,-0.057018,790.52986,224.73523,31.355151,96.019858,17.562039,24.945965,60.585145,-2.207131,3.034082,0.097308
S00170,L0008,T03,170,1.131386,-0.032942,808.98776,192.19197,35.078136,97.894938,17.311726,112.629142,60.83393,-0.363934,4.052301,0.053524
S00102,L0005,T01,102,1.15599,-0.06524,919.061531,193.004238,30.471045,107.419398,19.211368,157.076296,68.991055,-1.123485,4.233185,0.078847
S00045,L0002,T01,45,0.932225,-0.03837,886.408358,197.838683,28.765844,102.605246,19.951043,10.220724,67.604922,-1.124088,4.083605,0.068717
S00554,L0027,T02,554,0.993221,-0.048395,826.187775,203.52158,28.890195,96.944863,18.223511,16.847631,59.926913,-2.527463,3.734571,0.10761
S00494,L0024,T01,494,0.92337,-0.028371,874.320167,209.07039,30.586433,83.01638,17.109901,164.510378,69.183043,-0.601804,3.117675,0.068376
