sample_id,lot_id,tool_id,sequence,pressure_mean,pressure_std,temperature_c,rf_power_w,gas_flow_sccm,motor_current_a,vibration_rms,endpoint_slope,step_duration_s,anomaly_type,anomaly_score,yield_loss_proxy
S00796,L0039,T01,796,25.990748,0.395945,43.578407,831.209495,104.747284,11.464061,0.789751,-0.039205,67.835264,NORMAL,0.227473,9.824196
S00470,L0023,T04,470,28.389926,0.341838,42.900293,849.117904,109.269391,10.979414,1.085241,-0.041393,70.851973,NORMAL,0.249061,12.073749
S00168,L0008,T03,168,27.358461,0.516732,45.051772,748.558057,107.65063,12.626871,1.029295,-0.030842,74.486134,NORMAL,0.397188,12.20699
S00159,L0007,T03,159,29.477923,0.565096,43.825414,833.05295,107.212524,11.83313,1.090213,-0.026786,74.627555,NORMAL,0.320356,13.488865
S00591,L0029,T02,591,28.471332,0.195816,47.75528,812.426485,100.671615,12.005281,1.063804,-0.035756,72.980967,NORMAL,0.157405,7.898839
S00141,L0007,T03,141,28.227564,0.333904,43.116824,847.543541,100.195503,12.029052,0.970372,-0.056345,78.012607,NORMAL,0.206306,6.267721
S00695,L0034,T04,695,27.496991,0.463711,43.948842,809.06022,103.570146,11.375742,0.651961,-0.035735,72.788472,NORMAL,0.168428,10.57434
S00293,L0014,T01,293,28.307237,0.376671,46.89028,815.371181,105.250864,12.440347,1.206478,-0.049759,73.70598,NORMAL,0.222721,7.946508
S00700,L0035,T01,700,29.080037,0.44404,43.523655,869.517745,104.902907,10.863474,0.847339,-0.027137,70.73637,NORMAL,0.300641,6.125428
S00580,L0029,T02,580,24.685897,0.250747,44.513589,787.086185,103.548342,12.345656,0.710964,-0.03796,73.280719,NORMAL,0.310676,7.249861
S00548,L0027,T02,548,25.960474,0.662425,44.43903,833.52752,109.084928,11.512557,0.864935,,66.42804,NORMAL,0.317635,8.276506
S00087,L0004,T02,87,28.640273,0.304293,42.03908,848.672893,102.082342,13.223744,1.103303,-0.038115,73.70724,NORMAL,0.255595,8.269959
S00154,L0007,T03,154,29.713699,0.260317,44.641033,792.193778,101.541451,13.285001,0.788779,-0.033402,69.730067,NORMAL,0.22028,9.430887
S00723,L0036,T04,723,28.038791,0.063248,43.723973,834.471779,103.23834,10.876092,0.756435,-0.072677,75.099952,NORMAL,0.053931,6.263445
S00136,L0006,T01,136,28.315332,0.400916,44.607409,831.288432,109.301277,12.575005,0.587229,-0.031386,67.461752,NORMAL,0.144217,7.379811
S00028,L0001,T03,28,30.01001,0.274673,44.561189,812.422551,103.574879,11.202033,0.753287,-0.035114,70.409379,NORMAL,0.188112,5.948749
S00612,L0030,T03,612,26.29086,0.474416,40.522094,769.000245,109.480777,12.257639,0.491773,-0.027254,75.915522,NORMAL,0.331561,12.084704
S00527,L0026,T01,527,27.889063,0.482073,43.981222,828.815485,107.287885,13.356153,0.45343,-0.055312,66.442207,NORMAL,0.148104,6.391166
S00100,L0005,T04,100,29.428965,0.450812,44.206963,833.578335,,12.331739,0.213793,-0.040545,76.560535,NORMAL,0.218097,10.20088
S00290,L0014,T01,290,32.202135,1.174233,43.009907,838.960329,104.190368,11.956462,0.66419,-0.035198,69.16178,LEAK,0.551066,19.647017
S00413,L0020,T02,413,29.011123,0.474107,47.006277,810.27199,104.5836,12.501207,0.67838,-0.018849,69.296666,NORMAL,0.193403,7.265378
S00258,L0012,T02,258,28.61437,0.616031,44.211878,817.810949,104.571114,11.502801,0.729692,-0.037697,68.692033,NORMAL,0.112911,9.766631
S00358,L0017,T01,358,27.896408,0.271306,43.136311,796.382604,108.696822,11.549515,0.498222,-0.047761,65.99422,NORMAL,0.132049,9.824366
S00284,L0014,T01,284,27.721664,0.643808,45.009701,858.109193,106.527614,12.954039,0.963829,-0.046194,71.608049,NORMAL,0.311099,9.915021
S00752,L0037,T01,752,28.035229,0.516585,41.486399,817.356967,108.981816,11.641851,0.734603,-0.04876,73.352837,NORMAL,0.137515,5.753637
S00110,L0005,T01,110,29.102364,0.265531,44.210444,799.515478,99.246305,11.693788,0.8258,-0.041927,72.580981,NORMAL,0.179162,10.074384
S00515,L0025,T03,515,,0.558971,47.59635,821.192951,104.500803,11.809228,0.604636,-0.033026,74.802096,NORMAL,0.15005,5.962049
S00309,L0015,T01,309,27.238837,0.225876,41.392615,823.907562,107.562003,11.550379,0.661227,-0.034245,75.805278,NORMAL,0.104296,2.875059
S00704,L0035,T04,704,,0.334823,46.715485,776.107643,105.758522,13.995419,0.807401,-0.037508,73.646705,DRIFT,0.220988,4.970523
S00331,L0016,T01,331,26.06619,0.320164,43.363133,820.848086,105.715788,13.104519,0.92731,-0.036353,68.71284,NORMAL,0.210679,10.779509
S00649,L0032,T03,649,27.98208,0.336108,42.866401,836.522132,103.827672,12.742116,0.410476,-0.026034,73.286785,NORMAL,0.126228,0.0
S00445,L0022,T01,445,29.087498,0.284741,42.202647,838.821083,106.52959,11.838241,0.696991,-0.036599,72.695633,NORMAL,0.172613,8.298345
S00488,L0024,T04,488,,0.26409,42.922766,775.271201,107.447455,12.066167,0.620326,-0.058454,70.700516,NORMAL,0.181074,6.12285
S00791,L0039,T01,791,28.331089,0.308228,44.392894,791.543552,107.157251,11.758191,1.225087,-0.031383,68.880323,NORMAL,0.271024,9.680575
S00532,L0026,T01,532,29.099056,0.31135,45.111121,838.464021,107.798522,10.287098,0.916633,-0.028587,65.865642,NORMAL,0.208108,7.662316
S00013,L0000,T01,13,28.075711,0.364186,45.207835,853.517407,103.684303,10.743518,,-0.037758,78.262349,NORMAL,0.178626,7.744955
S00338,L0016,T01,338,27.309981,0.313386,41.431506,865.869267,106.352602,11.643652,0.998183,-0.042158,69.928008,NORMAL,0.277066,10.995387
S00195,L0009,T02,195,27.520491,0.416913,43.548572,789.575983,105.43851,12.250612,0.698496,-0.02788,71.170793,NORMAL,0.204264,10.959689
S00419,L0020,T01,419,29.237631,0.265127,43.369402,859.291171,104.099404,12.377747,0.835476,-0.044321,73.324317,NORMAL,0.23526,9.62247
S00667,L0033,T01,667,27.124399,0.519343,45.160186,835.844578,103.48788,11.970843,1.026906,-0.029436,71.079433,NORMAL,0.269954,6.547765
S00518,L0025,T02,518,28.870873,0.461007,44.325211,771.811081,103.784494,11.508312,0.705021,-0.046046,65.310274,NORMAL,0.279268,10.48724
S00061,L0003,T01,61,28.55278,0.195827,45.80327,4254.630645,106.711172,12.084849,0.824611,-0.039846,,NORMAL,0.160064,4.659541
S00578,L0028,T04,578,26.71672,0.543241,46.560263,854.455295,102.119168,12.987957,0.893951,-0.037368,70.967387,NORMAL,0.3096,7.002174
S00385,L0019,T02,385,28.532288,0.547112,46.63429,804.674728,100.258193,12.765576,0.411634,-0.028585,71.310106,NORMAL,0.201706,6.754619
S00383,L0019,T01,383,28.24228,0.349047,41.045088,837.772415,109.114495,12.223341,1.424604,-0.032348,78.723663,NORMAL,0.299958,10.5395
S00736,L0036,T01,736,30.180508,0.194249,42.350466,767.305471,102.438386,12.226666,0.644567,-0.042148,71.75884,NORMAL,0.289324,10.240759
S00746,L0037,T01,746,27.662449,0.241831,44.167329,858.158534,104.403518,11.576175,0.841939,-0.044469,78.907024,NORMAL,0.183216,3.688585
S00464,L0023,T01,464,27.6287,0.185477,43.397427,828.225105,104.857868,11.799914,0.606322,-0.025548,69.032779,NORMAL,0.085497,3.826671
S00000,L0000,T02,0,29.192931,0.295747,43.480698,811.524637,107.358773,12.702141,0.860006,-0.0659,68.512459,NORMAL,0.169773,7.534983
S00270,L0013,T01,270,26.789455,0.505324,44.116611,848.511221,106.372993,11.069941,0.9756,-0.057908,74.897894,NORMAL,0.302036,8.464793
S00468,L0023,T01,468,26.862159,0.567553,45.134009,830.05031,105.351798,11.033644,0.801678,-0.031219,76.940288,NORMAL,0.224326,7.487572
S00788,L0039,T01,788,27.940605,0.28654,42.209645,833.194527,98.35757,12.337196,1.142694,-0.032682,75.026813,NORMAL,0.193265,4.244103
S00157,L0007,T03,157,28.722138,0.170798,46.45404,805.994239,106.987497,11.336121,0.871712,-0.039733,73.072298,NORMAL,0.131749,5.455072
S00161,L0008,T03,161,27.176644,0.391236,42.366544,815.140205,108.095492,11.093502,1.025369,-0.019838,73.033403,NORMAL,0.207469,11.347155
S00107,L0005,T04,107,27.37017,0.511746,43.025747,818.679781,100.957209,11.171263,0.529044,-0.04291,69.682348,NORMAL,0.162729,13.705664
S00537,L0026,T01,537,27.582897,0.394695,43.101686,840.024276,99.497814,11.09422,0.654331,-0.046476,67.895465,NORMAL,0.16959,6.031217
S00790,L0039,T01,790,27.193655,0.359574,316.863549,809.128877,102.739714,10.241853,0.938643,-0.040301,72.827248,NORMAL,0.192049,9.239164
S00554,L0027,T04,554,28.32812,0.029686,44.454516,825.638233,103.934081,11.657101,0.8952,-0.046408,70.228173,NORMAL,0.061723,3.749205
S00334,L0016,T01,334,27.52468,0.51138,44.560743,792.324726,105.139092,12.037205,0.597307,-0.036102,73.4677,NORMAL,0.220799,9.401894
S00152,L0007,T04,152,28.579489,0.31143,43.370234,847.468089,107.153031,12.209368,1.022752,-0.014368,68.749971,NORMAL,0.23119,6.443616
S00795,L0039,T01,795,27.180627,0.338103,41.316522,851.733177,107.359521,11.763016,1.523156,-0.049681,71.677813,NORMAL,0.385616,15.322352
S00705,L0035,T02,705,30.687726,0.351113,47.971561,830.007721,103.407765,12.934655,0.923986,-0.045098,74.514744,DRIFT,0.27818,13.106309
S00731,L0036,T02,731,28.965431,,46.411096,820.093929,107.003696,11.956663,0.814277,-0.038357,75.446642,NORMAL,0.132641,10.152115
S00626,L0031,T01,626,34.701769,1.024519,49.686632,785.204498,95.355994,11.653642,0.906885,-0.058112,77.014906,DRIFT,0.704928,23.249805
S00165,L0008,T03,165,27.008227,0.479959,42.834081,817.060022,105.049625,13.106218,0.95346,-0.042715,77.310674,NORMAL,0.215293,4.180249
S00231,L0011,T03,231,27.908049,0.483536,45.59662,822.76009,103.400204,10.340504,0.807281,-0.031424,70.557157,NORMAL,0.134202,5.310722
S00151,L0007,T02,151,28.099297,0.226376,41.450984,800.634369,105.082529,11.572258,1.040068,-0.03431,76.108954,NORMAL,0.16999,7.811908
S00190,L0009,T02,190,29.244478,0.041102,46.560935,878.532376,102.524212,11.822902,0.947533,-0.028135,74.038591,NORMAL,0.255713,9.463688
S00718,L0035,T01,718,29.814086,0.453942,45.288666,839.518708,102.978655,12.961154,0.864049,-0.042128,71.02087,NORMAL,0.268999,5.485746
S00212,L0010,T02,212,29.452941,0.48613,44.721832,799.092828,110.016561,11.255706,0.863172,-0.034165,78.590173,NORMAL,0.26224,11.104636
S00160,L0008,T01,160,28.537845,0.383298,44.97707,829.455723,105.655393,11.578477,1.032365,-0.041582,,NORMAL,0.204447,9.191399
S00085,L0004,T01,85,32.888541,5.47938,46.493228,821.775563,95.845651,12.569485,0.767709,-0.043039,76.223534,LEAK,0.522835,18.14787
S00513,L0025,T01,513,28.708881,0.422977,46.611003,817.071866,110.129421,11.446454,0.96716,-0.049928,76.621567,NORMAL,0.190299,7.539535
S00011,L0000,T03,11,,0.247935,43.831571,798.099607,99.959883,11.308428,0.422567,-0.039334,73.842133,NORMAL,0.202209,6.965392
S00780,L0039,T03,780,29.867371,0.174126,48.538444,852.0067,103.875998,12.72754,0.59098,-0.049048,73.343577,DRIFT,0.216917,5.923592
S00030,L0001,T01,30,33.774911,,41.561294,795.863234,92.489995,12.036596,1.378397,-0.042503,64.989938,LEAK,0.790825,22.324332
S00405,L0020,T02,405,28.638863,0.322571,44.646428,804.117614,104.090546,12.640597,0.482469,-0.04444,66.771704,NORMAL,0.152292,8.110011
S00411,L0020,T03,411,26.642806,0.426882,46.860923,830.787755,105.346062,12.640897,0.928989,-0.026777,70.013682,NORMAL,0.233797,7.13278
S00716,L0035,T01,716,30.597357,0.400136,48.404671,752.855296,104.90489,13.60531,0.734579,,68.790467,DRIFT,0.397764,14.045915
S00433,L0021,T01,433,26.327658,0.498384,45.042263,834.724099,105.539463,12.227916,0.585501,-0.029293,72.738968,NORMAL,0.245023,5.469784
S00228,L0011,T02,228,29.143528,0.528135,46.401744,786.131165,102.480978,11.02127,0.659274,-0.050373,74.493154,NORMAL,0.273882,11.001082
S00038,L0001,T02,38,28.271402,0.355261,41.963444,801.747008,101.196294,11.88706,1.0329,-0.034522,71.399967,NORMAL,0.206243,7.387281
S00748,L0037,T01,748,29.000028,0.367653,47.294125,793.018948,105.384216,12.645663,1.134016,-0.03682,73.729417,DRIFT,0.292871,9.518902
S00399,L0019,T02,399,27.822284,0.504678,43.666417,847.543595,107.591832,13.022415,0.926805,-0.055618,67.747162,NORMAL,0.235616,10.176715
S00111,L0005,T02,111,27.888534,0.107382,44.449089,796.491241,103.057025,11.808514,0.755592,-0.029066,71.817106,NORMAL,0.091191,2.412595
S00743,L0037,T02,743,27.209627,0.580515,41.592051,816.098058,104.329698,10.974995,0.552407,-0.04864,73.225615,NORMAL,0.194402,7.298396
S00260,L0013,T03,260,33.576893,1.089692,48.852514,809.374274,97.639951,13.293055,1.528929,-0.19182,75.023674,LEAK,0.760064,22.815196
S00583,L0029,T01,583,28.809636,0.326679,44.11947,757.700161,101.136701,12.705479,0.890391,-0.019083,69.605682,NORMAL,0.300499,7.097206
S00490,L0024,T03,490,26.557832,0.269874,44.704775,807.470429,107.190951,12.217909,0.676573,-0.039412,77.386687,NORMAL,0.170901,4.864884
S00304,L0015,T01,304,30.560329,0.335085,46.254528,810.368883,108.384572,10.651583,0.856126,-0.05795,70.4436,NORMAL,0.249897,5.834838
S00478,L0023,T03,478,27.907806,0.293285,45.770475,802.019791,104.954666,11.479425,0.71639,-0.017978,71.642238,NORMAL,0.122881,1.502156
S00156,L0007,T01,156,29.231882,0.233865,41.76587,819.451818,105.305633,10.771207,0.871139,-0.047536,72.951946,NORMAL,0.139215,4.898689
S00482,L0024,T02,482,26.007045,0.387281,43.075093,789.835703,99.915344,12.086909,0.941356,-0.044445,67.576546,NORMAL,0.307218,10.921649
S00707,L0035,T01,707,28.03842,,45.163525,848.987765,107.119597,11.082429,0.816265,-0.038394,69.417197,NORMAL,0.167827,3.32449
S00453,L0022,T03,453,27.081119,0.156456,44.23025,838.075814,110.456487,10.861111,1.083359,-0.027955,66.948438,NORMAL,0.201087,10.797797
S00726,L0036,T01,726,31.712624,0.398645,45.251946,802.665022,103.805219,10.729519,1.001771,-0.0474,74.834692,DRIFT,0.379073,18.896771
S00485,L0024,T01,485,30.138731,0.396321,43.042546,843.861899,104.539214,11.525196,0.814645,-0.04445,73.274003,NORMAL,0.269333,6.4068
S00607,L0030,T02,607,28.695868,0.500578,42.697326,795.228826,106.551859,12.233128,0.684392,-0.036552,75.101282,NORMAL,0.221866,5.474692
S00697,L0034,T01,697,26.804647,0.233537,43.314957,840.395756,107.461032,12.477476,0.481292,-0.027744,74.772119,NORMAL,0.169141,7.536534
S00264,L0013,T01,264,27.715258,0.413158,45.160232,794.964455,106.380016,12.52175,0.856895,-0.042202,70.090894,NORMAL,0.194339,4.438498
S00370,L0018,T03,370,27.979006,0.254024,42.73919,778.126658,102.493846,12.339865,0.252961,-0.044766,70.652559,NORMAL,0.169239,8.29195
S00523,L0026,T01,523,27.675508,0.52576,44.080425,854.194736,107.921355,11.501964,0.866258,-0.042963,63.877735,NORMAL,0.249716,10.535318
S00026,L0001,T04,26,28.490463,0.304449,42.641993,821.999518,110.067292,11.876274,1.334883,-0.052699,67.715627,NORMAL,0.239355,10.865426
S00039,L0001,T01,39,27.458645,0.115991,41.793705,813.685434,104.990738,12.428121,0.639701,-0.041047,72.650246,NORMAL,0.071852,6.379058
S00027,L0001,T03,27,27.403602,0.197224,43.757013,826.334146,103.068299,13.682326,0.745535,-0.050974,71.714715,NORMAL,0.094961,1.201128
S00035,L0001,T01,35,28.495484,0.368621,43.859025,834.133616,106.819682,12.843575,0.747538,,69.588644,NORMAL,0.152263,4.041944
S00632,L0031,T02,632,30.524113,0.511873,48.787632,838.201518,106.395213,12.29378,0.82897,-0.035854,73.670534,DRIFT,0.30692,11.062801
S00122,L0006,T01,122,28.798047,0.358546,45.26319,815.913589,107.174794,11.208493,0.874746,-0.041184,68.510876,NORMAL,0.158441,8.473566
S00712,L0035,T01,712,30.076938,0.366795,47.236896,807.103698,110.990193,10.048581,1.027548,-0.054557,73.087824,DRIFT,0.284673,7.534642
S00436,L0021,T02,436,28.253734,0.260177,,799.151934,101.352202,10.51096,1.02663,-0.046422,80.503966,NORMAL,0.186509,2.029147
S00372,L0018,T01,372,29.150531,0.372735,44.595958,788.654501,106.964441,11.265947,0.8651,-0.054901,75.6403,NORMAL,0.245349,9.807977
S00496,L0024,T01,496,27.83619,0.184711,42.51061,790.180658,110.932094,12.912129,0.961957,-0.035882,69.956809,NORMAL,0.169406,3.841075
S00783,L0039,T01,783,28.6985,0.357272,47.400542,796.185139,104.395479,13.804758,0.954466,-0.049567,72.443463,DRIFT,0.222397,7.911583
S00400,L0020,T01,400,35.661503,1.099319,45.765867,816.188088,95.466334,12.077902,0.525613,-0.025698,74.5524,LEAK,0.667435,23.901816
S00308,L0015,T03,308,26.31992,0.350476,44.01765,842.261476,110.876266,13.449042,1.190206,-0.052101,71.509257,NORMAL,0.324828,13.757227
S00077,L0003,T01,77,28.577808,0.502319,44.299654,806.292161,99.048339,11.753117,0.895466,-0.032588,76.943736,NORMAL,0.212606,10.013523
S00454,L0022,T01,454,26.731238,0.316933,45.525623,816.631442,101.812459,10.716634,0.98944,-0.060152,77.574077,NORMAL,0.198453,8.692798
S00120,L0006,T01,120,28.822282,0.322507,45.29745,780.222713,110.358176,11.578003,0.920856,-0.042242,71.733151,NORMAL,0.251398,7.597045
S00266,L0013,T01,266,28.396303,0.430627,41.332045,841.832433,110.735024,13.297102,0.740401,-0.048252,69.964324,NORMAL,0.182053,6.908864
S00203,L0010,T03,203,26.65896,0.40073,43.631212,855.878717,104.971424,11.911449,0.837641,-0.055639,74.393544,NORMAL,0.266342,8.126773
S00792,L0039,T03,792,28.324653,0.345395,42.555463,779.448965,106.424592,11.063444,1.072536,-0.026994,74.098939,NORMAL,0.272093,13.098106
S00484,L0024,T01,484,28.624021,0.32752,44.497015,853.724066,107.767803,11.513983,0.754708,-0.052264,64.351025,NORMAL,0.197391,5.289679
S00514,L0025,T01,514,27.733089,0.396301,44.064042,759.067136,104.856751,11.315506,0.987684,-0.04014,70.628763,NORMAL,0.311674,9.367192
S00095,L0004,T01,95,28.043642,0.179462,44.331465,838.793958,103.938332,11.032327,0.601908,-0.043826,72.938539,NORMAL,0.094033,4.599517
S00273,L0013,T01,273,27.711601,0.34761,43.776256,845.87464,104.398111,11.076887,0.530347,-0.047264,73.786419,NORMAL,0.166009,2.990255
S00688,L0034,T01,688,27.507318,0.552187,45.274534,827.315023,105.383015,12.510033,0.789375,-0.048186,72.836761,NORMAL,0.180968,7.748501
S00206,L0010,T04,206,27.110444,0.430367,43.939499,796.743615,104.932831,11.677315,0.694138,-0.03729,71.651416,NORMAL,0.21021,10.535949
S00044,L0002,T03,44,28.478365,0.327355,44.794253,857.353292,100.462354,11.302174,0.924929,-0.02921,74.680315,NORMAL,0.230372,7.465157
S00348,L0017,T01,348,27.51624,0.347223,42.627705,786.157272,106.652351,11.532441,1.132842,-0.047341,71.992519,NORMAL,0.278811,11.839393
S00592,L0029,T02,592,28.784357,0.5254,43.98038,812.788641,102.403709,10.737838,0.624292,-0.039649,71.811146,NORMAL,0.188596,7.912494
S00320,L0016,T01,320,28.446073,0.418505,43.251085,833.136409,102.063165,10.552109,1.32819,-0.037028,65.403024,NORMAL,0.291818,9.291734
S00002,L0000,T01,2,27.019889,0.508489,41.556185,846.888848,104.697645,11.738621,0.608291,-0.04147,71.580306,NORMAL,0.24335,8.783529
S00732,L0036,T02,732,29.718661,0.409304,46.986477,786.831259,104.039354,11.112004,0.814731,-0.043474,69.720293,DRIFT,0.274864,11.187394
S00659,L0032,T02,659,32.074441,1.091981,42.532952,836.099922,90.860632,11.790322,0.651623,-0.043674,66.067966,LEAK,0.516967,13.137407
S00049,L0002,T01,49,26.940728,0.401426,42.949205,857.71454,103.127414,10.687158,0.820898,-0.039553,70.570544,NORMAL,0.252831,9.078225
S00739,L0036,T01,739,28.245297,0.221131,44.53728,833.98731,109.624398,10.768264,1.161176,-0.032301,70.537006,NORMAL,0.19281,6.685276
S00192,L0009,T01,192,27.448024,0.157898,43.364887,803.984909,105.203131,11.29153,0.601671,-0.049803,70.540901,NORMAL,0.107111,7.692818
S00366,L0018,T01,366,27.22475,0.416826,44.341902,843.728563,106.53125,12.961418,0.979717,-0.032416,62.960973,NORMAL,0.24722,9.181645
S00230,L0011,T01,230,28.628755,0.266116,43.32953,821.597852,105.645117,12.301382,0.72622,-0.047892,67.485796,NORMAL,0.101961,12.608619
S00019,L0000,T04,19,28.252397,0.391441,43.267488,831.022917,103.966172,14.05659,0.785761,-0.042136,76.529469,NORMAL,0.138037,5.671186
S00722,L0036,T01,722,27.050628,0.405381,42.124888,857.322758,103.213706,12.336653,1.016185,-0.031214,71.668551,NORMAL,0.296167,10.099488
S00556,L0027,T04,556,29.395955,0.320065,45.318364,842.881722,104.92046,9.952479,0.932273,-0.060511,64.127067,NORMAL,0.240087,10.749819
S00598,L0029,T01,598,27.126337,0.311183,46.084294,841.947766,108.586502,11.058801,0.648026,-0.044765,75.050964,NORMAL,0.176348,7.672381
S00280,L0014,T01,280,27.465214,0.365757,43.588242,828.006872,102.110524,11.758634,0.814376,-0.030076,69.822578,NORMAL,0.14179,9.645953
S00473,L0023,T01,473,27.914492,0.386457,41.48041,832.119475,107.804818,12.639344,0.744988,-0.039054,70.990289,NORMAL,0.131188,8.840046
S00568,L0028,T03,568,28.293701,0.371919,44.447177,795.308668,102.431184,10.706992,0.762029,-0.035717,68.278578,NORMAL,0.169393,8.304206
S00199,L0009,T02,199,,0.28781,42.666652,789.278057,102.742803,12.04757,0.693837,-0.060152,69.864265,NORMAL,0.159311,2.328987
S00672,L0033,T01,672,28.767861,0.13119,44.062432,816.905341,104.172585,11.105526,0.536517,-0.063274,72.668032,NORMAL,0.078927,8.620506
S00703,L0035,T02,703,30.010983,0.384169,43.932299,828.371162,106.216468,12.131504,0.853316,-0.055984,76.369137,NORMAL,0.230848,5.366313
S00609,L0030,T03,609,27.086018,3.03186,46.510803,815.376993,108.778185,11.537252,0.899118,-0.040163,74.438077,NORMAL,0.157833,9.191464
S00259,L0012,T04,259,28.139076,0.308129,44.759647,769.344328,107.115728,11.707445,0.568318,-0.041864,64.220848,NORMAL,0.210625,13.015725
S00123,L0006,T02,123,28.961589,0.142725,47.069111,852.044385,101.553013,10.927219,0.951346,-0.037468,73.201583,NORMAL,0.201708,7.511116
S00367,L0018,T01,367,28.464216,0.302865,40.072907,842.267501,104.40748,12.517977,0.648184,-0.047304,70.106125,NORMAL,0.154596,13.084655
S00462,L0023,T01,462,29.609779,0.497362,40.941189,792.3529,,11.775614,0.977798,-0.030425,67.423283,NORMAL,0.318397,6.864347
S00029,L0001,T04,29,27.683983,0.519481,43.288828,830.649331,105.81569,13.137271,0.884823,-0.043189,73.825595,NORMAL,0.1935,5.423956
S00361,L0018,T02,361,26.742264,0.554896,45.76295,760.854952,106.943602,13.07379,0.747073,-0.045589,74.317974,NORMAL,0.349473,10.095398
S00693,L0034,T02,693,32.357454,0.363271,45.48566,821.012573,106.077471,13.188924,0.697988,-0.03431,73.410421,DRIFT,0.311222,10.769835
S00494,L0024,T01,494,29.016798,0.479313,41.930358,827.372631,101.21623,13.279626,1.111901,-0.035688,68.776987,NORMAL,0.267075,7.370249
S00103,L0005,T02,103,25.701378,0.429472,44.033254,796.731284,106.62968,11.343593,0.501402,-0.054873,80.540545,NORMAL,0.280471,6.312868
S00648,L0032,T01,648,28.961112,0.350165,46.782631,836.02936,101.846574,13.242005,1.323195,-0.041423,73.784784,DRIFT,0.306469,12.507036
S00335,L0016,T02,335,26.308733,0.490722,42.676825,863.851118,101.598847,11.997076,0.765416,-0.041536,70.370362,NORMAL,0.316872,5.864357
S00341,L0017,T01,341,27.621533,0.137794,47.768707,797.143599,102.602084,11.690101,0.993632,-0.029298,71.820275,NORMAL,0.158921,5.619382
S00699,L0034,T03,699,,0.164088,44.252361,,110.38206,13.244239,0.74562,-0.048848,70.90119,NORMAL,0.064824,1.293349
S00208,L0010,T01,208,28.724952,0.35421,39.69856,823.243822,110.103614,11.402043,0.214698,-0.045156,73.836003,NORMAL,0.13291,7.370696
S00113,L0005,T01,113,27.455965,0.455358,46.189722,840.236839,100.726326,11.976835,0.582265,-0.058325,70.644733,NORMAL,0.191633,5.977476
S00564,L0028,T01,564,29.958494,0.181988,43.360997,819.530258,102.086451,11.926023,0.945181,-0.040276,70.584782,NORMAL,0.180891,5.992089
S00333,L0016,T04,333,28.5031,0.178042,41.998624,839.171224,103.828663,13.101671,0.764043,-0.037762,70.729373,NORMAL,0.117594,6.328936
S00398,L0019,T02,398,32.802785,0.859831,47.741908,845.345817,96.943563,10.75066,0.895562,-0.056377,74.171353,LEAK,0.542352,18.8324
S00389,L0019,T02,389,,0.155089,42.860243,823.447536,110.987091,11.037741,0.891309,-0.04034,68.186463,NORMAL,0.08478,4.219589
S00546,L0027,T01,546,27.81965,0.175271,44.28998,783.982144,106.360999,12.000839,1.163804,-0.02166,76.328288,NORMAL,0.233831,5.324566
S00765,L0038,T01,765,25.712223,0.373986,42.903944,790.871243,104.810224,10.987273,0.625434,-0.037288,73.372116,NORMAL,0.280707,4.50492
S00544,L0027,T01,544,26.47022,0.227968,42.529064,812.233673,102.19074,10.683153,0.716001,-0.050397,72.180555,NORMAL,0.152897,2.97047
S00017,L0000,T04,17,28.475654,0.370965,42.989505,873.258799,107.694775,12.357631,0.646875,-0.033592,68.764344,NORMAL,0.249671,8.742243
S00326,L0016,T01,326,27.893804,0.277751,44.917446,804.308894,107.798392,10.468091,0.753789,-0.037129,74.53171,NORMAL,0.113975,4.325737
S00558,L0027,T04,558,27.344222,0.217376,47.502596,798.625825,103.237856,13.115008,0.966166,-0.040479,74.834971,NORMAL,0.18211,9.169789
S00255,L0012,T01,255,28.046427,0.287302,44.921931,851.490542,103.644238,13.228772,0.506423,-0.042637,69.601611,NORMAL,0.152873,7.808696
S00130,L0006,T03,130,28.020498,0.541936,45.28119,766.259071,103.488527,10.910239,0.613905,-0.03977,72.605866,NORMAL,0.270861,8.00633
S00424,L0021,T01,424,27.191188,0.52475,45.011925,770.229866,107.802215,11.278263,0.524546,-0.032437,72.627163,NORMAL,0.296053,10.522018
S00772,L0038,T02,772,28.594445,0.465294,46.493078,825.729224,103.154471,12.184718,0.471797,-0.039425,70.657874,DRIFT,0.160369,7.374049
S00724,L0036,T01,724,28.897263,0.373188,42.169392,795.138974,109.001001,11.297134,0.523519,,71.927484,NORMAL,0.200313,11.93708
S00525,L0026,T01,525,27.377364,0.210114,45.189523,809.389299,102.5148,10.478605,0.882729,-0.019631,76.638023,NORMAL,0.130869,5.527927
S00328,L0016,T03,328,27.003267,0.36175,45.117019,845.316899,103.521875,13.302564,0.550686,-0.027654,70.597817,NORMAL,0.203566,8.544317
S00112,L0005,T01,112,26.162065,,43.188141,832.067185,104.457264,12.841863,0.860315,-0.054255,72.302875,NORMAL,0.210056,8.634263
S00033,L0001,T01,33,28.341045,0.382517,42.99919,804.699788,108.665274,12.073715,1.185619,-0.031628,70.144087,NORMAL,0.247337,12.566736
S00396,L0019,T01,396,27.63725,0.510247,45.762681,824.918023,105.418716,11.536907,0.369894,-0.034447,73.153865,NORMAL,0.157994,5.238845
S00298,L0014,T02,298,27.999424,0.256228,43.302657,811.613285,101.28828,12.315449,0.50286,-0.036968,71.633687,NORMAL,0.085052,6.374335
S00256,L0012,T04,256,27.122355,0.639205,,793.428191,106.355629,11.9076,0.866412,-0.03301,72.698801,NORMAL,0.286716,12.575702
S00698,L0034,T04,698,27.236111,0.143942,42.416899,869.131212,107.500507,13.493846,0.931146,-0.052449,69.908083,NORMAL,-0.39965,8.787303
S00734,L0036,T01,734,27.52111,0.429073,45.415785,794.118458,101.665164,12.580462,0.630328,-0.04634,66.446112,NORMAL,0.195917,9.172758
S00541,L0027,T04,541,27.232923,0.384991,43.012791,836.712823,106.100165,12.335218,0.721106,-0.047536,73.596091,NORMAL,0.176384,2.720804
S00533,L0026,T02,533,27.617559,0.407934,45.791387,840.178087,104.07491,11.906569,1.075925,-0.033133,65.525662,NORMAL,0.240532,11.45331
S00096,L0004,T04,96,27.217709,0.322274,43.343308,806.407582,103.861104,12.548036,0.524895,-0.048877,71.973168,NORMAL,0.153664,8.267623
S00001,L0000,T01,1,27.44992,0.689301,44.300779,852.254798,102.093086,13.749868,0.665707,-0.035139,71.695909,NORMAL,0.280466,8.635191
S00758,L0037,T01,758,28.488462,0.263761,43.032228,808.209695,105.564406,11.413001,0.890253,-0.026491,67.649322,NORMAL,0.142402,1.93019
S00147,L0007,T01,147,25.967247,0.369489,42.781758,811.988477,99.780743,12.255927,0.905884,-0.034818,69.572309,NORMAL,0.24051,8.478085
S00182,L0009,T02,182,26.234052,0.480385,43.441687,842.287822,103.05137,12.798642,1.056754,-0.035547,70.23784,NORMAL,0.328302,10.201216
S00356,L0017,T01,356,27.213655,0.385229,44.370453,821.585786,104.793901,12.390554,0.552457,-0.027244,70.423377,NORMAL,0.139589,8.314267
S00074,L0003,T04,74,27.320624,0.295324,41.953973,857.34566,104.437072,11.911815,1.024703,-0.039831,71.463745,NORMAL,0.25734,13.641648
S00460,L0023,T01,460,26.965896,0.264134,43.00243,805.480084,100.003606,12.851768,0.832976,-0.033338,78.218135,NORMAL,0.162283,9.382967
S00268,L0013,T04,268,27.297691,0.362972,45.049594,872.84521,98.886152,12.000447,0.572239,-0.033524,63.201799,NORMAL,0.257972,5.221512
S00603,L0030,T03,603,29.436596,0.288858,44.769841,817.667906,108.814381,12.125057,0.670195,-0.039925,71.877325,NORMAL,0.149875,4.498138
S00390,L0019,T04,390,28.957447,0.440434,45.298728,847.308657,100.716809,13.802554,0.950989,-0.039809,74.464608,NORMAL,0.264,9.32132
S00594,L0029,T02,594,27.037405,0.245666,43.709029,811.400378,105.716161,10.534593,1.092077,-0.022897,73.706438,NORMAL,0.204065,10.526903
S00479,L0023,T03,479,28.740132,0.45957,42.123813,849.046245,98.663242,12.27687,0.887573,-0.048957,68.989643,NORMAL,0.246408,6.098546
S00181,L0009,T02,181,26.296441,0.434499,43.866134,791.470293,104.296133,12.237369,0.921709,-0.038725,72.65464,NORMAL,0.295554,9.12329
S00109,L0005,T01,109,28.060086,0.340797,45.604644,824.253486,108.243239,10.382951,0.74296,-0.00291,74.870378,NORMAL,0.098837,3.960772
S00595,L0029,T02,595,28.563429,0.29798,46.302739,803.807543,104.361564,11.929613,1.097235,-0.033784,74.896675,NORMAL,0.217456,6.605049
S00613,L0030,T01,613,28.247458,0.529876,40.420431,834.710055,109.3847,11.86248,0.875409,-0.060522,69.016821,NORMAL,0.200469,10.837071
S00345,L0017,T01,345,28.650058,0.264895,44.278693,841.503453,104.807513,11.716056,1.107366,-0.033984,74.131782,NORMAL,0.229327,6.232861
S00324,L0016,T01,324,26.77653,0.043624,41.870499,878.221988,107.503624,11.926612,0.913559,-0.041627,74.933275,NORMAL,0.246024,10.614989
S00353,L0017,T01,353,26.547156,0.658453,45.411908,845.608361,104.311142,10.655556,1.021635,-0.029161,74.573342,NORMAL,0.356685,12.962651
S00201,L0010,T01,201,29.005426,0.266424,42.621601,848.969818,92.269293,11.405828,0.815416,-0.046969,75.274251,NORMAL,0.193156,10.662092
S00663,L0033,T02,663,26.887939,0.332489,42.666101,844.543033,102.032683,10.748744,1.005563,-0.038224,68.514526,NORMAL,0.251473,7.824342
S00406,L0020,T01,406,32.151256,0.986853,43.312054,832.996843,98.181802,13.210573,0.716848,-0.039119,75.827845,LEAK,0.486768,11.778613
S00063,L0003,T04,63,28.290174,0.344029,46.516396,775.675054,105.830877,11.939896,1.114329,-0.040988,70.720317,NORMAL,0.28991,9.60541
S00702,L0035,T01,702,30.433101,0.30346,47.976692,788.048085,110.59016,11.742715,0.735127,-0.043309,71.561772,DRIFT,0.2774,8.491234
S00197,L0009,T01,197,33.67863,0.932825,48.028112,826.334822,93.534659,11.335311,0.494596,-0.049568,74.294554,LEAK,0.532975,17.872548
S00623,L0031,T01,623,28.76093,0.423097,46.749506,816.244169,105.378786,10.733004,0.74366,-0.029424,70.40955,NORMAL,0.15321,5.983966
S00394,L0019,T03,394,29.248683,0.500853,41.355386,881.74148,105.168429,12.335819,1.091772,-0.030559,75.206158,NORMAL,0.414944,15.211497
S00076,L0003,T01,76,32.887353,1.082577,46.301369,834.528741,96.202611,10.982934,0.876879,-0.033984,71.572533,LEAK,0.570553,15.18454
S00509,L0025,T01,509,29.170454,0.353628,43.540608,823.053144,107.331168,12.034195,0.710858,-0.024092,69.838767,NORMAL,0.154562,7.820068
S00388,L0019,T01,388,30.190473,0.33708,43.917023,808.181718,104.373009,12.094817,0.948315,-0.033861,72.386693,NORMAL,0.260418,12.08575
S00067,L0003,T04,67,26.22185,0.251392,46.382041,868.749898,102.652445,12.197297,0.56189,-0.050242,74.741549,NORMAL,0.27363,10.187687
S00336,L0016,T03,336,26.542446,0.267683,42.720608,830.043125,108.139345,12.367099,0.671786,-0.037629,71.738646,NORMAL,0.164906,2.225372
S00501,L0025,T01,501,25.580618,0.412896,43.496895,863.140863,104.895079,11.448851,0.961381,-0.030893,71.701336,NORMAL,0.372391,15.811322
S00524,L0026,T03,524,27.865843,0.308824,47.580369,800.90023,100.661204,12.427474,0.447357,-0.046933,70.599207,NORMAL,0.131663,5.436883
S00312,L0015,T02,312,27.181219,0.523583,44.197361,800.209503,104.597318,12.821593,0.91222,-0.036506,71.592746,NORMAL,0.249366,7.198506
S00015,L0000,T02,15,27.946217,0.306364,46.001939,833.686833,105.056306,10.504103,1.159707,-0.028564,68.141028,NORMAL,0.203424,14.751603
S00522,L0026,T04,522,27.412563,0.338497,44.023713,825.15537,,12.126527,0.538703,-0.021895,75.672005,NORMAL,0.126884,4.221686
S00337,L0016,T01,337,28.103902,0.257666,45.414237,810.574803,105.506058,11.353627,0.811756,-0.049831,71.117297,NORMAL,0.096114,3.014757
S00636,L0031,T03,636,27.813222,,45.433891,798.507006,104.116523,11.146951,0.461527,-0.049211,73.527999,NORMAL,0.077114,5.949508
S00329,L0016,T01,329,26.494643,0.197139,44.168936,787.522071,107.177734,12.646138,0.82756,-0.051293,72.18198,NORMAL,0.212637,9.090209
S00457,L0022,T02,457,28.582293,0.403258,39.818917,879.263024,103.47111,12.105934,0.790271,-0.046303,73.252311,NORMAL,0.278087,8.795387
S00299,L0014,T01,299,27.50045,0.406652,43.889124,836.805976,110.119566,12.46637,0.766532,-0.041831,69.045314,NORMAL,0.168655,7.461379
S00126,L0006,T01,126,29.266348,0.375085,42.463402,812.120852,104.215188,12.668907,1.243239,-0.041189,71.147802,NORMAL,0.287596,5.356929
S00618,L0030,T01,618,26.151094,0.546377,44.351663,813.335964,104.806838,11.101488,0.59755,-0.045805,71.355597,NORMAL,0.2457,7.45157
S00238,L0011,T02,238,27.279801,0.318807,45.011161,848.94248,104.311607,12.315384,0.711921,-0.035598,70.947137,NORMAL,0.188068,6.076659
S00472,L0023,T01,472,2.910343,0.571661,44.395494,818.418245,107.303049,12.729506,0.963198,-0.032835,70.709175,NORMAL,0.242841,3.806852
S00495,L0024,T02,495,27.822424,0.209715,45.642589,794.867769,107.680522,12.465962,0.787185,-0.057736,75.191979,NORMAL,0.124138,6.402801
S00068,L0003,T02,68,27.906802,0.454494,42.103226,763.429533,110.207223,11.857638,0.570439,-0.054674,75.745372,NORMAL,0.25971,14.299026
S00401,L0020,T03,401,28.03557,0.240631,42.568847,792.640805,107.007974,10.865272,0.769298,-0.03215,70.521432,NORMAL,0.130334,6.543236
S00313,L0015,T01,313,29.664303,0.310916,43.420031,802.78336,106.646271,11.651929,0.565514,-0.039594,71.749113,NORMAL,0.203986,9.707553
S00480,L0024,T01,480,27.542161,0.365198,45.611525,799.651939,100.275256,10.950312,0.607756,-0.038113,68.506624,NORMAL,0.165061,11.119833
S00596,L0029,T01,596,27.840875,0.274647,43.183614,806.906395,105.755468,10.818969,1.199572,-0.027559,70.30609,NORMAL,0.209245,6.861412
S00769,L0038,T01,769,29.302555,0.392384,47.129689,818.434811,103.391304,10.383249,0.520878,-0.032295,70.718427,DRIFT,0.167137,0.373652
S00504,L0025,T01,504,29.331854,0.250109,42.2659,798.81102,108.137617,11.770876,1.085497,-0.055785,77.477817,NORMAL,0.253467,10.317742
S00249,L0012,T02,249,28.827741,1.404175,43.050262,819.329921,103.860807,11.710381,0.679173,-0.036573,74.807592,NORMAL,0.113271,7.839429
S00415,L0020,T01,415,27.23067,0.497884,44.010609,839.532651,103.211579,13.95534,0.737964,-0.043148,64.820514,NORMAL,0.211769,14.119318
S00310,L0015,T03,310,29.009274,0.409206,43.073572,810.121019,108.008219,11.509768,1.033909,-0.047464,72.008763,NORMAL,0.23594,7.874837
S00257,L0012,T01,257,29.04269,0.101811,45.40982,798.68997,103.941411,11.982096,0.682475,-0.033624,69.277538,NORMAL,0.130862,4.630594
S00254,L0012,T01,254,28.844546,0.209354,44.867428,856.297623,106.327824,11.895155,0.850359,-0.018319,72.403997,NORMAL,0.1979,9.660351
S00773,L0038,T01,773,29.152695,0.24262,43.227749,831.364069,101.598285,11.325833,0.581023,-0.039085,67.192699,NORMAL,0.487724,3.750426
S00756,L0037,T02,756,27.874617,0.456747,43.916658,805.454125,104.534536,12.518656,0.770772,-0.014473,74.527004,NORMAL,0.156821,4.270948
S00590,L0029,T02,590,29.195465,0.684433,43.910699,816.91087,107.049706,12.453139,0.494572,-0.039777,67.315361,NORMAL,0.238604,7.063185
S00467,L0023,T01,467,27.429496,0.496654,43.812896,808.941561,107.714436,11.039966,0.494096,-0.030875,78.603114,NORMAL,0.180335,7.174002
S00418,L0020,T02,418,27.714865,0.31343,45.003306,750.891702,107.332966,11.109563,0.636248,-0.047146,74.306402,NORMAL,0.265385,10.488991
S00137,L0006,T01,137,27.937333,0.24843,46.578967,834.310216,,11.506857,0.759964,-0.026436,73.001502,NORMAL,0.101016,3.114074
S00244,L0012,T01,244,30.067528,0.285377,42.731003,833.026626,100.728208,11.599194,,-0.036151,75.254912,NORMAL,0.248124,4.494591
S00321,L0016,T01,321,26.579216,0.26904,42.432989,864.345167,111.712249,12.388879,0.918089,-0.04355,68.401739,NORMAL,0.278684,6.690055
S00073,L0003,T01,73,27.859172,0.426905,45.699939,815.064281,102.833367,10.440665,0.667489,-0.025674,71.975494,NORMAL,0.126107,8.455459
S00224,L0011,T01,224,29.210265,0.595874,46.48568,792.245391,102.48388,12.187509,0.910279,-0.05118,73.136092,NORMAL,0.306438,8.933188
S00717,L0035,T01,717,27.737585,0.216721,46.213089,820.585824,102.021803,11.8241,0.783164,-0.051236,64.114723,NORMAL,0.068766,7.935322
S00461,L0023,T04,461,28.092802,0.446076,43.793946,847.937112,104.090105,12.631831,0.819639,-0.041951,76.356762,NORMAL,0.190912,9.895454
S00343,L0017,T01,343,28.556383,0.34872,41.311063,818.531297,102.65495,11.888559,0.684995,-0.046667,69.849814,NORMAL,0.118671,3.371249
S00766,L0038,T01,766,30.727256,0.4878,48.247269,798.136101,105.533721,12.829275,0.584902,-0.04237,71.150047,DRIFT,0.312973,12.505828
S00728,L0036,T02,728,25.388325,0.401894,43.550721,806.379581,104.442783,11.364364,0.988341,-0.040085,79.115165,NORMAL,0.312193,8.690464
S00677,L0033,T02,677,27.362321,0.461458,42.404284,855.798706,106.347932,12.083289,1.149778,-0.031451,71.855912,NORMAL,0.32419,10.832581
S00062,L0003,T01,62,24.910364,0.285788,44.872774,806.552806,104.851373,11.260095,0.851234,-0.020751,67.977667,NORMAL,0.272355,10.928488
S00797,L0039,T04,797,29.912846,0.071221,45.489288,821.868659,106.199554,12.373315,0.659456,-0.039886,74.910979,NORMAL,0.118119,1.5286
S00690,L0034,T01,690,29.359009,0.267919,43.879044,804.562269,102.711878,12.026161,0.972121,-0.045907,73.591194,NORMAL,0.216555,9.622809
S00245,L0012,T03,245,27.162125,0.223865,41.699483,793.485195,104.963145,12.401822,0.593203,-0.044232,72.217978,NORMAL,0.164147,8.363574
S00579,L0028,T04,579,28.864924,0.583315,44.263628,815.989618,98.403836,11.902908,0.976364,-0.045795,73.537921,NORMAL,0.243192,10.679995
S00131,L0006,T03,131,26.891897,0.379952,45.349298,822.143112,104.77558,11.928763,0.642757,-0.031217,79.631857,NORMAL,0.155751,10.009709
S00589,L0029,T01,589,27.652921,0.413913,43.453172,808.56705,102.590502,,0.806034,-0.033926,76.525889,NORMAL,0.150923,6.418083
S00240,L0012,T02,240,27.730373,0.491263,42.095358,813.590072,104.080412,11.483069,0.732789,-0.031577,67.093774,NORMAL,0.152322,4.954558
S00351,L0017,T01,351,27.534956,0.285294,42.213487,782.83952,104.065805,13.244826,0.852312,-0.047794,75.895466,NORMAL,0.200555,5.489066
S00681,L0034,T02,681,27.443723,0.295256,43.320878,795.661573,106.616143,11.463347,1.045723,-0.037088,76.749444,NORMAL,0.223904,2.606407
S00149,L0007,T02,149,28.838051,0.420194,44.099152,851.242656,104.682973,12.698175,0.747729,-0.054392,75.960887,NORMAL,0.225058,12.879086
S00597,L0029,T01,597,27.387982,0.284354,44.01337,839.915552,108.950469,10.265725,0.983285,-0.062261,72.512916,NORMAL,0.1973,6.262658
S00021,L0001,T01,21,28.419734,0.555401,41.032025,842.689048,107.147888,12.5589,0.793256,-0.043684,75.262586,NORMAL,0.21656,9.373638
S00452,L0022,T04,452,27.598003,0.43292,44.977567,836.588667,99.349608,11.779344,1.004808,-0.04315,69.655541,NORMAL,0.221003,5.302487
S00090,L0004,T01,90,28.325339,0.553966,45.413839,826.498574,106.950573,12.692603,1.181647,-0.015906,72.162079,NORMAL,0.266417,3.630856
S00352,L0017,T02,352,27.718848,0.415526,43.374648,843.047504,101.88117,11.737424,0.900572,-0.051647,75.112675,NORMAL,0.200701,7.822879
S00277,L0013,T03,277,29.724468,0.130658,44.080542,874.26725,104.901078,10.596607,0.584921,-0.0322,74.463472,NORMAL,0.254556,7.261623
S00144,L0007,T01,144,28.635136,0.402694,45.905793,793.966186,105.969743,11.023922,0.452419,-0.052874,73.068579,NORMAL,0.197515,8.556459
S00327,L0016,T04,327,28.168369,0.413668,42.611938,851.83573,104.854351,12.299062,0.82528,-0.038153,76.336659,NORMAL,0.197745,9.764378
S00125,L0006,T03,125,32.05773,1.075995,,832.094465,99.770447,11.389758,1.012148,-0.027833,70.424339,LEAK,0.555158,17.888099
S00646,L0032,T01,646,31.843041,1.143713,44.231853,782.492955,97.419898,11.804767,0.792998,-0.043573,76.50195,LEAK,0.571848,15.101394
S00058,L0002,T02,58,28.491843,0.105817,42.100871,838.971531,106.180884,12.460142,0.568281,-0.038622,77.72721,NORMAL,0.098475,4.454759
S00691,L0034,T01,691,28.741753,0.283664,45.614875,837.325379,108.406155,12.619282,0.902919,-0.045205,70.301093,NORMAL,0.177047,5.094908
S00601,L0030,T01,601,27.904168,0.436239,41.085754,828.249496,106.378258,12.517621,0.672953,-0.036212,77.479542,NORMAL,0.134475,5.422909
S00064,L0003,T02,64,27.748044,0.315798,44.750575,836.483798,105.916075,11.029382,0.918882,-0.055174,69.518992,NORMAL,0.162477,3.916498
S00185,L0009,T01,185,27.400256,0.464535,44.946809,794.439362,107.928577,12.140628,0.309735,-0.034407,65.543984,NORMAL,0.210023,7.919654
S00575,L0028,T04,575,27.324557,0.415155,45.726037,865.067302,102.637547,12.123195,1.011559,-0.032668,70.402861,NORMAL,0.303119,6.14545
S00493,L0024,T04,493,28.556378,0.411683,45.371752,788.017953,107.744575,13.745061,0.916064,-0.036145,62.869737,NORMAL,0.239711,7.945466
S00318,L0015,T01,318,28.396759,0.419924,45.12129,842.446382,98.015312,10.525081,0.590626,-0.039907,71.507669,NORMAL,0.180935,7.82186
S00631,L0031,T03,631,25.651637,0.601691,46.241909,787.349706,103.748339,11.251359,0.947,-0.031779,71.716339,NORMAL,0.386217,12.034011
S00024,L0001,T01,24,26.556061,0.227837,42.619271,844.880578,106.170665,13.341066,0.892844,-0.041939,71.925944,NORMAL,0.214569,9.658938
S00577,L0028,T01,577,30.597471,0.501557,41.156361,807.984279,108.547325,12.009083,0.805885,-0.036977,78.702536,NORMAL,0.286773,13.069244
S00101,L0005,T04,101,26.369397,0.464872,43.446151,826.698681,105.230669,12.629822,0.902154,-0.037947,65.363806,NORMAL,0.240033,6.488608
S00158,L0007,T03,158,25.969034,0.320958,43.706559,818.19567,102.734106,11.992511,0.644896,-0.038281,72.725639,NORMAL,0.186299,8.960359
S00629,L0031,T02,629,28.338195,0.411729,41.524429,773.498941,103.660426,12.139121,0.940245,-0.040163,,NORMAL,0.271156,5.941049
S00311,L0015,T01,311,30.597293,0.118025,43.554512,822.964819,106.323212,11.773897,0.812555,-0.035463,73.718602,NORMAL,0.169922,3.253595
S00779,L0038,T02,779,28.168863,0.34819,43.500859,808.079439,108.374974,12.453003,1.005076,-0.042705,73.789327,NORMAL,0.176561,3.5612
S00397,L0019,T03,397,28.960459,0.474548,41.985357,831.845705,108.36173,11.213199,0.603899,-0.042851,73.12938,NORMAL,0.196274,2.754741
S00365,L0018,T01,365,27.66125,0.344907,44.521951,873.864625,107.413406,11.12455,0.975215,-0.051807,70.706535,NORMAL,0.28163,6.381942
S00355,L0017,T01,355,27.442765,0.355412,43.073469,795.152116,107.50645,12.384607,0.573206,-0.057458,76.354598,NORMAL,0.178835,9.831271
S00414,L0020,T01,414,28.390368,0.358699,42.329761,779.731855,107.03528,12.398611,0.611615,-0.040986,73.642607,NORMAL,0.209863,10.838499
S00098,L0004,T01,98,28.365203,0.20759,43.514587,838.520871,104.758755,12.173711,0.676168,-0.037143,66.391096,NORMAL,0.11646,8.848205
S00481,L0024,T01,481,27.416926,0.208372,43.185962,853.620287,103.296853,11.341002,0.867019,-0.027417,68.488453,NORMAL,0.182052,7.171778
S00686,L0034,T03,686,28.321502,0.125372,44.364361,829.516556,102.809946,11.26336,0.627955,-0.045007,73.972796,NORMAL,0.07121,4.876739
S00794,L0039,T01,794,33.259915,1.033785,44.469671,802.360631,97.494547,11.904772,0.880279,-0.031674,74.280031,LEAK,0.58561,17.768757
S00070,L0003,T02,70,28.338938,0.556683,43.253347,810.060345,102.477414,12.886488,0.691917,-0.047197,76.11409,NORMAL,0.180967,4.622272
S00079,L0003,T01,79,27.264204,0.261409,44.466652,856.578619,107.780623,11.694491,1.164978,-0.038206,76.662981,NORMAL,0.284833,11.624344
S00018,L0000,T01,18,28.390303,0.242054,44.661894,868.19706,105.815645,12.529038,0.738788,-0.041942,74.090781,NORMAL,0.200521,7.772872
S00570,L0028,T03,570,29.570843,0.438291,41.399543,796.018833,102.087459,11.993996,0.728674,-0.037375,71.79732,NORMAL,0.248068,7.057108
S00005,L0000,T01,5,33.323458,1.449943,43.957259,860.46082,98.500695,11.897642,0.612055,-0.043791,77.782028,LEAK,0.729811,24.854457
S00216,L0010,T04,216,28.822099,0.378863,42.570638,821.17184,100.897076,11.368217,0.628847,-0.043448,70.618162,NORMAL,0.13875,7.427597
S00155,L0007,T01,155,27.573869,0.106595,43.900257,766.619122,107.458405,12.718372,0.885955,-0.029982,71.570433,NORMAL,0.202896,7.39984
S00689,L0034,T01,689,27.183083,0.370296,39.895829,795.426731,106.886412,12.369366,1.309339,-0.04438,66.659797,NORMAL,0.322188,8.159349
S00012,L0000,T04,12,29.687607,0.447699,43.05345,837.586698,106.861047,11.617167,0.8628,-0.046836,71.692712,NORMAL,0.255972,12.244104
S00175,L0008,T04,175,28.55227,0.046788,45.969969,816.570807,107.97463,12.264729,0.576727,-0.017764,66.203339,NORMAL,0.047884,5.951899
S00229,L0011,T01,229,28.958362,0.345372,41.073386,788.652075,106.07829,13.075139,0.770574,-0.039663,68.621322,NORMAL,0.212631,8.888468
S00114,L0005,T01,114,29.964593,,42.924281,855.286639,101.157425,12.313636,0.69706,-0.039702,70.867037,NORMAL,0.236427,8.77543
S00787,L0039,T01,787,30.094806,0.167894,44.456588,868.455815,104.617726,11.658792,0.524729,-0.037506,74.109318,NORMAL,0.267853,11.579038
S00782,L0039,T02,782,28.168873,0.218864,40.01523,827.293191,102.390503,11.662539,1.098259,-0.046773,,NORMAL,0.155957,7.211297
S00282,L0014,T01,282,27.988163,0.388625,44.470465,827.3879,106.43792,10.825435,0.595327,-0.047682,80.848957,NORMAL,0.116218,5.098251
S00399,L0019,T02,399,27.822284,0.504678,43.666417,847.543595,107.591832,13.022415,0.926805,-0.055618,67.747162,NORMAL,0.235616,10.176715
S00300,L0015,T03,300,28.191502,0.449755,41.689668,854.960592,102.788134,11.656051,0.842794,-0.039316,70.987857,NORMAL,0.220114,8.050294
S00616,L0030,T03,616,29.070555,0.438295,46.486162,845.71716,107.58325,11.492473,0.59422,-0.021674,73.467877,DRIFT,0.227394,6.974646
S00142,L0007,T03,142,29.606389,0.450875,45.824316,833.914043,105.592122,12.792961,0.154123,-0.030052,68.131116,NORMAL,0.227823,4.253665
S00127,L0006,T01,127,27.901645,0.509558,42.83358,801.461159,112.838983,11.551397,0.614025,-0.028242,75.140238,NORMAL,0.178654,3.598636
S00775,L0038,T02,775,28.812,0.412061,41.2289,791.869437,102.217901,11.513272,0.873053,-0.055306,78.927406,NORMAL,0.232205,11.415056
S00056,L0002,T01,56,26.197143,0.339573,44.303168,859.036444,107.722189,11.772864,0.596065,-0.045709,74.339874,NORMAL,0.272627,10.740413
S00650,L0032,T04,650,32.183949,1.082521,43.502071,785.969334,100.479495,12.740495,0.859785,-0.042865,75.808623,LEAK,0.579851,18.402537
S00217,L0010,T01,217,28.197634,0.381947,42.167945,786.240852,107.928506,11.751293,0.664777,-0.044313,68.013625,NORMAL,0.189766,11.46476
S00104,L0005,T01,104,28.818133,0.49471,42.759559,833.873026,108.988658,11.473693,0.766922,-0.043017,73.50928,NORMAL,0.199267,8.057541
S00232,L0011,T01,232,29.002646,0.332244,42.691876,830.204851,106.383229,11.317459,0.884977,-0.055215,72.500516,NORMAL,0.17995,9.339268
S00119,L0005,T01,119,27.021836,0.278289,43.425499,799.003427,103.853667,12.576464,0.851182,-0.036783,70.794164,NORMAL,0.183767,10.764558
S00483,L0024,T02,483,28.16851,,43.346739,808.134689,108.803923,12.466641,0.639024,-0.040384,75.288824,NORMAL,0.131642,4.969197
S00644,L0032,T03,644,35.274361,1.445313,48.706222,806.363478,98.203745,11.271318,0.676993,-0.04313,72.099035,DRIFT,0.759138,24.615538
S00105,L0005,T01,105,27.33529,0.312677,45.647983,801.82824,104.581403,13.919917,0.985993,-0.046205,68.82137,NORMAL,0.203332,6.742178
S00189,L0009,T01,189,28.156287,0.344942,45.09727,794.883626,107.090795,10.483309,0.688739,-0.024838,73.31178,NORMAL,0.156841,5.916525
S00088,L0004,T01,88,32.836852,1.342545,41.772593,811.709419,93.339824,11.998728,0.671502,-0.035141,70.642662,LEAK,0.598205,16.500797
S00221,L0011,T01,221,32.95146,1.214256,45.568723,793.968546,97.672058,12.246081,1.055608,-0.025749,67.511117,LEAK,0.680118,21.038853
S00684,L0034,T01,684,30.795302,0.259512,46.262098,780.299942,105.474971,13.454454,0.708918,-0.025788,76.815133,DRIFT,0.303893,11.097564
S00163,L0008,T01,163,28.047719,0.402605,45.440048,824.65986,104.57175,12.298204,0.757208,-0.041657,73.157856,NORMAL,0.114687,6.479069
S00475,L0023,T02,475,28.907396,0.30343,44.423285,840.275324,106.066962,13.05141,0.72469,-0.052348,74.129785,NORMAL,0.171916,4.759749
S00563,L0028,T01,563,29.269792,0.248122,44.348699,819.16084,106.331981,,1.030131,-0.042012,70.909076,NORMAL,0.185151,6.085933
S00500,L0025,T01,500,31.69666,1.420985,44.853751,858.517775,96.640454,11.613642,0.591936,-0.060328,77.163966,LEAK,0.636374,18.976784
S00721,L0036,T01,721,28.41183,0.429862,46.973577,820.871669,104.026179,11.340004,0.902511,-0.047893,75.423304,DRIFT,0.155864,6.982015
S00278,L0013,T04,278,27.493643,0.556542,45.60157,841.687104,107.869577,11.61433,0.610563,-0.028267,327.777185,NORMAL,0.218671,12.044665
S00093,L0004,T01,93,27.421566,0.324363,42.484953,806.8856,102.344066,12.151439,0.554417,-0.03438,76.087405,NORMAL,0.142798,10.228434
S00656,L0032,T01,656,30.454929,0.265303,46.838341,856.316358,99.835282,12.096969,0.964613,-0.05904,72.921975,DRIFT,0.321016,10.684831
S00134,L0006,T01,134,28.015911,0.483069,46.992481,794.698772,105.947169,13.795256,1.066183,-0.036092,68.712577,NORMAL,0.251362,10.37245
S00218,L0010,T02,218,27.885707,0.40579,44.330512,826.822622,106.465727,11.730037,0.819075,-0.03183,70.968693,NORMAL,0.128987,5.418731
S00711,L0035,T01,711,28.248052,0.189296,44.812391,799.109509,107.903887,12.040594,0.824505,-0.042488,75.412516,NORMAL,0.118079,4.324106
S00665,L0033,T02,665,28.92649,0.305014,44.002963,832.963252,103.855625,12.510303,0.71494,-0.049129,71.923015,NORMAL,0.154986,8.180548
S00006,L0000,T01,6,28.342002,0.531959,42.827702,794.407221,98.942413,13.01466,0.916014,-0.057083,65.462746,NORMAL,0.243075,8.927616
S00075,L0003,T01,75,30.491666,0.415398,317.720947,856.817689,107.332949,10.792,0.900841,-0.041228,73.865604,NORMAL,0.345687,8.979325
S00233,L0011,T02,233,28.765952,0.442284,43.865173,835.609615,106.26527,12.776716,0.974874,-0.041266,74.741317,NORMAL,0.231611,9.276422
S00576,L0028,T03,576,28.256177,0.485225,44.531053,875.609233,107.097257,11.975558,1.343907,-0.033731,72.434655,NORMAL,0.409115,16.210255
S00007,L0000,T01,7,28.127139,0.358643,43.17892,834.532235,99.574434,12.151538,0.679788,-0.040255,75.635335,NORMAL,0.132348,9.685213
S00213,L0010,T02,213,29.637634,0.618739,44.264063,807.815453,113.847508,11.454112,0.732784,-0.040225,76.175436,NORMAL,0.267028,9.054884
S00010,L0000,T04,10,29.971375,0.433777,45.495042,826.051465,101.922079,11.215539,0.733598,-0.053118,70.948987,NORMAL,0.222142,6.367331
S00357,L0017,T04,357,28.823516,0.401702,44.849817,784.609136,107.299284,,1.125493,-0.039888,70.903465,NORMAL,0.311452,14.660835
S00050,L0002,T01,50,28.917913,0.410163,43.582937,818.936534,109.307387,12.900184,0.530834,-0.044318,73.100924,NORMAL,0.151095,10.176105
S00639,L0031,T01,639,28.830164,0.357963,44.814719,824.466361,98.98789,12.540903,0.423563,-0.041708,65.312775,NORMAL,0.142165,4.525811
S00708,L0035,T02,708,32.656431,0.884321,42.530148,820.943756,95.812851,12.5111,0.905706,-0.039826,71.969992,LEAK,0.482688,20.9461
S00031,L0001,T01,31,33.595274,1.220902,43.086674,813.662723,97.139343,11.480112,0.658954,-0.031791,76.810641,LEAK,0.600832,18.078932
S00517,L0025,T03,517,30.442129,0.439207,43.510844,807.837532,114.032093,12.096711,0.523205,-0.031335,76.314694,NORMAL,0.262314,7.744762
S00391,L0019,T01,391,27.210733,0.405505,44.40646,797.736865,101.960622,12.28643,1.158496,-0.028887,72.134478,NORMAL,0.286121,8.66416
S00476,L0023,T03,476,26.677117,0.387068,43.467259,790.273148,106.246212,12.123024,1.089223,-0.052768,69.564138,NORMAL,0.309534,9.42432
S00435,L0021,T01,435,30.911839,0.503705,46.755132,783.955076,107.794115,12.067738,0.443157,-0.038598,76.755013,NORMAL,0.361631,12.287614
S00281,L0014,T01,281,29.595852,0.403876,44.586658,838.990903,103.673458,11.56184,0.385251,-0.022453,72.398093,NORMAL,0.228239,9.825766
S00519,L0025,T02,519,26.94352,0.546144,42.100172,846.65179,104.621711,11.643073,0.910249,-0.057793,73.726131,NORMAL,0.283552,10.145484
S00048,L0002,T01,48,27.826862,0.296225,44.199328,842.76143,107.209409,10.843066,0.927249,-0.042346,73.159453,NORMAL,0.171429,10.455578
S00466,L0023,T01,466,33.740024,1.146488,42.262196,841.493114,101.919675,14.35932,1.098641,-0.044074,75.479187,LEAK,0.702016,25.417604
S00036,L0001,T03,36,29.94885,0.532966,44.733284,889.196526,109.681142,12.096716,0.734149,-0.039855,79.007356,NORMAL,0.403675,12.011666
S00223,L0011,T02,223,27.307444,0.585987,44.238927,780.133978,103.836889,11.695844,0.829609,-0.064808,76.702366,NORMAL,0.288192,10.55783
S00738,L0036,T03,738,29.378919,0.380552,46.636464,811.034232,100.745778,13.239459,0.760752,-0.053203,70.789947,DRIFT,0.186498,12.473835
S00252,L0012,T01,252,28.072201,0.32869,45.94102,833.369639,103.475968,12.723123,0.623946,-0.034525,70.632431,NORMAL,0.119207,6.642215
S00222,L0011,T01,222,28.509881,0.332689,44.991837,798.369096,106.591484,12.142779,0.809009,-0.038879,68.148321,NORMAL,0.164996,6.478935
S00762,L0038,T03,762,31.867574,0.295138,48.753132,814.838796,112.273519,11.578449,1.029183,-0.05061,73.92272,DRIFT,0.337362,13.725087
S00242,L0012,T01,242,26.212133,0.184006,39.85705,809.456588,102.466241,12.160221,0.866863,-0.046579,73.186962,NORMAL,0.178469,2.245609
S00770,L0038,T01,770,28.714084,0.282759,43.951636,802.593246,104.905618,11.43493,0.735842,-0.056498,73.515928,NORMAL,0.149911,8.794779
S00611,L0030,T02,611,28.789299,0.289341,47.189014,866.737439,104.410696,11.837645,0.891448,-0.040337,75.122825,NORMAL,0.251506,6.131913
S00285,L0014,T01,285,,0.346026,39.96994,827.325774,105.89518,10.208395,0.682146,-0.048077,68.608029,NORMAL,0.116967,5.13688
S00528,L0026,T01,528,33.782783,1.236948,44.986395,776.096478,93.667305,12.18879,1.250465,-0.055015,71.087011,LEAK,0.820751,24.391653
S00350,L0017,T01,350,29.074918,0.445968,42.580304,813.6424,106.634419,11.133365,0.738178,-0.026669,68.114878,NORMAL,0.181132,9.323716
S00530,L0026,T01,530,27.259442,0.259467,44.31824,778.675226,101.656307,12.885885,0.931729,-0.033755,65.659024,NORMAL,0.238139,11.831832
S00081,L0004,T01,81,30.355288,0.294296,44.317703,815.279293,102.753674,11.444253,0.788187,-0.019615,70.987902,NORMAL,0.20314,11.240772
S00302,L0015,T01,302,27.276776,0.269452,44.155385,872.88691,109.245353,12.688693,0.776292,-0.040102,72.253517,NORMAL,0.235741,9.947541
S00091,L0004,T03,91,27.195561,0.344248,45.26809,875.383833,102.784487,,0.744482,-0.046727,69.249343,NORMAL,0.264743,9.371964
S00440,L0022,T04,440,27.840441,0.403865,45.141392,784.933907,107.233193,11.915065,0.662423,-0.038647,65.603855,NORMAL,0.196609,7.388736
S00687,L0034,T01,687,27.998647,0.154868,43.153632,823.247975,105.744772,11.587878,0.33732,-0.038678,75.090419,NORMAL,0.046905,3.06422
S00253,L0012,T03,253,26.274033,0.336207,42.381245,802.485028,99.331261,11.00747,0.888334,-0.037656,71.452772,NORMAL,0.236221,4.726417
S00274,L0013,T01,274,28.291,0.305234,422.66748,845.341445,107.528483,11.376108,0.837894,-0.035181,75.319261,NORMAL,0.163685,7.253733
S00617,L0030,T01,617,29.641587,0.410452,44.219007,,107.867694,10.538517,0.706629,-0.051856,74.333674,DRIFT,0.23069,5.99627
S00118,L0005,T03,118,26.49134,0.166478,43.694376,808.684756,102.763002,11.960521,0.88747,-0.039565,71.27182,NORMAL,0.167208,12.321678
S00733,L0036,T01,733,28.583884,0.209437,43.229613,830.815715,102.307972,11.487743,1.392876,-0.047932,67.083591,NORMAL,0.256812,6.409879
S00443,L0022,T02,443,27.876739,0.318062,43.373001,820.276398,103.762574,11.35443,0.810691,-0.046106,72.781669,NORMAL,0.089042,5.914822
S00041,L0002,T04,41,28.140538,0.36038,45.049136,797.296874,105.965091,11.737853,0.833513,-0.042344,69.007133,NORMAL,0.162258,6.098481
S00643,L0032,T01,643,26.29015,0.454847,45.179104,847.136334,108.775838,11.212673,0.869626,-0.048482,73.537059,NORMAL,0.284452,8.579438
S00135,L0006,T01,135,26.680771,0.373278,41.889498,875.511676,103.560701,11.538649,1.190991,-0.040825,70.92019,NORMAL,0.395808,13.860486
S00060,L0003,T01,60,27.60998,0.337035,44.551031,853.342584,102.75516,12.328504,0.787834,-0.026226,72.885868,NORMAL,0.187116,5.022199
S00215,L0010,T01,215,29.52591,0.300547,43.413077,860.363045,106.657159,11.845145,0.734193,-0.039257,71.2083,NORMAL,0.25234,7.316019
S00477,L0023,T01,477,31.991371,,42.607378,794.474845,105.861726,11.036114,0.969508,-0.041128,67.519481,NORMAL,0.415238,11.639734
S00459,L0022,T03,459,27.898515,0.418424,43.705814,775.921379,103.068,11.17677,1.279941,-0.036432,71.655842,NORMAL,0.339862,12.358801
S00276,L0013,T01,276,29.764966,0.205204,45.823404,827.068096,108.931198,12.004449,0.366306,-0.042131,71.207707,NORMAL,0.15722,8.502226
S00250,L0012,T01,250,28.735957,0.47324,42.758669,799.313673,110.045819,12.570176,0.791488,-0.039629,67.719891,NORMAL,0.206824,5.94543
S00747,L0037,T02,747,25.543912,0.167154,44.473711,813.493429,108.606471,11.866198,0.33228,-0.038514,68.167346,NORMAL,0.180859,7.013116
S00778,L0038,T02,778,29.346699,0.384126,44.934997,825.616162,106.340593,11.796958,0.725879,-0.050234,68.45576,NORMAL,0.177407,3.963072
S00235,L0011,T01,235,28.75587,0.255595,45.786601,805.932326,105.366764,11.754412,0.793281,-0.042574,72.249572,NORMAL,0.136862,5.891295
S00432,L0021,T01,432,28.950073,0.202059,43.082299,789.682973,105.17768,11.715818,0.99921,-0.04349,70.7724,NORMAL,0.223613,9.147643
S00508,L0025,T01,508,26.615503,0.331485,47.077897,790.43878,110.791285,12.582502,0.615161,-0.040891,69.798732,NORMAL,0.225999,7.89643
S00771,L0038,T01,771,29.453336,0.221858,44.125686,809.35206,103.495005,11.657478,0.500263,-0.046773,73.105046,NORMAL,0.154751,3.2377
S00740,L0037,T03,740,29.172289,0.464881,44.75489,826.59299,102.498277,11.114312,0.701999,-0.049219,67.508536,NORMAL,0.191317,8.369069
S00540,L0027,T02,540,28.217112,0.366353,48.245902,831.770822,99.579195,12.323295,0.672102,-0.036426,68.156891,NORMAL,0.131871,6.644631
S00325,L0016,T01,325,27.221598,0.339647,42.406361,853.962302,107.182304,12.883485,0.781493,-0.044435,73.491562,NORMAL,0.208738,6.285106
S00725,L0036,T02,725,28.115434,0.451614,45.107412,848.081583,105.918522,12.134747,0.462089,-0.0497,68.108605,NORMAL,0.188879,5.655181
S00271,L0013,T04,271,30.603603,0.44091,42.411484,835.811348,99.826197,13.611931,1.120418,-0.036859,71.376448,NORMAL,0.360041,12.089806
S00069,L0003,T02,69,27.737091,0.36439,45.132312,820.986428,108.829698,10.775509,0.734513,-0.028732,76.626646,NORMAL,0.106709,5.772202
S00545,L0027,T04,545,28.156041,0.257995,43.453446,819.836387,,12.819867,0.939021,-0.028178,67.311552,NORMAL,0.107465,4.47355
S00164,L0008,T01,164,33.046595,0.920351,43.98949,807.598495,94.540974,12.632105,1.198022,-0.030847,77.284412,LEAK,0.612927,18.396552
S00261,L0013,T02,261,27.855458,0.299292,41.940338,817.041432,108.242594,10.338546,0.863093,-0.050284,,NORMAL,0.10522,3.85046
S00373,L0018,T03,373,26.09737,0.362421,43.463262,804.882009,105.229552,11.095379,0.473769,-0.027031,69.063559,NORMAL,0.223532,11.076388
S00191,L0009,T04,191,28.47327,0.416774,44.559941,828.536557,106.538571,11.781581,0.340938,-0.033557,66.588697,NORMAL,0.149198,10.151931
S00180,L0009,T04,180,29.452153,0.274652,43.959476,821.089171,107.465815,10.966661,0.720231,-0.035812,76.110348,NORMAL,0.143994,7.177388
S00417,L0020,T02,417,27.952331,0.284149,40.463062,838.474331,107.160197,11.714726,0.349374,-0.031104,78.519807,NORMAL,0.119606,6.270313
S00430,L0021,T02,430,26.803506,0.235515,43.672371,822.416784,103.23293,12.190656,1.0409,-0.036558,73.680757,NORMAL,0.18497,4.09711
S00655,L0032,T01,655,28.309671,0.524051,42.859014,837.178884,106.053875,10.945443,0.61198,-0.034838,67.234984,NORMAL,0.189443,11.887328
S00654,L0032,T02,654,28.595322,0.414904,43.975266,826.264068,108.50404,10.975524,0.407862,-0.050736,72.490152,NORMAL,0.149152,4.201829
S00487,L0024,T02,487,28.291871,0.330801,42.545418,843.23367,105.910091,12.836915,0.934901,-0.039226,72.059355,NORMAL,0.189103,5.364361
S00188,L0009,T01,188,28.437253,0.519217,43.675955,801.385801,102.763445,12.174291,0.86099,-0.053027,72.799914,NORMAL,0.21345,9.126424
S00438,L0021,T02,438,27.266327,0.497445,44.449189,862.582235,102.369864,10.90056,1.097065,-0.0486,72.530363,NORMAL,0.341767,8.23156
S00183,L0009,T02,183,27.176976,0.274359,44.056802,873.498778,104.943978,12.359145,0.945191,-0.039723,72.546856,NORMAL,0.279786,8.480523
S00359,L0017,T01,359,26.236193,0.348248,45.341597,855.563146,104.238381,12.718483,0.751133,-0.04335,71.512489,NORMAL,0.26416,7.566157
S00287,L0014,T03,287,27.950589,0.25124,44.393815,817.083248,106.401627,12.258616,0.592949,-0.040975,72.208819,NORMAL,0.072572,7.967965
S00542,L0027,T02,542,29.862473,0.264325,43.171071,805.195628,102.015554,12.026662,0.901256,-0.043983,69.045228,NORMAL,0.22153,12.181097
S00393,L0019,T03,393,28.400215,0.349944,45.784652,819.297879,104.223179,11.604785,0.862368,-0.043125,69.317868,NORMAL,0.124844,8.712438
S00442,L0022,T04,442,33.565032,1.257449,45.243275,800.288255,96.728456,12.425604,1.151789,-0.033459,68.728099,LEAK,0.72984,26.276567
S00138,L0006,T01,138,27.277647,0.343545,43.305891,815.956947,109.220072,12.531028,0.740058,-0.04181,73.889672,NORMAL,0.132112,7.025543
S00339,L0016,T04,339,29.362827,0.349378,43.226856,809.937988,104.371845,12.146971,1.006894,,76.466313,NORMAL,0.232364,8.713751
S00139,L0006,T01,139,27.319221,0.198695,45.691503,789.340634,106.801889,13.101321,0.691966,-0.046096,71.37584,NORMAL,0.160361,3.530245
S00614,L0030,T01,614,28.178131,0.360295,44.445524,804.044124,103.022022,12.662902,0.338829,-0.039748,75.702747,NORMAL,0.13887,7.816228
S00763,L0038,T02,763,28.489851,0.451049,41.796238,838.408701,105.526937,12.419055,0.717716,-0.046891,69.617755,NORMAL,0.183276,6.569276
S00251,L0012,T04,251,26.972976,0.369228,45.288461,900.845149,100.813093,11.696413,0.480439,-0.051455,69.847286,NORMAL,0.345771,12.385492
S00306,L0015,T02,306,27.619794,0.074399,46.858164,825.54118,110.78112,12.962971,0.551816,-0.035568,71.045651,NORMAL,0.051463,5.495433
S00764,L0038,T02,764,27.985612,0.301645,47.168874,808.373054,101.63223,11.745777,0.724513,-0.045369,80.546949,NORMAL,0.105198,1.855442
S00685,L0034,T01,685,25.959823,0.453811,42.830458,858.542278,104.949552,12.771964,0.506944,-0.036133,75.645503,NORMAL,0.311817,12.510172
S00283,L0014,T01,283,,0.504947,41.312015,822.578602,106.442217,12.026826,0.808873,-0.064243,66.679221,NORMAL,0.1746,4.588083
S00502,L0025,T01,502,28.963937,0.362487,45.002404,839.697383,104.423174,12.752566,,-0.035597,72.167644,NORMAL,0.267697,8.732353
S00369,L0018,T02,369,27.849679,0.55482,44.025371,790.287948,106.07703,11.092365,0.890263,-0.045306,72.627371,NORMAL,0.243067,12.648244
S00664,L0033,T01,664,28.240013,0.247459,47.666751,845.759494,104.798262,12.674276,0.838801,-0.044221,73.411048,DRIFT,0.147964,6.298167
S00171,L0008,T02,171,26.870528,0.282834,44.216632,865.826303,109.782909,11.357353,0.646929,-0.04806,72.048118,NORMAL,0.241748,14.404931
S00557,L0027,T02,557,28.154549,0.259527,42.756846,808.761832,107.814513,12.22472,0.617047,-0.027764,73.864662,NORMAL,0.100705,8.616125
S00566,L0028,T01,566,28.36286,0.383206,46.047251,802.28018,100.583766,12.006554,0.922795,-0.03812,68.285789,NORMAL,0.188943,8.10127
S00117,L0005,T01,117,28.339352,0.535485,43.834831,831.624531,103.375412,12.178127,0.771912,-0.032851,68.724586,NORMAL,0.1799,10.907814
S00301,L0015,T02,301,26.49021,0.468483,43.346081,826.191336,109.363061,11.547354,1.058772,-0.044208,76.422646,NORMAL,0.272782,8.623217
S00426,L0021,T03,426,27.776347,0.298051,46.359516,825.023159,102.535954,10.709994,0.836267,-0.060205,74.070321,NORMAL,0.10732,6.691718
S00552,L0027,T01,552,34.287224,1.014291,46.514699,814.063044,93.921602,11.232234,1.065618,-0.036935,74.328446,LEAK,0.649181,21.331778
S00680,L0034,T01,680,29.749482,0.312641,43.865357,812.549712,104.754981,11.490344,1.005874,-0.027725,72.503715,NORMAL,0.235729,6.981182
S00543,L0027,T04,543,26.796398,0.426414,44.870247,801.43171,100.509172,11.267156,0.329489,-0.044378,75.17603,NORMAL,0.213204,9.423322
S00760,L0038,T02,760,29.256771,0.283304,45.697943,824.569468,103.03068,13.004264,0.739134,-0.035466,69.236955,NORMAL,0.145088,2.154799
S00364,L0018,T04,364,27.234493,0.26139,45.276488,766.942421,104.261382,11.715508,0.934248,-0.040587,75.211552,NORMAL,0.269829,12.196299
S00296,L0014,T01,296,29.170641,0.291532,45.235828,815.702383,109.527551,12.017655,0.84583,-0.043457,72.428153,NORMAL,0.153617,4.875803
S00150,L0007,T02,150,28.673233,0.441149,46.602981,828.30602,110.327436,10.893532,0.894246,-0.022549,73.99501,NORMAL,0.188276,11.240812
S00395,L0019,T01,395,27.740011,0.410082,45.078029,820.838708,109.724482,12.596982,0.958719,-0.044423,70.672688,NORMAL,0.157297,6.320589
S00660,L0033,T02,660,27.914638,0.247847,44.325413,842.872881,100.926092,11.632071,0.744119,-0.040485,69.030951,NORMAL,0.123412,7.487178
S00003,L0000,T03,3,28.664187,0.138857,44.737839,817.546256,106.903569,10.732944,0.842514,-0.036068,74.05767,NORMAL,0.084686,3.939015
S00678,L0033,T01,678,27.039333,0.349752,41.835779,848.64298,,10.998083,1.037145,-0.033014,66.744145,NORMAL,0.266365,13.120131
S00625,L0031,T01,625,27.26059,0.438545,45.31445,821.371003,103.979969,12.062571,0.951101,-0.034563,,NORMAL,0.187809,7.215169
S00106,L0005,T02,106,29.144325,0.193494,47.024723,838.9073,106.622205,11.823374,0.512283,-0.028391,73.745085,NORMAL,0.152858,4.964557
S00550,L0027,T04,550,26.004654,0.420915,45.01852,847.348725,103.755127,12.27213,0.69084,-0.036247,71.125989,NORMAL,0.273368,13.534064
S00289,L0014,T01,289,27.169495,0.350975,41.200502,834.301043,106.298376,12.916235,0.924382,-0.059015,69.169395,NORMAL,0.196117,8.665395
S00330,L0016,T01,330,28.746949,0.437365,44.127307,785.617787,,13.218816,0.607091,-0.041431,63.500714,NORMAL,0.232644,5.942527
S00627,L0031,T01,627,26.959201,0.496014,43.909063,826.161739,104.685057,12.510905,0.802919,-0.048138,73.163939,NORMAL,0.192177,10.332171
S00715,L0035,T02,715,29.9618,0.236794,48.13935,854.941098,106.443713,11.487515,0.882467,-0.035344,73.162092,DRIFT,0.265258,9.763155
S00634,L0031,T01,634,26.667076,0.480368,44.678367,811.869522,110.841847,12.236103,0.828978,-0.034906,73.734329,NORMAL,0.214309,6.163131
S00651,L0032,T02,651,27.359975,0.497804,42.635938,795.356179,108.932205,11.793781,0.626482,-0.041657,70.842868,NORMAL,0.218062,9.138397
S00210,L0010,T02,210,29.66178,0.229305,44.965565,805.867758,100.739063,11.45676,0.798652,-0.034545,74.364121,NORMAL,0.175746,2.265518
S00450,L0022,T01,450,28.280978,0.614267,43.884089,822.623112,108.066896,11.465777,0.971686,-0.041093,69.142059,NORMAL,0.217095,13.087265
S00505,L0025,T02,505,26.11674,0.42707,42.310934,872.306447,103.202631,11.036505,0.853813,-0.045317,73.311666,NORMAL,0.34515,9.579116
S00730,L0036,T01,730,30.357212,0.403896,48.322561,785.007232,106.188942,10.484632,0.886115,-0.049012,73.559369,DRIFT,0.327845,15.131498
S00507,L0025,T01,507,28.793969,0.458745,44.452791,824.199868,106.833663,11.620366,0.710404,-0.048677,68.176986,NORMAL,0.164884,3.855654
S00741,L0037,T01,741,27.956099,0.363852,41.352243,794.566409,105.157938,12.206228,1.380345,-0.037503,66.304854,NORMAL,0.301828,11.940768
S00315,L0015,T03,315,27.612323,0.210581,44.001006,836.667652,105.771399,12.651436,0.700715,-0.040471,76.867881,NORMAL,0.113698,7.148111
S00735,L0036,T01,735,27.854476,0.201728,40.380683,794.592141,104.10312,11.997337,0.876352,-0.040313,69.226886,NORMAL,0.140316,2.985095
S00798,L0039,T01,798,27.960139,0.456171,40.712239,844.290679,103.47334,11.215278,0.50245,-0.046737,74.259329,NORMAL,0.176763,2.866774
S00153,L0007,T04,153,26.793855,0.421268,42.904204,832.27889,108.168412,12.893326,0.784278,-0.043695,69.941278,NORMAL,0.196322,3.949018
S00606,L0030,T02,606,28.593432,0.507068,44.478406,826.265934,105.873464,12.724323,0.271798,-0.047479,72.363449,NORMAL,0.172103,3.090144
S00297,L0014,T02,297,31.679099,1.059188,45.547572,824.880086,103.503571,12.473468,1.076183,-0.046142,72.873799,LEAK,0.529998,17.000644
S00447,L0022,T01,447,27.447568,0.392141,44.988148,852.65161,100.432998,11.616951,0.340849,-0.056731,69.541622,NORMAL,0.207286,3.962335
S00491,L0024,T01,491,26.703967,0.200319,41.168864,823.866769,105.613491,12.058433,0.904456,-0.027353,76.933744,NORMAL,0.150662,6.955799
S00439,L0021,T03,439,28.428599,0.319596,42.146435,822.743541,101.115275,11.063606,1.15687,-0.053152,76.936792,NORMAL,0.197405,6.758922
S00471,L0023,T04,471,28.118289,0.271421,45.974419,818.330849,102.63214,11.798839,0.734256,-0.048784,70.440039,NORMAL,0.077942,9.051262
S00305,L0015,T01,305,28.858825,0.313366,46.006931,811.275496,104.951692,11.641795,0.746655,-0.041805,75.687152,NORMAL,0.143094,6.726405
S00054,L0002,T01,54,26.922356,0.425918,42.717807,872.133811,107.725383,12.280555,1.081827,-0.025275,66.239634,NORMAL,0.361153,9.796536
S00272,L0013,T02,272,29.777854,0.471929,42.994428,846.728581,103.960188,11.431981,0.582418,-0.05005,69.987181,NORMAL,0.273696,9.804118
S00408,L0020,T01,408,25.968859,0.274134,44.887614,841.515751,108.038916,12.614145,0.734015,-0.029409,70.775815,NORMAL,0.22388,5.062367
S00744,L0037,T02,744,28.813159,0.186147,42.409961,823.626267,102.884888,11.354099,0.981456,-0.03027,77.291842,NORMAL,0.141625,-5.350148
S00749,L0037,T01,749,29.923736,0.351333,41.790336,794.77043,104.845087,13.123634,0.335935,-0.029347,76.878461,NORMAL,0.247094,12.529036
S00128,L0006,T01,128,27.784803,0.367948,47.354248,853.363907,99.531126,10.691662,0.930205,-0.036953,74.120001,NORMAL,0.218708,4.184087
S00621,L0031,T02,621,30.475501,0.463338,48.921525,754.195405,102.691284,12.784504,0.729799,-0.037076,68.921451,DRIFT,0.404121,8.601777
S00124,L0006,T02,124,30.150701,0.459754,45.922236,811.373916,102.083082,13.239114,0.792911,-0.041647,71.434476,NORMAL,0.244039,3.057809
S00162,L0008,T02,162,29.330091,0.302336,45.007488,787.350767,107.07314,10.926268,0.867332,-0.035103,77.052192,NORMAL,0.240544,9.628808
S00267,L0013,T01,267,27.564018,0.214238,41.460858,858.998181,108.770915,13.959389,0.827818,-0.042712,73.920228,NORMAL,0.179809,5.547066
S00441,L0022,T01,441,30.956125,0.313128,41.97426,810.08453,108.954808,11.138397,0.972653,-0.044056,73.65298,NORMAL,0.29404,11.779014
S00148,L0007,T03,148,27.477769,0.36235,43.519444,784.81902,99.696755,12.548454,0.916493,-0.036182,72.115783,NORMAL,0.233775,13.664684
S00177,L0008,T01,177,27.018574,0.408469,45.220226,807.185453,111.118594,13.442964,0.826097,-0.02358,64.423189,NORMAL,0.189749,6.509471
S00759,L0037,T01,759,27.75746,0.189356,41.309254,850.17225,110.062401,10.609655,0.980476,-0.026315,63.482281,NORMAL,0.180016,10.338448
S00034,L0001,T03,34,27.529592,0.320408,44.664896,843.659206,109.541131,11.23713,0.83042,-0.043552,72.856997,NORMAL,0.170375,7.409483
S00571,L0028,T02,571,26.675325,0.21462,41.338866,821.80643,108.676165,11.891974,0.711831,-0.048096,74.125489,NORMAL,0.124405,5.184103
S00140,L0007,T03,140,29.471436,0.395523,45.714323,832.997378,105.322935,11.202809,1.01146,-0.042719,72.233793,NORMAL,0.257811,10.641948
S00456,L0022,T02,456,26.662494,0.419594,46.379185,780.882478,105.608514,12.079254,0.93539,-0.045972,72.6389,NORMAL,0.303415,7.796539
S00585,L0029,T03,585,27.338795,0.286538,45.37477,838.832779,105.617864,11.6049,0.28363,-0.038061,67.998634,NORMAL,0.151777,8.751586
S00409,L0020,T03,409,28.136238,,43.74706,787.621825,100.015147,10.836945,0.937636,-0.051632,71.473509,NORMAL,0.169366,7.175025
S00768,L0038,T02,768,29.73135,0.307458,44.126941,833.638981,104.146547,11.659222,0.7397,-0.030034,73.396092,NORMAL,0.19753,4.694607
S00094,L0004,T02,94,30.780385,0.301738,45.979501,805.434847,108.370607,11.018158,0.523295,-0.027532,79.02887,NORMAL,0.250867,8.555189
S00499,L0024,T02,499,28.703763,0.239491,42.397248,797.679452,109.582326,12.500572,0.808861,-0.038017,70.461585,NORMAL,0.153077,6.814353
S00037,L0001,T02,37,26.884739,0.201464,43.671058,825.61381,104.836446,12.42783,0.712539,-0.054792,70.196304,NORMAL,0.120164,5.644664
S00083,L0004,T01,83,26.104796,0.254186,46.182753,821.197995,103.403644,12.951775,0.769301,-0.035487,73.85144,NORMAL,0.161302,9.119094
S00489,L0024,T01,489,28.199961,0.145103,42.115566,741.973052,107.681601,13.008739,0.741385,-0.041943,69.98838,NORMAL,0.241341,10.238255
S00641,L0032,T04,641,33.156411,1.012985,43.662739,880.181264,99.334097,10.755494,1.298271,-0.044588,68.497179,LEAK,0.786088,26.369979
S00574,L0028,T01,574,29.823644,0.474748,43.915805,827.013159,109.699488,11.011162,,-0.036965,74.622906,NORMAL,0.227402,6.194809
S00202,L0010,T03,202,28.008055,0.313878,41.617597,834.787159,105.903475,13.44995,0.75975,-0.043764,71.56151,NORMAL,0.11584,3.79379
S00292,L0014,T04,292,28.170538,0.25623,43.620724,859.326082,104.75691,12.699734,0.844094,-0.040325,70.230249,NORMAL,0.181923,5.811174
S00427,L0021,T02,427,26.682139,0.565283,44.617505,804.069245,99.47162,11.655085,0.921385,-0.03314,69.170791,NORMAL,0.277387,10.89549
S00605,L0030,T02,605,28.638223,0.47887,44.965968,802.336874,103.648646,11.696058,0.812893,-0.045303,74.980537,NORMAL,0.19901,5.764896
S00392,L0019,T01,392,27.354065,0.338417,41.042506,846.927774,101.708497,12.221659,0.980782,-0.036959,70.820712,NORMAL,0.229416,7.419704
S00503,L0025,T01,503,28.329815,0.295568,42.059675,770.104567,105.76942,13.055006,0.696126,-0.046003,71.672209,NORMAL,0.215121,6.655278
S00757,L0037,T01,757,27.745213,0.564393,46.465879,814.517925,102.908354,12.220914,0.872412,-0.042603,72.127951,NORMAL,0.185646,7.850013
S00237,L0011,T01,237,25.678773,0.409111,42.867543,818.407652,108.09757,11.713614,0.567881,-0.028905,72.253915,NORMAL,0.22232,5.417304
S00082,L0004,T01,82,29.438041,0.368407,45.174359,789.006111,104.756943,10.781288,0.989167,-0.037241,72.739341,NORMAL,0.28878,10.226098
S00193,L0009,T03,193,27.787826,0.262494,44.83619,776.709577,103.060192,10.722009,0.542338,-0.042816,70.501325,NORMAL,0.184458,8.458489
S00709,L0035,T01,709,26.880331,0.37232,47.751704,757.278877,109.080383,12.315062,0.831506,-0.047102,70.43154,NORMAL,0.313743,11.240359
S00637,L0031,T01,637,26.588709,0.444663,44.154183,799.993732,103.059978,12.112267,0.723806,-0.049138,68.0235,NORMAL,0.231746,8.74552
S00777,L0038,T02,777,27.725536,0.498225,45.007891,783.869978,102.009729,10.971518,0.856577,-0.026438,71.485534,NORMAL,0.242749,8.588119
S00608,L0030,T01,608,27.584963,0.251932,45.062414,839.17967,103.67865,12.586529,0.571093,-0.048816,66.017301,NORMAL,0.131684,8.507087
S00761,L0038,T01,761,26.792987,0.313807,42.054847,839.951863,101.146919,12.230607,0.830944,-0.041824,70.782878,NORMAL,0.196418,5.275251
S00619,L0030,T01,619,33.032362,1.288849,42.159505,812.398504,101.142424,12.299251,0.780786,-0.049228,75.539397,LEAK,0.592834,16.911724
S00052,L0002,T02,52,27.02359,0.275382,46.055043,831.557056,102.861868,12.513274,0.018597,-0.035927,70.254855,NORMAL,0.146559,1.748696
S00422,L0021,T02,422,29.974248,0.639901,41.081407,800.238025,108.667314,12.383167,0.842555,-0.036065,70.614229,NORMAL,0.318731,10.761859
S00205,L0010,T01,205,28.142545,0.214233,43.37093,768.999825,109.045697,12.535981,0.378931,-0.024494,75.23257,NORMAL,0.188186,9.302649
S00755,L0037,T01,755,30.318818,0.265661,45.060955,853.332745,105.266518,12.092403,,-0.032475,68.516939,DRIFT,0.265688,9.638225
S00451,L0022,T01,451,27.717103,0.182759,42.659394,834.016993,108.498142,11.771463,0.853928,-0.037789,73.210056,NORMAL,0.108359,4.822926
S00729,L0036,T03,729,28.887856,0.545443,44.097129,788.596878,99.051505,11.865665,1.182306,-0.041065,77.642495,NORMAL,0.354838,8.942634
S00751,L0037,T01,751,28.933163,0.415917,44.966582,805.517782,101.793832,11.651486,0.790026,-0.039924,69.70492,NORMAL,0.186843,9.474781
S00225,L0011,T01,225,28.052812,0.411703,45.702919,798.126501,104.891591,10.566633,0.704027,-0.048755,74.57224,NORMAL,0.16025,8.35495
S00236,L0011,T02,236,28.469302,0.206218,43.862167,822.021539,105.881568,12.339685,0.746547,-0.036666,73.787141,NORMAL,0.080073,0.968423
S00286,L0014,T02,286,27.848295,,315.095106,813.829451,103.716827,10.326322,0.968403,-0.053085,76.867012,NORMAL,0.188006,6.430673
S00014,L0000,T01,14,29.005319,0.427499,44.730283,826.689186,105.411226,11.282515,1.074438,-0.037337,68.244939,NORMAL,0.242473,7.53092
S00789,L0039,T03,789,31.965926,0.440597,49.745721,810.599282,107.697244,11.791469,0.719729,-0.037413,73.386106,DRIFT,0.331947,10.570933
S00198,L0009,T01,198,29.197458,0.211522,42.237492,815.947805,109.049392,12.520312,0.360937,-0.047037,75.184983,NORMAL,0.122884,1.204039
S00750,L0037,T03,750,30.374702,0.505933,46.539436,854.693763,109.031366,11.428116,1.162418,-0.046342,70.801274,DRIFT,0.422557,11.449831
S00657,L0032,T01,657,28.713822,0.419291,44.361429,876.06618,107.872793,11.043422,0.619422,-0.043648,74.944327,NORMAL,0.280679,9.695732
S00742,L0037,T01,742,36.626301,1.062976,44.403529,825.813838,93.13102,12.819822,0.982713,-0.039837,78.503733,DRIFT,0.757272,23.660799
S00243,L0012,T02,243,26.579903,0.440719,41.733947,811.089274,101.511593,13.050249,0.810095,-0.033384,,NORMAL,0.205985,4.598878
S00347,L0017,T04,347,31.523277,0.189966,47.842465,805.794716,99.726095,11.62213,0.340087,-0.041937,75.481936,NORMAL,0.259169,10.563539
S00547,L0027,T01,547,30.251484,0.27861,42.780978,829.088831,105.049507,12.406836,0.792536,-0.018946,74.554136,NORMAL,0.204949,8.091607
S00662,L0033,T01,662,26.96641,0.540341,43.852961,797.887727,109.198809,10.969749,0.743055,-0.042912,64.122793,NORMAL,0.242046,5.196524
S00647,L0032,T01,647,27.704531,0.401571,43.240235,795.864225,105.481781,11.508521,0.634613,-0.033036,74.003736,NORMAL,0.175506,9.577991
S00521,L0026,T01,521,27.605336,0.323273,45.920871,870.08024,106.159188,12.85405,0.299016,-0.043333,81.804475,NORMAL,0.225752,12.14919
S00053,L0002,T03,53,26.894815,0.473677,44.513142,826.499747,100.514085,11.455856,0.540251,-0.038594,77.333372,NORMAL,0.189928,6.54716
S00615,L0030,T01,615,26.919408,0.612848,46.892017,792.576608,106.038427,11.809945,1.265236,-0.03968,74.806575,DRIFT,0.392109,8.422018
S00307,L0015,T03,307,25.992868,0.396194,43.630196,807.445979,111.283874,13.192431,0.831839,-0.046555,71.303089,NORMAL,0.23875,8.388687
S00263,L0013,T01,263,29.139706,0.240994,45.032119,797.128667,105.734293,12.086151,0.966657,-0.028067,76.631519,NORMAL,0.216076,1.554923
S00425,L0021,T01,425,28.247005,0.417728,45.114685,845.160825,107.357031,12.204591,0.912377,-0.038147,73.901716,NORMAL,0.207778,7.682344
S00560,L0028,T02,560,27.763349,0.558711,43.997866,764.243964,105.479154,12.166965,0.612752,-0.037334,68.905983,NORMAL,0.2909,7.346177
S00565,L0028,T04,565,27.197829,0.411725,41.725232,855.797526,101.776899,9.834304,0.833754,-0.040992,77.310795,NORMAL,0.240972,7.703169
S00040,L0002,T01,40,26.507829,0.3219,42.524908,851.967526,102.552493,11.641895,0.955531,-0.03049,72.127158,NORMAL,0.273885,12.129802
S00246,L0012,T04,246,28.118767,0.473015,44.899279,810.027092,100.098142,11.507976,0.567816,-0.037557,73.965916,NORMAL,0.149124,6.370354
S00781,L0039,T01,781,30.513252,0.332709,44.302356,779.669895,106.507794,12.799011,0.757657,-0.060984,79.251782,NORMAL,0.309665,11.196798
S00412,L0020,T01,412,28.690074,0.293607,43.96894,814.583958,101.164172,13.132692,0.786567,-0.034453,70.09457,NORMAL,0.121446,9.092785
S00097,L0004,T01,97,27.862378,0.383325,39.929465,796.006391,105.593162,10.692535,0.867827,-0.047146,70.825748,NORMAL,0.179653,4.409236
S00092,L0004,T01,92,29.845157,0.141342,43.460158,820.189251,103.74522,12.606954,0.901985,-0.026415,76.043048,NORMAL,0.153563,7.020673
S00016,L0000,T01,16,28.413928,0.316972,41.311428,804.381617,106.032255,12.985278,0.761226,-0.052453,70.949473,NORMAL,0.138985,3.939365
S00492,L0024,T02,492,35.4901,1.212968,42.635315,829.329376,97.087431,12.524459,0.928654,-0.024247,,LEAK,0.733234,25.316532
S00220,L0011,T02,220,28.327414,0.441734,45.38307,807.132386,108.746378,11.400138,0.90884,-0.033327,74.713287,NORMAL,0.186183,8.66173
S00416,L0020,T04,416,28.216623,0.268243,46.933669,810.140673,108.21423,13.472024,0.945045,-0.048176,74.592685,NORMAL,0.138802,3.42111
S00534,L0026,T04,534,29.202237,0.27951,42.491375,858.821902,103.363884,13.226117,0.62663,-0.035998,67.792089,NORMAL,0.227044,2.855199
S00043,L0002,T01,43,26.231447,0.144104,44.954722,854.214302,105.819408,12.165674,0.697513,-0.040231,77.26192,NORMAL,0.209989,7.199048
S00234,L0011,T01,234,28.000586,0.317689,44.749248,846.338104,101.654072,13.279719,0.957672,-0.042618,79.515672,NORMAL,0.184715,6.760136
S00133,L0006,T04,133,31.049447,0.305417,42.270185,844.330574,106.384362,13.217393,1.197316,-0.052545,75.03048,NORMAL,0.388982,15.796607
S00379,L0018,T01,379,29.095833,0.312782,46.54134,835.074234,100.491987,12.296449,0.714966,-0.026653,72.071253,NORMAL,0.170673,6.316117
S00279,L0013,T01,279,29.171911,0.348279,46.292929,820.591066,103.644397,11.578915,0.740702,-0.053403,68.915384,NORMAL,0.147143,7.239956
S00668,L0033,T03,668,28.044321,0.420255,43.554419,831.683288,107.672701,12.009654,0.803665,-0.050961,68.2298,NORMAL,0.137404,5.378285
S00642,L0032,T03,642,27.419013,0.31645,44.760824,785.537355,102.616036,13.008706,0.61402,-0.047714,71.53044,NORMAL,0.194318,7.090161
S00410,L0020,T03,410,26.107117,0.541389,45.756381,844.669066,108.372153,12.047382,0.630942,-0.029656,,NORMAL,0.291664,12.917843
S00604,L0030,T01,604,26.623288,0.380093,41.89999,818.624094,103.127587,12.004928,0.342619,-0.034978,78.515997,NORMAL,0.167299,12.548146
S00204,L0010,T01,204,27.849103,0.437396,42.501726,835.801376,105.865916,11.514692,0.771361,-0.040107,72.442061,NORMAL,0.156397,5.236698
S00799,L0039,T01,799,32.837862,1.279206,46.032222,824.056539,101.682632,,1.096324,-0.038723,66.079952,LEAK,0.645917,20.799602
S00600,L0030,T01,600,29.627791,0.354005,45.423854,849.453286,107.852746,11.660466,0.774045,-0.056149,77.784933,NORMAL,0.243524,4.199875
S00169,L0008,T01,169,28.699133,0.370594,43.664326,809.783958,105.540206,10.898136,0.70876,-0.0387,74.259054,NORMAL,0.153145,7.673496
S00303,L0015,T01,303,28.957245,0.314123,42.824524,804.343297,106.666001,10.87151,0.959738,-0.038912,75.027276,NORMAL,0.205469,7.902122
S00381,L0019,T01,381,27.357716,0.292694,43.441695,834.479933,101.713388,12.340579,0.696777,-0.04646,73.785875,NORMAL,0.141487,9.578268
S00683,L0034,T01,683,27.348235,0.401151,42.190035,800.367613,110.133854,13.427121,0.845214,-0.026154,70.829639,NORMAL,0.19326,6.167694
S00340,L0017,T01,340,29.485469,0.372444,48.725269,795.691331,111.70275,13.626364,0.727726,-0.047528,77.498177,NORMAL,0.228156,9.793791
S00620,L0031,T02,620,30.280877,0.474338,44.812248,811.174502,102.851716,10.872578,0.764707,-0.038488,71.00405,NORMAL,0.254692,9.483079
S00653,L0032,T03,653,29.126151,0.273384,42.203883,817.89522,105.453031,11.373383,0.677268,-0.024454,78.406112,NORMAL,0.129916,5.765579
S00262,L0013,T03,262,28.596499,0.212189,46.098855,804.596753,102.833153,11.798189,0.617786,-0.022161,67.91707,NORMAL,0.12138,2.605666
S00404,L0020,T01,404,27.138354,0.293794,44.128287,788.406649,105.505843,11.80924,0.894047,-0.041831,73.580173,NORMAL,0.219026,8.414584
S00322,L0016,T03,322,28.9403,0.256267,41.24788,818.890256,102.853439,11.396759,0.676524,-0.060659,77.621342,NORMAL,0.113856,4.531691
S00633,L0031,T01,633,28.624008,0.361365,44.151543,824.178521,105.408454,13.561394,0.949138,-0.050769,72.004922,NORMAL,0.169272,6.777382
S00167,L0008,T02,167,28.576906,0.25553,46.517523,852.917687,103.681504,12.665882,0.667857,-0.042473,78.889607,NORMAL,0.175022,2.622249
S00166,L0008,T01,166,28.558275,0.46577,45.079726,837.149054,104.495495,13.144212,0.6707,-0.040151,74.571678,NORMAL,0.187229,8.350576
S00275,L0013,T02,275,29.182373,0.423619,43.390968,817.644915,97.610939,12.398215,0.676813,-0.045556,67.172611,NORMAL,0.170911,8.922336
S00535,L0026,T02,535,28.166734,0.135051,45.427854,793.930058,105.029239,11.412298,1.4102,-0.047696,71.635811,NORMAL,0.259824,9.90877
S00380,L0019,T01,380,28.467882,0.350588,46.821834,820.466449,107.648059,11.620672,0.52774,-0.041858,71.514213,NORMAL,0.112207,0.465826
S00622,L0031,T02,622,26.611548,0.45295,43.008709,811.584572,103.243122,11.95301,1.035403,-0.042766,68.621589,NORMAL,0.262549,5.854763
S00046,L0002,T03,46,31.662486,0.419414,42.749748,785.195337,105.376219,11.92859,0.531486,-0.049791,74.895631,NORMAL,0.374989,11.890063
S00059,L0002,T02,59,29.678323,0.445158,40.904138,821.739881,109.595463,12.778388,0.88565,-0.031384,71.757036,NORMAL,0.220968,7.214498
S00431,L0021,T04,431,28.770012,0.38248,45.882162,823.392227,102.651901,11.760256,0.68243,-0.024922,75.090501,NORMAL,0.142601,7.368615
S00671,L0033,T01,671,28.474421,0.479743,43.379883,835.080741,100.769107,12.03792,0.744278,-0.023981,78.322562,NORMAL,0.181359,14.479175
S00025,L0001,T03,25,28.382115,0.16666,42.455419,808.563237,104.223766,11.318244,0.488188,-0.032262,67.848158,NORMAL,0.089363,4.955912
S00009,L0000,T01,9,28.737381,0.30944,45.284026,796.719619,102.258508,12.944639,0.596238,-0.056537,73.723007,NORMAL,0.17243,4.857909
S00004,L0000,T01,4,32.383891,1.292817,41.537954,844.916663,94.683522,12.784482,1.030155,-0.048251,70.91712,LEAK,0.662229,20.308894
S00145,L0007,T01,145,30.101711,0.488114,45.726488,827.156188,105.446986,12.074134,0.725686,-0.031362,70.642244,NORMAL,0.245004,11.510336
S00753,L0037,T01,753,29.498567,0.324876,43.288877,833.530151,108.108135,11.309206,0.785314,-0.029295,74.526696,NORMAL,0.189973,10.121384
S00360,L0018,T01,360,28.382549,0.353242,44.677747,811.246112,103.077274,10.668504,0.642235,-0.060343,75.542284,NORMAL,0.129323,9.211703
S00713,L0035,T01,713,28.87815,,44.012298,800.999336,109.419945,10.927378,0.566209,-0.043788,69.657727,NORMAL,0.188957,7.270912
S00344,L0017,T01,344,29.207595,0.373467,44.825022,829.695883,101.55538,12.674898,1.013569,-0.030111,72.735118,NORMAL,0.231378,7.052675
S00498,L0024,T01,498,26.751491,0.297392,45.670651,830.472924,108.688262,11.98875,1.0222,-0.041655,73.153362,NORMAL,0.218506,8.669655
S00701,L0035,T01,701,27.143835,0.228317,44.350417,784.620016,105.48426,,0.806786,-0.027032,74.743037,NORMAL,0.190034,8.122087
S00529,L0026,T01,529,25.959668,0.36168,47.452584,790.872542,102.021698,12.482134,0.326799,-0.032879,73.043913,NORMAL,0.265255,8.9256
S00428,L0021,T01,428,28.541214,0.434131,44.926093,823.421647,111.850923,12.386184,0.995006,-0.042546,70.45363,NORMAL,0.192899,5.854127
S00045,L0002,T03,45,28.455208,0.563447,46.618909,853.266095,108.715845,11.904682,0.865696,-0.039975,76.180756,NORMAL,0.263211,12.125666
S00102,L0005,T01,102,27.395585,0.197579,43.867305,846.13047,102.924081,10.741693,0.945407,-0.053409,75.857998,NORMAL,0.181294,8.352185
S00086,L0004,T01,86,26.691896,0.129713,44.623558,893.591547,101.859554,12.756501,0.517277,-0.044422,76.081173,NORMAL,0.281812,3.950325
S00008,L0000,T03,8,27.814157,0.333657,45.30034,804.609253,104.618559,12.084722,0.52057,-0.043757,73.567315,NORMAL,0.131183,0.14091
S00115,L0005,T01,115,27.503476,0.226809,42.743281,815.192166,107.700484,12.622037,0.893428,-0.040045,73.808697,NORMAL,0.116905,8.549522
S00555,L0027,T04,555,28.912133,0.480624,46.3739,792.402306,110.029095,13.087404,1.076698,-0.04888,76.190512,NORMAL,0.303931,13.18592
S00353,L0017,T01,353,26.547156,0.658453,45.411908,845.608361,104.311142,10.655556,1.021635,-0.029161,74.573342,NORMAL,0.356685,12.962651
S00354,L0017,T01,354,27.470923,0.187974,42.692352,847.736803,100.469477,13.223585,0.648077,-0.070874,70.852604,NORMAL,0.142789,2.586959
S00511,L0025,T01,511,28.028025,0.342559,43.892743,776.508788,106.627538,14.692135,0.80436,-0.036171,74.337159,NORMAL,0.196859,10.31272
S00682,L0034,T02,682,26.468777,0.373891,43.456916,,100.581123,11.408131,0.437023,-0.03272,73.303628,NORMAL,0.244432,7.257805
S00458,L0022,T01,458,27.498207,0.26563,44.892637,836.550929,108.502069,11.909986,0.910316,-0.041099,72.842091,NORMAL,0.160454,1.00998
S00786,L0039,T03,786,25.568946,0.320535,42.31548,829.336139,110.202065,10.314907,0.573783,-0.030708,70.40908,NORMAL,0.225027,5.344134
S00553,L0027,T02,553,28.884679,0.329493,43.820768,801.073439,103.15096,12.023056,1.277729,,72.741826,NORMAL,0.293356,9.936227
S00288,L0014,T02,288,27.829955,0.422577,45.114393,823.439959,105.058678,11.889758,0.857723,-0.037728,71.440428,NORMAL,0.137177,3.079051
S00754,L0037,T01,754,26.006208,0.465136,44.491158,790.580939,106.977517,11.458849,1.026712,-0.044558,,NORMAL,0.346199,12.106132
S00497,L0024,T04,497,27.367087,0.24582,44.756522,807.589446,102.106877,11.75971,0.868543,-0.036438,81.838365,NORMAL,0.141263,6.359765
S00349,L0017,T04,349,27.33871,0.264764,46.795032,848.570748,106.74671,13.035864,0.882076,-0.024691,76.053371,NORMAL,0.191201,4.688374
S00116,L0005,T03,116,28.991432,0.402681,44.0869,810.914596,106.498116,11.06682,,-0.021305,75.95173,NORMAL,0.230482,8.324378
S00317,L0015,T01,317,30.14757,0.382189,44.57125,830.970144,106.907419,10.562975,0.493796,-0.060111,66.871385,NORMAL,0.230351,6.000177
S00323,L0016,T01,323,32.164832,1.291025,43.681838,780.521626,97.023961,11.343381,0.486217,-0.030237,76.179244,LEAK,0.629694,19.987004
S00211,L0010,T01,211,28.387423,0.170849,44.85262,839.744225,102.539077,12.291387,1.221251,-0.045644,73.334443,NORMAL,0.216757,11.415645
S00057,L0002,T01,57,25.749772,0.551122,42.899958,797.095789,108.979007,11.586745,1.028423,-0.0523,68.028128,NORMAL,0.364658,13.555124
S00363,L0018,T01,363,28.79881,0.280166,46.824818,871.301219,101.62296,12.21743,0.959291,-0.033486,62.396177,NORMAL,0.278058,7.837954
S00374,L0018,T01,374,26.841753,,42.67536,814.25576,107.532992,12.08319,0.913511,-0.040224,74.410708,NORMAL,0.166685,5.28963
S00538,L0026,T01,538,27.554013,0.347488,43.427931,860.578798,103.879558,12.221286,0.868233,-0.045942,79.211609,NORMAL,0.227677,7.23311
S00131,L0006,T03,131,26.891897,0.379952,45.349298,822.143112,104.77558,11.928763,0.642757,-0.031217,79.631857,NORMAL,0.155751,10.009709
S00516,L0025,T03,516,25.828198,0.471691,43.191303,844.112946,105.584457,12.810915,0.815248,-0.061111,73.059773,NORMAL,0.290607,6.164681
S00129,L0006,T02,129,28.621393,0.414325,43.63033,798.168079,108.189851,10.77052,0.800487,-0.03894,76.722714,NORMAL,0.189353,9.093493
S00184,L0009,T02,184,29.416084,0.479561,43.721269,828.793513,105.157292,11.395405,0.511088,-0.034739,74.85438,NORMAL,0.212678,7.910629
S00584,L0029,T01,584,31.673046,1.205944,44.464699,831.683803,97.178271,11.531681,1.163285,-0.044582,77.569048,LEAK,0.605169,17.205815
S00630,L0031,T01,630,27.216718,0.53319,42.144318,784.796501,113.075125,13.048952,0.60331,-0.040612,71.108251,NORMAL,0.26047,13.065299
S00745,L0037,T03,745,27.759321,0.446223,42.675805,774.956621,107.367688,11.884682,0.70443,-0.035851,69.445051,NORMAL,0.236198,7.255764
S00710,L0035,T01,710,26.67224,0.334652,42.860661,831.459149,103.653577,12.459051,0.646625,-0.051216,68.761582,NORMAL,0.178699,9.962012
S00346,L0017,T02,346,29.120789,0.438615,44.758201,822.732064,107.308566,13.071933,0.673857,-0.037818,74.794362,NORMAL,0.172523,9.900342
S00173,L0008,T04,173,28.208353,0.410122,45.899665,821.201943,107.071363,11.729073,0.793683,-0.03267,71.728873,NORMAL,0.115953,6.355467
S00469,L0023,T03,469,28.777124,0.160337,44.813654,796.412332,104.719495,11.335949,,-0.040787,70.605045,NORMAL,0.13791,5.530935
S00179,L0008,T02,179,26.691942,0.216774,43.150909,841.328161,104.286995,11.254327,0.516695,-0.053167,77.705851,NORMAL,0.172917,5.765244
S00047,L0002,T02,47,28.509106,0.270292,42.408298,816.866565,103.593087,11.61653,0.919717,-0.03786,74.762588,NORMAL,0.130791,4.837491
S00099,L0004,T01,99,28.504857,0.132844,43.074467,840.911852,105.936317,12.338708,0.538738,-0.045377,69.326607,DRIFT,0.110733,4.467182
S00108,L0005,T01,108,29.32884,0.22474,45.501944,805.831458,99.45596,11.025359,,-0.036109,71.705373,NORMAL,0.209014,7.441551
S00567,L0028,T01,567,27.782901,0.341222,42.922739,795.958437,104.253531,11.629948,0.876442,-0.036191,70.6568,NORMAL,0.175375,8.295252
S00638,L0031,T03,638,28.661966,0.408389,45.589008,820.549595,105.654912,11.455172,0.80161,-0.043202,71.691713,NORMAL,0.136972,7.256836
S00227,L0011,T02,227,27.737466,0.391338,42.913041,801.623703,108.988196,11.404473,0.433618,-0.039793,66.409149,DRIFT,0.156902,4.871273
S00474,L0023,T03,474,28.277787,0.209262,45.17652,822.254764,108.628007,11.80861,0.881404,-0.02614,69.494171,NORMAL,0.092193,6.914736
S00551,L0027,T02,551,,0.329326,42.423713,790.717744,104.587909,11.567788,0.807494,-0.023682,79.339816,NORMAL,0.165321,5.986786
S00384,L0019,T01,384,28.636653,0.406029,,792.030111,99.461707,12.857305,1.16028,-0.053553,67.490879,NORMAL,0.293335,15.659585
S00610,L0030,T01,610,27.658252,0.29729,44.40946,786.082382,108.201368,11.458521,0.743944,-0.038225,74.785019,NORMAL,0.176204,5.400621
S00239,L0011,T02,239,29.059429,0.263964,43.968796,808.693899,107.570828,12.927523,0.894372,-0.053543,70.676341,NORMAL,0.170821,6.081115
S00573,L0028,T03,573,25.313228,0.572601,44.101367,805.619948,104.000649,13.243213,0.682744,-0.036791,68.230284,NORMAL,0.313439,12.066216
S00737,L0036,T03,737,29.029543,0.188963,319.568805,787.342866,103.955334,10.367837,0.757721,-0.061946,70.654558,NORMAL,0.180361,7.065946
S00446,L0022,T02,446,28.787143,0.389192,43.292486,772.468493,103.945589,12.625948,0.744503,-0.033909,73.686058,NORMAL,0.255484,3.521221
S00559,L0027,T02,559,26.467243,0.301755,42.9179,837.290933,109.237643,11.921811,1.111408,-0.028323,78.465917,NORMAL,0.273156,12.7707
S00694,L0034,T01,694,27.977026,0.290279,43.677981,838.085624,108.160878,11.450157,1.18194,-0.039311,71.992714,NORMAL,0.214417,8.591005
S00793,L0039,T01,793,28.039335,0.424298,44.392738,798.772955,106.472065,,1.095574,-0.027945,,NORMAL,0.235002,6.431506
S00265,L0013,T01,265,27.596236,0.432606,39.652874,796.603158,110.166717,12.72419,1.206067,-0.051441,69.143677,NORMAL,0.288349,7.787111
S00675,L0033,T02,675,26.494434,0.345199,44.006012,814.202584,107.028909,12.151869,0.767825,-0.048283,77.816317,NORMAL,0.176072,5.360505
S00587,L0029,T01,587,33.522203,1.184892,43.449562,794.612249,92.715264,10.990756,0.430187,-0.037348,74.636513,LEAK,0.635802,20.848287
S00174,L0008,T01,174,28.109519,0.62216,44.567165,850.220687,110.071599,11.097429,0.429167,-0.046334,73.58176,NORMAL,0.236568,13.577686
S00071,L0003,T01,71,27.746208,0.506592,45.439736,863.781766,102.428977,12.18545,0.885425,-0.046852,,NORMAL,0.270148,11.731537
S00371,L0018,T01,371,33.561167,1.234682,,,95.930035,12.00823,0.820822,-0.036572,77.816386,LEAK,0.670558,20.871716
S00020,L0001,T03,20,27.843528,0.34061,42.98638,800.698761,102.989125,10.992808,0.593677,-0.042369,74.900043,NORMAL,0.141229,4.961772
S00172,L0008,T01,172,29.095235,0.230263,44.123577,849.27321,107.496667,11.222735,0.927011,-0.033782,72.650623,NORMAL,0.217263,5.298778
S00214,L0010,T02,214,27.282708,0.326773,41.978293,813.884513,108.123103,12.785693,1.228231,-0.04787,74.252553,NORMAL,0.239904,7.405691
S00055,L0002,T04,55,29.681555,0.370282,44.191649,806.729911,106.992228,12.100231,0.64004,-0.038103,74.83118,NORMAL,0.209823,7.593561
S00510,L0025,T03,510,30.608894,0.401663,45.070864,840.316974,107.020522,13.725645,1.255209,-0.0282,67.288364,NORMAL,0.395455,16.83195
S00635,L0031,T01,635,,,45.284419,812.898982,102.691925,10.809205,0.705946,-0.03606,72.804044,NORMAL,0.173112,4.322379
S00042,L0002,T01,42,25.835219,0.384229,43.237026,794.861568,109.874698,13.821412,0.701992,-0.033952,70.214697,NORMAL,0.267142,3.105921
S00207,L0010,T01,207,29.749128,0.288743,44.901966,881.264941,101.899626,12.606749,0.438889,-0.046837,68.72684,NORMAL,0.312805,11.751052
S00624,L0031,T04,624,27.79527,0.178527,44.737224,789.822161,100.411032,12.632518,0.78982,-0.03941,73.303501,NORMAL,0.130313,7.297122
S00774,L0038,T03,774,28.170943,0.404489,40.218054,824.795248,103.753586,11.35731,0.815896,-0.049759,66.810022,NORMAL,0.125632,6.134114
S00269,L0013,T04,269,32.467528,1.179663,47.45017,811.480578,95.348881,11.894069,1.187001,-0.025917,70.077856,LEAK,0.636341,25.509764
S00628,L0031,T04,628,30.236575,0.227504,50.037027,794.447156,106.276283,11.285941,0.38755,-0.05414,75.296507,DRIFT,0.232587,11.447935
S00247,L0012,T02,247,28.315445,0.407052,42.076975,826.200509,106.149316,12.743135,0.472583,-0.048402,71.41848,NORMAL,0.133036,3.029173
S00219,L0010,T01,219,26.809001,0.184944,42.546291,803.79007,107.792848,11.167926,1.009791,-0.038668,69.782966,NORMAL,0.198759,9.421313
S00486,L0024,T03,486,28.546132,0.438567,44.140297,785.359415,105.057142,12.145887,0.744736,-0.048046,80.106083,NORMAL,0.22355,3.951278
S00187,L0009,T03,187,29.443198,0.21475,41.75236,813.733849,103.599742,10.367301,0.563592,-0.052801,73.287614,NORMAL,0.141513,7.740525
S00696,L0034,T02,696,27.537827,0.211607,43.212558,835.574004,98.200666,12.046063,0.708443,-0.05273,71.172042,NORMAL,0.114946,10.446677
S00512,L0025,T01,512,26.263187,0.389067,43.441662,840.017838,99.208824,13.772459,1.239697,-0.037069,71.072976,NORMAL,0.344076,9.7238
S00719,L0035,T01,719,27.632303,0.558146,41.569891,777.234416,106.662903,12.821988,0.96417,-0.048715,67.230966,NORMAL,0.305878,8.158724
S00089,L0004,T01,89,27.657355,0.260961,43.015113,840.513871,105.103908,10.537101,0.923715,-0.048383,68.605065,NORMAL,0.164586,9.317613
S00599,L0029,T01,599,29.282141,0.171473,42.144799,803.473311,106.059321,12.722668,0.715551,-0.046349,73.945793,NORMAL,0.148292,6.278695
S00602,L0030,T01,602,27.556444,0.276615,42.677144,867.62613,101.049513,12.235229,0.636575,-0.049302,68.685339,NORMAL,0.210397,6.14004
S00463,L0023,T01,463,28.513019,0.478823,41.243895,797.667271,105.532299,11.900622,0.829999,-0.033976,69.444057,NORMAL,0.208688,8.618864
S00387,L0019,T03,387,25.397427,0.507125,45.149075,832.974793,103.609708,12.172711,0.777207,-0.035972,79.027007,NORMAL,0.289347,10.844203
S00444,L0022,T02,444,26.818212,0.28954,44.609192,790.644859,102.927574,13.64149,1.12291,-0.03049,72.939067,NORMAL,0.28559,11.453348
S00209,L0010,T01,209,29.25489,0.13562,44.188187,852.127068,104.162625,12.459051,1.185418,-0.030949,76.078029,NORMAL,0.273322,11.15841
S00784,L0039,T03,784,27.812675,0.321302,43.468205,794.768868,108.691934,11.029886,1.239544,-0.048609,68.504066,NORMAL,0.262656,10.693347
S00407,L0020,T01,407,29.043971,0.480017,41.756711,832.524756,113.316368,12.293354,0.967313,-0.031598,74.332087,NORMAL,0.245343,11.455336
S00295,L0014,T01,295,25.463464,0.32273,44.300591,830.616704,103.544105,10.916676,0.845988,-0.048186,69.419234,NORMAL,0.245548,9.280929
S00294,L0014,T01,294,25.961914,0.04076,43.960139,810.641703,99.705399,11.73466,0.971914,-0.042396,,NORMAL,0.178469,3.19761
S00706,L0035,T01,706,26.149291,0.475288,44.202985,839.188968,106.091344,11.724408,1.002879,-0.050487,72.075341,NORMAL,0.31005,12.300814
S00382,L0019,T01,382,27.713927,0.363631,43.691126,836.459026,111.956583,13.967185,1.016558,-0.058649,73.463003,NORMAL,0.200498,5.419507
S00291,L0014,T02,291,28.415515,0.505149,43.870836,799.753944,103.053443,12.209572,0.880329,-0.047911,70.877645,NORMAL,0.21776,5.628475
S00194,L0009,T01,194,28.907619,0.268311,43.849482,851.441041,106.996769,11.381038,0.94949,-0.03175,77.290936,NORMAL,0.228434,5.831549
S00569,L0028,T04,569,28.635538,0.592125,44.778958,831.028653,106.38485,13.368218,0.575202,-0.020077,73.314349,NORMAL,0.20738,3.892994
S00376,L0018,T01,376,27.055046,0.425396,41.605739,840.022283,104.879399,,0.841868,-0.046763,69.1191,NORMAL,0.214119,5.341215
S00316,L0015,T01,316,27.717568,0.509685,45.478733,849.324015,108.306305,11.512904,0.798348,-0.025541,71.645555,NORMAL,0.214853,5.789866
S00549,L0027,T01,549,26.336518,0.406443,44.688951,815.816702,103.67169,12.806416,0.844637,-0.027174,73.930433,NORMAL,0.206402,8.028672
S00434,L0021,T03,434,29.596942,0.441404,44.05729,827.563063,107.796031,12.609391,0.77099,-0.039236,71.990322,NORMAL,0.209106,7.220532
S00023,L0001,T01,23,28.98713,0.396609,42.426188,804.60049,100.134887,11.658038,0.561463,-0.033978,69.419972,NORMAL,0.187008,10.915869
S00526,L0026,T01,526,30.108409,0.363355,42.949886,823.859701,103.953892,11.398257,0.446872,-0.042191,71.881258,NORMAL,0.205908,12.937565
S00449,L0022,T01,449,28.265998,0.368776,43.016263,806.012431,104.979231,11.338152,0.745568,-0.063355,72.87706,NORMAL,0.140463,7.522185
S00121,L0006,T02,121,27.928148,0.411262,41.434128,836.585688,99.633319,11.259341,0.992496,-0.030803,74.872265,NORMAL,0.195996,8.440861
S00572,L0028,T01,572,26.721106,0.508271,43.254703,810.594461,102.951518,12.493136,1.110843,-0.045463,78.579088,NORMAL,0.292237,9.747923
S00679,L0033,T01,679,28.992806,0.427157,41.401997,787.524013,108.818767,11.611135,0.815525,-0.039881,76.804201,NORMAL,0.241501,10.955491
S00674,L0033,T01,674,28.499298,0.333851,43.647547,844.003235,106.276075,12.418102,1.149374,-0.041383,74.744144,NORMAL,0.255779,9.654142
S00658,L0032,T01,658,28.666336,0.447193,41.739721,779.961966,96.605326,13.030048,1.022668,-0.045914,72.256266,NORMAL,0.300877,13.614719
S00143,L0007,T02,143,32.068248,1.161073,44.79252,803.925668,99.198628,10.615601,0.78581,-0.026808,68.750365,LEAK,0.533867,21.630716
S00785,L0039,T01,785,25.190614,0.451285,42.415834,817.356864,104.78037,11.742865,0.724259,-0.03677,67.873434,NORMAL,0.259898,9.248878
S00099,L0004,T01,99,28.504857,0.132844,43.074467,840.911852,105.936317,12.338708,0.538738,-0.045377,69.326607,DRIFT,0.110733,4.467182
S00403,L0020,T01,403,29.675284,0.307841,43.127038,813.565421,100.488145,10.854901,0.813122,-0.038903,80.706208,NORMAL,0.180091,7.932268
S00176,L0008,T02,176,26.823201,0.355254,44.205,834.844941,109.305525,12.122452,0.535459,-0.041516,64.92511,NORMAL,0.184766,7.822747
S00248,L0012,T04,248,27.619551,0.576573,44.608094,842.05336,107.634276,10.570123,0.839091,-0.045873,65.027941,NORMAL,0.228072,8.380712
S00652,L0032,T01,652,30.732065,0.507658,46.789525,831.114838,103.410009,11.688722,0.971075,-0.043279,71.119883,DRIFT,0.334074,11.247368
S00676,L0033,T02,676,29.339613,0.349601,43.861569,807.804164,105.367441,12.388788,1.045219,-0.042523,75.287299,NORMAL,0.246175,6.852152
S00081,L0004,T01,81,30.355288,0.294296,44.317703,815.279293,102.753674,11.444253,0.788187,-0.019615,70.987902,NORMAL,0.20314,11.240772
S00645,L0032,T01,645,30.246318,0.498337,46.997507,831.978901,100.217081,12.096379,0.948203,-0.044196,67.947971,DRIFT,0.303898,11.125527
S00377,L0018,T01,377,29.374697,0.361531,46.021889,840.600957,105.583153,11.241498,0.95765,-0.029411,71.989373,NORMAL,0.250032,7.755506
S00146,L0007,T01,146,31.998904,1.16346,44.205421,823.329532,98.031749,11.755121,0.508958,-0.032355,74.843346,LEAK,0.499134,16.356931
S00226,L0011,T01,226,28.006137,0.441291,43.237091,848.337952,105.156424,11.746899,1.370093,-0.03982,69.501213,NORMAL,0.323998,7.481305
S00455,L0022,T04,455,27.931948,0.30706,40.994765,831.20813,108.826408,11.792711,0.861808,-0.031515,74.920597,NORMAL,0.12364,2.26598
S00375,L0018,T01,375,28.271399,0.353159,43.353806,804.971084,108.277886,12.048946,0.93442,-0.048212,69.084995,NORMAL,0.173037,6.829632
S00378,L0018,T01,378,28.42951,0.5382,43.115979,820.347061,102.717488,12.101686,1.108813,-0.043612,67.094473,NORMAL,0.234096,11.790946
S00714,L0035,T04,714,28.595158,0.411047,41.642118,789.759435,102.078614,11.662482,0.819303,-0.046674,68.112605,NORMAL,0.212947,8.21612
S00593,L0029,T01,593,29.442874,0.503638,46.03261,817.535457,107.55517,11.822269,1.273939,-0.03289,73.981882,NORMAL,0.322699,11.252074
S00200,L0010,T02,200,27.600489,0.389941,47.125019,819.608247,105.538405,13.171693,0.432837,-0.030228,66.332161,NORMAL,0.11844,2.679173
S00586,L0029,T04,586,25.762199,0.511761,40.974119,833.401859,109.596528,12.039343,0.668024,-0.053979,72.75381,NORMAL,0.273335,8.980198
S00720,L0036,T01,720,28.667149,0.442767,42.958713,834.440776,100.355537,13.00027,0.890492,-0.038029,71.768496,NORMAL,0.202774,3.922794
S00362,L0018,T01,362,27.380012,0.496421,47.203165,811.663441,109.069973,11.599806,0.739121,-0.042444,77.148959,NORMAL,0.175946,10.584479
S00241,L0012,T01,241,27.912323,0.346505,44.870444,845.404922,112.476887,11.750732,1.410005,-0.024069,63.023135,NORMAL,0.307024,12.169704
S00314,L0015,T04,314,28.906267,0.331386,42.581909,804.939469,103.300386,11.52068,0.973621,-0.030216,73.443567,NORMAL,0.209216,5.875336
S00022,L0001,T01,22,33.066538,1.34253,43.19082,812.341791,99.215892,13.033156,0.722909,-0.050999,71.599396,LEAK,0.608105,19.366335
S00429,L0021,T01,429,28.422382,0.29949,44.681282,794.861432,104.783692,11.250843,0.709502,-0.041487,,NORMAL,0.158838,5.429587
S00402,L0020,T02,402,27.474204,0.329081,43.309059,797.640684,105.709801,13.662883,0.935559,-0.025786,74.079624,NORMAL,0.198348,9.577168
S00465,L0023,T04,465,27.80352,0.480478,45.443196,820.021237,98.468532,12.384066,0.890492,-0.044393,72.838161,NORMAL,0.15262,7.514696
S00588,L0029,T01,588,27.565693,0.257988,41.498239,816.093057,98.973183,12.059044,0.975834,-0.039087,,NORMAL,0.139938,8.680638
S00072,L0003,T01,72,29.254834,0.180421,41.301386,833.48698,104.991604,12.521902,0.7256,-0.049569,67.458943,NORMAL,0.141565,4.246512
S00437,L0021,T02,437,26.893329,0.294608,41.784099,829.927104,104.064672,10.960798,0.724943,-0.054616,76.940119,NORMAL,0.153803,6.272048
S00132,L0006,T01,132,26.933536,0.273697,42.395805,802.613474,101.904312,12.921779,0.684733,-0.039817,69.778337,NORMAL,0.165214,7.304206
S00666,L0033,T03,666,35.465874,1.276495,47.71294,846.198885,96.052522,13.447948,1.017983,-0.037626,68.813154,DRIFT,0.812411,26.044194
S00670,L0033,T02,670,29.788117,0.211163,43.597574,815.472215,104.241392,12.817173,0.962259,-0.027908,70.288603,DRIFT,0.194081,5.269133
S00727,L0036,T01,727,29.392769,0.297703,43.339874,786.931523,103.781181,13.656845,0.902566,-0.041617,72.716721,NORMAL,0.252377,10.676727
S00581,L0029,T01,581,33.59076,1.18561,45.172277,808.444327,97.774214,11.271457,0.818163,-0.03477,72.288863,LEAK,0.609371,14.999821
S00368,L0018,T01,368,28.246932,0.467537,43.014885,859.806947,101.620012,12.713518,0.727841,-0.049716,65.144318,NORMAL,0.228748,9.599128
S00078,L0003,T02,78,31.850372,1.122361,43.003158,822.898194,100.218777,11.098793,0.77177,-0.052661,76.965624,LEAK,0.480354,14.143959
S00562,L0028,T02,562,29.441518,0.362079,40.662337,826.820822,101.739291,12.335063,0.900097,-0.038202,79.177102,NORMAL,0.204672,5.904689
S00539,L0026,T01,539,27.482624,0.12036,43.462327,831.365198,104.062638,11.704531,1.060435,-0.045566,69.799508,NORMAL,0.149481,10.101906
S00506,L0025,T03,506,26.832269,0.292793,44.795513,849.815061,99.013013,11.454639,0.622155,-0.029856,65.451334,NORMAL,0.206122,9.298611
S00692,L0034,T02,692,27.497715,0.4495,43.686862,821.97621,101.725388,11.675914,0.838644,-0.038162,69.680523,NORMAL,0.152091,6.041865
S00520,L0026,T01,520,25.49634,0.361982,44.795714,822.282188,107.70246,14.003715,1.17137,-0.039375,69.593618,DRIFT,0.314226,6.756328
S00673,L0033,T02,673,28.261158,0.334056,46.194004,789.666408,104.417136,12.028116,0.640239,-0.050641,69.927827,NORMAL,0.172406,4.406242
S00084,L0004,T01,84,27.506671,0.19016,45.588274,832.390979,100.75618,11.315131,0.622971,-0.039595,68.244517,NORMAL,0.103184,1.446946
S00640,L0032,T03,640,30.645002,0.481129,47.128111,828.488751,107.390225,12.071519,0.705338,-0.043272,70.010375,DRIFT,0.273754,8.236825
S00386,L0019,T01,386,26.263645,0.296349,44.541285,801.634813,103.971993,13.16491,0.560282,-0.029461,73.215595,NORMAL,0.206818,12.490593
S00582,L0029,T01,582,25.883025,0.391693,42.286976,769.484196,103.335938,10.130737,0.896516,-0.051813,73.823483,NORMAL,0.35419,14.999179
S00423,L0021,T04,423,27.675,0.418445,44.435656,834.212224,103.651525,10.707305,0.873959,-0.048074,64.823285,NORMAL,0.174882,2.265803
S00080,L0004,T03,80,26.267892,0.250437,41.951544,842.73361,104.842028,13.766672,0.723959,-0.046169,69.763766,NORMAL,0.206049,5.460222
S00186,L0009,T01,186,27.551933,0.476226,42.898553,824.954725,108.136135,12.861839,0.727563,-0.047068,70.827569,NORMAL,0.153847,5.25782
S00561,L0028,T03,561,28.981488,0.451503,43.433882,827.492023,105.524206,11.757537,0.671867,-0.029011,66.845687,NORMAL,0.18068,7.294229
S00065,L0003,T02,65,28.094561,0.355391,44.564273,800.649833,106.060391,10.846692,1.234352,-0.035516,72.714673,NORMAL,0.250539,6.37721
S00032,L0001,T02,32,28.183489,0.280459,43.245544,792.704657,107.68519,11.243506,0.879423,-0.031353,71.71591,NORMAL,0.167383,8.382741
S00420,L0021,T02,420,27.592713,0.407328,40.756933,831.492687,100.635468,11.591648,0.844466,-0.035846,76.063615,NORMAL,0.162045,8.139248
S00421,L0021,T01,421,28.105643,0.327844,43.310422,800.25735,106.639268,11.746699,1.016542,-0.031736,69.624003,NORMAL,0.190735,8.434215
S00051,L0002,T02,51,28.064389,0.226738,44.159623,810.915372,103.962007,12.425931,1.140417,,76.969194,NORMAL,0.16772,3.730086
S00342,L0017,T03,342,28.497455,0.310799,44.970577,804.462863,103.373857,11.971464,0.701979,-0.028332,70.506095,NORMAL,0.141415,8.138331
S00767,L0038,T04,767,27.497045,0.318046,42.039103,821.497086,107.21984,11.502941,0.854488,-0.048224,77.323748,NORMAL,0.122024,5.842343
S00319,L0015,T02,319,26.708777,0.237041,42.765419,827.294319,105.888711,11.820137,1.042983,-0.026757,67.506553,NORMAL,0.202803,5.322602
S00178,L0008,T01,178,28.431865,0.279569,,,106.716422,11.634485,0.752256,-0.028918,76.308885,NORMAL,0.153628,9.210193
S00536,L0026,T01,536,27.576718,0.433672,41.227372,832.373666,105.476507,12.82539,0.452829,-0.037014,70.758496,NORMAL,0.160516,11.96927
S00448,L0022,T02,448,29.218434,0.357054,43.276781,828.73969,102.775822,12.595662,0.822004,-0.043405,63.841744,NORMAL,0.177535,1.42317
S00531,L0026,T02,531,33.25103,1.114741,44.436113,781.435078,96.525646,10.696053,0.749001,-0.036209,70.074774,LEAK,0.637649,17.573997
S00332,L0016,T01,332,26.932847,0.073382,44.122997,773.984327,99.883009,12.273317,0.955254,-0.048012,73.773237,NORMAL,0.225556,9.502287
S00170,L0008,T02,170,27.471318,0.466923,46.51844,786.878258,100.157113,12.043656,1.074918,-0.040978,66.432334,NORMAL,0.294699,8.821292
S00669,L0033,T01,669,26.476108,0.313355,43.663044,820.080602,104.776727,11.097694,0.711561,-0.034859,70.615959,NORMAL,0.154735,4.141959
S00066,L0003,T01,66,28.144624,0.272249,43.42212,817.808331,109.391549,11.708182,0.817942,-0.041702,70.202421,NORMAL,0.085258,4.044964
S00196,L0009,T04,196,24.980275,0.136747,45.420432,835.137907,104.730479,11.220488,0.545712,-0.048284,72.93514,NORMAL,0.223018,9.604962
S00661,L0033,T02,661,27.660649,0.347673,47.732162,828.061051,103.634032,11.603663,0.864074,-0.04289,70.525788,NORMAL,0.140057,6.543021
S00776,L0038,T01,776,27.239831,0.219741,43.989578,835.207016,104.015564,12.434111,0.945796,-0.057596,72.927629,NORMAL,0.16741,14.387437
