sample_id,lot_id,tool_id,sequence,pressure_mean,pressure_std,temperature_c,rf_power_w,gas_flow_sccm,motor_current_a,vibration_rms,endpoint_slope,step_duration_s,anomaly_type,anomaly_score,yield_loss_proxy
S00096,L0004,T02,96,28.064595,0.19397,319.614148,880.240679,103.466301,11.221103,1.182699,-0.032765,67.639752,NORMAL,0.297999,9.725699
S00035,L0001,T04,35,27.560761,0.400822,42.713463,807.156997,99.564278,11.387522,1.411956,-0.045758,77.956862,NORMAL,0.307264,14.163281
S00608,L0030,T02,608,28.053495,0.137482,43.183942,791.027291,95.889288,13.209731,0.682219,-0.047757,73.873345,NORMAL,0.109477,0.0
S00259,L0012,T01,259,27.880134,0.370692,44.186537,780.892007,102.496412,11.874193,,-0.0402,68.627229,NORMAL,0.196436,4.050877
S00393,L0019,T02,393,28.042121,0.346443,45.614341,788.680031,105.604993,12.476994,0.837936,-0.034594,70.618492,NORMAL,0.176501,7.724368
S00105,L0005,T03,105,27.462541,0.186151,43.356896,828.575498,99.497621,13.859751,0.686385,-0.035728,70.386288,NORMAL,0.09485,8.169722
S00760,L0038,T01,760,29.898657,0.351632,46.999552,836.170974,102.454417,12.013665,1.141986,-0.028213,72.680362,NORMAL,0.308765,13.204727
S00307,L0015,T01,307,29.187069,0.425707,43.462892,797.970603,101.631008,12.21772,0.722971,-0.047743,69.584371,NORMAL,0.220854,9.373386
S00170,L0008,T01,170,28.109557,0.292492,43.35192,791.359777,104.216829,10.897678,0.869203,-0.039777,74.673991,NORMAL,0.167502,7.744935
S00577,L0028,T02,577,26.471406,0.327677,43.880083,798.024776,101.828337,11.446245,0.670571,-0.039336,76.861243,NORMAL,0.213287,9.475949
S00477,L0023,T01,477,27.019338,0.296443,44.727078,797.901214,99.67712,10.052718,0.97366,-0.03921,75.791274,NORMAL,0.221806,10.801247
S00272,L0013,T01,272,27.862737,0.30461,43.407679,841.805218,100.386119,11.048412,0.951399,-0.050078,70.978021,NORMAL,0.175378,3.618407
S00556,L0027,T01,556,27.329722,0.364072,44.415047,779.11449,106.453099,11.415209,0.779629,-0.04785,74.613905,NORMAL,0.226746,10.524732
S00599,L0029,T01,599,28.928488,0.432045,44.156897,824.520715,105.345487,12.08403,0.987656,-0.034278,70.877386,NORMAL,0.212651,8.719029
S00535,L0026,T03,535,27.791375,0.273135,41.662945,786.807938,104.84937,13.010823,0.938301,-0.040389,72.457495,NORMAL,0.196271,5.762369
S00427,L0021,T03,427,27.284417,0.436339,46.4669,814.589586,102.350012,10.488598,0.877046,-0.046738,68.925931,NORMAL,0.177651,8.429575
S00559,L0027,T01,559,29.992278,0.414333,42.379381,849.473696,101.485062,12.392946,0.621992,-0.044724,72.762255,NORMAL,0.276881,11.389664
S00566,L0028,T01,566,27.050336,0.33614,47.310179,813.978305,105.904396,12.209091,1.309538,-0.053852,70.286779,NORMAL,0.273957,7.668202
S00150,L0007,T01,150,27.592776,0.316478,43.51956,829.396492,100.837966,11.694836,1.047434,-0.05258,70.286783,NORMAL,0.18483,6.31432
S00650,L0032,T02,650,28.801854,0.697363,43.174889,828.370465,103.240762,13.086222,0.819566,-0.033404,74.363824,NORMAL,0.240251,16.487781
S00529,L0026,T01,529,27.685739,0.387482,42.218956,831.229675,107.402476,12.538577,1.132073,-0.04031,75.929166,NORMAL,0.223676,11.76978
S00317,L0015,T02,317,28.951972,0.161406,42.954941,768.571638,101.861752,12.914967,1.03721,-0.033335,69.156678,NORMAL,0.275823,8.597727
S00187,L0009,T04,187,27.983238,0.425943,43.277978,984.690027,,11.544675,1.01299,-0.044033,75.491554,ARC,0.572297,16.988299
S00275,L0013,T01,275,29.109093,0.347897,42.549032,812.49345,107.168825,12.518528,0.887537,-0.038492,69.13577,NORMAL,0.18308,4.942065
S00376,L0018,T01,376,30.745826,0.271595,43.943717,856.26955,111.052835,11.283266,0.850678,-0.031778,72.703856,NORMAL,0.308534,9.547473
S00503,L0025,T03,503,30.403718,0.442976,44.486154,794.298662,109.470661,12.961103,0.778359,-0.034571,68.387839,NORMAL,0.295183,13.59491
S00673,L0033,T01,673,28.829681,0.233946,45.013251,817.567965,106.987411,13.430354,0.84198,-0.043586,71.834949,NORMAL,0.116546,8.145222
S00444,L0022,T01,444,27.147687,0.283409,44.823796,838.825642,101.218963,14.066078,0.545221,-0.036642,73.229105,NORMAL,0.160532,3.865744
S00111,L0005,T01,111,27.64896,,44.253293,799.431063,98.375102,12.676252,1.110037,-0.037479,71.224655,NORMAL,0.221238,8.791268
S00364,L0018,T01,364,29.346422,0.287864,44.056939,818.929065,106.656804,11.748767,0.342353,-0.029749,78.908307,NORMAL,0.141964,6.688463
S00511,L0025,T01,511,26.255876,0.382945,43.79979,776.898057,106.004537,11.900595,0.845654,-0.039965,78.26328,NORMAL,0.302111,11.049617
S00670,L0033,T01,670,29.022204,0.261817,44.468356,788.613135,104.206615,,0.611944,-0.047912,71.498033,NORMAL,0.195032,9.778474
S00788,L0039,T01,788,29.297856,0.222415,42.743955,802.222087,104.536305,10.860532,0.180383,-0.027945,67.042471,NORMAL,0.164941,6.160071
S00254,L0012,T01,254,28.485137,0.272478,42.560242,830.284534,108.551839,13.173724,0.812535,-0.037544,74.304283,NORMAL,0.121221,7.681324
S00526,L0026,T01,526,29.100341,0.328189,43.675938,830.649566,106.483291,13.232624,0.792791,-0.04194,77.372932,NORMAL,0.163688,7.977071
S00062,L0003,T01,62,26.525549,,44.272038,850.491026,99.941431,13.089471,0.573338,-0.038093,71.730809,NORMAL,0.248814,8.73623
S00210,L0010,T03,210,,0.335736,46.063162,814.572487,106.85827,12.222573,0.524098,-0.040937,71.162773,NORMAL,0.189771,6.315141
S00147,L0007,T02,147,27.386474,0.028622,45.611147,800.149102,105.986523,12.128138,0.879854,-0.035774,72.10994,NORMAL,0.107423,8.373321
S00375,L0018,T01,375,28.173142,,43.460268,796.314567,103.180068,11.453431,0.71496,-0.021211,71.368804,NORMAL,0.105058,5.182086
S00277,L0013,T03,277,28.620565,0.500452,43.492798,831.65023,110.839294,16.547676,2.523807,-0.038127,68.070985,BEARING,0.616219,16.892033
S00357,L0017,T02,357,28.510079,0.310672,41.03006,925.058376,104.166633,12.172594,0.656446,-0.044933,73.96016,ARC,0.365818,12.76672
S00009,L0000,T01,9,29.006294,0.296958,42.085039,806.324803,109.323891,13.216241,1.043218,-0.042697,66.329192,NORMAL,0.219547,5.360141
S00527,L0026,T01,527,27.161216,0.551624,41.745941,814.210913,105.538718,11.687145,0.797083,-0.048094,64.523681,NORMAL,0.194318,6.621717
S00383,L0019,T01,383,26.032944,0.4195,46.581796,894.187734,104.125436,11.600475,1.265432,,71.682226,NORMAL,0.505055,19.538812
S00145,L0007,T04,145,27.201394,0.340432,40.400115,804.257933,108.737911,11.277134,0.344401,-0.032273,74.927427,NORMAL,0.164393,6.707238
S00750,L0037,T03,750,29.488004,0.282726,42.488525,820.227026,103.263527,10.454396,0.747721,-0.055987,69.518443,NORMAL,0.145649,8.07655
S00696,L0034,T01,696,27.956577,0.468803,47.356585,777.181345,106.100587,14.942685,2.299378,-0.057562,73.760182,BEARING,0.601263,21.168597
S00758,L0037,T01,758,27.816942,0.376096,45.880504,811.652068,102.944983,11.537535,0.818099,-0.035887,73.367837,NORMAL,0.128571,3.811767
S00798,L0039,T03,798,29.347617,0.214101,40.772759,809.434677,104.566096,11.794904,0.888979,0.019385,83.671854,ENDPOINT,0.169564,4.648442
S00347,L0017,T01,347,29.947777,0.19183,,874.458966,104.347432,11.783934,0.621081,-0.047921,68.910806,NORMAL,0.281494,13.648731
S00104,L0005,T01,104,26.877839,0.132667,43.802802,811.64984,99.80592,12.497275,0.458917,-0.036496,70.209928,NORMAL,0.11015,3.116998
S00611,L0030,T02,611,28.906117,0.030743,40.269082,801.996178,107.323706,14.232366,0.854379,-0.039208,73.188316,NORMAL,0.111596,6.828913
S00451,L0022,T02,451,27.778738,0.318866,42.822018,766.104135,110.09726,12.006166,1.060934,-0.035934,72.392,NORMAL,0.290753,7.882844
S00779,L0038,T03,779,26.018912,0.308326,45.19526,931.549934,107.152329,11.341443,0.806413,-0.035255,68.669299,ARC,0.456614,13.633535
S00191,L0009,T01,191,26.767812,0.323236,44.726159,844.381347,104.554768,11.830879,0.535835,-0.044235,68.344817,NORMAL,0.203372,8.965561
S00531,L0026,T01,531,29.666401,0.493392,43.056896,823.826328,102.287371,11.455228,0.663373,-0.037612,66.06313,NORMAL,0.216234,7.290481
S00319,L0015,T04,319,29.036308,0.254443,46.732478,829.773508,112.376552,12.461829,0.844164,-0.036984,70.351537,NORMAL,0.150901,11.317057
S00786,L0039,T01,786,26.267982,0.39959,43.52503,849.475772,104.801665,12.516947,0.652635,-0.041004,71.670697,NORMAL,0.260188,5.943787
S00248,L0012,T01,248,28.895536,0.219477,45.397477,860.988078,105.785899,11.93972,,-0.055257,74.51499,NORMAL,0.238703,12.394436
S00677,L0033,T03,677,28.633249,0.44985,43.130407,796.016817,104.035953,12.307983,0.665601,-0.035832,76.676641,NORMAL,0.204083,8.705846
S00351,L0017,T01,351,28.890688,0.569099,43.805904,803.320416,101.711114,12.282345,0.890419,0.012155,84.04535,ENDPOINT,0.251113,8.103751
S00153,L0007,T04,153,26.502428,0.355206,44.842304,786.574869,113.670085,11.715619,0.98219,-0.032217,72.418902,NORMAL,0.29279,11.414373
S00301,L0015,T01,301,28.413452,0.311794,42.256816,832.28555,102.433894,10.995914,1.383084,-0.051396,74.324514,NORMAL,0.275106,11.01348
S00431,L0021,T01,431,29.495175,0.214914,45.016857,853.016188,103.013612,10.244472,0.596473,-0.045639,70.521847,NORMAL,0.211028,7.698997
S00139,L0006,T01,139,27.356987,0.212852,46.366901,807.792338,106.66011,,1.064653,-0.028909,74.441888,NORMAL,0.182046,7.62841
S00494,L0024,T01,494,28.142798,0.215013,42.45301,841.343146,112.47462,11.433468,0.598853,-0.034431,74.35661,NORMAL,0.114251,8.92312
S00064,L0003,T03,64,28.02565,0.218228,223.806215,,100.476639,12.477742,1.056123,-0.040186,74.035626,NORMAL,0.176917,5.096008
S00473,L0023,T01,473,28.551706,0.168987,45.72453,761.446527,96.959193,11.300401,0.830745,-0.033543,70.401807,NORMAL,0.223902,7.97304
S00514,L0025,T01,514,27.099154,0.304448,40.95616,781.497713,101.074105,16.197829,2.757083,-0.039021,71.740458,BEARING,0.706681,22.549929
S00472,L0023,T02,472,29.07961,0.203724,43.741776,836.654139,,16.995286,2.689098,-0.030766,78.699842,BEARING,0.618821,19.403041
S00231,L0011,T01,231,24.677951,0.106036,45.796864,816.029746,100.114192,11.659066,1.107886,-0.041746,68.973303,NORMAL,0.279508,6.277588
S00242,L0012,T03,242,26.807529,0.217163,43.279352,827.935769,102.861209,12.402598,0.778104,-0.034036,74.426864,NORMAL,0.133754,6.397435
S00775,L0038,T04,775,25.329573,0.250389,45.755798,819.286919,103.767347,13.862977,1.029178,-0.044759,72.495688,NORMAL,0.255196,9.480379
S00486,L0024,T03,486,28.238047,0.430016,44.465715,823.097315,101.004133,12.492846,0.768469,-0.041007,72.747773,NORMAL,0.12715,7.037514
S00265,L0013,T02,265,26.492349,0.328741,43.751262,819.88337,105.696215,11.14779,0.926142,-0.034215,73.39479,NORMAL,0.189395,6.873782
S00387,L0019,T02,387,28.386215,0.319401,42.376681,796.3392,100.26838,11.816104,1.164742,-0.056111,74.565045,NORMAL,0.249498,8.920434
S00724,L0036,T01,724,27.76541,0.256143,45.27126,849.518856,109.351653,11.825403,0.884458,-0.042029,75.077248,NORMAL,0.170677,9.702623
S00586,L0029,T01,586,28.505449,0.233976,44.639615,808.447574,108.518474,10.564126,0.687227,-0.037465,74.529326,NORMAL,0.112648,5.330294
S00772,L0038,T01,772,29.641336,0.253794,42.331158,852.435737,104.316343,11.964209,0.492085,-0.047778,72.74499,NORMAL,0.226605,9.370153
S00502,L0025,T02,502,28.642024,0.449621,43.296803,834.083778,102.967134,12.56409,0.421537,-0.041213,75.237651,NORMAL,0.179716,6.126357
S00561,L0028,T01,561,28.156078,0.199783,44.144318,836.425991,103.564878,11.828753,0.44536,-0.049547,74.665899,NORMAL,0.098815,8.884867
S00137,L0006,T01,137,27.629374,0.260308,43.642174,786.18102,107.47867,12.094234,0.574467,-0.035881,76.027317,NORMAL,0.168156,8.474625
S00485,L0024,T02,485,26.696047,0.515875,43.609973,875.105195,108.116856,11.513088,0.79474,-0.045446,76.198216,NORMAL,0.331929,9.499184
S00416,L0020,T02,416,27.555251,0.531948,46.373279,797.858244,110.122442,12.355063,0.831344,-0.032616,74.308676,NORMAL,0.218415,9.652906
S00544,L0027,T01,544,,0.349317,45.486744,777.121122,104.128742,12.748248,0.768096,-0.033398,73.898136,NORMAL,0.223574,9.600443
S00120,L0006,T01,120,27.883388,0.618121,43.746847,860.194764,108.156397,11.587039,0.850111,-0.027911,70.690241,NORMAL,0.273375,10.567363
S00603,L0030,T02,603,27.772633,0.504189,43.297267,816.952729,106.970574,14.582676,2.259094,-0.025954,68.830145,BEARING,0.509807,15.424545
S00398,L0019,T04,398,28.621945,0.297396,44.748553,868.930353,104.689159,15.46577,2.839581,-0.047375,69.371087,BEARING,0.737667,21.830588
S00300,L0015,T01,300,28.009628,0.234836,43.397599,825.354875,108.492538,11.806651,0.766477,-0.027618,73.144422,NORMAL,0.072578,1.298161
S00420,L0021,T01,420,27.922175,,43.002608,829.997521,102.54688,12.135074,0.978256,-0.03904,70.208503,NORMAL,0.193458,8.271458
S00323,L0016,T02,323,29.748629,0.435816,43.099518,882.020164,99.303343,12.850616,0.761288,-0.039171,75.404555,ARC,0.351436,8.390149
S00620,L0031,T03,620,27.240124,0.461816,40.938864,951.100142,106.587007,14.451471,1.011819,-0.036334,76.452462,ARC,0.534153,15.870401
S00553,L0027,T03,553,27.829707,0.220027,44.525901,788.6923,106.27558,13.652182,0.704143,0.008584,80.695293,ENDPOINT,0.141791,8.075764
S00369,L0018,T01,369,28.091788,0.179207,45.0973,870.747929,99.196166,16.078611,2.801889,-0.044456,69.962225,BEARING,0.676733,23.257607
S00710,L0035,T01,710,26.027187,0.431752,44.820883,815.377856,102.752796,11.305585,0.84648,-0.026612,65.918802,NORMAL,0.229754,8.174828
S00155,L0007,T01,155,28.727393,0.236496,43.44833,773.617889,106.47708,11.141156,1.267497,-0.047035,70.679862,NORMAL,0.328323,10.787513
S00193,L0009,T01,193,26.770227,0.312945,44.269692,801.677118,101.794263,13.171114,0.699314,-0.028528,67.679281,NORMAL,0.185532,9.586583
S00517,L0025,T01,517,30.155628,0.568872,44.68181,776.310151,105.361735,13.960243,0.756758,-0.032628,73.696244,NORMAL,0.359224,11.861646
S00154,L0007,T04,154,26.043641,0.359032,46.666985,792.536084,106.902157,13.040364,0.549856,-0.038517,68.250491,NORMAL,0.256236,8.640546
S00127,L0006,T01,127,26.067887,0.394857,42.994635,818.21643,101.25951,10.9959,0.459691,-0.048596,74.946609,NORMAL,0.199779,7.986943
S00238,L0011,T03,238,28.658555,0.514744,40.174001,796.439786,103.556195,12.239841,1.072059,0.009586,81.316762,ENDPOINT,-0.033263,6.662568
S00614,L0030,T01,614,27.480628,0.492891,44.095669,792.066095,107.226531,11.245566,0.781327,-0.037348,72.851272,NORMAL,0.219026,10.304077
S00533,L0026,T01,533,29.472976,0.393672,46.581048,,102.025167,11.327576,0.509278,-0.007896,88.042794,ENDPOINT,0.240087,10.337296
S00188,L0009,T04,188,27.243344,0.120379,44.364103,789.36618,100.346839,11.121819,0.679437,-0.026634,72.577406,NORMAL,0.144512,4.755159
S00763,L0038,T03,763,29.425791,0.447301,44.25382,862.665347,106.220786,12.871351,0.838459,-0.035429,72.178232,NORMAL,0.299393,12.19432
S00246,L0012,T01,246,27.340197,0.373244,43.961648,826.179115,104.793819,12.609914,0.683445,-0.036701,77.971167,NORMAL,0.141749,1.912261
S00499,L0024,T01,499,27.263333,0.51223,43.774864,851.890477,102.498679,10.913651,0.978627,-0.047102,72.139746,NORMAL,0.289274,7.466167
S00230,L0011,T01,230,28.574091,0.52381,42.570914,797.57505,103.694793,11.777996,0.402333,-0.053145,67.375568,NORMAL,0.21572,9.405014
S00339,L0016,T04,339,28.335491,0.321867,43.852582,792.228542,107.946967,15.261161,2.707622,-0.037453,73.368666,BEARING,0.643575,19.169823
S00639,L0031,T04,639,27.863718,0.590996,41.614115,809.454913,102.557634,10.985638,,-0.032762,71.881954,NORMAL,0.266882,16.533319
S00421,L0021,T01,421,26.958476,0.436229,45.829122,788.422037,101.882948,12.828766,0.45843,,74.580306,NORMAL,0.240078,11.010111
S00742,L0037,T01,742,27.303282,0.316172,43.710268,827.199009,103.021229,11.627836,0.900951,-0.040717,73.131856,NORMAL,0.157114,5.764566
S00320,L0016,T03,320,29.289933,0.350206,43.060579,827.438106,109.787543,11.068007,0.756009,-0.054075,76.497208,NORMAL,0.170643,7.626514
S00386,L0019,T01,386,,0.269316,44.227161,812.707532,103.679169,12.412981,0.953288,-0.04192,71.876176,NORMAL,-0.350683,11.76853
S00151,L0007,T02,151,28.351612,,42.540494,822.784821,110.452069,12.326298,1.188714,-0.042014,69.049315,NORMAL,0.211406,10.058103
S00622,L0031,T01,622,28.901809,0.264011,41.198485,866.074767,108.401846,11.296352,1.17927,-0.051677,65.650612,NORMAL,0.321098,9.20716
S00414,L0020,T01,414,28.683393,0.327147,43.632638,822.582763,103.512164,16.771495,2.293311,-0.03657,70.021488,BEARING,0.495741,16.971328
S00564,L0028,T02,564,28.988618,0.482015,44.761442,820.68707,108.906236,13.850277,0.694231,-0.029854,75.219724,NORMAL,0.171652,6.056639
S00110,L0005,T01,110,28.944628,0.49046,43.791089,834.507159,105.627063,12.674154,0.792284,-0.035943,78.850208,NORMAL,0.206114,9.33153
S00770,L0038,T01,770,25.270456,0.422634,44.249123,809.775095,98.284499,12.589195,0.67841,-0.039689,75.064301,NORMAL,0.267698,8.545157
S00268,L0013,T02,268,27.714122,0.135777,,809.771975,103.112585,11.026852,0.817042,-0.049978,63.940518,NORMAL,0.078069,6.440726
S00284,L0014,T01,284,27.587188,0.54072,45.437587,797.448412,101.153462,11.745679,0.929742,-0.032188,74.484485,NORMAL,0.244635,9.752577
S00725,L0036,T01,725,28.804758,0.46463,42.59286,824.474526,107.170477,10.462106,1.262474,-0.004757,82.994667,ENDPOINT,0.2832,11.935194
S00768,L0038,T04,768,27.607711,0.402084,48.080519,839.200133,100.674167,11.667533,0.35256,-0.043726,70.23893,NORMAL,0.168136,7.165292
S00291,L0014,T02,291,28.414589,0.273738,44.592337,850.566097,106.456828,12.521586,0.811488,-0.025564,77.179138,NORMAL,0.168451,7.977172
S00013,L0000,T02,13,27.560309,0.45539,41.596927,831.193479,107.012197,10.639451,0.875366,,76.04774,NORMAL,0.182657,5.906342
S00537,L0026,T02,537,28.149853,0.302536,43.53301,806.093229,102.376296,11.031503,0.735785,-0.028014,70.61525,NORMAL,0.117894,6.964675
S00792,L0039,T03,792,26.771165,0.560055,46.322662,861.183981,106.514025,14.075777,0.734303,-0.049052,72.010262,NORMAL,0.304415,14.110462
S00086,L0004,T02,86,27.38683,0.520004,44.279458,798.847267,102.61398,12.751068,0.523203,-0.02891,71.212048,NORMAL,0.213541,9.512476
S00069,L0003,T04,69,28.737112,,47.258069,824.310027,102.051493,12.580176,1.196991,-0.044716,80.767379,NORMAL,0.204888,4.945842
S00665,L0033,T04,665,27.33813,0.189718,39.828133,944.610152,109.445464,13.11704,0.944416,-0.027848,74.252042,ARC,0.428152,14.851674
S00051,L0002,T01,51,29.532933,0.344611,42.574943,819.781201,105.477515,11.91784,,-0.03324,67.428416,NORMAL,0.163346,6.252356
S00396,L0019,T03,396,27.071455,0.261407,43.239392,787.385899,106.640446,11.784799,0.806917,-0.047014,71.890093,NORMAL,0.195044,9.577911
S00039,L0001,T01,39,28.310072,0.228758,43.001509,850.559908,100.350069,12.77913,0.989078,-0.05317,75.070133,NORMAL,0.196363,5.821806
S00092,L0004,T01,92,28.753598,0.451825,40.240348,796.605688,103.091597,11.345771,0.880967,-0.048894,68.825726,NORMAL,0.229364,5.733666
S00720,L0036,T02,720,26.375165,0.488933,42.797722,821.20654,102.953946,12.207758,0.600752,0.016996,81.379529,ENDPOINT,0.206491,10.531998
S00083,L0004,T03,83,28.072847,,44.65214,837.386199,103.429804,11.383911,0.795103,-0.050886,75.540706,NORMAL,0.150058,9.613167
S00781,L0039,T01,781,28.110347,0.403997,43.21566,795.375688,102.967635,12.363991,0.762243,-0.035098,72.284063,NORMAL,0.168077,11.551134
S00455,L0022,T03,455,29.602481,0.395347,45.154031,818.286279,96.996523,12.992038,1.045277,-0.047025,70.632316,NORMAL,0.244564,8.421998
S00256,L0012,T01,256,28.315012,0.328997,45.276548,831.344377,105.723614,10.591681,0.437801,-0.05369,71.429177,NORMAL,0.126361,3.493956
S00388,L0019,T01,388,28.639494,0.567212,43.373745,860.931785,105.056553,11.699393,1.282355,-0.03839,72.474908,NORMAL,0.396696,12.522746
S00141,L0007,T02,141,,0.528475,,834.509743,104.628749,11.834819,1.063985,-0.056006,76.114302,NORMAL,0.243439,14.455467
S00178,L0008,T04,178,28.671471,0.260107,45.220109,817.124788,106.075445,12.220368,1.041899,-0.024178,69.751184,NORMAL,0.166263,4.938663
S00681,L0034,T01,681,26.470088,0.202951,43.007836,812.972201,100.047161,12.009252,0.85522,0.011812,83.614596,ENDPOINT,0.158608,5.159573
S00459,L0022,T01,459,28.229035,0.158816,44.839727,825.695358,100.863348,11.913573,0.731801,-0.046015,72.247622,NORMAL,0.065394,0.692647
S00240,L0012,T01,240,27.540067,0.383621,42.26892,818.588071,101.151222,12.981591,0.527566,-0.055714,72.296275,NORMAL,0.122432,2.024906
S00106,L0005,T01,106,28.905412,0.331032,43.06235,817.646126,108.739952,11.992073,0.909386,-0.03011,72.150716,NORMAL,0.16126,7.949421
S00434,L0021,T03,434,28.6635,0.343047,46.471738,817.955037,104.695991,11.104714,0.650369,-0.027105,73.78109,NORMAL,0.124049,3.944997
S00000,L0000,T01,0,27.3513,0.378325,43.177506,813.161939,104.246398,11.342588,0.857281,-0.031645,73.488915,NORMAL,0.158432,4.894661
S00762,L0038,T01,762,29.758,0.322975,44.876017,947.663753,109.031098,11.20801,0.730395,0.010368,79.438628,ENDPOINT,0.487803,18.636164
S00135,L0006,T03,135,,0.542096,46.774062,849.901979,104.13354,12.190124,0.92499,-0.048348,76.188315,NORMAL,0.293347,15.282108
S00041,L0002,T03,41,28.145452,0.466162,44.906321,826.178994,105.874821,12.841333,0.47124,-0.055819,68.678945,NORMAL,0.139261,7.162184
S00700,L0035,T02,700,27.842684,0.290208,41.512919,822.232518,101.293544,12.406347,0.918522,-0.043435,69.901991,NORMAL,0.11563,2.239261
S00573,L0028,T01,573,27.190179,0.258455,44.427546,934.378021,108.68716,12.264802,0.798346,-0.043748,73.651725,ARC,0.39105,12.568207
S00260,L0013,T01,260,29.157934,0.081606,43.700579,819.904166,106.047605,11.496954,0.694917,-0.038155,74.499528,NORMAL,0.078538,3.672662
S00167,L0008,T04,167,26.968526,0.506734,44.831412,764.242533,105.363576,11.817167,0.698944,-0.050395,68.202035,NORMAL,0.317651,14.61961
S00033,L0001,T03,33,26.894222,0.304874,46.229938,859.091312,98.643547,10.655659,0.959795,-0.039715,73.6734,NORMAL,0.269184,5.534518
S00478,L0023,T02,478,27.492207,0.37967,44.221104,787.556606,103.499261,13.394578,0.700619,-0.038534,76.701306,NORMAL,0.201416,9.01055
S00693,L0034,T03,693,28.981454,0.36585,43.163981,804.634227,104.874246,12.778885,0.976273,-0.053557,79.439248,NORMAL,0.223018,7.87342
S00780,L0039,T01,780,26.493974,0.369695,42.610101,793.668431,103.537126,12.66676,0.585156,-0.049377,80.277557,NORMAL,0.233554,9.258364
S00703,L0035,T01,703,29.098503,0.209718,44.615732,824.055959,104.817722,10.45235,0.461277,-0.017747,71.047911,NORMAL,0.117495,5.683032
S00356,L0017,T01,356,26.824841,0.217928,44.223363,817.623502,105.308636,10.736192,0.879683,-0.044086,68.023168,NORMAL,0.139102,5.847836
S00118,L0005,T04,118,27.18726,0.283028,44.452066,825.808554,102.403978,12.439099,0.80511,-0.028439,69.988945,NORMAL,0.127193,4.457826
S00255,L0012,T01,255,28.524653,0.036709,43.22591,815.951487,108.783394,13.06429,0.692438,-0.032069,70.732863,NORMAL,0.045531,6.193156
S00050,L0002,T03,50,28.633309,0.317881,45.186599,825.290704,103.094044,11.731302,0.900656,-0.058514,73.953462,NORMAL,0.149527,7.860428
S00607,L0030,T01,607,28.656118,0.338494,45.478764,817.318305,,12.774365,1.024793,-0.029432,77.437597,NORMAL,0.180332,7.923167
S00453,L0022,T02,453,28.609216,0.242536,42.910023,806.063447,101.369688,12.513931,0.692314,0.0256,84.108112,ENDPOINT,0.125936,7.797447
S00267,L0013,T01,267,28.01607,0.311177,42.415125,838.289987,107.38046,12.887095,0.702491,-0.033296,65.643105,NORMAL,0.124323,5.984737
S00539,L0026,T02,539,30.331288,0.249477,43.18473,821.262761,106.050034,12.25053,1.013467,-0.052348,72.658366,NORMAL,0.235457,8.141021
S00774,L0038,T01,774,29.102033,0.270338,46.476573,816.791055,107.911239,10.613463,0.865663,-0.039998,73.879862,NORMAL,0.147124,6.166482
S00730,L0036,T01,730,27.574756,0.551681,43.375661,886.446553,107.066208,11.748378,0.87646,-0.041174,73.37149,NORMAL,0.344414,7.16084
S00144,L0007,T02,144,28.21202,0.209484,47.843742,807.370143,105.145856,11.103636,0.796393,-0.047931,73.504874,NORMAL,0.094547,4.673124
S00739,L0036,T01,739,30.133594,0.602197,41.994295,825.15143,108.12537,12.186298,0.771257,-0.038929,71.559517,NORMAL,0.270107,4.709388
S00158,L0007,T03,158,27.334478,0.311324,44.539788,944.809418,104.490293,12.689775,0.625682,0.022725,84.958161,ENDPOINT,0.423131,16.117927
S00010,L0000,T04,10,27.448511,0.478097,41.518728,806.818501,99.421429,12.866817,0.860289,-0.043771,67.557406,NORMAL,0.195125,6.849306
S00203,L0010,T02,203,29.311784,0.340262,43.538734,831.971,103.780289,13.199222,0.655502,-0.034723,72.653756,NORMAL,0.180582,7.885711
S00748,L0037,T02,748,25.694923,0.350884,43.045328,805.795712,101.493815,11.679719,0.861806,-0.043834,76.442352,NORMAL,0.253937,9.311844
S00235,L0011,T02,235,29.404943,0.403606,44.3585,832.789443,103.663449,11.268801,1.050478,-0.036242,72.176959,NORMAL,0.265742,8.500952
S00003,L0000,T01,3,26.54743,0.506934,45.530882,842.455848,99.244369,11.442477,0.814056,-0.043001,71.782958,NORMAL,0.259016,6.223586
S00506,L0025,T01,506,26.879897,0.616757,44.889475,815.868471,106.355728,10.44444,0.836332,-0.044935,66.288843,NORMAL,0.229606,5.818231
S00161,L0008,T01,161,,0.439973,43.404475,816.836834,106.351469,11.50883,0.965152,-0.038898,70.838714,NORMAL,0.188504,4.949454
S00142,L0007,T01,142,29.897281,0.339838,46.356988,846.981143,105.082261,12.782164,1.222712,-0.042527,69.710378,NORMAL,0.352954,10.447396
S00022,L0001,T01,22,26.708842,0.364088,42.936604,809.429547,105.761929,12.54779,0.795272,-0.033514,72.631,NORMAL,0.182006,8.537574
S00079,L0003,T04,79,25.950923,0.094096,46.517284,900.339461,104.033678,12.293507,0.780656,-0.039153,69.834046,NORMAL,0.326827,11.614956
S00016,L0000,T01,16,26.43737,0.543517,43.33999,837.208351,107.682322,13.209523,0.869244,-0.044225,70.268941,NORMAL,0.274343,10.692969
S00456,L0022,T02,456,28.104911,0.347434,43.125988,817.239219,102.745226,12.428787,0.839288,-0.038781,71.221477,NORMAL,0.108828,4.771016
S00355,L0017,T01,355,29.388708,0.207845,45.880043,830.619577,105.813148,11.212259,0.655818,-0.033776,75.075886,NORMAL,0.147946,5.95751
S00643,L0032,T02,643,26.424968,0.605329,45.917248,781.065296,101.260004,14.573124,2.680385,-0.034715,81.455694,BEARING,0.797517,19.426183
S00224,L0011,T01,224,26.088511,0.440062,44.886602,800.666914,104.176666,11.32198,1.184483,-0.030659,64.672136,NORMAL,0.350043,17.269889
S00122,L0006,T01,122,29.140419,0.257759,44.049458,842.615257,104.191041,11.860195,0.668124,-0.020195,74.177911,NORMAL,0.177999,9.084495
S00769,L0038,T03,769,30.036651,0.45553,42.613846,842.987177,,11.377528,0.719492,-0.034818,79.420449,NORMAL,0.273183,8.215871
S00678,L0033,T02,678,28.481678,0.415697,44.571267,965.602811,106.047846,10.961166,1.152522,-0.040663,75.749538,ARC,0.580146,21.517481
S00695,L0034,T02,695,26.615695,0.284196,46.078614,858.874636,103.758389,11.833004,0.680096,-0.049249,75.464128,NORMAL,0.237451,6.356198
S00563,L0028,T01,563,28.472648,0.329296,45.178165,848.786338,106.359569,11.776529,1.06196,-0.039218,68.27348,NORMAL,0.243412,9.576525
S00708,L0035,T01,708,25.984672,0.351108,44.080276,846.215726,109.00013,11.457912,0.854054,-0.055809,71.137283,NORMAL,0.267596,7.837801
S00406,L0020,T01,406,27.031733,0.322797,41.6719,826.651328,101.141605,12.488563,0.509737,-0.031222,70.571318,NORMAL,0.145741,8.839489
S00799,L0039,T01,799,27.677314,0.496083,46.238332,813.39712,102.542426,13.09077,,-0.040297,80.762794,NORMAL,0.227801,9.765286
S00436,L0021,T02,436,27.56127,0.482726,44.159795,930.798364,106.947386,12.926419,1.282769,-0.042043,66.642605,ARC,0.540306,20.969194
S00068,L0003,T01,68,27.91472,0.262874,40.320895,804.792367,105.95993,12.043349,0.251994,-0.026658,70.871697,NORMAL,0.108002,6.773901
S00308,L0015,T03,308,27.309189,0.223033,40.962254,801.497079,104.289619,12.843698,1.029108,-0.046117,74.095949,NORMAL,0.193833,2.179073
S00540,L0027,T02,540,27.126241,0.487188,43.069719,790.800507,105.473268,11.841043,0.776621,-0.046797,71.261607,NORMAL,0.238484,7.97831
S00618,L0030,T04,618,28.93515,0.356359,44.575839,828.601814,106.817213,11.922041,1.457993,-0.051596,69.163244,NORMAL,0.32185,16.46993
S00363,L0018,T01,363,28.012311,0.242545,44.386003,824.997128,101.029493,12.475844,0.858031,-0.051057,70.876327,NORMAL,0.088252,1.601316
S00412,L0020,T01,412,29.54371,0.368823,45.040452,831.239248,108.494673,,2.276606,-0.029699,78.259464,BEARING,0.566641,21.669961
S00100,L0005,T01,100,26.605811,0.337179,43.308473,848.815686,98.635903,12.182978,0.999952,-0.021974,71.612973,NORMAL,0.103526,10.283605
S00520,L0026,T01,520,28.754372,0.482989,42.2182,945.01589,105.292288,10.894306,0.691776,-0.042954,70.65794,ARC,0.471006,15.948953
S00044,L0002,T01,44,27.005392,0.365544,46.077707,821.04671,,10.752832,0.920839,-0.044144,71.161673,NORMAL,0.173943,4.696148
S00021,L0001,T03,21,29.161863,0.625833,43.668415,843.538085,103.800942,11.603288,0.441757,-0.045081,71.445956,NORMAL,0.273397,6.961472
S00625,L0031,T01,625,29.638459,0.268019,41.915337,868.781484,108.23261,12.538024,0.775696,-0.043137,76.840505,NORMAL,0.270881,7.269244
S00604,L0030,T01,604,29.37323,0.561896,43.624132,808.317613,109.250827,12.713526,0.625547,-0.036539,70.23691,NORMAL,0.238341,8.296287
S00002,L0000,T01,2,26.438686,0.199604,45.431257,833.341494,107.392621,12.219866,0.471571,-0.047341,69.127824,NORMAL,0.161321,2.767345
S00370,L0018,T04,370,27.171552,0.499455,45.053066,820.450646,107.369236,11.82778,,-0.045458,69.980471,NORMAL,0.167413,9.278412
S00185,L0009,T02,185,28.575402,0.500845,45.201988,787.921827,111.526507,15.00286,2.511124,-0.025152,66.578048,BEARING,0.661958,25.600776
S00316,L0015,T03,316,27.981359,0.195869,45.244049,863.438392,100.771062,11.98349,1.006358,-0.034178,66.395645,ARC,0.210085,9.716839
S00091,L0004,T01,91,28.41813,0.25548,43.23069,810.345358,110.207623,12.021865,0.351264,-0.021297,69.498325,NORMAL,0.108913,2.759216
S00182,L0009,T04,182,26.902332,0.321132,42.036971,846.338921,105.225351,12.356525,0.691503,-0.025038,76.678245,NORMAL,0.201014,8.255148
S00270,L0013,T01,270,29.500461,0.254535,44.346336,840.230005,102.627174,12.623869,0.445996,-0.03666,70.464169,NORMAL,0.189232,6.462458
S00636,L0031,T01,636,28.813719,2.76287,42.793872,948.716251,105.578217,12.423149,0.849871,-0.039157,66.109839,ARC,0.444016,16.214235
S00354,L0017,T03,354,28.21034,0.41368,43.956601,774.817816,106.751664,12.375091,0.868161,-0.037171,370.04892,NORMAL,0.243933,7.121216
S00218,L0010,T03,218,26.818236,0.289344,45.230813,810.405785,107.419716,12.057594,0.669749,-0.036484,74.351078,NORMAL,0.15541,5.145269
S00264,L0013,T01,264,29.078008,0.16346,44.047271,798.844123,102.765021,13.569759,0.943605,-0.039264,65.490282,NORMAL,0.183556,9.468674
S00439,L0021,T02,439,30.141083,0.324889,44.417511,808.725423,106.28064,12.095438,0.874684,0.023737,,ENDPOINT,0.235134,5.706554
S00413,L0020,T02,413,27.89832,0.248205,46.143766,816.288311,102.717884,12.268647,0.928049,-0.051223,65.764273,NORMAL,0.108427,1.710544
S00516,L0025,T01,516,28.00047,0.243341,41.710966,797.212872,104.073386,13.116209,0.791364,-0.030407,70.664075,NORMAL,0.117826,7.085479
S00666,L0033,T01,666,28.266685,0.249134,45.398002,841.821994,109.345861,11.355174,0.789757,-0.031132,66.994696,NORMAL,0.130173,7.663833
S00314,L0015,T03,314,29.321909,0.353945,43.812991,819.124181,106.85019,11.847514,0.913976,0.011593,87.494867,ENDPOINT,0.185265,10.489389
S00507,L0025,T01,507,27.627675,0.46145,42.209634,804.167912,102.835044,12.1049,0.998947,-0.042777,64.562805,NORMAL,0.223296,7.98998
S00787,L0039,T01,787,28.577252,0.349357,43.256808,841.036818,109.216034,13.115539,0.389524,-0.030401,74.667405,NORMAL,0.168794,2.370459
S00366,L0018,T04,366,26.353234,0.240392,4.517313,984.098561,101.409429,11.827217,0.708557,-0.059974,73.583407,ARC,0.552683,13.531784
S00731,L0036,T03,731,28.573034,0.335857,43.886974,873.579067,104.615574,10.428287,0.682223,-0.042666,67.85781,NORMAL,0.246564,9.771529
S00515,L0025,T01,515,28.112734,0.41112,45.041763,803.262245,108.064296,1.192842,0.699845,-0.052867,69.076013,NORMAL,0.150261,3.951388
S00682,L0034,T01,682,28.101362,0.22388,44.245557,805.452961,103.711036,12.002195,0.982571,-0.038325,73.627257,NORMAL,0.143048,3.117307
S00470,L0023,T01,470,29.183015,0.328854,44.177108,840.986592,103.919292,11.749208,0.657806,-0.030948,72.767847,NORMAL,0.193831,8.251457
S00754,L0037,T02,754,27.432675,0.184107,43.349591,801.892329,110.44264,11.969094,0.505767,-0.036194,,NORMAL,0.119662,5.619703
S00352,L0017,T04,352,28.327942,0.264738,42.356507,827.561542,107.672248,11.125683,0.833128,-0.058142,72.827644,NORMAL,0.109768,0.567039
S00206,L0010,T03,206,27.617596,0.510983,43.81048,808.347941,103.623685,12.491018,0.983733,-0.047664,70.005717,NORMAL,0.221929,10.064063
S00149,L0007,T02,149,28.296449,0.406006,,868.972076,104.758277,12.743806,0.656834,0.002272,84.108603,ENDPOINT,0.238754,7.578024
S00493,L0024,T03,493,27.974696,0.494945,46.093453,782.372207,104.264122,11.812268,0.922767,-0.046878,77.481331,NORMAL,0.249763,10.148238
S00299,L0014,T01,299,27.850026,0.440756,43.740424,965.922299,101.80814,12.067694,0.900226,-0.047664,73.629433,ARC,0.50755,18.457862
S00519,L0025,T03,519,26.813658,0.220492,42.708103,794.624663,104.652529,12.11981,0.603927,-0.032657,74.24475,NORMAL,0.177878,2.209735
S00148,L0007,T03,148,28.960682,0.265568,46.126567,865.455539,104.781801,12.236414,0.70668,-0.046222,,NORMAL,0.228065,8.664335
S00043,L0002,T01,43,27.170795,0.43846,44.733623,853.174265,108.341026,10.924147,0.629612,-0.043156,72.839899,NORMAL,0.234011,6.166106
S00055,L0002,T01,55,28.392665,0.124042,44.001706,819.467133,108.395667,12.642401,1.130772,-0.031792,73.367193,NORMAL,0.134669,6.33682
S00271,L0013,T04,271,26.054082,0.288424,42.506394,850.160395,106.552776,11.700056,0.850384,-0.045077,75.948749,NORMAL,0.257399,4.305588
S00359,L0017,T03,359,26.673651,0.47895,44.41163,802.990315,108.873602,,0.479279,-0.065648,71.611762,NORMAL,0.228579,11.376867
S00606,L0030,T03,606,30.295623,0.300519,42.231479,825.006707,103.043643,11.738018,0.794897,-0.0505,,NORMAL,0.202428,8.932162
S00690,L0034,T01,690,26.957451,0.213722,45.987134,820.676909,104.932284,12.5376,0.512266,-0.04712,75.655846,NORMAL,0.10725,4.796587
S00557,L0027,T02,557,28.096852,,42.674205,825.450259,104.038892,11.653519,0.973063,-0.040828,71.637559,NORMAL,0.192637,5.965441
S00377,L0018,T04,377,27.538679,0.374104,44.221091,796.334658,104.60637,12.243873,0.279677,-0.061671,66.365188,NORMAL,0.175755,12.605156
S00315,L0015,T04,315,27.901021,0.329958,44.379849,822.167504,103.292596,12.084905,0.716634,-0.035428,80.122226,NORMAL,0.092857,5.043338
S00466,L0023,T02,466,28.563353,0.283791,42.729578,798.610305,104.919884,11.819439,0.900508,-0.042325,71.433804,NORMAL,0.177717,3.956821
S00530,L0026,T04,530,27.927005,0.268689,45.772665,801.587262,104.927623,11.832176,0.564333,-0.039091,75.929893,NORMAL,0.116854,9.168269
S00675,L0033,T01,675,27.69462,0.321514,43.451424,,107.179435,11.126623,0.564426,-0.052523,69.31012,NORMAL,0.169343,5.657763
S00196,L0009,T01,196,28.555728,0.210392,42.936736,832.339599,103.762415,10.81481,1.39694,-0.045633,75.524791,NORMAL,0.260469,14.581825
S00023,L0001,T04,23,29.903743,0.442606,45.623004,820.148723,111.185566,11.596661,0.754798,-0.032428,73.669644,NORMAL,0.206211,3.988002
S00584,L0029,T01,584,27.666812,0.262826,43.450188,778.116894,97.756736,11.250906,0.729713,-0.039849,77.603906,NORMAL,0.187074,6.944651
S00263,L0013,T01,263,28.432516,0.501842,44.045705,840.985478,105.506447,11.240607,0.654848,-0.037588,75.374432,NORMAL,0.19955,8.60877
S00645,L0032,T01,645,29.256888,0.314045,44.83743,,106.242207,11.577052,0.742621,-0.034526,74.030382,NORMAL,0.181263,7.192405
S00680,L0034,T01,680,28.222488,0.218885,43.517425,823.628901,106.445053,13.807073,0.967551,-0.037329,67.921914,NORMAL,0.116806,11.356484
S00146,L0007,T03,146,28.527577,0.392967,41.396804,802.999917,99.704415,11.191268,0.748445,-0.047687,,NORMAL,0.167121,8.132807
S00286,L0014,T02,286,27.262171,0.477997,42.952264,820.419358,100.89156,12.177722,0.689551,-0.037015,74.26963,NORMAL,0.157439,4.466668
S00737,L0036,T01,737,26.598923,0.362801,42.653015,975.33238,107.394063,11.176787,0.876611,0.011598,83.726344,ENDPOINT,0.568238,20.229174
S00508,L0025,T03,508,26.739351,0.397859,42.84299,954.182837,99.204645,11.511102,0.59656,-0.041366,65.599526,ARC,0.497954,12.477452
S00018,L0000,T01,18,26.765399,0.123893,45.177123,856.365803,104.03323,10.966572,1.005255,-0.040813,73.869552,NORMAL,0.234932,5.254553
S00447,L0022,T02,447,26.617844,,40.638727,796.719256,99.67834,12.488892,0.655573,-0.030259,69.620102,NORMAL,0.202668,6.450259
S00551,L0027,T01,551,27.530393,0.444316,44.245725,823.726214,107.542202,11.297475,0.450033,-0.046577,69.39429,NORMAL,0.143875,-1.480514
S00175,L0008,T02,175,27.606374,0.201562,42.823479,871.507768,105.751183,11.93868,0.610472,-0.030039,72.061235,NORMAL,0.198841,4.448286
S00791,L0039,T01,791,28.095976,0.22199,42.150303,813.588509,103.615371,11.360476,0.61209,,73.031146,NORMAL,0.076325,3.328939
S00036,L0001,T02,36,27.525542,0.275791,44.558113,832.377318,98.024973,12.613673,0.532365,-0.034329,72.331366,NORMAL,0.123614,4.576542
S00024,L0001,T02,24,26.453038,0.358482,40.710068,802.233015,103.67204,11.719305,1.011769,-0.054816,72.35915,NORMAL,0.264328,12.147042
S00616,L0030,T01,616,25.823309,0.335792,44.865106,822.13028,105.816576,11.157188,0.660185,-0.046024,69.265346,NORMAL,0.198108,8.896719
S00289,L0014,T01,289,26.552035,0.28123,43.577415,802.694994,108.297047,11.439051,0.563107,-0.037269,71.175705,NORMAL,0.185968,8.015802
S00667,L0033,T02,667,28.145212,0.373702,43.101863,813.087413,102.150063,12.803646,0.727101,-0.037085,72.977983,NORMAL,0.117967,7.424956
S00067,L0003,T02,67,28.017885,0.531646,43.65584,812.928554,106.891519,11.790781,1.229935,-0.048893,69.941643,NORMAL,0.258968,10.887302
S00030,L0001,T03,30,31.16432,0.154781,41.220525,837.709609,103.542674,11.025499,0.407746,-0.043436,70.792763,NORMAL,0.241185,10.418928
S00171,L0008,T03,171,30.237146,0.286812,42.144936,814.1199,101.547653,11.83228,0.62399,-0.036635,74.329312,NORMAL,0.19826,5.300247
S00474,L0023,T01,474,28.841988,0.371724,43.935362,806.800798,103.881655,12.073499,0.87136,-0.039108,78.592675,NORMAL,0.185868,10.11636
S00152,L0007,T01,152,29.77422,0.297725,45.640451,799.043637,100.531562,12.000714,0.62771,-0.0519,72.576044,NORMAL,0.215533,9.843409
S00647,L0032,T03,647,27.973218,0.410922,42.292467,843.567159,107.927983,12.1188,0.700036,-0.040769,73.560965,NORMAL,0.162987,5.689127
S00081,L0004,T01,81,30.206977,0.274699,44.909783,815.907105,99.936889,11.260432,1.15515,-0.009664,80.210325,ENDPOINT,0.278043,9.760871
S00728,L0036,T02,728,25.775246,0.442348,44.094725,828.721613,108.349936,13.247632,0.714651,-0.060145,68.731447,NORMAL,0.243629,11.158081
S00017,L0000,T01,17,26.92342,0.492692,44.93616,856.868725,109.0915,12.373891,0.560248,-0.033142,72.960708,NORMAL,0.269174,4.337985
S00273,L0013,T03,273,26.382891,0.369163,44.220539,787.706013,103.003827,12.068624,0.708334,,71.234462,NORMAL,0.253881,10.426403
S00054,L0002,T02,54,28.551692,0.279134,44.851387,836.479189,99.867361,11.911539,0.962283,-0.038225,75.194717,NORMAL,0.179137,2.314175
S00426,L0021,T01,426,30.303764,0.498006,44.072475,838.962925,107.219951,11.735073,0.619995,-0.048071,70.404892,NORMAL,0.287097,11.706949
S00382,L0019,T01,382,30.218745,0.268475,45.286634,798.632892,105.028168,13.061337,0.913246,-0.040822,70.161452,NORMAL,0.259785,8.399727
S00753,L0037,T01,753,28.023762,0.379202,44.680353,831.762629,97.536669,12.469458,0.801205,-0.040431,80.826167,NORMAL,0.125697,2.224365
S00234,L0011,T01,234,27.147437,0.266337,44.086106,848.700688,106.977037,15.097066,2.873559,-0.045917,68.071078,BEARING,0.699354,26.217826
S00401,L0020,T01,401,28.741067,0.389421,43.094837,849.578325,97.267755,11.647687,0.620047,-0.035506,73.728916,NORMAL,0.208354,6.310325
S00321,L0016,T02,321,27.715088,0.355532,40.969091,809.784215,103.702312,11.552703,0.804237,-0.043495,68.99955,NORMAL,0.129727,8.479887
S00732,L0036,T02,732,28.576214,0.302985,44.249767,836.723874,102.727364,11.978574,1.107118,-0.021189,69.673844,NORMAL,0.223146,8.364224
S00575,L0028,T01,575,27.96504,0.36417,44.24041,827.817007,109.189183,12.251096,0.954128,-0.036275,71.72522,NORMAL,0.150865,6.453419
S00445,L0022,T01,445,28.435492,0.516776,42.894167,837.261024,100.916006,12.514876,0.238552,,69.992617,NORMAL,0.194121,3.741224
S00483,L0024,T01,483,27.973195,0.345212,44.123277,818.160663,104.998581,12.514033,0.591209,-0.044693,73.138045,NORMAL,0.092241,1.10812
S00476,L0023,T01,476,27.796921,0.268139,43.685463,838.171446,103.549037,11.121011,1.003805,-0.036405,71.810918,NORMAL,0.173569,12.304821
S00102,L0005,T01,102,27.462115,0.279407,44.881522,871.282066,104.890178,15.108857,2.839341,-0.040115,70.33257,BEARING,0.734786,22.721553
S00400,L0020,T02,400,27.460221,0.281261,44.649653,812.530122,102.603692,12.574851,0.731912,-0.038628,73.089792,NORMAL,0.115979,5.244606
S00236,L0011,T02,236,27.016272,0.371083,43.50869,813.231152,105.675716,11.976653,0.601185,0.027772,82.643702,ENDPOINT,0.158879,5.222881
S00658,L0032,T02,658,26.550447,0.374083,41.833103,794.294893,104.829266,12.042522,0.573872,-0.043943,76.227274,NORMAL,0.230261,8.745801
S00487,L0024,T02,487,27.631741,0.456571,45.025424,796.456569,105.839207,10.477088,0.58453,-0.027717,72.47968,NORMAL,0.191414,8.234115
S00241,L0012,T01,241,29.453396,,43.885593,828.789132,106.022511,10.437725,0.905889,-0.030318,65.365281,NORMAL,0.2205,4.551795
S00766,L0038,T01,766,29.049552,0.347994,45.751876,824.297982,104.098128,12.573587,0.976785,-0.036305,68.91212,NORMAL,0.194417,5.551666
S00743,L0037,T03,743,27.241276,0.473894,43.929558,816.044497,107.417444,11.279115,0.462128,-0.037909,67.448114,NORMAL,0.166298,4.181789
S00385,L0019,T02,385,29.574041,0.449919,43.931066,854.941975,106.493718,13.349682,0.542197,-0.045727,67.337118,NORMAL,0.278537,13.170715
S00759,L0037,T01,759,29.579235,0.454694,45.335526,816.931857,102.250205,10.667379,1.101329,-0.048659,73.309489,NORMAL,0.275638,9.92985
S00716,L0035,T02,716,27.556896,0.407825,43.238144,798.15857,100.956618,11.995927,1.043567,-0.039137,72.826201,NORMAL,0.239607,9.408233
S00664,L0033,T01,664,27.192549,0.279316,45.618561,781.346663,104.350868,12.404017,0.964324,-0.066168,76.813329,NORMAL,0.247916,3.709904
S00053,L0002,T01,53,29.469211,0.337083,42.8639,880.208824,107.026806,12.789039,0.291954,-0.039146,78.87796,NORMAL,0.308253,12.222495
S00471,L0023,T01,471,27.518807,0.410428,45.201236,941.652081,102.611061,12.285766,1.128997,-0.043201,75.017084,ARC,0.513046,16.478816
S00430,L0021,T04,430,27.467319,0.303441,44.775705,827.352907,108.413456,12.717258,1.063438,-0.02126,70.014358,NORMAL,0.186736,5.033796
S00049,L0002,T04,49,29.479146,0.367399,42.588686,837.182983,106.601898,11.216046,0.867342,-0.045293,78.364145,NORMAL,0.2256,5.564213
S00243,L0012,T02,243,26.804438,0.427756,43.262325,766.683673,107.317141,12.506467,1.100507,-0.041491,75.507349,NORMAL,0.375135,18.107059
S00719,L0035,T01,719,28.381503,0.320056,42.585476,815.920259,102.238019,12.30775,0.93426,0.011422,82.370115,ENDPOINT,0.142853,9.594822
S00610,L0030,T02,610,27.264192,0.410736,44.073084,786.802314,105.591248,11.460388,0.639928,-0.035343,74.106693,NORMAL,0.222469,5.389403
S00038,L0001,T01,38,27.628398,0.397312,44.827317,841.261576,100.251779,13.162924,0.754729,-0.061361,69.640236,NORMAL,0.171062,7.801136
S00276,L0013,T03,276,29.663979,0.242347,43.694362,815.289635,102.96722,11.229378,1.147803,-0.035327,77.121657,NORMAL,0.242513,9.787977
S00216,L0010,T01,216,28.263595,0.478238,42.88654,856.010746,100.746076,12.001095,0.992917,-0.044463,66.623004,NORMAL,0.270995,10.336392
S00542,L0027,T01,542,27.862859,0.516933,42.175667,789.165511,102.725192,10.341425,0.877326,-0.0408,71.490893,NORMAL,0.232508,7.4678
S00223,L0011,T02,223,29.241285,0.500089,46.151421,,107.865274,11.315389,1.11034,-0.0417,67.555979,NORMAL,0.275235,13.825624
S00712,L0035,T04,712,29.701787,0.473107,43.206681,801.716369,105.831738,12.802378,1.129613,-0.050821,73.018816,NORMAL,0.331478,11.440007
S00129,L0006,T01,129,27.630577,0.360814,43.848841,794.43411,102.037844,13.068906,1.054321,-0.037219,73.197846,NORMAL,0.23617,9.700361
S00709,L0035,T01,709,28.185375,0.408744,41.954579,829.516412,99.332768,12.208115,0.990882,-0.036984,73.045739,NORMAL,0.182966,5.442787
S00378,L0018,T01,378,26.193841,,43.882918,796.82593,105.705622,10.583128,0.477716,-0.048461,76.937176,NORMAL,0.185978,7.977625
S00782,L0039,T01,782,28.472402,0.399809,41.933252,847.240581,102.653749,11.411381,0.69586,-0.051047,71.356738,NORMAL,0.191674,6.92385
S00094,L0004,T02,94,28.085798,0.223072,44.946499,824.936231,100.238072,11.460881,1.268628,-0.047186,68.254753,NORMAL,0.189556,10.545479
S00621,L0031,T02,621,30.391682,0.364242,44.004632,801.027846,108.048611,11.780813,0.822244,0.010425,83.828309,ENDPOINT,0.263636,9.933716
S00789,L0039,T01,789,26.645457,0.496923,45.724825,762.027831,105.078923,11.729135,0.796131,-0.031389,68.305329,NORMAL,0.336888,10.009682
S00469,L0023,T02,469,27.610692,0.03398,45.550504,813.570956,101.58846,13.3238,0.900733,-0.039043,73.719034,NORMAL,0.069216,5.763204
S00073,L0003,T03,73,,0.366831,44.844603,845.144932,105.532724,11.408512,0.935516,-0.049313,76.79876,NORMAL,0.237438,5.428084
S00165,L0008,T02,165,27.647324,0.410499,42.913651,852.638656,104.45799,11.489395,0.724454,-0.041164,74.334605,NORMAL,0.201855,8.228142
S00513,L0025,T02,513,26.926007,0.268529,43.719225,823.93504,105.746334,10.66193,0.924743,-0.046498,73.461137,NORMAL,0.161855,10.923456
S00257,L0012,T01,257,27.127205,0.532046,46.67792,794.84987,109.32915,13.471791,0.611121,-0.043349,69.769818,NORMAL,0.239527,5.908647
S00715,L0035,T03,715,27.342787,0.459355,41.178119,801.393939,102.178046,10.814001,0.719783,-0.046293,74.07051,NORMAL,0.194215,9.525171
S00457,L0022,T01,457,29.601301,0.269837,41.308534,774.12145,105.213551,12.40019,1.10149,-0.039454,68.710145,NORMAL,0.337593,16.238738
S00443,L0022,T02,443,25.985584,0.371215,48.096859,814.501492,103.874269,10.967149,0.287463,-0.030457,71.601795,NORMAL,0.207271,9.14671
S00310,L0015,T01,310,27.515999,0.086109,42.211184,832.549811,103.24682,12.069509,0.917311,-0.038907,70.763722,NORMAL,0.106429,6.308113
S00343,L0017,T01,343,25.811735,0.58403,43.016477,810.980896,105.943657,11.926404,0.540224,-0.043293,75.641693,NORMAL,0.277968,8.139525
S00705,L0035,T02,705,28.687081,0.461446,43.542456,835.758738,101.695086,11.959719,0.696188,-0.03969,64.678322,NORMAL,0.189112,9.312555
S00585,L0029,T03,585,27.217511,0.514153,,785.70359,105.55827,12.050799,0.814587,-0.035718,72.494111,NORMAL,0.25705,10.37184
S00738,L0036,T02,738,29.361545,0.468997,41.817992,849.391258,103.841103,16.478041,2.590681,-0.060822,72.157893,BEARING,0.706475,21.894424
S00717,L0035,T02,717,28.507999,0.218015,42.075252,762.897584,108.809738,10.883433,1.140441,-0.028316,70.332047,NORMAL,0.30777,9.705598
S00707,L0035,T03,707,28.934972,0.351963,45.317144,770.643308,108.487968,12.057105,1.049084,-0.024997,73.153492,NORMAL,0.320402,12.911747
S00740,L0037,T01,740,26.800059,0.356451,40.795027,778.561787,102.750193,11.308141,0.636661,-0.034487,65.68137,NORMAL,0.252705,7.561305
S00163,L0008,T03,163,26.755608,0.423121,43.151359,837.240849,102.524732,12.880455,0.722232,-0.03469,66.781539,NORMAL,0.211102,7.065887
S00346,L0017,T01,346,28.347545,0.32021,40.666293,795.794265,103.546518,11.016426,0.808861,-0.022792,70.84609,NORMAL,0.160159,2.414852
S00467,L0023,T02,467,27.60161,0.291792,43.629731,833.963409,106.899129,11.352609,0.516946,-0.061635,71.645446,NORMAL,0.127776,9.306123
S00080,L0004,T01,80,29.643111,0.417777,43.946458,824.019377,111.681033,11.570264,0.673188,-0.038147,68.258453,NORMAL,0.196648,4.88531
S00497,L0024,T03,497,26.967716,0.332216,44.115451,819.467883,98.638562,15.204121,2.799279,0.002067,85.497725,ENDPOINT,0.635818,20.573202
S00282,L0014,T02,282,28.522896,0.423977,43.273567,777.373466,107.458772,12.58423,0.840859,-0.039953,68.782988,NORMAL,0.24892,8.988597
S00655,L0032,T01,655,27.489116,0.527718,43.813118,831.171782,104.422893,12.251073,0.433085,-0.035535,71.771841,NORMAL,0.185403,6.143228
S00642,L0032,T01,642,27.05431,0.280677,45.535848,874.212208,107.263286,12.582137,0.472867,-0.031352,76.506702,NORMAL,0.252984,9.282757
S00410,L0020,T01,410,28.255545,0.386906,43.347841,811.735548,107.29616,12.010179,0.854831,-0.020445,73.60763,NORMAL,0.143873,7.79909
S00373,L0018,T01,373,28.049968,0.345217,44.760731,873.963997,106.116928,12.747521,0.609259,-0.038098,72.039195,NORMAL,0.223713,9.972239
S00751,L0037,T03,751,27.223603,0.365506,42.691491,826.848604,103.21382,12.309858,1.077634,-0.038232,77.289571,NORMAL,0.216726,13.095715
S00524,L0026,T01,524,29.582758,0.429764,44.011236,818.795658,111.467182,,0.656341,-0.047923,75.64607,NORMAL,0.18959,1.07767
S00006,L0000,T02,6,27.929877,0.268733,43.192787,886.971662,103.967284,13.324911,0.586459,-0.061628,72.994751,ARC,0.238118,10.313963
S00784,L0039,T02,784,26.997081,0.360729,41.899681,845.983384,107.938283,13.742985,0.878898,-0.038341,74.206071,NORMAL,0.225011,7.227552
S00287,L0014,T02,287,29.535798,0.43919,42.03812,,104.485711,11.113859,,-0.043565,73.710407,NORMAL,0.238166,9.811349
S00204,L0010,T02,204,,0.21667,43.676306,839.975472,106.864053,10.302215,0.822466,-0.046135,76.343539,NORMAL,0.163064,9.565699
S00201,L0010,T02,201,27.641724,0.485074,43.80671,806.233063,100.786465,11.96067,0.426413,-0.023535,68.788008,NORMAL,0.1736,8.256794
S00337,L0016,T02,337,26.179268,0.34715,41.857659,776.85389,104.541883,10.967113,0.534991,-0.03047,74.967341,NORMAL,0.285689,11.676236
S00061,L0003,T01,61,27.665734,0.283077,43.284881,855.37484,104.290285,12.478792,0.28409,-0.032489,78.110957,NORMAL,0.17592,6.272775
S00569,L0028,T03,569,27.845147,0.462596,41.948995,846.397424,107.054701,12.550198,0.844603,-0.054891,69.750569,NORMAL,0.200536,5.681889
S00269,L0013,T01,269,30.319298,0.23663,46.868803,832.27718,100.428749,11.995495,0.77214,-0.038425,64.440804,NORMAL,0.205815,7.935689
S00657,L0032,T01,657,28.525452,0.370948,43.268995,795.075154,106.344316,11.174626,0.544516,-0.035235,68.685008,NORMAL,0.181322,8.226631
S00367,L0018,T03,367,27.899259,0.507442,44.565656,844.460954,106.230583,13.214222,0.923321,0.023887,86.637941,ENDPOINT,0.22388,9.386687
S00550,L0027,T01,550,26.048663,0.225425,42.393873,861.185464,100.628353,12.069713,0.943318,-0.041912,77.963831,NORMAL,0.292716,7.86883
S00065,L0003,T03,65,27.433297,0.454284,43.621495,828.689381,104.321234,13.066869,0.921867,0.008629,85.931326,ENDPOINT,0.194096,5.999149
S00773,L0038,T01,773,27.943678,0.357091,42.714326,830.211007,105.860917,12.256524,0.734811,-0.030585,68.493951,NORMAL,0.117616,9.533843
S00097,L0004,T01,97,27.295054,0.256335,48.769633,830.704577,103.426625,11.774409,0.785526,-0.034588,77.558779,NORMAL,0.126092,4.627174
S00195,L0009,T03,195,28.900593,0.432772,43.898511,809.862304,106.504397,15.212218,2.647087,-0.044894,76.320947,BEARING,0.640339,20.906823
S00103,L0005,T02,103,24.850565,0.384316,42.382005,863.065554,98.963704,11.385592,0.919845,-0.034491,77.289673,NORMAL,0.391176,14.115001
S00399,L0019,T01,399,27.881481,0.596927,44.148698,782.222804,109.97719,12.630869,0.552823,-0.044761,75.245325,NORMAL,0.249601,9.575654
S00125,L0006,T02,125,29.183999,0.466072,43.861413,838.335812,101.42436,12.881613,0.361662,-0.044079,78.411781,NORMAL,0.221557,7.757931
S00262,L0013,T03,262,29.227224,0.486538,45.336115,819.008539,104.439603,12.585038,0.662897,-0.052953,77.638788,NORMAL,0.185474,11.617398
S00394,L0019,T02,394,28.681275,0.587026,44.144873,826.21859,106.621,10.916678,0.62474,0.005187,83.151722,ENDPOINT,0.196367,5.273169
S00591,L0029,T04,591,27.295344,0.445253,45.201357,779.691427,102.679567,11.644419,0.716638,-0.041646,68.839559,NORMAL,0.247317,5.918848
S00341,L0017,T03,341,25.448642,0.520359,41.810514,847.808158,104.157356,11.402163,0.768601,0.007034,89.557247,ENDPOINT,0.327178,12.837089
S00261,L0013,T01,261,27.512963,0.383522,44.306238,769.766039,105.472182,15.698167,2.518691,-0.038362,77.430693,BEARING,0.67549,20.900035
S00638,L0031,T03,638,27.544825,0.345682,,931.402194,104.56384,12.455162,1.012212,-0.02786,77.402732,ARC,0.440738,12.513263
S00532,L0026,T01,532,25.372024,,45.54069,825.198169,108.079509,11.354421,0.214372,-0.033791,,NORMAL,0.186801,3.62203
S00749,L0037,T01,749,27.360234,0.242751,43.471125,825.349061,104.557365,11.774005,0.765758,-0.047089,78.246826,NORMAL,0.106049,0.0
S00776,L0038,T01,776,25.579722,0.462523,44.657733,825.954696,106.770748,12.824636,1.175959,-0.03243,70.324473,NORMAL,0.345521,10.364002
S00183,L0009,T03,183,27.584201,0.240472,44.364314,807.86896,102.098172,12.436283,1.06434,-0.041481,72.389499,NORMAL,0.177321,8.603664
S00796,L0039,T03,796,27.914187,0.365417,40.888295,822.573679,106.486752,11.64425,0.828997,-0.053189,76.526324,NORMAL,0.109328,6.349036
S00060,L0003,T01,60,27.893466,0.719696,43.903281,841.392566,104.788293,11.399668,0.968215,-0.033925,72.122802,NORMAL,0.280786,5.564391
S00417,L0020,T02,417,27.463509,0.0999,44.324188,831.429583,111.334516,16.281192,2.757244,-0.034064,65.432633,BEARING,0.569684,23.685131
S00290,L0014,T01,290,28.227443,0.112913,42.792692,839.253878,101.435199,12.764634,0.482228,-0.045665,72.15121,NORMAL,0.087735,4.673223
S00134,L0006,T04,134,25.927995,0.444832,42.050396,768.26827,105.411356,16.042535,2.542392,-0.047613,67.272086,ENDPOINT,0.779736,25.791284
S00372,L0018,T01,372,29.903923,0.237852,46.157273,823.50366,107.949135,13.866981,0.880023,-0.040296,76.423677,NORMAL,0.183424,2.462679
S00482,L0024,T01,482,29.132251,0.43685,45.540941,811.51162,104.058822,13.051512,1.191638,-0.040793,74.123617,NORMAL,0.284956,11.035516
S00192,L0009,T02,192,27.794289,0.279744,44.36905,804.148551,106.924756,12.278353,1.181366,-0.030199,77.246638,NORMAL,0.215192,8.432841
S00432,L0021,T01,432,26.964399,0.361649,43.368799,,99.833457,11.475907,0.329012,-0.042621,73.011312,NORMAL,0.217802,9.765007
S00449,L0022,T02,449,29.115206,0.348567,44.584959,815.088213,107.596544,13.055764,0.887508,-0.041831,73.154532,NORMAL,0.177059,7.86479
S00177,L0008,T01,177,28.577817,0.411175,43.228287,807.500885,110.712305,10.840699,0.639269,-0.033805,76.713411,NORMAL,0.162932,2.168395
S00296,L0014,T02,296,27.48621,0.212206,43.596638,8393.76166,103.721972,12.421167,0.688418,-0.039876,73.250998,NORMAL,0.127181,8.750438
S00534,L0026,T03,534,27.491846,0.392565,41.704601,869.606014,105.951026,11.277275,0.901212,-0.037222,76.411831,NORMAL,0.272867,10.509143
S00108,L0005,T01,108,27.622703,0.451541,41.429605,881.036605,103.10132,11.76256,0.718038,-0.055371,70.511285,NORMAL,0.284342,9.035203
S00143,L0007,T01,143,28.666045,0.258374,44.525947,794.453797,100.750289,12.427067,0.627886,-0.051658,71.897276,NORMAL,0.161761,6.183535
S00488,L0024,T01,488,29.058131,0.364273,45.004164,830.909225,103.817659,11.574335,0.594323,-0.026964,,NORMAL,0.171248,9.967487
S00374,L0018,T04,374,28.426741,0.40851,43.659443,818.820482,109.209061,12.021889,0.991569,-0.033809,76.24942,NORMAL,0.174306,8.211795
S00063,L0003,T01,63,28.989149,0.403396,43.494781,827.525208,103.124675,12.129174,0.352339,-0.02715,76.148197,NORMAL,0.16912,5.623382
S00173,L0008,T01,173,27.712844,0.208723,44.175227,806.80202,102.719603,10.949623,0.973616,-0.039754,68.639487,NORMAL,0.142938,4.050943
S00331,L0016,T01,331,29.040378,0.052723,41.716126,790.69558,103.843252,12.351631,0.561672,-0.028522,69.822477,NORMAL,0.138461,9.309082
S00087,L0004,T03,87,27.941756,,45.683191,842.528707,106.901625,13.556326,1.131227,-0.025444,69.898605,NORMAL,0.218627,6.964756
S00140,L0007,T04,140,28.449412,0.277312,46.196805,796.415349,106.411811,12.614311,0.898216,-0.043546,78.434801,NORMAL,0.175314,6.45799
S00403,L0020,T01,403,29.464313,0.333373,41.094701,812.189504,106.57727,11.492524,0.972677,-0.01765,78.164294,NORMAL,0.219255,9.299375
S00342,L0017,T04,342,28.627951,0.514419,44.358436,795.475052,102.562114,12.454173,0.940353,,75.35722,NORMAL,0.256403,16.511186
S00686,L0034,T01,686,27.71457,0.339037,43.080631,866.149381,107.28262,12.601032,0.3991,-0.036369,73.514371,NORMAL,0.214404,6.908944
S00057,L0002,T01,57,27.693282,0.381224,42.956851,848.310367,111.611256,10.93911,0.576983,-0.04021,74.979948,NORMAL,0.181418,6.615335
S00663,L0033,T01,663,28.722192,0.136542,45.363448,821.787235,105.573297,12.041077,1.023289,-0.035029,74.753526,NORMAL,0.130535,4.994472
S00004,L0000,T03,4,28.672485,0.310841,45.083384,828.033148,94.820722,11.51356,0.864475,-0.047254,71.160231,NORMAL,0.147536,7.091357
S00442,L0022,T01,442,28.667917,0.247233,42.734973,881.65662,104.688494,13.371222,1.119589,-0.053637,79.125958,NORMAL,0.329243,10.372751
S00195,L0009,T03,195,28.900593,0.432772,43.898511,809.862304,106.504397,15.212218,2.647087,-0.044894,76.320947,BEARING,0.640339,20.906823
S00233,L0011,T02,233,,0.318369,42.566724,831.639674,100.058234,12.109869,1.031867,-0.044908,71.968976,NORMAL,0.183799,12.453616
S00199,L0009,T01,199,26.959019,0.364872,44.024043,788.687546,102.321453,15.90048,2.515001,-0.0265,74.435917,BEARING,0.650298,24.189492
S00672,L0033,T02,672,27.664109,0.167338,39.503365,781.162245,101.518224,10.963187,0.836589,-0.03294,63.187115,NORMAL,0.164871,6.488222
S00641,L0032,T03,641,26.916344,0.432747,46.209659,819.602715,99.26771,11.793725,0.660958,-0.027551,71.290627,NORMAL,0.163363,11.194519
S00071,L0003,T01,71,25.87031,0.177778,43.063374,848.769359,101.808023,12.308835,1.035704,-0.04694,73.110599,NORMAL,0.281778,10.545678
S00114,L0005,T02,114,27.395977,0.318942,42.64593,837.040319,104.089138,11.278598,1.120688,-0.043371,75.863181,NORMAL,0.232709,8.378894
S00632,L0031,T02,632,,0.341275,46.450035,818.331578,102.711429,12.263392,1.095312,-0.034096,72.575101,NORMAL,0.16586,6.613429
S00560,L0028,T01,560,30.118832,0.352803,46.561295,823.426051,106.194704,11.298568,1.169749,-0.034673,77.553832,NORMAL,0.295145,9.339323
S00565,L0028,T02,565,28.714665,0.185095,46.727462,821.267239,106.117755,12.928596,0.80691,-0.048733,72.075124,NORMAL,0.086903,2.554494
S00688,L0034,T02,688,27.222871,0.286941,43.775774,794.40581,102.553511,11.638819,0.904669,-0.037287,68.185043,NORMAL,0.200744,6.797515
S00571,L0028,T01,571,27.709436,0.359354,44.902819,823.054517,104.049909,10.411561,0.660512,-0.037554,76.50939,NORMAL,0.112003,10.784776
S00305,L0015,T02,305,27.498264,0.237397,44.129008,838.567883,106.610705,11.452667,0.631317,-0.025827,73.307631,NORMAL,0.130856,4.600195
S00304,L0015,T01,304,28.453303,0.238201,44.657178,928.340161,101.840101,12.701539,0.513515,-0.027591,70.827724,ARC,0.353066,11.527466
S00274,L0013,T01,274,26.053971,0.362662,46.85896,823.314976,100.141895,11.82495,0.567623,-0.061873,68.558066,NORMAL,0.196254,10.240956
S00334,L0016,T01,334,29.326722,0.396915,45.120158,827.517336,103.598643,10.785963,0.537337,-0.03422,70.911728,NORMAL,0.184358,3.369017
S00244,L0012,T01,244,28.043276,0.316527,42.564227,848.263202,104.620711,16.482591,2.181705,-0.052042,72.27138,BEARING,0.49738,17.582297
S00649,L0032,T01,649,28.253682,0.570512,44.616025,824.682453,104.269409,10.975647,0.702966,-0.047157,70.033921,NORMAL,0.167018,6.894248
S00358,L0017,T04,358,,0.544767,45.822083,820.772717,101.185359,12.961355,0.982098,-0.040957,67.685991,NORMAL,0.212848,7.977901
S00131,L0006,T03,131,,0.327814,46.927354,834.285207,106.219614,11.111135,0.710805,-0.048771,76.272653,NORMAL,0.18661,7.387817
S00138,L0006,T01,138,27.698337,0.418288,44.199281,811.855133,103.887484,15.21776,3.045485,-0.036361,76.603924,BEARING,0.701389,20.324998
S00741,L0037,T01,741,28.235705,0.30697,,811.886486,108.372998,13.511768,0.700887,-0.034705,76.286184,NORMAL,0.108811,5.045511
S00419,L0020,T01,419,28.047133,0.440378,40.931107,837.757115,108.266037,11.766824,0.839394,-0.053446,70.218274,NORMAL,0.166693,3.09368
S00465,L0023,T04,465,28.19736,0.225393,40.598898,831.03122,105.643516,11.882995,0.904146,-0.053697,74.195517,NORMAL,0.119831,0.707093
S00543,L0027,T01,543,27.137622,0.165969,46.334723,857.145619,105.934337,11.107357,0.573768,-0.038186,75.313199,NORMAL,0.177475,9.82966
S00718,L0035,T01,718,28.596557,0.495784,41.383671,855.67169,100.101721,15.331371,2.150728,-0.033803,74.355905,BEARING,0.580635,17.040576
S00640,L0032,T01,640,27.083044,0.368275,42.532974,843.247108,102.541295,11.88771,0.821225,-0.036258,70.154683,NORMAL,0.201341,2.448112
S00101,L0005,T01,101,26.246084,0.332739,45.260558,833.042977,108.922719,11.587911,0.783353,-0.029718,68.211226,NORMAL,0.203488,7.960299
S00422,L0021,T01,422,26.760579,0.365553,46.393752,842.751326,103.328106,12.226573,0.615378,-0.046768,75.250908,NORMAL,0.210238,8.404969
S00495,L0024,T04,495,30.38884,0.345594,43.143056,836.458862,104.099212,12.262527,0.734194,-0.04507,73.639882,NORMAL,0.246988,9.093361
S00613,L0030,T02,613,27.989424,0.318734,44.606929,828.839562,107.012251,11.992379,0.719051,-0.041347,66.039261,NORMAL,0.102311,6.442157
S00660,L0033,T01,660,27.740445,0.461578,42.954396,807.259517,106.01387,13.044061,0.89311,-0.039325,70.925231,NORMAL,0.183501,8.579591
S00555,L0027,T04,555,28.002327,0.261604,42.757087,813.64457,106.927261,11.64538,1.053229,0.015561,84.36214,ENDPOINT,0.144713,4.759353
S00384,L0019,T01,384,28.831046,0.38337,46.92975,775.687166,106.385532,12.167183,0.702289,-0.051826,71.059178,NORMAL,0.248177,8.606623
S00428,L0021,T02,428,26.412017,0.398167,40.566516,781.58786,109.962155,12.342938,0.724354,-0.024949,68.296521,NORMAL,0.274971,11.046856
S00423,L0021,T01,423,29.08106,0.250335,44.66659,826.446519,101.36903,12.19435,0.919131,-0.037022,71.470843,NORMAL,0.162536,6.80705
S00446,L0022,T03,446,27.343504,0.374009,44.86405,820.012465,109.138434,10.849636,0.572597,-0.027494,69.694387,NORMAL,0.126358,6.146041
S00764,L0038,T01,764,28.895253,0.171824,43.182329,797.811797,106.413417,13.083919,1.025842,-0.038501,75.10013,NORMAL,0.19965,7.530249
S00048,L0002,T01,48,26.684907,0.373725,46.683378,803.006081,106.431781,12.198234,0.841657,-0.027382,83.934629,NORMAL,0.212085,9.773772
S00297,L0014,T01,297,28.215702,0.121395,44.178801,818.123204,105.720148,12.710627,0.718823,-0.042018,70.173216,NORMAL,0.045826,5.712879
S00362,L0018,T03,362,27.702311,0.247198,45.803714,800.170554,108.25833,12.864839,1.041215,-0.045681,72.550412,NORMAL,0.186561,5.653116
S00512,L0025,T02,512,27.960035,0.284012,44.940565,893.627664,110.918232,12.616027,0.779608,-0.044202,67.974067,ARC,0.257071,17.907055
S00407,L0020,T01,407,27.622268,0.355402,41.401465,953.911726,108.722267,11.921275,0.945825,0.01116,78.756831,ENDPOINT,0.478973,14.716831
S00197,L0009,T01,197,28.000674,0.159279,44.439636,789.440504,106.799398,12.730135,0.389969,-0.029026,74.112732,NORMAL,0.116252,4.87832
S00208,L0010,T01,208,27.04143,0.538311,41.453234,823.228414,105.147961,11.537397,0.90399,-0.046472,76.189227,NORMAL,0.216575,8.283272
S00747,L0037,T04,747,27.695357,0.366789,44.280334,793.704609,99.989034,12.317257,0.908185,-0.033,69.024757,NORMAL,0.199714,9.645697
S00124,L0006,T04,124,28.543316,0.273433,42.062541,,99.586893,12.187069,0.65451,-0.047663,75.643714,NORMAL,0.096748,6.419156
S00785,L0039,T02,785,29.452951,0.4077,44.124791,808.088387,103.155236,11.921958,0.717,0.018618,85.189014,ENDPOINT,0.204352,7.142161
S00365,L0018,T04,365,28.938858,0.293636,43.353347,844.564853,102.513389,10.551738,0.724437,-0.030537,69.798299,NORMAL,0.181764,4.032745
S00409,L0020,T02,409,25.421423,0.390395,42.35032,797.474889,104.953657,12.320005,0.870711,,78.104914,ENDPOINT,0.300518,5.457207
S00676,L0033,T01,676,26.376523,0.554445,44.46923,842.723619,105.301608,12.693069,0.479267,-0.035143,78.188384,NORMAL,0.276594,7.58616
S00588,L0029,T02,588,28.266073,0.276153,44.205088,846.535185,104.420387,11.840937,0.637945,-0.034175,73.728876,NORMAL,0.14868,11.377025
S00576,L0028,T01,576,27.269297,0.342755,43.619805,864.093482,104.525514,13.5118,0.85166,-0.049896,67.482794,NORMAL,0.245373,6.650523
S00283,L0014,T01,283,28.384782,0.490219,45.736705,829.152656,109.548345,11.702257,0.878371,-0.044805,74.683871,NORMAL,0.184268,10.19334
S00225,L0011,T01,225,27.212048,0.338899,43.216737,810.941265,112.931932,11.375851,0.913844,-0.040656,74.301301,NORMAL,0.17523,4.910215
S00014,L0000,T01,14,,0.499347,41.427117,832.630104,107.719504,11.697217,0.83706,-0.050197,72.689001,NORMAL,0.179236,11.538201
S00327,L0016,T01,327,27.665255,0.219361,46.808846,770.294024,104.714403,12.804857,0.535363,0.0063,79.115266,ENDPOINT,0.195842,11.259682
S00589,L0029,T01,589,26.580289,0.287562,42.346735,795.879659,102.890898,11.442822,0.979162,-0.026363,76.369528,NORMAL,0.247967,9.845859
S00661,L0033,T03,661,28.374841,0.461604,45.271139,814.772714,104.8337,12.776051,0.338927,-0.034732,74.845798,NORMAL,0.147211,5.724522
S00755,L0037,T02,755,31.250455,0.231118,42.610054,821.476882,107.4308,12.41141,0.864608,-0.050526,73.968348,NORMAL,0.240147,7.52265
S00609,L0030,T01,609,28.238417,0.399488,46.575753,847.465951,105.061583,11.383423,0.631255,-0.048101,78.053454,NORMAL,0.180458,10.01558
S00605,L0030,T01,605,29.707114,0.376791,45.426697,835.334693,102.475162,11.141717,0.703271,0.021228,82.339783,ENDPOINT,0.21789,5.483999
S00496,L0024,T03,496,28.943781,0.582054,44.722099,807.186485,106.08219,12.264073,1.08101,-0.042915,72.808303,NORMAL,0.294989,11.656
S00617,L0030,T01,617,28.486411,0.204248,43.802301,946.068386,,13.067833,1.128622,-0.035735,70.305442,ARC,0.472709,16.444107
S00159,L0007,T03,159,27.793673,0.383699,41.339299,784.258924,104.051865,10.252766,0.8929,-0.040481,65.111139,NORMAL,0.218819,6.369458
S00293,L0014,T01,293,29.513746,,44.140298,808.744226,102.984604,12.793283,0.61595,-0.048735,67.17668,NORMAL,0.215131,11.806078
S00075,L0003,T02,75,28.469823,0.354126,42.668135,797.807748,105.327343,11.232226,0.537838,-0.045118,69.585434,NORMAL,0.167503,10.604308
S00578,L0028,T03,578,29.836916,0.378573,44.116372,792.065989,110.35112,12.7245,1.419681,-0.047743,73.87333,NORMAL,0.411244,18.664124
S00047,L0002,T01,47,27.821403,0.244681,44.842266,980.174276,102.184013,11.235615,1.038901,-0.045625,72.933064,ARC,0.530261,16.503394
S00190,L0009,T03,190,28.380871,0.442986,,804.874153,103.647417,11.037279,0.622961,-0.042447,75.819398,NORMAL,0.167605,2.596285
S00735,L0036,T01,735,29.610458,0.343495,47.53406,821.652098,100.993045,,1.085722,-0.028746,,NORMAL,0.241957,7.330403
S00226,L0011,T01,226,27.404584,0.36886,44.798644,815.191611,103.663258,11.719134,0.876269,-0.029921,74.267585,NORMAL,0.153074,12.381246
S00721,L0036,T01,721,25.349788,0.23682,45.075966,789.106712,108.58635,11.257229,1.271373,-0.027976,72.230726,BEARING,0.386792,13.097834
S00424,L0021,T02,424,27.842531,0.513469,45.177854,800.341451,103.497421,10.610217,0.912166,,73.304464,NORMAL,0.213429,10.559668
S00685,L0034,T03,685,26.927423,0.426998,43.289801,885.149825,109.184788,11.930029,1.061081,-0.043485,69.273125,NORMAL,0.388523,13.44531
S00056,L0002,T01,56,28.343521,0.354064,45.02419,847.65246,106.509186,12.427264,0.611342,-0.043119,72.153375,NORMAL,0.174823,6.391735
S00380,L0019,T02,380,28.069716,0.32091,43.920033,809.212889,106.007479,11.692077,1.276092,-0.03808,74.145733,NORMAL,0.229704,8.548031
S00007,L0000,T01,7,28.965609,0.457661,42.875174,804.864966,103.543783,11.115345,0.429583,-0.045725,71.648936,NORMAL,0.200533,0.276551
S00253,L0012,T03,253,25.971452,0.286991,47.381834,798.977738,104.49635,15.447045,2.589715,-0.040301,71.558434,BEARING,0.67316,19.437897
S00042,L0002,T01,42,27.737421,0.355564,43.08521,828.340612,101.216201,12.745146,0.51454,-0.032639,66.166787,NORMAL,0.122871,6.661993
S00510,L0025,T03,510,27.488879,0.106254,45.553803,956.428225,107.971534,12.373135,0.768464,-0.056575,71.104298,ARC,0.39319,13.417194
S00046,L0002,T01,46,29.15813,0.356037,43.983088,818.575676,102.051855,12.537345,0.660329,-0.030846,69.481705,NORMAL,0.150477,6.257902
S00008,L0000,T02,8,28.732057,0.353408,43.43344,831.019871,,13.277541,0.619392,-0.053739,73.658602,NORMAL,0.152505,3.646105
S00757,L0037,T02,757,29.330844,0.324363,41.943732,852.124244,107.28372,10.93313,0.434175,-0.043977,73.850353,NORMAL,0.227944,11.363218
S00371,L0018,T01,371,28.49737,0.249023,46.226982,792.448055,103.325264,10.14807,0.626306,-0.043755,75.801005,NORMAL,0.156004,5.4322
S00596,L0029,T01,596,28.159793,0.337481,45.580245,804.965766,104.381512,16.437867,2.549589,-0.036454,71.106145,BEARING,0.567343,18.419672
S00602,L0030,T02,602,28.511318,0.352581,42.995595,812.472896,104.301528,12.64771,0.696177,-0.052925,72.475077,NORMAL,0.132529,9.177289
S00390,L0019,T03,390,26.912087,0.474854,45.795974,817.130017,105.697947,11.583672,0.377869,-0.043845,72.067578,NORMAL,0.180284,4.037242
S00228,L0011,T04,228,26.964671,0.098745,47.030826,839.86061,105.193542,12.733049,0.751241,-0.04029,66.656238,NORMAL,0.126104,1.52388
S00309,L0015,T01,309,29.486482,0.104921,43.976683,783.87775,109.86971,12.222677,0.516407,-0.026228,67.976283,NORMAL,0.19086,6.824485
S00179,L0008,T04,179,27.735841,0.575027,44.551835,834.413529,103.498734,12.071611,0.93977,-0.039737,70.730854,NORMAL,0.227941,9.080034
S00631,L0031,T04,631,28.697575,0.295305,44.084893,787.246097,109.668406,11.053284,0.699702,-0.030789,70.949013,NORMAL,0.19059,8.053776
S00034,L0001,T01,34,26.594533,0.407346,44.862484,828.137022,100.685236,11.630304,0.453785,-0.038544,72.074239,NORMAL,0.192452,3.88981
S00189,L0009,T01,189,29.838077,0.45227,42.800969,771.803736,106.350634,12.225593,0.934764,-0.034232,71.020787,NORMAL,0.359153,13.429674
S00684,L0034,T01,684,29.870875,0.463003,46.165224,898.704149,104.699389,11.359315,0.623263,-0.037729,73.7072,NORMAL,0.406055,15.427285
S00691,L0034,T01,691,27.277789,0.443617,45.702457,791.64553,102.201763,12.270109,1.014016,-0.045095,69.710174,NORMAL,0.271405,15.075273
S00266,L0013,T01,266,30.909677,0.16166,46.297262,809.487053,108.494357,11.438245,0.841873,-0.043612,76.926213,NORMAL,0.22265,3.744191
S00460,L0023,T04,460,28.052394,0.269674,42.629894,806.263497,99.866404,12.147044,0.714619,-0.034088,77.376859,NORMAL,0.10438,9.089446
S00464,L0023,T02,464,28.866863,0.226408,43.297624,849.13718,108.439966,15.041268,2.728288,-0.02973,73.850027,BEARING,0.65486,19.215417
S00221,L0011,T02,221,27.729576,0.414477,45.27513,841.904289,98.24985,12.173827,1.159576,-0.039265,70.617558,NORMAL,0.261795,8.680985
S00415,L0020,T03,415,27.923897,0.45355,43.444153,814.864509,105.447351,,0.778471,-0.024542,75.855609,NORMAL,0.130031,0.390582
S00074,L0003,T01,74,28.282503,0.478275,45.968423,793.681352,102.698889,12.5229,0.35956,-0.026863,75.593229,NORMAL,0.19949,8.299406
S00078,L0003,T02,78,29.938674,0.229797,44.28777,852.758551,104.084396,12.792548,0.131676,-0.039039,70.929286,NORMAL,0.236279,10.839768
S00088,L0004,T01,88,26.723249,0.267762,47.196148,809.096857,101.685713,15.238921,2.639535,-0.03158,74.771679,BEARING,0.61792,18.721652
S00029,L0001,T01,29,30.084698,0.450277,43.130645,805.473947,103.56275,12.795788,0.547889,-0.003389,84.14679,ENDPOINT,0.253119,8.686124
S00328,L0016,T01,328,25.123112,0.234885,40.593314,807.915263,106.031699,11.465309,0.9799,-0.04494,70.790478,NORMAL,0.277752,13.254216
S00348,L0017,T04,348,28.546444,0.189953,41.068836,761.059699,102.245421,11.267437,0.925356,-0.05301,79.740404,NORMAL,0.2535,13.36894
S00032,L0001,T01,32,26.921083,0.370935,,768.518761,106.406927,11.565417,0.906171,0.007556,82.187755,ENDPOINT,0.301925,11.086467
S00597,L0029,T04,597,30.505057,0.450547,46.323383,822.970206,110.192927,11.152278,0.561626,-0.058564,69.194172,NORMAL,0.245315,8.398665
S00311,L0015,T01,311,26.518739,0.512984,42.668838,826.336845,105.318895,11.932314,0.935686,-0.042823,75.684696,NORMAL,0.252073,11.614045
S00598,L0029,T01,598,29.881363,0.4052,41.341191,3959.83449,102.740108,10.702337,0.590869,-0.043299,66.3068,NORMAL,0.265451,8.238598
S00313,L0015,T01,313,27.788218,0.340288,45.054552,846.71934,102.265197,12.409617,0.512083,-0.036118,77.39916,NORMAL,0.162459,11.567436
S00699,L0034,T01,699,30.902758,0.123678,45.194908,782.566895,101.361158,14.485328,0.672889,-0.033774,,NORMAL,0.26964,14.581854
S00587,L0029,T01,587,27.521342,0.278729,45.82228,785.85525,100.297312,11.027131,0.792586,0.015804,89.28809,ENDPOINT,0.178977,3.006382
S00019,L0000,T04,19,28.561823,0.286449,45.303584,805.578266,99.670283,15.212539,2.537324,-0.024971,74.220846,BEARING,0.570089,14.616727
S00594,L0029,T01,594,29.193076,0.206662,47.438465,846.340191,111.640007,11.928686,0.737691,-0.054699,78.874793,NORMAL,0.17717,4.677972
S00211,L0010,T03,211,27.787057,0.325003,43.483437,844.812032,107.706195,12.824373,0.877452,-0.035519,71.908157,NORMAL,0.173291,1.667465
S00058,L0002,T01,58,28.347958,0.240068,42.627928,810.734828,106.808901,11.717504,0.40125,,72.950306,NORMAL,0.100578,5.117208
S00723,L0036,T01,723,27.342515,0.428887,45.757372,840.650224,109.234861,11.489444,0.742943,-0.051727,69.725591,NORMAL,0.191722,7.213235
S00318,L0015,T01,318,27.153128,0.380314,43.723179,812.974913,100.991214,12.329281,0.853338,-0.047854,70.857204,NORMAL,0.168319,9.903193
S00322,L0016,T04,322,29.576909,0.197502,44.03752,785.316947,102.4823,11.34655,0.702536,-0.02614,74.990461,NORMAL,0.214929,10.347468
S00222,L0011,T01,222,31.366344,0.125379,40.46878,855.901202,108.588246,,0.730432,-0.048672,68.322891,NORMAL,0.289415,9.868829
S00674,L0033,T02,674,26.692839,0.408654,45.701386,832.852006,99.783148,12.590565,0.60737,-0.036505,73.411681,NORMAL,0.199651,7.037278
S00160,L0008,T01,160,29.511614,0.48675,46.428206,735.934083,104.636124,12.96487,0.833699,-0.046554,65.719271,NORMAL,0.415858,12.636304
S00020,L0001,T01,20,29.364664,0.266301,46.304685,846.210669,106.027946,12.436476,0.746033,-0.043857,70.271613,NORMAL,0.200335,6.448839
S00572,L0028,T01,572,29.743427,0.332213,44.502282,976.565989,109.664041,11.460384,0.663131,-0.049197,74.272376,ARC,0.56164,16.47054
S00200,L0010,T01,200,27.464892,0.437012,43.913609,782.657063,105.653628,13.155618,1.078466,-0.052264,74.091292,NORMAL,0.298982,8.551252
S00166,L0008,T01,166,28.78793,0.364396,42.745793,794.972133,106.978102,11.022243,0.560586,-0.034562,73.732946,NORMAL,0.193065,11.011588
S00391,L0019,T03,391,29.402937,0.371231,44.567435,846.841793,105.506154,13.382611,1.168735,-0.037502,70.912347,NORMAL,0.322243,12.005227
S00209,L0010,T01,209,28.33384,0.18266,43.99809,851.420894,103.553777,,0.736041,0.019576,93.062734,ENDPOINT,0.140909,6.603747
S00278,L0013,T02,278,28.163291,0.270033,45.40761,837.051547,109.49618,10.40172,0.824119,-0.047428,72.735253,NORMAL,0.124331,7.340468
S00441,L0022,T02,441,27.633989,0.467193,41.719913,821.255546,105.269914,11.245779,0.808334,-0.020443,73.899199,NORMAL,0.140321,5.579796
S00219,L0010,T04,219,30.084496,0.179004,43.564986,825.291208,104.749554,11.933343,0.806281,0.015365,77.893602,ENDPOINT,0.163774,10.584126
S00077,L0003,T03,77,26.953283,0.480351,44.471994,,102.918166,11.160428,1.192619,-0.022271,66.832676,NORMAL,0.28442,9.602576
S00593,L0029,T03,593,26.04205,0.39882,40.433018,830.173253,104.652743,13.26097,0.447888,-0.029063,72.917525,NORMAL,0.223036,2.536061
S00653,L0032,T02,653,28.594607,0.35692,41.858142,797.026873,105.452997,14.38105,2.990768,-0.024134,73.162291,BEARING,0.724085,24.885321
S00245,L0012,T01,245,29.20067,0.407412,43.542661,805.795146,109.786186,12.163315,0.605287,-0.032409,67.426797,NORMAL,0.197399,4.022231
S00084,L0004,T01,84,26.952574,0.429505,41.315154,862.846194,105.250045,16.114703,2.49581,-0.025964,69.199202,BEARING,0.690815,21.029055
S00168,L0008,T01,168,27.81606,0.589544,44.903638,882.27263,110.388537,12.764982,1.071985,-0.033821,76.836226,ARC,0.380261,11.694307
S00452,L0022,T02,452,27.758627,0.437092,45.166653,845.065671,104.288059,15.490819,2.630392,-0.042799,70.325151,BEARING,0.641604,16.005287
S00194,L0009,T02,194,26.931825,0.294085,42.01723,838.127887,104.75425,11.718678,0.812355,-0.043608,67.515351,NORMAL,0.175338,8.827719
S00052,L0002,T01,52,27.932944,0.254364,44.244706,832.731705,103.239381,11.560402,1.298405,-0.022247,67.849521,NORMAL,0.223374,3.307989
S00545,L0027,T02,545,27.77137,0.548502,40.704131,814.435329,103.802953,13.046091,0.854516,-0.041949,74.735151,NORMAL,0.176098,7.589401
S00121,L0006,T01,121,28.164313,0.411075,44.102264,803.173845,101.2602,12.234542,0.86427,-0.051258,74.942879,NORMAL,0.169117,8.678619
S00215,L0010,T01,215,,0.346788,44.094738,820.951883,102.326872,11.687461,0.348107,-0.042508,73.179882,NORMAL,0.118832,8.342453
S00404,L0020,T01,404,27.368964,0.249512,41.99432,959.960531,104.274819,16.017431,,-0.023467,71.653526,BEARING,0.883306,29.034322
S00306,L0015,T01,306,28.217735,0.309674,44.646305,799.940376,102.199437,12.75851,0.52182,-0.030484,74.982456,NORMAL,0.138454,2.994075
S00702,L0035,T01,702,28.71463,0.29444,42.57372,775.768225,105.284159,13.149392,0.958597,-0.035184,70.529942,NORMAL,0.25957,6.552576
S00463,L0023,T03,463,27.408358,0.424547,46.508936,865.978988,105.952447,11.442948,0.696181,-0.0398,71.508489,NORMAL,0.250666,11.11212
S00794,L0039,T01,794,27.786987,0.365117,42.38369,836.753166,109.548938,12.703726,0.77317,0.011821,80.481033,ENDPOINT,0.143813,7.69785
S00778,L0038,T02,778,27.219198,0.366169,44.594301,810.59085,104.667451,11.000195,0.547753,-0.030313,68.35948,NORMAL,0.154105,4.431458
S00040,L0002,T01,40,29.241025,0.430253,47.301779,836.601192,106.494891,9.950245,1.062992,-0.037005,68.144732,NORMAL,0.276866,8.146288
S00668,L0033,T02,668,26.786489,0.237062,44.569162,812.236825,104.486052,11.384071,0.921873,-0.035483,73.462346,NORMAL,0.169817,10.355528
S00562,L0028,T01,562,29.006764,0.181524,44.393131,805.269078,103.811867,12.07814,1.05288,-0.049028,69.129682,NORMAL,0.195767,10.464662
S00184,L0009,T02,184,27.063931,0.142808,43.773811,823.415773,102.173074,12.568941,0.75494,-0.036654,70.907538,NORMAL,0.091045,3.508726
S00136,L0006,T01,136,28.627617,0.253239,43.172865,807.978551,104.288453,14.993809,2.863232,-0.035958,70.559735,BEARING,0.640552,17.132515
S00116,L0005,T04,116,27.851422,0.238842,45.09838,790.72979,106.588032,13.074953,0.870448,0.006274,85.495423,ENDPOINT,0.157927,8.350798
S00247,L0012,T02,247,28.164,0.364998,43.313626,793.472958,109.095326,12.413658,1.168924,-0.031649,71.09546,NORMAL,0.257998,13.116632
S00479,L0023,T01,479,29.463954,0.392095,44.660063,842.661849,108.251397,11.850541,0.777821,-0.040913,65.052629,BEARING,0.227876,8.962757
S00132,L0006,T01,132,30.059405,0.0816,45.330846,866.027389,106.993939,11.659102,0.918758,0.011218,,ENDPOINT,0.268128,8.941054
S00756,L0037,T03,756,27.819488,0.424088,43.545835,833.386354,108.090945,14.724044,0.599418,-0.030798,73.15581,NORMAL,0.148514,6.886197
S00554,L0027,T02,554,27.678578,0.51626,43.849236,805.361517,108.104562,11.298907,0.512955,-0.036596,66.937476,NORMAL,0.181732,8.167864
S00590,L0029,T04,590,27.320933,0.335259,42.969512,799.197868,103.712976,11.733017,0.774482,-0.049543,71.042762,NORMAL,0.169773,5.941452
S00744,L0037,T02,744,27.708244,0.436462,41.564713,813.315388,107.183159,11.787991,0.771127,-0.039117,76.371453,NORMAL,0.140415,4.499411
S00669,L0033,T03,669,27.264183,0.383852,319.069856,802.243151,102.676021,11.41424,0.798666,-0.046504,75.034199,NORMAL,0.177146,6.537754
S00128,L0006,T04,128,26.120547,0.459064,42.829586,775.868683,103.353401,11.167079,0.986196,-0.0386,72.046628,NORMAL,0.365616,10.838186
S00481,L0024,T02,481,27.435802,0.322136,44.653402,815.365315,108.97573,12.822031,0.440346,-0.039706,69.2112,NORMAL,0.120331,1.885314
S00509,L0025,T01,509,27.769769,0.212072,45.116102,807.245508,103.906657,11.673383,1.166103,-0.019833,72.225277,NORMAL,0.187942,8.968912
S00205,L0010,T03,205,28.830356,0.495066,46.099303,809.524613,103.077323,11.853588,0.626603,-0.051725,75.791154,NORMAL,0.191473,5.892218
S00771,L0038,T01,771,26.734771,0.188211,43.9218,822.151983,105.303325,11.593217,0.563619,-0.033845,69.636708,NORMAL,0.115694,2.04332
S00438,L0021,T01,438,28.888707,0.437345,44.975463,836.745905,99.922648,11.682953,0.901352,-0.04331,74.088192,NORMAL,0.220974,10.898518
S00505,L0025,T01,505,26.301114,0.162285,43.917684,878.682233,102.811927,12.525746,1.026779,-0.022556,68.786418,NORMAL,0.328916,12.484304
S00392,L0019,T04,392,27.538395,0.378895,44.337083,800.51099,99.776653,12.714582,0.822669,-0.036374,69.329963,NORMAL,0.172194,4.406313
S00435,L0021,T03,435,26.825943,0.277513,43.513878,811.749836,102.835315,11.426774,0.732583,-0.046381,68.514099,NORMAL,0.148706,8.682837
S00411,L0020,T02,411,28.818879,0.261729,43.678008,834.168212,106.8788,15.896143,2.594649,-0.0509,74.492191,BEARING,0.590459,18.337834
S00212,L0010,T01,212,29.360504,0.255129,40.840003,814.742063,101.169872,11.685576,0.433975,-0.03184,73.834942,NORMAL,0.144952,4.179761
S00015,L0000,T01,15,28.253818,0.308193,43.280572,818.88067,,15.311748,2.53259,-0.032633,69.607071,BEARING,0.525685,17.33331
S00683,L0034,T02,683,26.856535,0.194929,42.33248,814.387667,103.954716,11.56162,0.782237,-0.042255,71.063336,NORMAL,0.119936,2.940137
S00250,L0012,T02,250,27.826957,0.221625,44.614513,829.425871,106.926284,11.842088,0.954811,-0.039306,71.508312,NORMAL,0.126326,8.136589
S00353,L0017,T02,353,28.200756,0.453387,45.559817,789.486869,102.686522,11.997097,0.998327,-0.043028,75.976812,NORMAL,0.249249,10.843341
S00344,L0017,T01,344,,0.616863,42.770909,815.680822,101.617633,12.400985,0.482019,-0.033491,70.762224,NORMAL,0.177097,8.444959
S00574,L0028,T01,574,26.911804,0.183144,42.157597,822.272892,109.783576,12.500753,0.690761,-0.036561,71.270487,NORMAL,0.105878,4.585672
S00176,L0008,T03,176,28.283095,0.548586,46.183362,835.060685,104.99348,11.870261,,-0.026182,69.649215,NORMAL,0.188953,8.360947
S00797,L0039,T01,797,28.529717,0.398597,44.379509,794.126311,104.680525,11.816734,0.983271,-0.047624,70.099125,NORMAL,0.236637,8.255641
S00408,L0020,T01,408,27.003341,0.292692,41.899973,784.752865,105.419233,,0.44797,-0.031971,71.595443,NORMAL,0.211124,8.968051
S00115,L0005,T02,115,30.069317,0.362863,44.827231,848.249356,107.258992,13.682943,0.974994,-0.0274,68.96045,NORMAL,0.308554,13.536653
S00027,L0001,T02,27,27.359487,0.167497,43.942172,855.131086,103.975238,12.059916,0.930892,-0.042187,72.186065,NORMAL,0.194451,9.562659
S00671,L0033,T02,671,26.416332,0.291769,46.080964,816.402765,109.555549,11.361266,0.734871,-0.045411,68.064573,NORMAL,0.161119,4.426824
S00217,L0010,T01,217,27.811531,,46.115838,802.411026,104.476881,12.418125,0.711323,-0.031547,69.707982,NORMAL,0.161649,7.603512
S00623,L0031,T02,623,30.157971,0.326403,43.09023,813.987122,101.370982,11.221046,1.073116,-0.050617,70.117574,NORMAL,0.272811,13.312204
S00325,L0016,T01,325,27.2937,,47.608895,828.462532,105.44611,11.839779,0.901359,-0.037665,65.282581,NORMAL,0.23636,6.859427
S00345,L0017,T01,345,27.649285,0.419904,41.872102,852.340468,105.133667,11.383608,1.103364,0.015195,85.67573,ENDPOINT,0.279204,12.667996
S00448,L0022,T01,448,29.443396,0.44291,46.162656,846.253318,99.267491,15.335217,2.660855,-0.03712,76.488974,BEARING,0.713744,26.716741
S00249,L0012,T03,249,28.714938,0.411341,44.583279,801.067577,105.606058,15.928915,2.801895,-0.036143,75.713223,BEARING,0.686387,19.724145
S00336,L0016,T02,336,26.666619,0.208806,42.620867,847.822908,105.243682,12.143871,0.871886,-0.054723,77.120617,NORMAL,0.206399,7.898753
S00795,L0039,T04,795,26.080075,0.302176,44.096386,806.32613,103.60377,11.981064,0.824498,-0.057121,69.184215,NORMAL,0.211849,9.054692
S00164,L0008,T02,164,28.233034,0.2952,40.625196,838.249937,103.717256,13.136019,0.824993,-0.042384,75.820824,NORMAL,0.137325,4.244567
S00525,L0026,T01,525,28.782903,0.442112,41.761363,829.747314,104.539995,11.545482,0.637137,-0.048104,71.814279,NORMAL,0.174041,6.59394
S00726,L0036,T01,726,27.524401,0.348557,46.638326,820.872433,100.47318,12.080836,0.684652,-0.046323,76.502064,NORMAL,0.1131,6.143384
S00644,L0032,T01,644,27.910601,0.258777,45.946152,834.779151,104.548806,12.324191,0.428022,-0.052551,70.902541,NORMAL,0.106112,4.716648
S00429,L0021,T03,429,26.934244,0.41232,42.07411,855.036142,112.353555,12.300888,0.829741,-0.035656,69.711267,NORMAL,0.251393,14.344357
S00701,L0035,T03,701,28.88113,0.53625,44.135078,806.142084,105.254769,12.923628,1.105832,-0.043765,76.658382,NORMAL,0.289222,13.031254
S00612,L0030,T02,612,27.64278,0.373014,42.974372,871.278531,105.083249,11.194096,1.118379,,75.387232,NORMAL,0.318906,7.321933
S00279,L0013,T01,279,28.823256,0.459632,44.927997,837.128923,98.769457,11.187024,0.981206,-0.053617,73.942854,NORMAL,0.244195,7.015256
S00156,L0007,T03,156,29.13107,0.514521,43.257246,866.958092,105.875415,13.299334,0.571452,-0.053619,72.954009,NORMAL,0.302579,9.778543
S00360,L0018,T04,360,26.571238,0.49759,43.722349,871.633794,102.451818,14.304226,2.625174,-0.041369,70.810999,BEARING,0.781214,21.758004
S00295,L0014,T02,295,28.625565,0.225233,43.622367,825.946502,103.489392,11.603529,1.032667,0.029058,79.113616,ENDPOINT,0.160619,9.332437
S00381,L0019,T01,381,28.271245,0.296679,44.76355,823.463649,105.231549,12.852112,0.617709,-0.038149,68.229069,NORMAL,0.096391,4.790307
S00285,L0014,T03,285,27.182076,0.335963,45.267752,835.003056,109.168949,12.147055,0.76518,-0.040918,71.295188,NORMAL,0.162395,6.255927
S00628,L0031,T01,628,27.927392,0.399543,43.372001,758.166226,103.98203,15.794011,2.55304,-0.037253,77.332183,BEARING,0.696361,18.233805
S00489,L0024,T01,489,28.040954,0.224787,45.132359,840.834856,103.58549,15.840985,2.371412,-0.045224,70.917882,BEARING,0.503185,17.408391
S00312,L0015,T03,312,27.277547,0.294908,43.454016,824.229395,106.389057,12.025399,0.944633,-0.053973,65.773824,NORMAL,0.156581,7.166197
S00089,L0004,T01,89,26.83153,0.269202,43.774346,815.592139,104.532785,11.599172,1.069595,-0.053096,74.787048,NORMAL,0.204142,8.296981
S00468,L0023,T03,468,26.88333,0.275255,43.018686,839.433589,101.50002,13.418797,0.894404,-0.053335,72.287989,NORMAL,0.196832,9.218366
S00288,L0014,T04,288,28.801471,0.264372,44.864055,813.587254,108.003552,11.634878,0.895311,-0.033135,73.518305,NORMAL,0.146026,3.164955
S00635,L0031,T01,635,27.864291,0.232432,41.436046,781.456938,104.448048,11.829131,0.705636,-0.037991,74.285411,NORMAL,0.161251,7.861913
S00630,L0031,T02,630,26.348881,0.406852,45.904023,824.487624,102.875938,11.788693,0.716876,-0.037468,76.415797,NORMAL,0.195488,7.437278
S00180,L0009,T01,180,28.667423,,45.618022,831.759247,109.682399,12.589241,0.343516,-0.027757,73.653788,NORMAL,0.141041,3.140327
S00119,L0005,T01,119,27.755359,0.28642,45.759776,947.577904,103.216642,12.170543,0.863774,-0.043428,74.693286,ARC,0.418725,9.644334
S00174,L0008,T01,174,29.447895,0.355576,44.41215,833.972173,100.866086,12.698048,0.466757,,68.131133,NORMAL,0.196219,8.224517
S00237,L0011,T02,237,28.127203,0.138844,43.715277,797.837941,105.877702,11.250405,0.679709,-0.042414,70.928096,NORMAL,0.096476,3.878281
S00521,L0026,T02,521,27.649835,0.280527,42.951502,848.599,102.647966,12.736911,1.121408,0.016929,81.597263,ENDPOINT,0.23949,4.992555
S00501,L0025,T01,501,29.467488,0.180127,44.222297,798.642973,103.411481,12.420552,0.47249,-0.054266,74.781814,NORMAL,0.171799,12.438875
S00706,L0035,T01,706,28.687518,0.312411,45.593545,800.792976,101.788349,11.49064,0.637418,-0.036703,71.647407,NORMAL,0.160496,5.938765
S00028,L0001,T02,28,29.146697,0.392585,44.435277,803.042844,105.168064,13.150574,0.546441,-0.050257,77.480926,NORMAL,0.197874,5.287562
S00454,L0022,T04,454,27.237558,,44.872644,825.558796,104.0179,16.183766,2.396264,-0.030616,75.393299,BEARING,0.535203,12.171483
S00405,L0020,T02,405,,0.315591,44.634087,794.926887,111.058117,11.76491,0.825758,-0.027451,67.497289,NORMAL,0.228013,4.941822
S00458,L0022,T01,458,,0.233635,40.293011,813.22755,108.832145,11.817774,1.008877,-0.052639,74.079851,NORMAL,0.136493,8.336003
S00490,L0024,T02,490,27.604426,0.366504,42.38875,830.750692,105.452432,10.510659,1.337587,,70.231876,NORMAL,0.272678,10.865601
S00480,L0024,T03,480,27.452532,0.098728,45.272962,829.866808,108.852085,,0.689046,-0.046615,70.980573,NORMAL,0.076722,8.123581
S00522,L0026,T03,522,28.836259,0.445738,44.728516,829.694686,106.584477,11.836728,0.614783,-0.045987,72.353093,NORMAL,0.177484,10.842673
S00011,L0000,T02,11,,0.216925,41.891792,855.970756,102.276649,11.361421,0.58642,-0.014177,67.412891,NORMAL,0.226273,9.929983
S00659,L0032,T03,659,28.131695,0.238021,43.084287,787.791317,104.343647,11.432124,0.390607,-0.041306,72.931994,NORMAL,0.146612,4.474895
S00629,L0031,T01,629,27.228018,0.53749,43.251038,,100.496049,,0.789897,-0.024842,71.850399,NORMAL,0.316986,7.912673
S00619,L0030,T03,619,27.431704,0.401602,42.175231,849.337994,105.746661,12.606238,1.011572,-0.035405,68.565245,NORMAL,0.255053,8.273419
S00082,L0004,T01,82,28.394268,0.480208,42.561324,809.14152,109.391373,11.864305,0.823976,-0.051976,67.182512,NORMAL,0.172905,6.850831
S00211,L0010,T03,211,27.787057,0.325003,43.483437,844.812032,107.706195,12.824373,0.877452,-0.035519,71.908157,NORMAL,0.173291,1.667465
S00713,L0035,T02,713,27.555508,0.391327,43.56352,831.987751,104.661003,12.815435,0.832841,-0.012604,76.446088,NORMAL,0.158236,5.379221
S00329,L0016,T03,329,27.438694,0.39186,41.36886,837.860195,,12.323522,0.8293,-0.051379,76.839215,NORMAL,0.178006,12.238829
S00475,L0023,T02,475,28.009226,0.184263,43.848412,819.760514,103.972391,11.423734,0.541431,-0.060341,77.849204,NORMAL,0.047126,3.462365
S00792,L0039,T03,792,26.771165,0.560055,46.322662,861.183981,106.514025,14.075777,0.734303,-0.049052,72.010262,NORMAL,0.304415,14.110462
S00536,L0026,T01,536,27.388193,0.524158,45.659723,,105.468383,10.990701,0.990989,-0.042844,68.436677,NORMAL,0.2327,9.9187
S00095,L0004,T01,95,,0.403899,43.238848,830.669589,100.326276,12.806219,0.595121,-0.028185,70.357687,NORMAL,0.163025,9.675405
S00734,L0036,T03,734,28.078174,0.25484,39.797477,832.615295,103.343634,12.195504,0.619216,-0.027733,71.741464,NORMAL,0.099157,3.142219
S00026,L0001,T01,26,27.581525,0.190384,42.482375,844.671255,108.377764,11.779623,0.852947,-0.027273,73.222723,NORMAL,0.143435,2.412777
S00500,L0025,T01,500,28.752926,0.286556,44.821082,810.471257,107.607828,11.715918,0.357528,-0.055678,71.880733,NORMAL,0.133107,4.990019
S00583,L0029,T04,583,28.437858,0.271519,43.688487,789.665029,104.678759,10.324279,0.716806,-0.034677,66.712466,NORMAL,0.16561,4.703538
S00783,L0039,T01,783,26.753797,0.273472,45.640829,815.075321,108.239373,11.437345,0.639259,-0.040511,74.467123,NORMAL,0.14299,5.418006
S00012,L0000,T01,12,27.452736,0.492028,46.528659,867.560858,102.736797,12.395652,0.871996,-0.030131,78.365766,NORMAL,0.287271,10.095398
S00397,L0019,T01,397,27.99881,0.366973,44.215516,828.614582,105.806215,11.10644,1.02917,-0.038885,71.437032,NORMAL,0.170632,0.790654
S00070,L0003,T01,70,28.671232,0.45761,43.560569,846.647918,105.324857,11.743111,0.762671,-0.027293,76.683452,NORMAL,0.214584,5.852423
S00595,L0029,T01,595,28.290664,0.310062,41.892888,856.074864,104.302621,11.883753,0.746017,0.022356,88.432545,ENDPOINT,0.182236,5.30277
S00239,L0011,T03,239,28.817444,0.228647,45.542458,849.806549,106.639881,10.627258,0.838408,0.014854,79.476999,ENDPOINT,0.182152,5.984201
S00637,L0031,T02,637,25.942749,0.315516,46.409018,822.333677,101.740005,11.722573,0.860762,-0.050757,81.444954,NORMAL,0.202766,4.648788
S00333,L0016,T02,333,27.893058,0.442738,317.15922,822.467353,100.072554,12.587557,1.016998,-0.040114,72.344287,NORMAL,0.17645,5.295977
S00651,L0032,T01,651,28.786712,0.519251,44.98798,786.026227,106.483925,12.019963,0.808204,-0.04166,71.251633,NORMAL,0.256134,7.898357
S00181,L0009,T01,181,28.861164,0.276657,43.623678,823.853797,111.617844,10.642933,0.720239,-0.037706,74.28792,NORMAL,0.121857,7.342604
S00733,L0036,T01,733,29.922389,0.429536,44.008829,957.317444,107.94696,11.643045,0.649016,-0.049125,65.720786,ARC,0.546797,16.434482
S00570,L0028,T04,570,29.767061,0.24284,45.764957,928.849017,104.325235,,0.687978,-0.050255,70.767807,ARC,0.421186,14.210631
S00752,L0037,T02,752,26.924696,0.268603,45.97477,,104.870677,12.299964,0.885475,-0.041272,76.491371,NORMAL,0.301027,8.994404
S00107,L0005,T01,107,28.521338,0.556168,46.469255,875.912255,111.153271,12.566489,0.736637,-0.047449,72.600481,NORMAL,0.304889,10.044843
S00338,L0016,T03,338,26.958636,0.450483,44.579953,872.726317,98.863821,13.050785,1.187561,-0.022497,76.182838,NORMAL,0.393395,11.502858
S00025,L0001,T03,25,27.723428,0.325287,42.841947,829.987171,100.588301,13.107457,0.581035,-0.032785,73.541092,NORMAL,0.120118,7.636805
S00112,L0005,T02,112,29.174473,0.417753,45.173294,822.020736,101.483872,10.774363,0.671838,-0.036777,67.055806,NORMAL,0.168214,8.407392
S00059,L0002,T01,59,27.305469,0.490868,44.540573,805.55464,101.741487,10.983715,1.28191,-0.032769,72.871296,NORMAL,0.314034,8.54619
S00172,L0008,T01,172,26.467363,0.372482,44.424942,809.303657,109.356664,12.594179,,-0.053898,69.497786,NORMAL,0.196493,5.01066
S00541,L0027,T01,541,28.314197,0.490867,45.421961,798.333908,105.538522,12.61142,0.790186,-0.035186,72.540014,NORMAL,0.192592,5.504121
S00736,L0036,T02,736,27.826623,0.333377,42.648809,828.804482,105.285801,11.731494,0.645142,-0.054671,68.732872,NORMAL,0.114024,0.628469
S00592,L0029,T02,592,27.359244,0.504573,46.055314,768.971361,106.68651,13.298908,0.363659,-0.042302,67.614624,NORMAL,0.285753,15.554644
S00198,L0009,T04,198,28.080287,0.631248,,843.278256,103.137265,10.603202,0.631505,-0.044596,,NORMAL,0.220022,10.862417
S00580,L0029,T01,580,28.535988,0.235504,43.835439,855.298955,103.542204,10.82884,0.935432,-0.043913,68.103063,NORMAL,0.207781,5.377326
S00416,L0020,T02,416,27.555251,0.531948,46.373279,797.858244,110.122442,12.355063,0.831344,-0.032616,74.308676,NORMAL,0.218415,9.652906
S00045,L0002,T02,45,26.579736,0.010844,46.783551,836.368961,106.292435,10.606876,0.924692,-0.040073,69.940513,NORMAL,0.14582,9.313021
S00379,L0018,T02,379,26.759371,0.22571,43.639292,805.972605,105.357383,11.945038,0.366351,-0.036436,69.965822,NORMAL,0.153528,6.600382
S00037,L0001,T01,37,27.850349,0.498626,43.984058,852.031229,106.077205,11.91632,0.756334,-0.037545,68.713228,NORMAL,0.212217,4.455346
S00793,L0039,T01,793,28.007861,0.224168,43.557105,801.19533,110.742486,,0.832865,-0.050296,73.962227,NORMAL,0.111663,6.160242
S00633,L0031,T01,633,27.401205,0.328998,43.356029,809.563122,104.034556,12.946383,0.570362,-0.037877,71.531978,NORMAL,0.138281,5.614887
S00601,L0030,T04,601,28.209146,0.397107,45.541411,802.3807,105.114841,12.354854,0.89328,,,NORMAL,0.177102,2.030466
S00258,L0012,T01,258,27.328426,0.125963,45.693491,815.154331,105.844014,,0.765364,-0.034644,63.843102,NORMAL,0.077184,6.139597
S00227,L0011,T01,227,27.517596,0.447008,46.003275,837.154609,99.851267,12.181147,0.806384,-0.046562,,NORMAL,0.180355,4.640768
S00548,L0027,T01,548,28.011636,0.473915,42.590285,849.218565,100.277991,11.136905,0.540813,-0.027968,68.073352,NORMAL,0.192107,7.399349
S00433,L0021,T01,433,28.016635,0.281871,45.14484,859.156373,100.684204,11.205949,1.002265,-0.018386,69.30172,NORMAL,0.219757,10.114474
S00767,L0038,T02,767,26.879826,0.27621,42.292178,817.816131,105.070188,11.088129,0.450056,-0.047814,66.807811,NORMAL,0.130521,6.450806
S00162,L0008,T01,162,28.545222,0.237229,45.82781,802.681545,,13.527627,1.121238,-0.032134,67.416881,NORMAL,0.210174,14.941266
S00076,L0003,T01,76,28.405726,,44.322263,794.706321,105.661278,12.120083,0.476824,,85.151206,ENDPOINT,0.169041,2.008551
S00567,L0028,T01,567,26.539971,0.346968,45.453869,784.709549,101.605455,12.196889,0.614351,-0.038889,74.531568,NORMAL,0.247969,10.142948
S00504,L0025,T01,504,26.807672,0.338615,41.338035,845.970921,107.712436,12.700112,1.045504,-0.039301,71.771702,NORMAL,0.270574,10.053536
S00332,L0016,T03,332,28.405956,0.213427,46.017571,802.445905,104.462848,10.582088,0.668423,-0.05066,71.039887,NORMAL,0.11754,2.895365
S00523,L0026,T01,523,28.234548,0.122568,,795.629417,105.07323,11.778539,1.006343,-0.030033,70.947074,NORMAL,0.154881,9.164852
S00186,L0009,T01,186,25.352462,0.488779,42.631203,832.360051,105.000343,11.874118,1.119181,-0.047468,70.409537,NORMAL,0.365267,9.975192
S00600,L0030,T03,600,28.313164,0.453151,42.926194,774.411597,110.576377,11.457892,0.675639,-0.039143,70.241517,NORMAL,0.242917,6.669297
S00674,L0033,T02,674,26.692839,0.408654,45.701386,832.852006,99.783148,12.590565,0.60737,-0.036505,73.411681,NORMAL,0.199651,7.037278
S00634,L0031,T01,634,27.245812,0.268325,44.697766,775.385311,109.15968,10.834127,1.136485,-0.038547,69.116423,NORMAL,0.300449,9.569332
S00727,L0036,T03,727,28.555671,0.379574,44.148453,788.163396,104.376747,11.402563,1.044855,-0.053227,74.590811,NORMAL,0.263482,7.905349
S00126,L0006,T01,126,28.227845,0.21787,41.411904,772.956684,106.623515,11.696557,0.806518,-0.044236,69.602624,NORMAL,0.185098,9.89164
S00214,L0010,T04,214,28.039709,0.453994,45.370304,792.710032,101.555279,10.948558,0.761132,-0.041272,66.170252,NORMAL,0.183709,7.57228
S00498,L0024,T01,498,28.30916,0.344578,45.160079,801.3326,111.26124,11.112319,0.856544,-0.043019,69.301188,NORMAL,0.162407,5.070449
S00790,L0039,T01,790,27.26577,0.400906,46.111921,,101.085236,12.570979,0.886756,-0.046502,69.52019,NORMAL,0.22549,8.655284
S00001,L0000,T03,1,30.099898,0.34837,44.063125,797.462607,103.081363,11.896636,0.840398,-0.039517,71.682273,NORMAL,0.25853,8.266033
S00098,L0004,T02,98,27.486674,0.366156,42.231973,808.715894,112.73605,11.935745,0.812696,-0.038872,72.729282,NORMAL,0.148589,0.724835
S00340,L0017,T01,340,29.09619,0.25732,46.478276,791.634429,104.015563,11.686532,0.693557,0.012031,81.067314,ENDPOINT,0.190053,11.628828
S00437,L0021,T01,437,26.348502,0.50316,44.468242,796.494281,103.185176,12.378757,0.796344,-0.033248,71.361862,NORMAL,0.267129,10.254922
S00093,L0004,T01,93,27.441115,0.37655,46.722364,868.571623,102.695547,13.240374,0.666074,-0.040129,72.582273,NORMAL,0.243511,11.070421
S00528,L0026,T03,528,28.11828,0.111923,,850.456077,104.389013,11.996559,0.683397,-0.040666,73.247531,NORMAL,0.110035,3.005357
S00350,L0017,T04,350,27.977912,0.469199,43.516925,819.764742,100.7567,10.93703,0.404646,-0.024594,71.39219,NORMAL,0.118992,7.794232
S00461,L0023,T02,461,28.751514,0.216215,42.140984,810.574697,102.774497,11.911262,1.104832,-0.02577,72.61894,NORMAL,0.191401,9.447482
S00729,L0036,T02,729,26.843045,0.215,44.760082,841.643135,107.023261,10.622105,1.154709,-0.034861,70.072724,NORMAL,0.254383,5.992338
S00252,L0012,T02,252,,0.15644,43.424598,790.658374,104.748872,11.326217,0.523324,-0.036446,,NORMAL,0.126925,8.592278
S00777,L0038,T01,777,28.271568,0.238001,44.357555,802.495739,100.082815,12.237793,0.737779,-0.040281,66.756084,NORMAL,0.116839,1.482904
S00251,L0012,T01,251,27.269297,0.572447,45.477516,861.17387,107.647735,16.330828,2.380925,-0.015184,,BEARING,0.677813,21.157829
S00368,L0018,T01,368,26.436809,0.042208,42.112638,852.590846,109.270671,12.686258,0.784038,-0.043804,68.262593,NORMAL,0.170189,9.26361
S00648,L0032,T03,648,28.124263,0.289564,46.540683,800.953676,105.509838,10.948526,0.616916,-0.028498,74.180982,NORMAL,0.12622,2.011918
S00484,L0024,T02,484,28.837024,0.292061,45.560553,810.507056,108.938146,12.74122,0.430921,-0.0455,70.730387,NORMAL,0.138599,7.29705
S00538,L0026,T01,538,29.447062,0.345638,43.704234,835.981915,103.142865,12.031412,0.523949,-0.049605,75.176096,NORMAL,0.198717,7.252509
S00581,L0029,T04,581,27.652703,0.363662,45.582845,807.591571,105.496785,11.983523,0.649172,-0.037393,68.900514,NORMAL,0.139302,4.351912
S00652,L0032,T01,652,27.286229,0.30993,43.378989,750.938076,113.941208,12.685608,1.311631,-0.057001,66.724515,NORMAL,0.413733,14.53326
S00099,L0004,T01,99,29.752757,0.405449,226.290095,819.843729,105.738925,13.06758,1.143873,-0.055929,73.63971,NORMAL,0.275359,6.053157
S00761,L0038,T03,761,28.251595,0.484278,46.51723,806.42237,104.658141,11.150168,0.760796,-0.043752,75.474326,NORMAL,0.167593,9.690504
S00440,L0022,T02,440,28.401041,0.382437,315.85929,805.633651,102.837194,11.248861,0.724415,-0.048305,73.517182,NORMAL,0.151577,5.288872
S00326,L0016,T01,326,29.537514,0.276698,44.88193,798.14239,102.461825,13.581234,0.837739,-0.034089,71.939107,NORMAL,0.210129,9.097423
S00462,L0023,T03,462,28.228743,0.075073,40.847797,838.695123,101.415996,11.932658,0.880828,-0.026211,72.26525,NORMAL,0.09715,6.41574
S00202,L0010,T02,202,28.512185,0.26864,43.095178,811.8372,97.878081,11.643432,0.827747,-0.058284,73.453501,NORMAL,0.120113,6.712868
S00213,L0010,T01,213,28.068471,0.497327,40.069697,807.316358,105.619316,11.082563,1.06637,-0.038681,69.438186,NORMAL,0.226057,12.966936
S00123,L0006,T03,123,29.640611,0.580996,43.151178,807.145459,102.510098,12.228976,0.603983,0.009069,,ENDPOINT,0.259416,8.411505
S00646,L0032,T01,646,27.296701,0.347558,42.821929,835.409953,105.347506,11.372412,1.046718,-0.05275,64.435646,NORMAL,0.222259,11.977293
S00711,L0035,T02,711,28.631619,0.444089,45.433591,777.110555,108.48678,14.386886,1.035901,-0.0458,78.590364,NORMAL,0.308802,11.975095
S00330,L0016,T03,330,27.035492,0.205606,40.662489,819.876297,102.974514,12.484742,0.509436,-0.041135,74.106725,NORMAL,0.099936,6.129269
S00697,L0034,T02,697,28.166598,0.515348,46.079155,791.369183,101.988588,10.201237,1.295326,-0.052561,65.467297,NORMAL,0.332576,12.075218
S00679,L0033,T01,679,28.139014,0.263979,44.825018,814.548828,104.941912,16.659445,2.960773,-0.042549,,BEARING,0.626767,16.924392
S00418,L0020,T02,418,27.67215,0.426828,45.589887,848.576237,104.71179,11.809767,0.691175,-0.033841,71.817985,NORMAL,0.19454,2.681861
S00117,L0005,T04,117,30.729507,0.216898,46.960826,832.82903,100.357199,15.829011,3.048824,-0.028028,73.618799,BEARING,0.784978,21.403767
S00656,L0032,T01,656,29.010053,0.314577,44.171569,805.498744,101.291971,12.731666,0.960846,0.005051,96.213601,ENDPOINT,0.205611,7.702996
S00389,L0019,T01,389,27.433939,0.454131,44.693761,799.895854,103.991878,11.892807,1.086964,-0.03422,71.970362,NORMAL,0.263837,6.711277
S00066,L0003,T03,66,28.49101,0.271109,45.389495,824.156742,106.630007,10.775959,0.355521,-0.036958,71.369763,NORMAL,0.10272,5.367434
S00694,L0034,T03,694,,0.458058,47.28269,823.636882,105.199018,12.036863,0.799583,,73.54742,NORMAL,0.194703,3.657038
S00395,L0019,T02,395,28.302327,0.306787,41.633049,827.288037,106.044679,11.918911,0.530694,-0.039261,74.942698,NORMAL,0.110033,4.993069
S00698,L0034,T01,698,28.708288,0.269307,39.11208,808.913238,101.770777,15.2001,2.656143,-0.03025,71.858344,BEARING,0.594494,16.985497
S00232,L0011,T01,232,28.151715,0.232912,39.711565,809.042852,107.350462,12.447776,0.817912,-0.044664,71.900474,NORMAL,0.097684,7.955269
S00109,L0005,T02,109,26.618698,0.12074,44.681675,769.305207,107.264364,10.960272,1.034542,-0.035481,74.829927,NORMAL,0.284623,9.256034
S00349,L0017,T04,349,28.845576,0.225768,43.804549,841.638543,104.841422,11.54025,0.390377,-0.049348,70.34503,NORMAL,0.152817,7.941652
S00133,L0006,T04,133,27.609773,0.167145,47.0723,814.920155,102.233372,12.234082,0.940055,-0.032707,64.590899,NORMAL,0.109011,5.413481
S00425,L0021,T04,425,26.821321,0.521596,43.51534,871.52335,107.092467,12.204808,0.848229,,70.543464,NORMAL,0.330199,12.519958
S00662,L0033,T02,662,,0.481846,44.395667,837.295777,105.357353,11.945465,0.825011,-0.040739,68.964121,NORMAL,0.199492,3.468217
S00169,L0008,T01,169,27.940104,0.323273,43.429,765.985029,108.679513,12.20894,1.132223,-0.043044,74.131157,NORMAL,0.301906,14.704285
S00335,L0016,T01,335,26.419995,0.216052,42.300465,802.558039,,11.673173,1.200372,-0.034499,73.800246,NORMAL,0.276711,13.300782
S00624,L0031,T02,624,28.572769,,45.293167,831.61523,104.786817,12.496035,0.86051,-0.046607,70.796525,NORMAL,0.137374,4.7703
S00722,L0036,T02,722,27.427854,0.354893,44.81755,823.781723,109.032845,12.869821,1.009466,0.032288,85.363846,ENDPOINT,0.179151,6.515995
S00582,L0029,T01,582,28.538742,0.521651,41.652053,818.982678,104.468042,12.70108,0.812357,-0.046957,70.03124,NORMAL,0.162983,7.251143
S00450,L0022,T01,450,29.327388,0.287392,42.583266,819.54743,109.463835,12.729439,0.897884,-0.045021,73.423466,NORMAL,0.16382,9.153172
S00568,L0028,T01,568,28.791365,0.433582,43.446211,827.661287,104.095616,13.184809,0.283245,-0.044993,78.440971,NORMAL,0.167117,5.646629
S00298,L0014,T01,298,25.989857,0.211536,46.191274,958.931331,103.268478,11.973443,0.562031,-0.03531,76.513818,ARC,0.500719,11.243698
S00130,L0006,T02,130,28.541706,0.558465,46.168146,784.514188,101.682655,16.974106,2.99237,-0.045981,67.522265,BEARING,0.803508,23.401148
S00085,L0004,T01,85,28.590714,0.362464,44.251002,801.631271,108.635944,15.696226,2.39398,-0.051234,75.138781,BEARING,0.564569,18.416538
S00546,L0027,T01,546,26.889444,0.211569,43.55607,845.786397,113.740169,12.178816,0.329865,-0.034589,76.589914,NORMAL,0.172886,4.075157
S00361,L0018,T02,361,28.616226,0.373466,44.308436,801.79572,106.487381,11.847161,0.881498,-0.042659,71.633573,NORMAL,0.190063,9.613311
S00303,L0015,T02,303,29.02567,0.115319,44.022347,839.837592,101.938424,10.047186,0.595741,-0.047192,71.504926,NORMAL,0.129707,6.659396
S00281,L0014,T01,281,27.513888,0.336327,42.442922,804.170422,106.041769,11.716034,1.242865,-0.038851,71.553694,NORMAL,0.258678,11.018686
S00687,L0034,T04,687,27.318529,0.514277,40.60247,809.479877,104.430291,11.439803,1.085219,-0.046214,67.784758,NORMAL,0.260248,9.835782
S00294,L0014,T03,294,29.797529,0.246299,44.814315,829.872072,111.508292,16.460192,2.572061,-0.045993,71.59157,BEARING,0.619147,18.211644
S00552,L0027,T04,552,27.399787,0.408094,42.482136,800.750339,101.438633,16.109092,0.268592,-0.028949,67.252344,BEARING,0.651638,22.471491
S00714,L0035,T01,714,29.241081,0.05347,45.488869,798.056993,106.187954,10.455535,0.69671,-0.036551,69.842293,NORMAL,0.130279,3.986452
S00746,L0037,T04,746,27.636016,0.390341,42.238543,811.996445,110.663272,12.086837,0.759309,-0.04287,73.280019,NORMAL,0.135793,1.619088
S00492,L0024,T04,492,25.990853,0.400319,45.180966,797.862061,101.12048,11.33913,0.779726,-0.052935,73.254884,NORMAL,0.255882,9.634338
S00072,L0003,T02,72,29.643564,0.38622,41.197429,880.608527,104.08145,11.357995,0.711856,-0.033258,64.339667,NORMAL,0.330254,13.378072
S00704,L0035,T01,704,27.206979,0.420178,41.946607,913.387547,107.127778,11.844084,0.431356,-0.049667,73.660485,ARC,0.378164,11.506088
S00579,L0028,T01,579,26.80349,0.433817,42.637715,855.396261,109.477592,16.211452,2.71169,-0.029995,75.797365,BEARING,0.734693,21.612108
S00207,L0010,T02,207,26.470365,0.258155,44.882703,849.680646,108.913097,12.836527,1.000909,-0.036661,69.38996,NORMAL,0.26545,10.20703
S00220,L0011,T01,220,28.643013,0.49162,43.9956,843.455804,109.716261,11.978598,0.922675,-0.028263,76.201284,NORMAL,0.244364,3.574217
S00745,L0037,T03,745,27.03774,0.253986,44.852517,840.451192,109.521942,11.942206,0.613526,,66.937276,NORMAL,0.162738,6.001822
S00547,L0027,T03,547,26.733204,0.579062,43.911824,865.533804,99.837731,13.23945,0.934185,-0.027763,70.665841,NORMAL,0.355486,11.362374
S00292,L0014,T01,292,29.253188,0.321613,42.424463,779.633965,106.403752,12.839492,0.578602,-0.056301,69.080641,NORMAL,0.243978,7.806724
S00692,L0034,T01,692,27.072865,0.252149,41.626118,816.032066,106.079485,,2.424268,-0.036617,66.666946,BEARING,0.525381,21.315943
S00031,L0001,T01,31,27.557859,0.397006,44.133672,817.902023,105.512442,12.178273,0.917522,-0.04215,68.234296,NORMAL,0.155984,8.531546
S00615,L0030,T03,615,,0.445604,43.13385,785.154699,105.201473,12.492552,0.589708,-0.021952,71.549029,NORMAL,0.287674,6.054456
S00157,L0007,T01,157,29.420596,0.460068,42.973845,821.037388,107.119199,12.052105,0.744899,0.025194,83.833338,ENDPOINT,0.18864,7.186197
S00280,L0014,T01,280,29.034592,0.260798,45.601673,838.914948,105.850775,12.6368,0.824735,-0.048183,63.310952,NORMAL,0.1704,5.754231
S00005,L0000,T02,5,28.320283,0.233628,43.277754,831.305475,101.410931,12.304468,0.563511,-0.022063,73.377557,NORMAL,0.102685,6.018405
S00654,L0032,T01,654,28.930998,0.532028,44.930351,851.562945,107.863291,10.598167,0.966084,-0.048189,72.405897,NORMAL,0.299985,10.63156
S00302,L0015,T03,302,29.946631,0.663169,42.387128,794.478722,106.349724,11.991202,0.760499,-0.02439,76.888844,NORMAL,0.326927,5.558023
S00518,L0025,T01,518,27.510677,0.318608,43.923751,828.898609,106.158198,13.179193,0.868407,-0.040314,66.695064,NORMAL,0.143466,1.850154
S00090,L0004,T01,90,29.064727,0.308233,44.888229,827.222495,104.619499,12.658945,,-0.050073,75.387078,NORMAL,0.214091,8.612536
S00113,L0005,T02,113,28.43422,0.237352,42.198326,791.024551,99.515443,12.16235,1.001679,-0.048119,74.091327,NORMAL,0.203907,11.54803
S00765,L0038,T03,765,27.025489,0.437738,40.031588,830.616611,105.595214,11.608626,0.699808,-0.03617,73.873291,NORMAL,0.184701,8.48291
S00626,L0031,T01,626,27.1835,0.371626,45.017706,797.89771,104.171292,13.320596,1.029058,-0.026925,67.16,NORMAL,0.246252,6.773379
S00558,L0027,T01,558,28.927457,0.316848,46.62689,792.419443,105.056107,12.628889,0.704359,-0.045253,73.767651,NORMAL,0.194536,10.052434
S00689,L0034,T02,689,28.203167,0.38757,45.081713,777.03647,106.068092,10.791964,0.593748,-0.030724,72.209256,NORMAL,0.21446,7.203622
S00549,L0027,T01,549,29.16746,0.305254,43.039826,804.123909,101.209246,15.404692,2.610965,-0.047382,76.550985,BEARING,0.627118,21.990332
S00229,L0011,T01,229,26.485567,0.296229,44.072928,823.719662,103.230312,10.199688,0.582415,-0.049857,76.804105,NORMAL,0.159078,7.667306
S00627,L0031,T02,627,27.973724,0.468905,43.395897,800.135958,104.538818,11.018805,0.705337,-0.046369,64.762083,NORMAL,0.1682,10.278702
S00491,L0024,T01,491,28.025086,0.384829,43.017292,837.204422,106.464825,12.326697,0.785775,-0.044797,77.506692,NORMAL,0.140473,7.930995
S00402,L0020,T01,402,26.985798,0.353261,43.559032,801.475876,107.563554,16.295857,2.836338,-0.047255,69.392945,BEARING,0.69442,21.18666
S00324,L0016,T02,324,26.964388,0.397405,43.501213,821.77734,103.04789,12.273175,0.986959,-0.039987,69.638987,NORMAL,0.202315,7.25556
