sample_id,lot_id,tool_id,sequence,aspect_ratio,pattern_density,gas_ratio,rf_bias_w,pressure_mtorr,etch_time_s,etch_depth_nm,top_cd_nm,bottom_cd_nm,sidewall_angle_deg,bowing_nm
S00012,L0000,T01,12,43.228472,0.265542,0.707086,215.703882,18.518576,152.233118,2051.076361,75.086079,72.676121,89.909583,-3.37561
S00678,L0033,T02,678,39.262129,0.693988,0.503691,268.815781,16.756253,144.306983,2076.124639,72.241176,67.250016,90.167821,0.905993
S00771,L0038,T03,771,50.516916,0.224446,0.68713,341.124697,17.905242,149.079107,2197.408549,74.960234,66.204755,89.712801,9.767997
S00025,L0001,T02,25,57.838045,0.467627,0.376953,412.623781,18.794397,134.629614,2041.222042,73.771725,57.719261,89.341334,20.654024
S00480,L0024,T03,480,51.183749,0.581355,0.714516,366.155894,,142.790355,2011.522197,74.206396,63.96731,89.808328,11.87428
S00185,L0009,T01,185,28.17444,0.664374,0.630845,297.851166,17.72466,146.416235,2174.283703,74.621733,70.280896,89.89739,2.6669
S00406,L0020,T02,406,27.021848,0.726389,0.648307,314.087738,19.713174,139.983055,2119.732324,73.73292,68.77363,90.078116,4.033343
S00773,L0038,T02,773,37.185425,0.667931,0.746234,346.349546,14.479861,136.541546,2067.816481,75.424346,68.228007,89.950671,8.222112
S00486,L0024,T03,486,41.341778,0.413385,0.628321,326.139242,21.994332,152.094027,2135.901636,72.649132,66.28489,89.575211,7.518414
S00264,L0013,T03,264,,0.174977,0.737282,322.043796,19.644183,123.861888,2035.857188,75.769141,69.822718,89.828669,7.485494
S00137,L0006,T01,137,39.188074,0.564586,0.369836,395.934375,19.151733,115.137733,1924.238639,71.895168,59.608124,89.76659,13.969599
S00193,L0009,T02,193,57.412887,0.806237,0.453205,266.628549,20.158707,138.834227,1884.931167,73.207451,68.399915,89.90955,-1.112101
S00016,L0000,T03,16,31.590722,0.822885,0.608954,288.68775,11.278123,140.642119,2070.176037,74.204205,65.666066,89.720811,4.441907
S00228,L0011,T01,228,37.103864,0.379168,0.377912,297.011577,20.250938,137.185642,2032.747165,73.523737,68.666101,89.924087,4.326479
S00401,L0020,T01,401,60.461774,0.236371,0.354588,243.183698,17.79572,134.260951,1895.315763,72.594471,67.832459,89.515743,-3.791287
S00411,L0020,T03,411,46.627201,0.805037,0.374975,321.338222,,137.513927,1999.411957,70.527157,63.607352,89.925044,5.543064
S00747,L0037,T02,747,23.260526,0.435381,0.458288,247.272833,23.554978,138.168636,2077.268687,73.202034,69.948277,89.773745,3.122918
S00426,L0021,T01,426,57.770908,0.693964,0.591763,325.185539,16.285676,141.426327,1964.317613,71.922287,62.59849,89.699883,7.013526
S00499,L0024,T01,499,50.604136,0.181821,0.547699,385.246917,20.944391,117.300604,2110.716467,72.112447,59.793465,89.685521,14.315952
S00195,L0009,T01,195,40.511756,0.83201,0.522184,301.499791,20.943819,151.405991,2051.826704,76.477547,69.001667,89.65228,5.332043
S00140,L0007,T03,140,51.946274,0.618051,0.699553,368.555272,18.170787,138.926231,2010.993288,74.185811,62.319842,89.4739,13.131714
S00097,L0004,T01,97,57.52965,0.619266,0.53171,312.366785,18.669853,127.418984,1868.806089,74.299691,65.472319,89.647887,7.128169
S00081,L0004,T01,81,42.448034,0.652099,0.589873,264.001549,19.640314,135.204827,1972.945999,74.324817,68.221227,89.681734,1.620992
S00268,L0013,T03,268,27.270928,0.597453,0.525026,267.323118,21.120887,149.787773,2073.453393,72.372402,67.826177,89.970844,2.378322
S00002,L0000,T01,2,63.657791,0.588105,0.646656,265.525654,17.388184,148.857783,1939.147885,76.577644,70.456675,89.81646,-2.1433
S00040,L0002,T01,40,32.670267,0.212045,0.697935,350.260472,17.242072,116.935127,2042.038011,74.155818,68.344935,90.047743,9.185401
S00693,L0034,T01,693,63.082632,0.395002,0.394822,355.50555,13.420683,148.124186,2094.396048,70.661314,57.973125,89.612623,13.066549
S00238,L0011,T02,238,54.794113,0.163006,0.677927,264.242908,16.950169,161.666319,2135.31414,74.455155,68.444029,89.920818,0.299192
S00477,L0023,T03,477,20.821402,0.755034,0.482765,338.101385,20.611856,137.020581,2169.669297,72.93797,68.330574,89.872779,6.645643
S00385,L0019,T01,385,,0.243575,0.579417,363.481109,,149.995888,2231.790378,75.869714,69.074881,89.747335,8.927992
S00791,L0039,T01,791,55.713306,0.21518,0.631176,322.441191,14.312044,134.506359,2000.395404,72.699389,64.617636,89.926396,7.020316
S00005,L0000,T01,5,56.431677,0.578475,0.653705,294.501225,16.328213,146.261137,2005.56311,74.119569,64.587228,89.609538,2.042822
S00781,L0039,T01,781,31.739702,0.748053,0.747023,213.152715,22.352999,166.33106,2107.916979,72.918651,71.214323,90.076282,-1.808879
S00014,L0000,T01,14,27.045412,0.433925,0.643083,323.311132,18.421707,120.260258,1974.403189,75.016621,67.512836,89.792073,6.722332
S00597,L0029,T03,597,36.904403,0.835245,0.472259,317.617531,15.5827,139.740001,2042.694326,74.471501,66.441481,89.989619,7.332018
S00630,L0031,T03,630,53.455863,0.443087,0.667714,293.768032,24.770595,154.534045,2041.092618,74.939854,68.079488,89.651544,3.657077
S00398,L0019,T01,398,62.706061,0.669613,0.458533,355.43738,23.259698,137.828465,2000.268319,74.758356,62.722983,89.824573,15.387757
S00006,L0000,T02,6,46.592641,0.825183,0.569202,290.657796,17.611072,162.377397,2124.891064,73.246457,66.178933,89.654471,3.0653
S00450,L0022,T01,450,48.655225,0.585288,0.669657,394.837098,17.138149,146.600705,2123.301042,72.584085,57.945486,89.569177,15.489058
S00478,L0023,T01,478,61.918371,0.283155,0.559699,317.998163,15.933732,147.789586,2024.766624,74.684996,67.687009,89.938528,5.510805
S00779,L0038,T02,779,19.244312,0.614355,0.644714,273.687415,20.92665,161.922734,2200.811284,75.001279,72.054766,90.34899,2.276763
S00519,L0025,T02,519,42.178909,0.41067,0.707947,312.223298,19.063985,145.071069,2079.69793,74.29127,68.959536,89.812232,3.934043
S00236,L0011,T01,236,48.256691,0.157544,0.735987,326.115284,21.479995,128.283399,1986.434886,76.238017,68.228511,89.516627,7.075314
S00074,L0003,T01,74,,0.155552,0.52704,396.04182,23.919296,150.773494,2223.948039,72.169241,59.900597,89.738677,16.747511
S00629,L0031,T01,629,57.489099,0.619924,0.629381,400.088847,17.340197,154.874907,2104.696774,73.319867,58.374255,89.703197,17.504028
S00059,L0002,T02,59,37.380924,0.809934,0.694568,335.41238,18.182956,161.203755,2137.024234,74.333257,69.055524,89.91421,7.131178
S00061,L0003,T01,61,52.166407,0.411254,0.370713,,19.277386,157.176052,2066.523967,76.337733,67.981755,89.598791,4.006155
S00713,L0035,T01,713,62.726165,0.450145,0.371356,350.966695,19.174406,143.377213,1996.088094,74.708612,59.419272,89.681864,10.829595
S00516,L0025,T03,516,32.475369,0.447216,0.557743,313.319006,21.050621,147.56116,2118.49121,70.722667,63.135394,89.758133,4.189625
S00496,L0024,T01,496,56.868617,0.730091,0.742192,331.447287,13.429772,135.885795,1866.90236,73.322138,61.177733,90.040748,9.254841
S00696,L0034,T02,696,64.262128,0.461238,0.469334,323.54086,16.405776,157.309108,2025.458076,73.513564,61.597211,89.4459,7.758202
S00540,L0027,T03,540,51.672766,0.16851,0.601994,309.333375,15.802709,117.147285,1954.655663,74.487704,68.300019,89.893557,5.024478
S00172,L0008,T01,172,42.514726,0.612213,0.626989,347.097128,18.549193,149.321718,2111.859485,74.821083,64.039033,89.560584,9.73241
S00179,L0008,T01,179,25.546482,0.382395,0.717213,339.346656,22.252222,151.120467,2265.659504,74.215874,70.16195,90.218112,5.423724
S00555,L0027,T01,555,40.099558,0.527548,0.721584,362.310874,18.399614,149.322671,2125.821635,73.597487,65.759333,89.766122,9.312691
S00632,L0031,T01,632,39.281543,0.484162,0.403156,323.596021,21.084394,134.020048,2051.630502,74.099004,66.314704,89.77567,6.84467
S00149,L0007,T03,149,35.162885,0.387747,0.441657,349.953833,17.217118,121.828443,2111.630812,72.866125,67.070483,89.825169,8.72585
S00484,L0024,T02,484,40.255653,0.623252,0.38811,329.24381,22.841611,159.382518,2185.718598,75.110901,67.141111,89.885487,6.832462
S00609,L0030,T03,609,28.872303,0.831805,0.590753,267.245929,13.605728,143.891772,2062.056499,78.090131,74.514432,89.729911,1.081404
S00368,L0018,T02,368,41.733704,0.330337,0.433792,278.482437,18.301013,119.638231,1916.412688,74.669341,69.423717,90.007005,0.744912
S00543,L0027,T02,543,36.291221,0.683498,0.646149,326.940768,26.832834,131.910734,2084.04892,73.075549,65.400684,89.613847,6.11568
S00729,L0036,T03,729,46.86129,0.245904,0.730901,294.922963,16.664735,147.753991,2118.617302,72.4026,67.171344,90.073847,2.978623
S00617,L0030,T01,617,,0.78174,0.480828,358.2917,20.243514,153.191435,2167.349917,75.464886,69.738747,90.152383,9.545057
S00529,L0026,T03,529,51.091767,0.385241,0.692137,314.127066,19.30406,166.07273,2185.111787,72.743198,64.593685,89.812529,5.986989
S00080,L0004,T01,80,62.502034,0.18591,0.409894,343.990857,15.004228,153.651532,2150.360059,72.982462,59.981547,89.770466,11.686404
S00269,L0013,T01,269,20.964109,0.331786,0.50587,299.911949,19.961281,142.66781,2178.435793,74.19033,70.16648,90.039567,4.352771
S00147,L0007,T03,147,42.234393,0.811391,0.69685,316.890294,22.79595,128.408179,1904.273385,74.145291,66.55593,89.725589,6.102856
S00126,L0006,T01,126,56.518546,0.222556,0.528311,280.203526,18.177969,159.498411,2097.107562,75.448434,67.792727,89.818817,0.126491
S00295,L0014,T01,295,50.953503,0.653853,0.404412,231.912149,18.824013,153.12893,2007.816283,74.363729,70.167253,89.959777,-4.856342
S00667,L0033,T01,667,50.735572,0.171007,0.588515,270.747527,20.467652,,2132.614105,74.192248,70.003052,90.051963,-0.846015
S00570,L0028,T03,570,59.116937,0.406032,0.681897,277.30621,20.727342,123.949628,1908.43976,73.080771,65.648877,89.844514,0.662135
S00548,L0027,T01,548,26.496903,0.26136,0.656372,293.793344,17.176151,138.956192,2090.970773,73.817239,69.021608,89.995262,4.129841
S00278,L0013,T01,278,38.566495,0.824929,0.597751,295.144038,17.549165,137.906368,1972.33244,76.468035,70.340814,90.184861,3.130618
S00302,L0015,T02,302,34.27958,0.211872,0.560032,317.708632,19.890478,164.321295,2274.572729,73.817632,68.759592,89.664198,4.16466
S00119,L0005,T01,119,54.386502,0.234617,0.404193,347.657582,17.897519,174.519577,2215.576273,74.222838,63.847127,89.740457,8.603521
S00757,L0037,T03,757,58.850141,0.599174,0.483219,331.117293,16.418967,121.312382,1876.289441,70.729532,60.31186,89.868799,8.746606
S00041,L0002,T01,41,46.2102,0.672202,0.587422,325.426443,20.546415,142.038777,2081.023753,74.914097,64.388066,89.88485,7.856061
S00365,L0018,T03,365,25.362763,0.183191,0.492576,405.778504,16.482773,132.737319,2204.570865,71.994208,64.326985,89.866684,12.987716
S00345,L0017,T02,345,55.516766,0.807727,0.463417,378.443367,18.852834,156.85588,2146.664871,74.706006,63.490322,89.427578,15.435341
S00291,L0014,T03,291,33.82273,0.493252,0.697407,294.051602,14.117362,150.191585,2176.817962,73.491717,67.134607,89.572968,1.735126
S00043,L0002,T02,43,64.257093,0.214569,0.650687,372.880289,13.516138,119.752995,1925.734419,74.53437,60.432626,89.915246,15.786071
S00008,L0000,T01,8,37.033512,0.269471,0.517832,309.14698,18.186935,176.18899,2336.30407,72.738772,66.472843,90.068399,5.176967
S00635,L0031,T01,635,57.681496,0.68424,0.53061,270.087298,18.552906,140.453431,1947.35503,72.787107,65.785687,89.704294,-0.608755
S00500,L0025,T02,500,57.787436,0.663635,0.538706,368.820821,21.102201,143.707009,2022.578664,75.933842,63.609002,89.662909,12.762306
S00216,L0010,T03,216,24.263716,0.333105,0.488962,292.40757,20.017646,130.959613,2140.177911,73.59757,67.91392,90.058334,2.24765
S00095,L0004,T01,95,52.5672,0.62619,0.389458,400.505925,19.577248,154.72573,2176.495309,74.692938,61.163187,89.97587,17.956638
S00049,L0002,T01,49,44.421856,0.329981,0.61477,294.752577,20.088794,139.830424,2012.230575,74.580578,68.691624,89.840791,2.71781
S00198,L0009,T03,198,54.629305,0.364411,0.67354,284.722451,16.167205,157.681015,2120.318719,74.000888,66.290996,89.862603,2.817611
S00015,L0000,T01,15,59.06866,0.198333,0.599214,358.073122,22.901871,139.33265,2053.246348,74.157558,60.997966,89.716976,11.087279
S00395,L0019,T01,395,19.352927,0.158607,0.363223,361.844402,21.046555,140.619249,2193.968659,74.571308,68.258134,89.895138,7.401295
S00610,L0030,T01,610,61.0557,0.635969,0.531338,359.457794,17.781315,143.854487,2020.840111,71.550327,59.395233,89.638767,13.835331
S00326,L0016,T02,326,20.554978,0.303716,0.503675,,16.557055,155.181777,2250.3671,72.571794,67.242045,89.655052,4.01872
S00534,L0026,T01,534,35.288459,0.637126,0.381696,339.193577,18.864234,132.9958,2049.877841,72.993426,66.21076,89.797495,7.195883
S00188,L0009,T01,188,41.908025,0.300349,0.696205,376.097301,15.572897,1810.92914,2430.442967,75.799275,64.719781,89.808693,12.375578
S00196,L0009,T03,196,26.5548,0.400183,0.593344,296.12746,18.843895,133.205992,2026.525345,74.3287,69.94343,90.0302,3.911257
S00082,L0004,T03,82,60.562939,0.23458,0.705875,283.474423,21.644004,141.448784,2007.700053,74.721955,66.956794,89.873135,2.485018
S00330,L0016,T02,330,22.783392,0.42145,0.569822,272.421804,21.387099,104.756179,1930.778773,73.529062,69.338644,89.981158,3.331887
S00275,L0013,T03,275,22.114566,0.177009,0.728671,343.120372,19.793394,141.651632,2222.327668,75.03094,70.874705,90.081739,6.642941
S00768,L0038,T01,768,26.55915,0.799479,0.748462,251.350915,17.613458,142.405527,2066.056282,73.101965,69.288304,89.906529,2.090488
S00407,L0020,T01,407,40.810644,0.597677,0.431588,317.211753,19.798217,154.195581,2086.493644,74.42213,66.349126,89.724471,6.048908
S00575,L0028,T01,575,27.693807,0.306292,0.500622,258.159299,18.001106,171.737515,2242.721737,73.061931,69.474014,90.095917,0.279605
S00026,L0001,T03,26,22.879423,0.640341,0.691752,300.012121,15.370574,139.13163,2084.245869,72.757784,67.629554,89.930724,3.440521
S00105,L0005,T03,105,49.911949,0.426102,0.747674,279.079052,18.282486,128.2367,1873.69644,72.77057,66.829436,89.647524,1.705471
S00136,L0006,T01,136,52.671792,0.824716,0.693204,342.741503,14.346792,149.705745,2042.499269,73.037257,64.710498,89.658189,10.117591
S00605,L0030,T01,605,23.024157,0.354564,0.551674,349.189076,21.566936,146.164834,2207.661201,73.619828,67.697238,89.736873,8.235867
S00709,L0035,T03,709,42.732171,0.559155,0.743683,342.18677,20.810035,168.946821,2226.921251,72.012109,64.739582,89.818461,7.960362
S00550,L0027,T02,550,61.204357,0.428768,0.401074,377.294273,17.8975,140.675608,2104.013697,73.545232,59.173443,89.536147,19.4231
S00300,L0015,T02,300,41.192209,0.637275,0.378564,336.410215,14.234369,135.682376,2027.295994,74.357536,66.975425,89.937634,9.47474
S00469,L0023,T03,469,36.748196,0.387377,0.534553,322.726539,18.990661,131.598794,2068.838521,73.527213,67.737787,89.976961,7.544586
S00254,L0012,T01,254,34.452338,0.32541,0.726079,313.470927,19.921648,150.500152,2155.490823,72.875457,67.64098,89.495514,5.87668
S00547,L0027,T01,547,20.840611,0.633917,0.55838,290.098954,19.211212,152.846251,2192.114865,76.02731,71.004612,89.696482,2.018526
S00039,L0001,T01,39,25.512704,0.514352,0.611053,300.813124,19.933394,126.455283,2012.122378,76.991767,72.550756,89.605693,4.207829
S00464,L0023,T02,464,21.987519,0.4474,0.51991,272.660658,17.849984,164.883915,2225.381069,72.627899,68.953401,90.180053,5.613257
S00623,L0031,T01,623,54.665364,0.248998,0.730022,391.846245,21.749194,163.828975,2213.739187,75.941374,61.267945,89.619248,17.572581
S00455,L0022,T02,455,34.616998,0.368553,0.477768,353.024346,18.50322,149.072266,2226.07572,72.963462,64.729803,89.83973,7.9491
S00381,L0019,T02,381,61.499983,0.47316,0.468512,295.054765,17.940117,147.647124,2023.843662,72.28186,64.131933,89.825254,2.446028
S00580,L0029,T01,580,60.572447,0.184801,0.45149,331.262583,17.815538,148.16854,2054.07995,73.538551,61.190766,89.57312,8.092874
S00342,L0017,T01,342,33.02717,0.399215,0.584373,414.579093,20.092183,144.549298,2254.063075,71.248425,60.422409,89.788323,12.866531
S00438,L0021,T01,438,60.985027,0.334033,0.427193,342.841243,17.678775,148.092225,2032.946073,76.028113,64.719661,89.609765,9.902736
S00749,L0037,T01,749,64.026424,0.631342,0.381624,383.006648,19.755129,145.687739,2046.622868,75.106168,58.103282,89.450497,18.419424
S00261,L0013,T02,261,33.415714,0.594349,0.65735,287.9193,26.421895,150.709852,2062.692966,75.745059,69.75588,89.965628,3.627664
S00101,L0005,T03,101,22.949571,0.427967,0.681731,269.617619,16.382384,151.8308,2163.080584,73.539242,68.031675,90.054519,0.676336
S00720,L0036,T02,720,34.215704,0.498002,0.45658,334.832504,19.162694,156.801938,2176.682204,75.789751,70.883895,90.009137,6.181595
S00604,L0030,T01,604,21.160297,,0.7221,291.377097,17.524147,147.100652,2134.887933,72.978849,69.704526,89.792555,3.549117
S00273,L0013,T01,273,42.710261,0.302537,0.64659,334.939182,18.40391,137.734977,2046.08912,73.603296,64.838247,89.69371,7.643135
S00233,L0011,T01,233,41.137343,0.523338,0.711877,329.202811,20.813725,136.631467,2051.267389,76.190813,68.720265,89.767604,7.4832
S00718,L0035,T02,718,29.268256,0.718357,0.523212,292.058544,21.983278,147.789344,2108.161812,75.036195,71.225375,90.011223,4.056822
S00258,L0012,T02,258,60.837311,,0.490356,324.096848,23.107034,131.166446,1905.962629,72.68572,59.890791,89.438892,7.265845
S00522,L0026,T03,522,32.352766,0.48881,0.397743,350.609313,19.439406,156.242477,2235.068739,74.131121,68.473543,90.059361,7.620246
S00242,L0012,T01,242,36.541176,0.224667,0.480209,312.040638,18.046949,140.872741,2137.79022,74.082948,70.311603,90.009737,5.024291
S00772,L0038,T01,772,33.547147,0.27449,0.622829,329.898784,23.013288,165.817628,2213.581489,75.738984,67.433148,89.81594,5.23656
S00619,L0030,T01,619,56.328996,0.586812,0.688299,295.605502,19.90739,152.086901,2095.833817,72.716201,68.046198,90.033679,3.242167
S00123,L0006,T02,123,50.707689,0.770518,0.705198,302.553312,23.726269,142.523247,1968.252419,74.258201,67.79605,89.904778,4.537038
S00701,L0035,T01,701,39.769533,0.73733,0.677686,268.339043,18.134637,162.424039,2117.373925,75.125388,70.945002,89.758878,2.79694
S00558,L0027,T02,558,20.342446,0.341253,0.522736,301.64788,13.532887,152.588898,2268.768037,74.311573,67.44802,89.71279,4.071274
S00544,L0027,T01,544,57.91878,0.394978,0.471169,326.272317,18.550848,137.404228,2015.865067,74.441312,63.298455,90.049779,8.037496
S00689,L0034,T02,689,50.563769,0.602951,0.637897,362.379755,17.618516,136.487504,2042.893067,76.192876,63.321685,89.749829,12.667448
S00223,L0011,T02,223,26.987016,0.584817,0.676212,403.928091,19.171416,139.614909,2193.409195,74.384496,67.25813,89.661249,13.049679
S00762,L0038,T01,762,64.871988,0.565658,0.526668,349.047797,20.629874,143.492463,1993.822214,74.279295,63.706202,89.487785,12.824272
S00224,L0011,T03,224,60.277273,0.639615,0.744036,343.114708,23.587409,143.42443,1983.873415,71.923627,63.534575,89.571082,8.988812
S00778,L0038,T01,778,53.500897,0.55748,0.351055,366.774082,25.093876,142.718388,2068.45754,72.540908,59.737804,89.501595,11.963585
S00391,L0019,T01,391,42.634965,,0.671436,333.825047,20.184345,168.132192,2253.057768,73.726785,66.367806,89.730809,7.621858
S00374,L0018,T01,374,36.40169,0.781145,0.687704,367.904874,21.258041,136.093426,2132.283359,73.26731,67.355561,89.576572,10.639107
S00523,L0026,T01,523,22.348728,0.327663,0.683768,321.221979,18.604436,141.108345,2232.787094,71.661462,67.177882,90.089978,5.40916
S00234,L0011,T02,234,37.934858,0.423402,0.686181,303.81103,19.711779,147.161565,2234.346139,73.927082,67.773908,89.65478,4.532658
S00425,L0021,T02,425,58.254428,0.238401,0.423422,272.509839,14.580678,148.962064,2018.255819,73.42313,66.884088,89.734563,0.148631
S00098,L0004,T01,98,34.651474,0.313027,0.670721,249.379501,19.874827,131.160932,2034.991626,75.803233,72.503703,89.837881,-2.027239
S00090,L0004,T01,90,31.425324,0.721658,0.627549,337.58234,20.62883,126.048702,2071.307276,72.507412,60.924712,89.50416,7.527929
S00739,L0036,T01,739,64.212331,0.286247,0.477457,323.029645,18.998601,147.014933,2021.909357,76.337977,63.05835,89.941195,8.525928
S00646,L0032,T02,646,62.746518,0.701768,0.676586,328.814436,19.416955,141.997961,1961.165835,75.706246,64.671098,89.806599,7.747633
S00581,L0029,T02,581,30.249152,0.569336,0.414053,324.988438,17.497766,136.814278,2106.799386,72.342596,66.002703,89.859618,5.380688
S00190,L0009,T01,190,19.571403,0.308041,0.377261,378.719668,18.262339,183.680644,2470.611484,75.732907,71.139066,89.961451,9.536409
S00740,L0037,T01,740,30.056917,0.593734,0.520081,311.432778,18.044698,152.864286,2203.704429,71.928164,66.874163,89.592398,4.041698
S00521,L0026,T01,521,62.746728,0.639569,0.627769,398.263517,20.273708,135.480555,2019.890866,73.369543,57.130232,89.956878,19.660433
S00283,L0014,T02,283,21.017221,0.663522,0.64627,339.596393,16.287314,126.304052,2120.028428,71.882598,65.125482,90.000661,3.12341
S00755,L0037,T01,755,64.693822,0.484209,0.636484,271.349965,22.240185,150.846417,2029.840014,75.910395,66.425462,89.242691,1.565566
S00112,L0005,T01,112,35.018986,0.726373,0.475954,296.585317,19.103077,138.0892,2027.753028,74.399723,70.609487,89.90921,4.337558
S00378,L0018,T01,378,35.237392,0.677198,0.713257,330.936679,16.312164,132.09726,2028.709499,76.225968,73.075612,89.922977,7.073636
S00578,L0028,T01,578,61.589381,0.765919,0.555077,297.829782,23.382738,149.996912,1977.518626,75.587164,67.824657,89.86471,4.093686
S00676,L0033,T02,676,53.602978,0.549631,0.476796,301.722329,15.150999,150.790854,2027.60894,70.835462,63.054026,89.736147,4.793005
S00751,L0037,T01,751,31.798303,0.691638,0.452394,356.997237,16.80897,143.851851,2138.7585,73.126063,64.247341,89.555907,8.153515
S00502,L0025,T01,502,39.212857,0.688294,0.66122,297.116583,20.499697,156.539575,2130.174299,73.635831,67.289151,89.848637,3.904527
S00655,L0032,T02,655,55.146758,0.237777,0.373156,325.51651,22.506653,149.570372,2028.764935,72.658446,58.604233,89.549314,8.297549
S00657,L0032,T01,657,51.316505,0.713834,0.648168,292.711445,16.89968,150.692811,2031.622185,73.384256,66.257879,90.267468,3.792854
S00110,L0005,T02,110,60.944257,0.28847,0.619143,350.424839,18.822244,151.014145,2049.204508,71.237008,58.207263,89.82071,12.609799
S00068,L0003,T02,68,33.542277,0.69106,0.656641,314.829421,19.46655,132.955815,2031.815277,73.141867,65.60713,90.208215,2.59524
S00023,L0001,T02,23,43.988817,0.326886,0.36835,295.803124,21.202368,136.098956,2022.873595,71.650358,66.165118,89.658985,2.868409
S00186,L0009,T01,186,39.071348,0.403385,0.445094,312.520677,19.08379,160.969788,2187.602332,71.742219,63.834142,89.528961,3.723163
S00437,L0021,T01,437,46.517597,0.399016,0.400054,327.680367,21.166226,123.484621,1875.10695,69.379355,62.319247,89.781862,7.599661
S00443,L0022,T01,443,38.906421,0.228487,0.453659,313.813608,21.295059,130.490663,2108.057054,74.637377,67.940076,89.575644,3.762177
S00091,L0004,T01,91,61.493821,0.408371,0.605445,304.761493,16.49962,139.048115,1971.960755,73.704986,67.144823,90.2653,6.47169
S00317,L0015,T01,317,35.274606,0.551318,0.734284,283.416573,17.140458,145.543045,2140.718089,73.299459,66.761848,89.836146,1.828823
S00728,L0036,T03,728,59.971648,0.613446,0.61698,351.741131,20.998619,149.892739,2057.914588,72.607326,61.506182,89.619084,11.692178
S00102,L0005,T01,102,37.285162,0.685523,0.405385,319.053508,14.886826,112.180329,1902.019961,72.4829,66.656039,89.937168,5.709589
S00594,L0029,T01,594,48.683932,0.448398,0.6747,315.498866,17.038676,150.80467,2162.351014,73.840874,66.113293,89.703458,4.898424
S00051,L0002,T01,51,19.479352,0.50725,0.711701,298.44813,19.695934,137.615996,2111.411559,74.913045,69.995157,89.330973,4.599076
S00243,L0012,T02,243,34.834249,0.213053,0.720554,344.601119,19.693092,130.456367,2120.671603,74.515293,67.504274,90.038604,9.00606
S00053,L0002,T01,53,22.713935,0.365796,0.469159,312.643934,19.581187,129.905619,2151.36009,72.737151,69.362127,89.895742,5.144964
S00394,L0019,T01,394,41.462102,0.775849,0.596528,318.581607,16.952289,141.139565,2014.181884,71.250449,66.487634,90.056654,6.58471
S00362,L0018,T01,362,35.18555,0.789597,0.544401,310.027334,20.480321,151.733992,2145.804582,72.113848,65.477014,89.838515,5.469649
S00685,L0034,T03,685,49.361528,0.336582,0.392303,311.670496,12.926556,172.171856,2204.57303,72.247795,64.64616,89.934712,4.673588
S00517,L0025,T01,517,49.216023,0.794471,0.51498,259.654327,19.570286,122.726561,1892.334716,73.469075,69.512156,89.849524,0.496126
S00682,L0034,T02,682,18.665987,0.768067,0.444916,306.166685,21.886171,150.434562,2107.064475,76.363416,73.361124,90.10096,2.139844
S00787,L0039,T03,787,29.772375,0.415818,0.538839,349.336576,17.714956,161.308976,2269.597692,74.619794,69.846728,89.883985,6.285956
S00601,L0030,T03,601,48.119275,0.418872,0.685954,258.272179,20.473248,110.5058,1799.668156,73.073533,67.37742,89.606993,-1.224454
S00109,L0005,T01,109,42.228682,0.576513,0.569978,391.500623,23.206597,117.884448,1994.223417,73.671889,63.729396,89.76083,15.561142
S00189,L0009,T02,189,26.885585,0.539435,0.366846,338.651511,21.287194,161.287381,2234.444198,73.802013,67.823123,90.130469,7.560375
S00418,L0020,T01,418,47.169558,0.580939,0.454466,282.73907,19.216721,124.605829,1915.360832,72.36118,67.599642,89.58741,0.904648
S00260,L0013,T02,260,52.740869,0.183204,0.379209,311.854079,14.170049,109.166435,1901.822146,73.596381,66.177407,89.921977,4.473915
S00371,L0018,T01,371,37.951591,0.638963,0.678989,379.981013,18.268462,144.213399,2143.680194,74.104327,65.277101,89.581124,12.17286
S00388,L0019,T01,388,55.920921,0.391675,0.368883,341.096111,15.395546,175.849513,2259.606143,73.499995,62.652756,89.802697,11.335081
S00607,L0030,T02,607,41.710558,0.348283,0.641368,352.52926,17.320397,145.782424,2108.055439,76.022839,68.370689,89.585392,9.845111
S00445,L0022,T02,445,45.047773,,0.449375,311.011668,17.045646,133.732465,1895.860073,74.130689,66.765218,89.828596,6.246108
S00094,L0004,T02,94,27.363332,0.757671,0.578932,309.620239,18.994633,156.828647,2128.483294,74.553333,70.742622,89.794652,4.785763
S00129,L0006,T02,129,63.764642,0.308613,0.471754,273.464329,22.134924,147.545928,1975.764392,73.389806,67.463993,89.713038,-0.178999
S00203,L0010,T01,203,61.332995,0.528657,0.406686,312.532017,115.0753,140.477164,1982.73126,72.874582,64.195517,89.742806,4.505579
S00296,L0014,T01,296,40.338843,0.712478,0.687937,,14.510275,133.930657,2019.929583,74.181965,67.477477,89.807275,5.174049
S00514,L0025,T01,514,33.912571,0.165642,0.525933,3236.7435,19.365623,152.385152,2114.304929,75.304538,70.531019,90.04333,7.056621
S00211,L0010,T02,211,54.999713,0.600905,0.66453,358.675925,16.218039,143.981316,2018.995994,75.941059,64.376048,89.716006,11.748693
S00069,L0003,T02,69,42.281434,0.686879,0.657183,266.574621,14.635053,173.889445,2260.72333,75.788744,70.744918,89.613138,0.524993
S00084,L0004,T03,84,26.579645,0.270211,0.515882,401.025328,15.975412,143.857966,2306.832929,74.241684,64.097152,89.882675,11.094123
S00687,L0034,T01,687,45.688197,0.205338,0.674915,326.117187,15.771598,167.729123,2211.999186,72.217002,63.656483,89.560387,3.827185
S00595,L0029,T03,595,38.449641,0.443408,0.574125,261.385178,17.479873,124.339953,1910.577159,75.187428,68.799288,89.522729,0.922097
S00096,L0004,T03,96,49.659657,0.454922,0.443112,261.531846,18.864662,131.143526,1940.934736,76.249184,72.622446,89.967522,0.011752
S00180,L0009,T01,180,45.000202,0.805264,0.392178,357.549938,16.119256,162.501851,2226.801632,73.521741,63.690703,89.794785,11.520164
S00133,L0006,T01,133,37.002235,0.51328,0.563762,346.891666,16.504092,132.153302,2087.573757,73.043226,61.862411,89.586041,5.882067
S00583,L0029,T01,583,55.485154,0.213356,0.536474,315.265316,19.147488,169.346785,2202.829447,73.474396,62.504464,89.934247,5.427115
S00321,L0016,T01,321,48.480612,0.347018,0.404883,249.880769,20.31221,144.387542,1974.471113,73.729478,69.222986,89.884959,-1.954782
S00789,L0039,T01,789,42.407163,0.339293,0.433036,357.733863,22.888819,160.469035,2195.9678,73.060307,64.049008,90.130411,9.660577
S00009,L0000,T02,9,36.35847,0.399815,0.443146,344.053972,21.101658,147.440329,2092.672972,75.120974,67.944815,89.903366,7.212821
S00671,L0033,T03,671,41.069648,0.797636,0.470579,342.130542,18.008233,163.566256,2202.949078,74.34205,67.682641,89.993961,10.091448
S00255,L0012,T03,255,43.878298,0.70381,0.560553,323.439352,15.314718,144.964048,2048.365855,72.521922,64.445815,89.812392,5.919405
S00524,L0026,T01,524,52.704274,0.195119,0.730953,318.656652,22.45307,148.807013,2092.329195,74.230609,65.60609,89.934509,6.213755
S00389,L0019,T01,389,41.842317,0.518892,0.605243,295.866213,21.275623,138.643542,1973.248876,73.438922,64.965298,89.720288,3.141595
S00562,L0028,T03,562,44.127379,0.529357,0.737267,336.420487,20.033263,144.545467,2091.467729,72.940346,65.387819,89.848412,6.918779
S00541,L0027,T01,541,47.967367,0.470983,0.372297,385.855093,18.001137,166.761856,2240.801793,73.93804,61.422361,89.981532,14.457012
S00405,L0020,T02,405,47.181784,0.600372,0.649776,324.890821,16.517251,153.710908,2137.168832,78.278397,69.835601,90.20854,5.712677
S00640,L0032,T02,640,27.805551,0.743871,0.593541,326.439061,18.342338,157.898422,2197.595322,74.931934,69.04951,89.913294,4.716518
S00118,L0005,T01,118,56.888034,0.845217,0.515966,401.485801,16.655824,151.627791,2104.297253,74.751538,61.324971,89.505686,19.426964
S00333,L0016,T02,333,34.573945,0.670218,0.692789,328.852029,20.228694,147.096335,2068.714182,76.127356,69.049102,89.824229,8.031384
S00355,L0017,T01,355,31.784231,0.617711,0.415975,268.747439,17.223678,135.282068,2043.116397,74.839766,71.395434,90.075048,0.79474
S00251,L0012,T01,251,54.172722,0.485394,0.564532,268.883537,14.477207,130.569204,1893.053379,75.294798,69.486105,90.076767,-0.740667
S00459,L0022,T01,459,44.265546,0.688207,0.531446,293.712258,19.420362,149.071125,2044.207207,71.325013,64.791579,89.999868,2.113434
S00369,L0018,T03,369,37.20046,0.637719,0.622722,330.83909,20.2618,135.063477,2047.293679,74.033747,67.978734,90.234311,7.920974
S00670,L0033,T01,670,26.308085,0.176971,0.657152,305.463542,21.112723,156.966312,2216.408502,73.830992,68.812515,90.319764,4.378534
S00545,L0027,T03,545,47.145105,0.169948,0.692507,240.839931,18.714352,137.856706,1989.004462,72.123347,69.184397,89.772774,-4.546889
S00157,L0007,T01,157,63.959433,0.588425,0.435938,360.983128,20.708224,169.05122,2165.253256,77.613443,64.290151,89.832658,13.879096
S00072,L0003,T01,72,61.595865,0.760217,0.582121,335.095102,22.104366,130.94636,1956.433913,75.824471,65.683641,89.383288,9.266423
S00206,L0010,T01,206,42.556593,0.21487,0.747953,268.826145,17.068981,144.572932,2073.446587,73.701437,69.948843,89.969756,2.376156
S00199,L0009,T01,199,33.27528,0.600214,0.504585,296.370979,19.766977,113.574531,1921.939278,74.588874,69.608584,90.034593,2.557478
S00114,L0005,T01,114,31.760034,0.790842,0.563918,282.814525,18.254376,161.896504,2188.11849,74.66144,71.414327,89.86198,1.115881
S00075,L0003,T01,75,18.078588,0.482591,0.637584,328.115162,17.930589,141.261509,2179.455149,71.950889,67.131502,89.718677,4.724407
S00054,L0002,T02,54,19.95528,0.435176,0.723485,294.237103,15.171202,135.553681,2081.195546,73.888477,70.119855,89.958744,2.675893
S00758,L0037,T02,758,22.996102,0.541242,0.507129,302.12157,16.341524,147.742816,2210.449753,73.953603,70.740206,90.056972,3.941982
S00627,L0031,T01,627,55.522597,0.206339,0.413783,292.221811,21.168784,163.204458,2174.960332,73.342784,67.140813,90.013038,3.576061
S00386,L0019,T01,386,60.103323,0.759612,0.546457,317.831045,16.84604,150.232206,2036.286155,76.025739,66.18507,89.523034,8.364546
S00087,L0004,T02,87,23.933414,0.523976,0.568765,307.658002,21.283351,126.595518,2087.171196,74.001367,66.734978,89.737066,5.342969
S00344,L0017,T01,344,58.132908,0.696661,0.622151,306.569765,18.197542,136.943166,1961.09754,72.054074,64.345149,89.668964,4.521595
S00440,L0022,T01,440,20.694175,0.256896,0.36137,368.405535,19.358914,161.164774,2333.697769,75.159666,67.616098,90.082703,6.921141
S00451,L0022,T02,451,51.396669,0.807874,0.675049,303.004421,19.841017,171.352814,2117.945503,74.72925,68.057381,89.6508,6.699469
S00539,L0026,T01,539,35.381765,0.800222,0.57192,332.679394,16.96331,153.064003,2159.466523,75.218896,68.682575,89.887556,6.620139
S00485,L0024,T01,485,45.89289,0.453771,0.497894,345.043378,15.069989,141.789657,2057.777657,71.862714,61.82622,89.700553,9.106345
S00716,L0035,T02,716,21.471376,0.579682,0.526771,272.632654,22.372853,139.902506,2104.965109,70.801393,67.50411,89.867635,3.809443
S00152,L0007,T01,152,59.041302,0.648754,0.611528,364.805462,20.968812,140.93832,2101.303131,73.673191,62.094158,90.019106,13.582816
S00367,L0018,T01,367,39.642825,0.630837,0.373792,285.29095,16.816352,131.273136,1983.990445,76.752052,71.109449,89.764868,1.793323
S00633,L0031,T01,633,63.66843,0.806731,0.671791,290.647686,18.278951,155.431566,2029.528912,74.659825,65.724432,89.913796,1.617132
S00452,L0022,T01,452,61.109099,0.284268,0.655874,324.463519,20.29359,117.634386,1959.123943,75.915517,66.027697,89.878573,7.784055
S00647,L0032,T02,647,21.085249,0.192917,0.655165,260.94799,25.512112,,2114.763915,74.848677,72.825068,90.020646,1.668445
S00533,L0026,T02,533,38.136672,0.771298,0.659324,268.759966,15.691897,120.265445,1835.149912,76.892696,73.277781,90.086231,1.684795
S00436,L0021,T02,436,26.849857,0.622148,0.384396,301.985988,19.247881,136.864979,2048.562476,75.134181,68.726979,89.719486,3.721348
S00520,L0026,T01,520,56.45386,0.384932,0.711034,335.528415,20.857085,120.174494,1945.496878,74.762438,63.686646,89.559307,9.432634
S00626,L0031,T01,626,58.804076,0.341923,0.488381,,23.167824,116.538352,1872.116723,76.223058,67.29782,89.805702,2.500967
S00311,L0015,T02,311,51.213103,0.721597,0.611744,353.070513,19.609021,142.577643,2034.054833,75.457245,65.757287,89.688339,10.845091
S00724,L0036,T01,724,50.073796,0.466311,0.456933,319.607984,21.125251,143.246855,2103.495686,74.375449,67.242797,89.727638,5.364786
S00489,L0024,T01,489,57.467753,0.15353,0.576114,356.354111,19.481769,159.257253,2180.259762,75.941482,64.452531,89.722172,12.762101
S00298,L0014,T01,298,25.039741,0.757642,0.422714,380.713609,21.078829,151.32992,2259.964134,72.006817,68.045481,89.838948,9.66151
S00799,L0039,T02,799,26.855196,0.514928,0.733895,309.065409,18.377118,134.200969,2083.617588,73.416431,68.689455,90.095002,5.014943
S00591,L0029,T01,591,40.653555,0.663469,0.403197,308.665575,20.460603,149.313354,2076.868605,73.854313,67.257999,89.655499,6.955888
S00738,L0036,T03,738,60.018309,0.523549,0.522472,,18.366515,136.019709,2000.792222,73.460289,60.622239,89.845707,15.209569
S00753,L0037,T01,753,23.988676,0.827693,0.454632,347.211684,21.388942,133.758275,2089.73049,72.353299,66.689793,89.957042,6.78567
S00286,L0014,T01,286,52.631702,0.539903,0.404597,308.870686,18.434207,140.829402,2020.326351,74.824846,64.927133,89.672471,5.966608
S00585,L0029,T01,585,60.104687,0.789463,0.649165,383.515474,20.864969,153.205471,2082.853183,72.262364,56.711584,89.346665,16.612372
S00785,L0039,T01,785,35.96781,0.747459,0.576177,357.180667,16.814931,152.386453,2148.619899,76.626478,66.675559,89.863123,8.654959
S00783,L0039,T01,783,42.384822,0.486695,0.583102,330.635046,20.112554,151.572584,2122.839121,73.879942,66.734903,89.920788,7.336514
S00721,L0036,T02,721,30.14235,0.154867,0.660308,345.807831,14.306643,142.76096,2171.624017,73.557015,68.426781,90.017325,7.979125
S00416,L0020,T01,416,26.581714,0.321373,0.651228,307.856341,18.371229,136.549967,2137.86955,72.662924,67.487033,89.918254,3.760082
S00754,L0037,T01,754,39.211249,0.355166,0.470457,286.187067,15.488988,163.562075,2220.297742,69.989072,63.85087,89.758842,3.519494
S00225,L0011,T03,225,31.03108,0.790694,0.522253,317.973149,22.667566,151.344949,2183.327207,74.294969,67.477767,89.785487,5.969139
S00146,L0007,T01,146,24.945034,0.208256,0.641491,333.099155,21.241547,159.496137,2301.877014,74.704546,66.696407,89.818915,5.886003
S00505,L0025,T03,505,56.963773,0.761671,0.476377,295.57731,22.053758,143.171833,2046.363005,72.088892,62.687473,89.792987,3.696466
S00064,L0003,T01,64,60.656746,0.44892,0.57915,320.840963,18.542844,153.867234,1997.994136,74.442465,64.945363,89.580075,6.658093
S00113,L0005,T02,113,63.418522,0.710013,0.675548,291.229422,21.954151,150.060324,2707.068199,72.832131,65.220004,89.710061,2.856277
S00144,L0007,T01,144,33.72705,0.789005,0.512823,260.661265,19.055814,161.987516,2191.446927,74.749707,70.535381,89.730891,-0.180976
S00792,L0039,T01,792,64.792226,0.761902,0.404789,337.464814,18.672971,132.609787,1904.447326,72.564321,60.148579,89.771439,9.884966
S00582,L0029,T01,582,45.468976,0.452192,0.438548,370.655013,17.201501,125.382258,2025.454196,73.445998,62.817658,89.314032,10.129452
S00245,L0012,T02,245,50.983176,0.759978,0.47462,315.704002,22.634964,,2007.889149,73.438132,65.728403,90.054684,7.454586
S00648,L0032,T02,648,50.863328,0.17793,0.503273,364.255062,19.718067,137.998259,2105.651307,72.807561,61.82999,89.509705,11.482642
S00780,L0039,T02,780,25.053093,0.782598,0.385519,314.181616,19.913875,151.905698,2206.691528,74.330426,67.224745,89.560891,5.004043
S00614,L0030,T02,614,20.250004,0.284356,0.540324,250.179994,18.231653,132.356998,2090.545467,75.979055,71.302058,89.911052,2.252716
S00431,L0021,T03,431,63.460218,0.594619,0.486002,323.944448,17.098291,161.380641,2075.713891,74.800321,64.961528,89.85423,8.029798
S00462,L0023,T02,462,33.276035,0.506141,0.462422,330.929641,14.237666,121.981814,1989.208603,72.504134,66.238565,89.588148,6.960079
S00063,L0003,T02,63,43.020084,0.661321,,246.399296,14.512529,133.025472,1932.233702,75.597291,70.867571,89.613381,-1.056968
S00230,L0011,T01,230,38.701701,0.238918,0.466275,325.495948,17.671141,137.332916,2066.940806,75.307873,69.719373,90.039917,5.787515
S00770,L0038,T02,770,51.786204,0.457501,0.665764,333.463665,21.483717,126.650142,1928.568671,76.006288,68.625598,89.618097,8.514922
S00207,L0010,T03,207,24.681485,0.840322,0.613124,328.313259,19.93675,156.315282,2200.669277,73.437555,67.910652,89.793634,8.070525
S00328,L0016,T02,328,48.508058,0.671576,0.730154,273.133464,15.929096,150.953636,2041.172838,72.968809,68.920575,89.89993,2.763573
S00448,L0022,T01,448,38.743165,0.312664,0.603328,317.348469,20.636534,170.115716,2254.534755,75.34589,70.690468,90.292575,4.444372
S00116,L0005,T02,116,64.652078,0.428428,0.376381,281.198976,19.617852,130.518761,1912.590679,72.312047,64.853199,89.872214,1.326392
S00246,L0012,T01,246,,0.832908,0.707071,294.781857,19.924467,149.766662,2022.48153,72.97585,66.488082,89.9105,26.215612
S00423,L0021,T01,423,52.087616,0.654962,0.550587,333.211993,14.208021,137.560202,2040.805412,75.389944,64.503614,89.988074,9.105357
S00586,L0029,T01,586,41.284838,0.192389,0.53455,323.801853,25.614337,148.477729,2140.121427,73.43904,67.321642,89.595351,6.811614
S00324,L0016,T02,324,40.576983,0.268771,0.405697,363.934287,21.21322,132.087951,2060.033454,75.497891,66.645524,89.821581,10.864885
S00219,L0010,T01,219,60.700284,0.603113,0.517078,281.571862,17.119845,148.478371,2001.554953,75.630964,69.344515,89.79452,1.088826
S00184,L0009,T01,184,36.837934,0.161179,0.384983,379.782616,17.118509,140.018226,2133.86311,74.526331,64.332516,89.738639,11.084942
S00612,L0030,T02,612,30.747698,0.251992,0.395685,347.959073,23.491762,138.807394,2215.631999,75.186179,69.406174,90.196439,7.164433
S00565,L0028,T01,565,63.930076,0.252623,0.450133,269.020003,20.668359,152.53937,2082.394836,73.916501,67.530449,89.849566,-1.226021
S00056,L0002,T02,56,34.026622,0.381052,0.424621,328.50017,15.699673,135.061516,2113.606051,74.30418,66.476171,89.771044,6.178556
S00408,L0020,T02,408,45.954337,0.646504,0.509357,320.48846,21.16753,136.641037,2007.046117,70.60088,62.829,89.633607,4.981087
S00513,L0025,T01,513,38.120626,0.649681,0.466488,292.511894,20.011559,150.397958,2070.704884,75.531872,71.321521,90.140551,2.766976
S00079,L0003,T01,79,58.15943,0.84574,0.508018,297.241495,20.803041,143.127048,1912.232379,75.479071,67.497289,89.759566,3.976341
S00683,L0034,T01,683,59.19678,0.703233,0.487941,414.489976,22.531354,142.601919,2059.056468,73.740041,58.188037,89.879503,22.640268
S00210,L0010,T03,210,30.727061,0.486372,0.468529,269.540707,13.151085,147.866602,2145.751334,72.497857,68.796126,90.222879,0.927067
S00139,L0006,T01,139,64.147486,0.782835,0.476788,398.950383,18.465019,148.43758,2081.187833,73.212914,57.927516,89.626063,20.108235
S00011,L0000,T01,11,36.616149,0.199197,0.579847,324.974203,15.922584,131.894046,2076.864156,75.076057,69.852047,89.588806,5.077449
S00613,L0030,T01,613,38.60531,0.224936,0.6564,454.410335,18.125482,155.288956,2271.528572,72.757283,60.048526,89.874766,20.478885
S00552,L0027,T01,552,24.640603,0.28254,0.468965,342.797799,22.855087,143.969999,2202.059981,75.521699,69.884178,89.619614,8.326493
S00099,L0004,T01,99,52.767169,0.334155,0.510317,411.29378,18.58091,120.580749,2053.492627,71.904877,59.710789,89.822974,19.286749
S00494,L0024,T01,494,28.285867,0.295247,0.744997,364.980201,19.223454,154.655209,2270.715011,74.914023,68.769739,89.832144,8.877034
S00644,L0032,T02,644,31.640144,0.234938,0.562493,249.874014,21.356339,152.982607,2158.752549,73.641728,70.980946,89.856164,-1.658947
S00057,L0002,T01,57,55.944076,0.78841,0.64171,251.041779,19.016546,142.236732,1897.422353,72.984112,71.016495,89.994773,-3.402996
S00204,L0010,T02,204,25.091213,0.428032,0.572559,292.067635,19.331124,126.506934,2051.393672,73.496492,70.394883,89.723777,3.258564
S00346,L0017,T01,346,31.246472,0.246114,0.577627,304.127897,,141.251513,2146.300212,75.270457,71.046846,90.098797,3.021373
S00034,L0001,T01,34,23.536388,0.836997,0.568203,300.319916,22.474019,146.761956,2090.998377,72.923409,68.224709,89.826802,2.354118
S00460,L0023,T01,460,45.896408,0.191518,0.684447,331.810979,16.716771,148.37206,2140.359062,75.526379,66.799441,89.794265,6.220057
S00380,L0019,T01,380,22.346781,0.641804,0.367563,285.959457,,140.422236,2133.057006,72.375637,69.094133,89.984028,4.417064
S00108,L0005,T01,108,63.869455,0.634772,0.685896,342.438369,20.897434,154.276248,2011.64768,74.213305,63.014898,89.798909,11.946907
S00007,L0000,T01,7,18.64505,0.657227,0.706266,320.926114,18.752566,144.960444,2191.915815,74.291665,69.998606,89.736423,5.495222
S00675,L0033,T02,675,49.949912,0.528499,0.47913,322.149398,20.090001,125.28353,1912.899829,73.135973,64.066274,89.6808,8.232948
S00158,L0007,T01,158,26.897704,0.42114,0.690256,273.460512,18.632901,161.032438,2157.060504,72.061992,67.99772,89.864708,0.719897
S00413,L0020,T03,413,35.002942,0.320462,0.45523,287.909572,23.656976,135.07719,1998.385476,73.737028,66.906205,89.894014,4.033753
S00608,L0030,T01,608,63.957097,0.290353,0.534241,301.357363,19.279797,172.503981,2062.976488,73.525886,63.682507,89.846442,4.335584
S00277,L0013,T02,277,49.814951,0.830514,0.445015,337.822551,11.957487,146.45148,2062.095988,72.789085,63.142188,89.660383,9.34165
S00392,L0019,T01,392,45.471487,0.352973,0.581472,341.886762,15.101548,140.450694,2075.597141,72.389298,63.249807,89.684853,8.77936
S00430,L0021,T02,430,56.941139,0.542249,0.395376,314.17593,22.887186,110.089887,1770.062378,75.903776,65.648336,89.740631,6.328154
S00400,L0020,T01,400,57.994841,0.444509,0.545247,339.538458,16.277872,139.279198,2060.116759,73.125994,60.946678,89.708791,10.763913
S00699,L0034,T01,699,35.732022,0.756548,0.555033,344.121642,22.46599,137.294949,2090.735476,77.438098,70.250615,89.90834,8.088734
S00003,L0000,T01,3,34.611345,0.462361,0.40392,290.439016,14.540657,128.258377,2011.933429,74.412284,66.409887,89.985145,2.466288
S00532,L0026,T03,532,53.511446,0.477638,0.417666,342.357702,20.376724,152.932722,2064.0412,74.366989,62.056169,90.040126,11.989126
S00498,L0024,T01,498,26.416405,0.528793,0.749265,365.525243,,152.103319,2265.503701,74.540055,68.416853,89.828808,9.567036
S00518,L0025,T02,518,51.540933,0.24708,0.480903,316.871589,21.08877,156.294453,2116.956171,75.732316,69.452622,90.073776,6.14525
S00353,L0017,T02,353,64.653356,0.546161,0.71322,335.374989,17.790091,123.628094,1867.854726,75.819862,63.45541,89.550174,9.585969
S00571,L0028,T01,571,27.337598,0.333118,0.62567,317.070444,17.925161,143.953914,2103.746601,72.084974,68.470696,89.993276,5.663095
S00599,L0029,T02,599,19.625888,0.67282,0.659812,389.57062,18.373129,123.130312,2099.462546,73.860537,64.997284,89.667565,8.837801
S00559,L0027,T02,559,25.132168,0.772874,0.637152,371.491669,19.297505,135.198269,2179.586434,74.382022,68.890683,90.077614,8.419911
S00504,L0025,T01,504,59.288937,0.326628,0.525416,304.18289,21.162424,124.831264,1935.43572,74.622084,63.985471,89.781078,4.78025
S00262,L0013,T01,262,64.556238,0.564072,0.601384,305.822055,20.132171,151.782729,1998.941512,73.395725,64.838472,90.044788,7.033293
S00019,L0000,T03,19,21.375327,0.39328,0.410571,391.494464,20.989211,116.445298,2097.398548,74.115412,69.083927,90.018123,6.878357
S00643,L0032,T01,643,30.341672,0.784912,0.355668,335.81308,21.84321,127.231637,1995.346715,72.395281,65.961708,89.830035,6.010563
S00266,L0013,T01,266,33.63973,0.538705,0.424417,340.499868,21.091465,116.724432,1968.151512,74.880592,78.012475,90.060857,8.302385
S00561,L0028,T01,561,39.274874,0.642711,0.374514,362.670136,20.99517,140.527779,2075.362405,75.357914,69.003558,89.52549,9.907872
S00335,L0016,T01,335,55.699861,,0.452445,373.418269,15.490523,160.539285,2209.639001,72.719761,59.726118,89.573284,17.103464
S00249,L0012,T02,249,57.631391,0.837854,0.355805,297.235679,21.159566,152.099021,2009.869161,73.280865,68.111145,89.644311,3.185699
S00370,L0018,T01,370,62.91033,0.494959,0.503189,343.88763,17.150037,143.387008,2053.500938,74.431504,63.405994,89.553034,12.15138
S00373,L0018,T02,373,35.518523,0.205855,0.46906,363.758108,23.985823,140.380598,2236.393421,73.440603,64.457619,89.859062,7.923945
S00497,L0024,T01,497,64.501318,0.644341,0.561097,257.451011,15.869471,160.316583,1996.472442,74.789279,69.652118,90.098961,-3.480598
S00244,L0012,T03,244,23.66023,0.556086,0.441083,261.002791,18.413054,131.739129,2073.807069,74.026601,69.248673,89.841871,2.379079
S00414,L0020,T03,414,56.946019,0.334361,0.721754,302.662811,22.858158,144.145501,2015.648417,77.350854,69.373577,89.295422,3.429197
S00725,L0036,T01,725,59.375698,0.545901,0.641867,299.048291,17.601778,124.187668,1882.869219,74.215685,67.851265,89.736039,3.761005
S00679,L0033,T01,679,54.236406,0.76496,0.500348,358.503892,15.649723,140.381441,1981.921949,72.428181,61.94625,89.477728,11.469491
S00615,L0030,T02,615,43.281285,0.40469,0.676918,313.478452,14.284571,160.810466,2122.07907,72.069411,65.023712,90.101946,5.293394
S00507,L0025,T02,507,23.987703,0.464992,,289.257029,23.349589,129.014511,2014.094023,73.845707,68.706841,89.640591,3.426612
S00642,L0032,T01,642,46.413011,0.709598,0.360773,272.6966,18.679265,155.345545,2050.599518,75.456151,71.205872,90.063773,0.881767
S00410,L0020,T01,410,31.191207,0.32676,0.406206,273.31147,19.414948,159.952116,2224.603859,73.808594,68.242279,89.818776,1.935295
S00122,L0006,T01,122,37.333038,0.457892,0.605313,364.920471,16.598827,155.974781,2194.229591,73.784957,66.339199,89.839227,10.983607
S00557,L0027,T02,557,45.697973,0.682394,0.518751,296.571634,12.677581,143.893182,1973.328131,72.936449,67.651592,89.82455,3.793543
S00645,L0032,T01,645,40.497704,0.682614,0.410698,371.573333,24.48063,147.168504,2141.860265,77.598393,69.506569,89.912949,10.833839
S00127,L0006,T03,127,23.575151,0.235642,0.705204,346.645335,18.193474,147.294222,2201.292931,73.525725,67.413487,89.733586,5.396025
S00650,L0032,T01,650,29.713641,,0.534465,275.02894,19.765588,122.767909,1967.825329,74.793626,73.503204,90.564675,3.320996
S00446,L0022,T02,446,30.409317,0.798796,0.361939,302.612729,17.655842,149.749676,2089.977134,72.315728,68.317795,89.903853,2.925421
S00596,L0029,T03,596,39.684026,0.801567,0.46561,317.270626,16.227686,151.605558,2136.215062,73.033569,66.746578,89.798841,7.202663
S00340,L0017,T01,340,58.44874,0.172906,0.595686,297.153917,18.970344,130.760695,2024.429422,72.342701,65.036102,89.773292,1.401026
S00323,L0016,T01,323,19.885061,0.425373,0.428962,346.681778,18.571092,161.633172,2363.323372,74.888203,69.781989,89.777528,5.124708
S00712,L0035,T02,712,46.352932,0.591477,0.723129,337.453636,18.178657,155.027169,2099.736216,75.246683,67.678425,89.90912,9.245875
S00745,L0037,T01,745,61.626382,0.49839,0.472878,327.128135,18.638236,123.068678,1890.317246,73.517873,64.89572,89.795425,9.466513
S00510,L0025,T02,510,21.312629,0.367636,0.602205,327.403901,18.304459,135.923994,2174.933356,74.881409,69.560662,89.826913,-4.181126
S00672,L0033,T01,672,56.52127,0.781056,0.723975,344.974487,22.019756,157.764762,2051.599395,71.178835,59.242656,89.842293,11.025731
S00429,L0021,T01,429,64.443236,0.441451,0.525263,284.299799,18.186192,144.637921,2005.801976,75.013076,67.411935,89.597293,2.625402
S00250,L0012,T01,250,57.436338,0.746988,0.586947,350.087678,19.487741,152.705442,2055.231585,74.274621,60.467114,90.087285,10.795787
S00263,L0013,T03,263,39.489763,0.717127,0.369033,336.325175,20.343811,151.330949,2112.588072,72.858079,63.789952,89.867783,7.320208
S00621,L0031,T01,621,57.00736,0.461332,0.432019,349.900149,17.953511,162.714176,2161.96617,72.146212,60.985954,89.602082,10.997829
S00387,L0019,T01,387,43.886733,0.745847,0.556311,385.932763,18.029408,165.779013,2211.297421,71.348371,61.997714,90.057753,13.498982
S00396,L0019,T01,396,26.68732,0.758296,0.621874,297.709441,20.162221,149.824394,2143.002082,72.924471,67.931485,89.97355,1.723219
S00442,L0022,T01,442,50.555958,0.811003,0.388546,262.178422,22.367526,125.935739,1857.533109,73.121197,69.710983,90.077413,-0.183929
S00227,L0011,T02,227,29.640065,0.154961,0.48288,289.391126,24.963242,158.789518,2255.914236,74.705691,71.748376,89.964923,3.577158
S00515,L0025,T02,515,21.523073,0.475734,0.630653,272.678129,20.397968,138.81516,2131.28767,71.806103,67.676916,89.933336,2.010506
S00727,L0036,T03,727,53.410563,0.30333,0.749116,387.572178,16.565662,148.130188,2141.820114,70.287123,56.87843,89.609673,15.371107
S00664,L0033,T03,664,53.26257,0.417608,0.558672,405.407566,16.669171,100.359519,1915.329075,74.15487,60.444834,89.641681,18.738564
S00412,L0020,T01,412,61.865923,0.302096,0.364882,342.822754,23.491938,159.239279,2172.349154,72.227489,63.094452,89.962584,9.9478
S00704,L0035,T01,704,62.165152,0.450051,0.44373,341.716106,21.209356,143.141144,2018.340456,76.50898,66.024729,89.865196,11.351936
S00554,L0027,T02,554,27.526412,0.840427,0.428084,333.191359,23.231019,157.949235,2189.48823,74.099619,67.353655,89.608374,5.349407
S00159,L0007,T01,159,23.930476,0.28949,0.495376,254.323104,15.255752,157.96064,2243.151095,69.785575,64.850173,89.901562,1.382269
S00794,L0039,T03,794,24.380506,0.275196,0.359133,276.999287,21.834042,144.891575,2204.231493,75.708881,70.781732,89.767636,2.578816
S00013,L0000,T02,13,55.637781,0.235586,0.382461,291.279641,18.473199,156.534859,2138.042746,74.400779,66.494318,89.818883,3.114397
S00706,L0035,T03,706,18.328075,0.678208,0.497557,391.727331,19.18389,160.095533,2353.259853,74.730908,69.99066,89.769426,6.72807
S00695,L0034,T02,695,32.41767,0.33079,0.493349,256.382225,18.667382,161.856949,2136.748007,73.671795,69.896655,89.827569,0.072864
S00573,L0028,T03,573,22.448402,0.777232,0.677501,321.159904,17.603006,140.977317,2092.532668,73.352457,69.007128,90.069863,4.55789
S00138,L0006,T01,138,64.679021,0.817003,0.745928,333.875103,15.159782,152.805537,2026.103652,74.781081,63.561413,89.753546,8.368155
S00686,L0034,T02,686,53.17217,0.694537,0.488504,316.082694,11.437704,160.719498,2147.526437,72.900146,64.875114,89.705419,6.294329
S00563,L0028,T02,563,27.611517,0.599763,0.650929,317.609022,15.473412,134.003892,2115.940325,72.964203,67.708201,90.094611,6.143337
S00297,L0014,T01,297,46.120299,0.160196,0.603547,344.020382,18.434622,133.338994,2107.986557,76.519507,68.275222,89.739713,9.819909
S00279,L0013,T03,279,62.409158,0.531169,0.618035,349.838321,21.210843,130.690048,1951.786055,73.127911,62.28872,89.507021,11.631961
S00231,L0011,T01,231,19.643786,0.220391,0.70785,261.654914,18.087964,140.771768,2159.520357,73.7746,74.06721,90.300367,4.423194
S00637,L0031,T03,637,56.231579,,0.705262,314.255844,16.664259,160.408527,2176.938572,75.874103,67.845017,89.918381,7.868347
S00272,L0013,T01,272,21.397212,0.19679,0.41269,334.123786,17.194108,170.780575,2407.720845,73.721847,68.381854,89.776429,4.626557
S00066,L0003,T01,66,34.796781,0.388741,0.71625,358.524707,20.74387,140.69556,2104.613692,73.539759,67.213921,89.82876,8.092626
S00774,L0038,T01,774,35.53346,0.377335,0.483938,300.687242,19.653194,145.794963,2138.794557,73.452682,67.970106,89.787995,5.316478
S00349,L0017,T02,349,49.006146,0.261469,0.353606,274.598808,17.37527,160.731287,2122.14978,73.692804,67.970697,89.939997,0.788797
S00293,L0014,T01,293,49.346513,0.469087,0.462296,333.909209,19.940785,155.036125,2211.61314,75.124225,66.752103,89.847506,11.207998
S00100,L0005,T02,100,42.190856,0.237739,0.726736,313.782579,20.324943,153.950179,2169.040314,77.169311,72.064086,90.171913,4.434378
S00628,L0031,T01,628,20.38656,0.47596,0.65178,284.468016,176.64431,134.724796,2133.356844,74.18252,70.170712,89.715999,3.301468
S00722,L0036,T03,722,19.579214,0.565926,0.637319,298.79469,18.820323,149.697625,2196.253961,75.732789,72.113547,89.904281,4.924267
S00690,L0034,T01,690,35.842133,0.645441,0.648813,300.158161,19.739869,146.973934,2141.843905,75.252632,70.895121,90.035676,5.067887
S00030,L0001,T03,30,43.241017,0.846515,0.385081,352.761595,22.495427,153.25056,2106.88885,72.108303,64.652239,89.729267,7.747253
S00546,L0027,T02,546,,0.508708,0.667967,233.848451,20.380044,158.32041,1970.373086,72.713819,69.560671,90.051566,-6.041971
S00641,L0032,T01,641,62.844857,0.681779,0.661309,347.024213,18.446676,148.315834,2040.788355,75.258493,65.118849,89.715744,12.299043
S00274,L0013,T03,274,22.778686,0.283732,0.388234,318.429626,20.132386,142.878044,2213.612832,75.115011,70.793243,89.820727,5.192589
S00435,L0021,T02,435,19.666653,0.686498,0.526283,326.654334,22.832841,142.893471,2160.436737,73.430498,68.669457,89.692315,3.676736
S00483,L0024,T01,483,39.795543,0.54628,0.679988,346.072105,16.635126,158.290308,2218.499859,74.058142,66.338098,89.72113,8.684524
S00214,L0010,T01,214,61.799168,0.77219,0.497444,410.122758,20.345467,163.974482,2200.499231,73.693965,58.145758,89.740252,20.32947
S00453,L0022,T02,453,29.527494,0.823558,0.648169,318.246413,17.190743,136.566495,2068.114073,69.172679,62.860197,89.68334,5.001988
S00165,L0008,T01,165,49.197112,0.708604,0.558282,266.42309,17.346923,155.764957,2059.767688,74.436936,71.803364,90.301186,-0.501795
S00730,L0036,T01,730,21.131797,0.312203,0.708666,244.109422,17.859712,161.679533,2218.534535,74.136294,71.886218,89.976046,0.849026
S00606,L0030,T01,606,49.452027,0.830763,0.418927,307.563193,20.934607,141.726465,2037.329622,71.377463,60.976804,89.657659,4.917063
S00602,L0030,T01,602,46.964105,0.682537,0.693464,289.035533,17.468726,162.688986,2138.632918,73.550524,67.840532,89.972486,1.596255
S00287,L0014,T01,287,18.264719,0.50654,0.606683,316.964699,16.70942,142.003079,2192.332679,78.936285,73.88853,89.710713,4.053439
S00384,L0019,T02,384,25.146675,0.408739,0.527603,357.761905,17.149584,145.690488,2200.222982,73.184414,65.257705,89.834699,6.211899
S00428,L0021,T01,428,44.94542,0.315391,0.441091,351.382202,21.621024,130.657193,2031.761943,74.464208,66.612612,89.893473,8.926522
S00737,L0036,T02,737,50.26723,0.523571,0.471238,322.008497,17.377426,123.883817,1979.480228,75.809812,65.218296,89.878646,6.179051
S00717,L0035,T01,717,27.551868,0.582848,0.414691,365.777891,17.211292,140.261982,2124.29216,74.227534,68.317173,89.832242,7.777708
S00636,L0031,T01,636,28.693132,0.536277,0.717772,336.212714,20.278745,144.251911,2111.325991,74.087929,67.766089,90.120089,8.987502
S00592,L0029,T02,592,53.599985,0.507841,0.403596,331.360605,17.435954,153.132333,2059.114513,74.833706,64.850001,89.71923,7.565857
S00169,L0008,T01,169,25.427234,0.514945,0.616132,361.020003,20.312349,155.207026,2265.414254,75.033566,70.016291,90.095323,6.627908
S00631,L0031,T01,631,54.406049,0.601378,0.653416,296.875093,22.482005,152.305853,2047.999009,72.795346,65.140805,89.668122,5.084061
S00038,L0001,T03,38,60.894704,0.829394,0.691838,280.003535,23.391019,144.249658,1966.417757,73.689932,68.00747,89.525492,0.268294
S00017,L0000,T03,17,27.781938,0.600853,0.44673,377.678184,22.628801,144.636965,2199.407123,73.237873,65.375308,89.707598,8.651841
S00027,L0001,T01,27,20.750091,0.374887,0.448325,334.361865,16.948767,147.848312,2256.394816,73.186661,67.48031,90.103335,4.090648
S00339,L0016,T01,339,52.044209,0.641007,0.589303,325.247023,15.065701,148.473449,2075.025591,72.286876,64.5691,89.988786,9.797058
S00351,L0017,T01,351,18.593577,0.401073,0.503284,338.194052,15.749502,161.023129,2305.114133,72.932487,67.740365,89.790567,6.458998
S00265,L0013,T01,265,44.549172,0.245227,0.408434,326.074999,19.514051,156.801633,2213.966767,71.181568,63.665489,89.533759,6.068976
S00715,L0035,T01,715,44.819371,0.187668,0.660924,311.055089,20.679873,148.826982,2088.552808,73.484527,67.083585,90.118902,5.015645
S00222,L0011,T03,222,64.755403,0.420762,0.419254,378.726297,16.874918,133.723611,1954.464096,75.322405,61.111572,89.815551,16.89386
S00750,L0037,T01,750,48.681335,0.190381,0.665959,377.966145,,139.584104,2160.455317,73.910257,62.026219,89.808566,14.394487
S00021,L0001,T02,21,40.303347,0.68305,0.592677,344.186855,17.866643,136.643837,2118.156352,72.449633,63.889237,89.702216,8.818536
S00200,L0010,T01,200,40.048853,0.295891,0.521744,291.385623,19.357876,146.702935,2087.96975,74.025975,67.635018,89.588907,3.681828
S00493,L0024,T01,493,56.583,0.335766,0.467184,334.422262,16.870039,169.951419,2220.426465,75.599493,64.729222,89.942063,8.421011
S00684,L0034,T01,684,61.623142,0.808746,0.556364,290.560735,26.131132,137.63212,1889.004332,72.606371,65.387063,89.764401,3.480284
S00654,L0032,T01,654,36.725904,0.798511,0.509491,303.258906,23.030289,133.507833,1991.734533,75.127252,68.450602,89.770487,4.149569
S00649,L0032,T01,649,643.6907,0.649382,0.469779,353.240497,19.557915,137.75971,1972.510581,73.890718,61.482588,89.824509,14.449816
S00024,L0001,T01,24,45.691178,0.367764,0.546062,328.737957,16.251411,146.107375,2080.62869,75.082902,68.908805,89.773391,6.523236
S00466,L0023,T01,466,37.093838,0.504294,0.66973,343.172467,17.935029,133.600489,2046.504266,74.161536,64.999495,89.795165,8.393832
S00332,L0016,T03,332,21.299492,0.606532,0.738521,,16.95829,144.704832,2162.499412,76.232233,73.613878,89.895062,3.453482
S00361,L0018,T01,361,26.465086,0.192493,0.55674,292.239844,21.623407,149.555847,2160.893948,74.384898,68.263363,90.075719,2.824682
S00782,L0039,T01,782,43.688629,0.573581,0.60001,295.102557,20.204774,144.734325,2011.353968,74.897436,68.629141,89.571702,2.808066
S00491,L0024,T02,491,33.453107,0.185841,0.667315,283.564678,16.520049,150.793348,2085.357166,74.89801,70.558425,89.680018,1.562929
S00795,L0039,T02,795,35.988133,0.382985,0.708039,345.982965,20.222884,132.964557,2043.64679,73.509623,64.234966,89.494907,10.018699
S00132,L0006,T02,132,29.294286,0.683182,0.476618,331.306788,19.801505,140.920631,2146.525698,75.723271,68.591528,89.686785,4.659647
S00375,L0018,T03,375,37.52123,0.430213,0.642821,245.831343,18.529313,138.819,2063.7138,72.947469,69.723956,89.778477,-2.330064
S00472,L0023,T01,472,64.908042,0.372326,0.708779,404.216354,21.241634,178.083841,2220.469219,72.6414,54.959847,89.362427,19.645626
S00577,L0028,T01,577,57.823979,0.255503,0.692454,295.066209,19.239899,140.351124,2064.357365,72.52343,67.408342,90.147577,4.468191
S00660,L0033,T01,660,35.250941,0.298686,0.646512,264.709793,21.209391,142.700119,2081.496275,74.176857,71.056038,89.940305,0.689337
S00178,L0008,T02,178,39.303085,0.186581,0.493064,296.326436,15.176483,163.001937,2222.068993,72.493636,64.962536,89.780623,5.012638
S00282,L0014,T01,282,30.93937,0.825636,0.738934,,21.301778,147.903986,2079.08012,76.181953,71.069605,89.75886,7.028022
S00128,L0006,T01,128,24.967244,0.619417,0.52103,274.440521,18.515253,155.716928,2190.949967,74.034681,71.646988,89.890296,2.691162
S00018,L0000,T01,18,31.169307,0.254366,0.484879,376.39086,21.535389,136.913119,2231.333101,74.105636,64.949895,89.981581,10.405139
S00281,L0014,T02,281,56.285807,0.435097,0.583277,260.515812,17.526851,145.838147,1947.565294,73.968546,67.11022,90.051128,-2.275851
S00458,L0022,T01,458,61.6643,0.779478,0.518327,304.44401,18.514899,128.89841,1922.823359,74.696084,66.033128,89.634134,4.140243
S00736,L0036,T02,736,55.490445,0.249874,0.547567,289.871277,19.071807,160.150177,2150.099078,74.712649,67.168122,89.48838,0.398527
S00732,L0036,T03,732,35.821668,0.478886,0.649624,328.807364,17.358178,144.63237,2079.429988,75.045402,68.869102,90.013782,9.387112
S00538,L0026,T03,538,64.780275,0.721871,0.659621,260.853156,18.11052,149.001609,1893.296024,74.147176,68.993248,89.746924,-3.567874
S00352,L0017,T01,352,60.135671,0.465285,0.730116,290.307834,19.747018,155.013595,2048.885853,76.126767,67.163739,89.896102,3.338536
S00303,L0015,T02,303,57.099801,0.683759,0.352285,305.793963,18.406878,145.788696,2063.096916,73.900721,63.498318,89.481958,4.219953
S00560,L0028,T01,560,24.505522,0.575905,0.424908,372.18524,17.71361,155.798464,2249.89851,71.417087,66.688465,89.964643,7.57044
S00600,L0030,T02,600,27.984475,0.466209,0.71906,362.900505,13.644427,167.683033,2295.988649,73.171703,65.948996,89.598719,8.670039
S00526,L0026,T01,526,32.603776,0.748677,0.653866,306.657041,15.046729,160.054071,2153.027253,75.657064,72.363774,89.808149,4.886698
S00000,L0000,T01,0,39.91059,0.353578,0.445394,317.165867,18.08805,174.074852,2263.442373,73.552877,65.844226,89.99675,6.800584
S00252,L0012,T03,252,44.930048,0.199508,0.536176,289.373988,17.04511,147.43746,1728.832773,72.287504,66.284563,89.568172,2.225306
S00463,L0023,T03,463,30.705433,0.682388,0.518012,366.364223,18.983556,144.862116,2101.358405,72.971238,63.50379,89.771243,10.047734
S00422,L0021,T01,422,58.577136,0.53877,0.509903,337.677665,21.742996,132.329427,2020.714359,73.374508,64.635897,89.952257,9.501696
S00315,L0015,T01,315,31.605556,0.547915,0.432272,279.762582,17.390497,155.623018,2110.294952,71.764112,65.075467,89.962848,3.020184
S00004,L0000,T01,4,33.569925,0.509708,0.369468,305.861175,17.786495,152.884409,2164.242141,72.52931,65.632702,89.904651,5.841022
S00241,L0012,T03,241,21.026406,0.197252,0.398528,244.192994,19.026433,144.270243,2127.703187,71.630648,69.235199,90.118436,1.748722
S00622,L0031,T03,622,24.457068,0.800592,0.40426,380.073386,19.420379,152.543681,2198.017344,74.771868,67.186149,89.842558,8.542909
S00197,L0009,T03,197,23.231219,0.300512,0.65281,331.333836,20.458446,151.080947,2213.838822,72.405969,67.372943,89.941522,7.801956
S00045,L0002,T01,45,28.032083,0.40807,0.742033,306.853586,16.989078,147.287026,2157.817288,75.019831,67.906593,89.785345,4.241966
S00060,L0003,T02,60,49.999575,0.757767,0.743256,355.881871,22.520814,125.116822,1903.671485,73.715284,62.708294,90.093079,9.731787
S00215,L0010,T01,215,34.160201,0.275078,0.650571,270.117904,17.233243,145.682442,2129.379136,71.637993,67.097458,90.070754,1.488326
S00360,L0018,T02,360,22.987345,0.43151,0.557104,361.628873,18.196432,154.653978,2241.336032,73.654209,67.588665,90.189674,8.319623
S00073,L0003,T02,73,32.081394,0.190562,0.490823,315.297576,20.559053,164.345083,2319.719478,73.665712,67.34871,90.186444,2.923194
S00162,L0008,T01,162,62.88051,0.251106,0.733987,273.679016,18.916005,125.574056,1896.554375,73.048264,65.873797,89.990872,-0.751662
S00267,L0013,T03,267,35.092901,0.033273,0.357896,420.291075,24.067054,136.054657,2133.033481,75.925177,66.356739,89.849988,15.509814
S00331,L0016,T01,331,30.467138,0.793132,0.351358,347.137828,18.711229,162.381051,2248.198786,74.605842,65.805968,89.652686,8.460988
S00364,L0018,T02,364,27.305156,0.50076,0.575753,338.178807,15.325545,147.80186,2175.437584,72.494288,68.178082,89.849462,4.669211
S00673,L0033,T02,673,18.582914,0.391647,0.638515,362.499376,21.182765,152.422044,2292.724267,72.374016,66.482539,89.401979,7.032724
S00743,L0037,T01,743,36.449873,0.244896,0.637283,354.613438,12.864529,142.895668,2157.380381,71.89752,61.572613,89.587813,9.796542
S00071,L0003,T01,71,56.458011,0.17506,0.700945,336.536279,15.601816,148.488585,2137.030659,72.417438,63.276667,89.800361,8.037028
S00376,L0018,T01,376,35.25473,0.711158,0.451506,315.94907,17.132332,136.45885,2049.313041,75.340925,66.999941,89.803507,4.455693
S00525,L0026,T03,525,40.60445,0.417781,0.362644,295.419745,12.88166,132.058364,1990.152564,74.89687,68.297745,89.77162,3.320922
S00010,L0000,T01,10,49.470931,0.79832,0.400137,344.715776,18.195893,165.115577,2122.965097,72.212708,61.793945,89.862874,9.897023
S00067,L0003,T01,67,38.519069,0.778299,0.653259,361.229668,18.908462,139.596096,2106.757333,76.454783,67.892592,89.61107,11.211228
S00603,L0030,T01,603,41.896084,0.821781,0.537996,301.058338,15.95467,135.870689,1977.361045,75.221756,68.434732,89.803508,1.644179
S00337,L0016,T01,337,44.655463,0.742347,0.645774,329.157483,20.116152,151.285354,2147.428448,73.429768,65.559989,89.626873,9.450229
S00187,L0009,T03,187,59.49328,0.475429,0.400725,370.262207,19.862525,152.461229,2082.270445,73.748053,61.433296,89.649986,14.409917
S00568,L0028,T01,568,39.629983,0.245305,0.68407,282.026798,20.282637,157.737173,2160.840769,73.595708,69.223838,89.797378,2.810792
S00424,L0021,T01,424,39.379678,0.635707,0.432393,285.326541,17.124762,159.082596,2163.255774,73.939701,67.043921,90.139283,2.242251
S00240,L0012,T01,240,38.524595,0.319203,0.6848,360.439563,19.348032,143.547217,2183.41399,76.037209,65.708363,89.585406,12.219855
S00501,L0025,T01,501,46.67444,0.173359,0.723734,291.762044,19.186361,136.899187,2024.957742,75.069363,68.112863,89.767357,3.210648
S00028,L0001,T01,28,39.04175,0.435941,0.47525,327.617611,195.78984,145.517701,2134.241322,74.08708,66.019832,89.755427,6.1803
S00790,L0039,T03,790,60.510003,0.283456,0.405922,353.182214,19.714147,167.8292,2162.100872,74.752308,60.609977,89.403659,13.541017
S00192,L0009,T01,192,34.428435,0.378595,0.357858,385.919444,18.565937,150.763449,2256.9328,74.086156,65.979261,89.988963,12.03882
S00117,L0005,T01,117,38.895649,0.201847,0.431676,330.795547,17.523071,147.683925,2140.65345,74.677571,68.557752,89.721095,6.777815
S00708,L0035,T01,708,20.187578,0.327473,0.748305,389.247459,21.592643,144.266164,2296.351928,71.327251,64.565189,89.664735,8.854312
S00151,L0007,T03,151,43.693148,0.758324,0.365904,299.423994,22.661283,129.362283,2036.00928,74.265047,67.707004,89.651656,2.626884
S00313,L0015,T03,313,45.575378,0.77815,0.699184,265.461677,21.223441,123.724178,1848.14254,74.058108,68.782152,90.236928,0.455033
S00213,L0010,T01,213,23.522987,0.390774,0.56614,323.739043,16.095717,154.348602,2226.591514,71.971822,67.251019,89.728828,4.961587
S00319,L0015,T03,319,35.249649,0.649313,0.562962,379.602271,17.909977,157.622225,2184.844329,74.162432,68.293121,90.030287,12.099273
S00316,L0015,T02,316,38.355313,0.168924,0.684334,332.118226,20.801056,118.733779,2048.891808,72.161531,64.410631,89.644475,5.896506
S00752,L0037,T01,752,32.677916,0.842297,0.441344,296.910759,,153.699004,2144.197525,72.822698,67.512315,89.875369,5.086176
S00487,L0024,T01,487,33.83889,0.16892,0.699263,332.708316,19.000432,147.693659,2201.663867,72.85032,65.613677,89.60664,7.689032
S00191,L0009,T01,191,64.860972,0.804299,0.622908,289.625488,23.20066,124.461454,1864.030102,70.855701,61.962661,90.118343,2.695013
S00415,L0020,T02,415,24.557766,0.53573,0.662178,231.110224,20.177826,131.244369,1979.986633,74.962248,74.169273,90.271973,-0.922027
S00058,L0002,T01,58,60.791516,0.324361,0.633696,327.737329,16.25717,134.507853,2031.150873,74.082033,64.256786,89.573584,6.548261
S00379,L0018,T01,379,43.646308,0.818029,0.733609,352.92954,19.229693,121.030962,1894.168183,75.411247,66.59553,89.876814,10.608368
S00711,L0035,T02,711,26.872584,0.172249,0.463042,331.241059,16.087518,149.429141,2205.670163,73.125037,66.935998,89.859058,4.526836
S00691,L0034,T01,691,33.842392,0.762908,0.503982,258.062441,18.734463,163.473553,2162.005379,73.970559,69.51314,90.280919,1.151451
S00707,L0035,T01,707,36.069862,0.555588,0.742845,323.524615,14.008527,125.696963,2012.657896,72.327447,65.177053,89.71507,6.482351
S00503,L0025,T02,503,23.16652,0.318516,0.578424,250.706856,16.955451,138.199566,2095.786359,74.848574,73.165195,90.001586,1.511239
S00579,L0028,T01,579,52.597889,0.308936,0.525678,296.403742,18.148808,169.087765,2160.675976,72.411451,65.005806,89.796669,2.926308
S00131,L0006,T01,131,31.764799,0.799193,0.366711,351.524016,19.060322,149.754196,2209.558411,70.551742,61.081477,89.81884,9.315307
S00748,L0037,T02,748,18.831669,0.34101,0.648782,397.095458,21.835946,136.997597,2227.223782,74.227161,69.484872,89.902673,8.249621
S00432,L0021,T01,432,33.308947,0.302602,0.721737,322.471481,17.689984,147.14449,2154.834713,75.887069,69.316024,90.146626,6.359966
S00710,L0035,T03,710,21.36584,0.399154,0.622844,298.918252,18.635382,148.3752,2144.517047,72.588769,68.02914,90.055082,5.132347
S00239,L0011,T01,239,20.461564,0.7012,0.68712,321.407456,18.329261,141.963451,2172.039684,73.279951,70.225027,89.882341,6.661885
S00403,L0020,T01,403,27.859435,0.585753,0.675869,272.668205,17.092107,145.75049,2128.11706,74.018024,70.505868,90.158439,1.803505
S00766,L0038,T01,766,58.585037,0.28127,0.539575,332.172412,20.957301,154.928,2114.581791,72.684449,61.450575,89.649163,9.364408
S00329,L0016,T01,329,41.255256,0.390154,0.52084,359.313311,13.938526,131.148085,2138.265526,75.985587,64.779644,89.411067,9.846665
S00256,L0012,T01,256,56.145208,0.642386,0.480667,333.383295,14.785219,169.706761,2203.210211,75.691548,62.549068,89.824443,6.345553
S00141,L0007,T01,141,63.702001,0.497088,0.490113,270.981802,22.328073,134.519903,1927.828781,76.318088,70.097926,90.000798,0.848723
S00029,L0001,T01,29,29.837725,0.507864,0.471307,311.933299,23.470636,173.239376,2271.361722,74.018047,67.959428,89.706539,4.555061
S00065,L0003,T01,65,55.83808,0.612226,0.446118,316.640487,20.387732,132.79767,1963.644656,71.300587,61.73706,89.66433,6.89572
S00476,L0023,T03,476,27.022554,0.698572,0.701238,377.983104,16.993129,126.432047,2072.159524,73.782632,67.8208,89.901162,8.270029
S00723,L0036,T01,723,28.725904,0.231127,0.699764,337.719768,12.39228,146.849048,2196.682009,73.489501,67.377049,89.68302,7.895819
S00556,L0027,T01,556,38.232427,0.23615,0.649719,364.96267,18.458761,146.939983,2169.332396,73.552951,65.985283,89.776486,10.281188
S00793,L0039,T01,793,37.606772,0.229013,0.692773,346.345509,18.113299,183.754479,2420.334308,74.25333,69.65376,89.892166,8.091553
S00734,L0036,T03,734,25.144849,0.352928,0.663738,314.309389,19.645738,154.166101,2215.738037,73.007585,67.485181,90.070202,2.922313
S00427,L0021,T01,427,32.098522,0.708727,0.665435,308.416209,20.623301,,2072.4868,72.706259,66.006557,89.760419,4.750441
S00357,L0017,T02,357,42.945463,0.7058,,374.039737,10.495318,163.761935,2186.47954,75.923261,63.860822,89.685384,10.712772
S00656,L0032,T01,656,57.496825,0.523153,0.666624,330.386163,21.075606,150.61295,2037.670353,73.208297,61.369044,89.76966,7.252343
S00086,L0004,T01,86,32.863648,0.661471,0.628313,357.327767,20.38414,134.28382,2069.709241,74.887945,67.015565,89.943807,8.463063
S00593,L0029,T01,593,39.093683,0.195297,0.52243,301.93085,18.47125,125.20273,2043.407294,76.24745,69.651834,89.813851,2.397793
S00046,L0002,T01,46,62.502423,0.297404,0.626931,372.853801,18.368064,138.545388,2007.595151,76.460501,60.116539,89.343883,15.078643
S00001,L0000,T03,1,44.241248,0.763848,0.709675,352.596862,24.024447,156.373138,2136.210237,79.990388,64.506054,89.559787,11.585538
S00421,L0021,T03,421,22.637097,0.813769,0.550215,380.466103,16.823748,158.370492,2178.722856,75.141089,68.494058,89.805447,8.716268
S00726,L0036,T01,726,40.458534,0.231161,0.629101,298.701991,18.321622,147.472054,2153.973719,77.08129,71.061393,89.886317,3.648625
S00248,L0012,T01,248,18.974815,0.322922,0.509558,358.829551,14.724448,161.091429,2337.053567,74.091866,69.13392,90.084363,7.776842
S00474,L0023,T01,474,53.574545,0.540536,0.45345,310.955817,16.588767,131.631294,1982.423263,73.179503,63.325603,89.815973,5.708976
S00307,L0015,T01,307,54.833574,0.222927,0.655364,344.322745,17.747752,141.252605,2033.024624,75.166113,64.038418,89.557384,11.203827
S00182,L0009,T01,182,39.339546,0.15289,0.634877,303.509689,18.274733,138.727904,2071.548463,74.857291,69.225137,89.909538,5.474237
S00320,L0016,T02,320,34.064756,0.616386,0.369545,334.820028,24.160227,132.49029,1972.995367,74.985515,69.09513,90.030898,6.385339
S00247,L0012,T02,247,44.180492,0.715934,0.478599,276.647194,21.46419,172.881263,2163.686209,74.198101,68.143112,89.681347,0.91253
S00698,L0034,T02,698,48.23976,0.330023,0.705531,276.337587,23.339992,169.274638,2174.395105,75.535139,70.420451,89.65884,0.90068
S00665,L0033,T01,665,23.129338,0.220569,0.565664,342.396407,19.048265,137.007155,2195.653594,73.144889,67.554164,89.913803,6.774338
S00145,L0007,T01,145,19.464929,0.505027,0.742573,346.609459,17.228641,145.064225,2207.446183,75.983404,69.913637,89.611927,4.849278
S00294,L0014,T02,294,20.968624,0.816168,0.521805,334.205148,22.582373,151.812275,2171.207063,74.372272,69.761813,90.070469,3.659412
S00419,L0020,T01,419,29.427854,0.607837,0.665923,306.177717,16.148334,157.399614,2192.515273,72.722983,67.758809,89.673881,4.17519
S00662,L0033,T02,662,62.957875,0.461667,0.688683,267.71757,20.228409,145.346922,1973.883168,73.070545,65.455556,89.782167,-1.790929
S00776,L0038,T02,776,27.611268,0.68816,0.723429,327.514333,19.088625,153.640104,2210.651562,74.742936,69.128143,89.786508,8.046054
S00314,L0015,T01,314,55.239047,0.598346,0.625692,281.292064,17.956643,159.21849,2121.589248,74.666768,67.024594,89.611573,2.107126
S00035,L0001,T02,35,26.714597,0.660445,0.43472,316.502637,21.119046,145.785511,2112.395354,72.075401,66.094059,89.830089,4.321512
S00760,L0038,T03,760,36.758057,0.170584,0.540854,388.861214,14.224277,165.175059,2304.341654,73.23016,63.368874,89.601194,11.958183
S00377,L0018,T01,377,22.351032,0.288467,0.52875,315.305232,21.414131,158.44907,2284.368003,70.755496,65.119677,89.867538,4.058076
S00574,L0028,T02,574,23.446354,0.317351,0.455501,305.9482,17.429605,169.95471,2300.342159,74.596882,68.65358,89.750039,5.569898
S00348,L0017,T01,348,,0.260241,0.37858,32.787384,16.570706,138.735759,2007.661731,72.295314,61.822272,89.607347,8.694795
S00031,L0001,T02,31,19.152722,0.473877,0.461172,389.437174,22.774712,161.39655,2311.519097,73.538132,68.19981,89.952488,8.11635
S00417,L0020,T01,417,41.511851,0.397328,0.438361,317.704168,21.147818,138.869823,2114.345641,74.787078,65.099476,89.635832,4.550806
S00689,L0034,T02,689,50.563769,0.602951,0.637897,362.379755,17.618516,136.487504,2042.893067,76.192876,63.321685,89.749829,12.667448
S00155,L0007,T01,155,35.480785,0.792256,0.659187,316.474525,22.149,151.301414,2118.069854,72.409855,66.02297,89.991428,3.304071
S00652,L0032,T02,652,28.652724,0.806762,0.66326,303.399793,13.035855,145.451489,2157.993098,71.849155,67.302124,89.70477,6.184056
S00625,L0031,T01,625,20.371328,0.252626,0.614665,343.169552,13.900421,158.136971,2323.13582,72.587468,69.080135,89.680534,9.132478
S00624,L0031,T01,624,39.683278,0.45549,0.507057,310.473114,20.882845,159.062298,2241.551217,72.90959,66.179404,89.652786,2.37026
S00309,L0015,T03,309,39.156097,0.637892,0.61727,340.187767,22.432553,155.991242,2187.157501,75.367532,68.797562,89.575294,5.835979
S00089,L0004,T01,89,27.114749,0.316427,0.42288,382.991924,19.064881,163.528272,2287.702392,73.862458,64.638011,89.691478,10.770815
S00276,L0013,T03,276,49.232673,0.236556,0.746907,337.861937,21.57522,148.101729,2166.734369,72.893315,62.226789,89.981299,10.168085
S00125,L0006,T01,125,44.389317,0.421621,0.680596,329.023337,17.541507,142.076622,2122.773882,72.93058,61.646859,89.520744,8.194716
S00680,L0034,T01,680,19.23423,0.456673,0.742909,294.120578,17.045395,145.906588,2250.113581,71.518978,66.880218,89.875266,3.016522
S00692,L0034,T01,692,41.159401,0.669414,0.547181,292.554801,18.60091,151.792295,2057.660797,73.204423,64.932551,89.746547,2.162483
S00587,L0029,T01,587,27.305628,0.325433,0.731489,322.340217,22.927388,164.452801,2263.581007,74.214437,68.960999,89.952133,5.514087
S00201,L0010,T01,201,45.509442,0.704724,0.627992,359.168046,20.474547,120.467458,1916.748845,73.863447,64.334369,89.476293,11.617592
S00217,L0010,T03,217,56.986595,0.655761,0.631258,291.311881,17.983411,129.990705,1889.473933,72.824604,63.882414,89.84696,2.069861
S00033,L0001,T02,33,61.952742,0.811885,0.705891,350.598976,20.284862,163.226471,2079.784465,76.229379,63.046931,89.53614,11.172891
S00638,L0031,T01,638,52.367598,0.639146,0.633031,335.224903,18.081036,139.920351,1995.742595,76.94797,67.716579,89.726678,9.723646
S00473,L0023,T02,473,42.453207,0.55562,0.437657,385.423232,18.201695,161.401902,2305.572979,74.082574,63.47584,90.204568,15.316243
S00372,L0018,T02,372,57.083242,0.607943,0.591835,333.790083,20.934994,169.031546,2126.969859,74.930809,62.905202,89.455726,8.099155
S00077,L0003,T01,77,64.915595,0.496039,0.539678,254.353963,19.714182,134.402402,1844.135296,73.990467,67.607086,89.644814,-2.793793
S00775,L0038,T03,775,56.547777,0.825841,0.589259,300.282979,19.614497,149.676157,2036.737894,75.091168,69.0713,89.598781,6.107314
S00694,L0034,T01,694,26.008588,0.742527,0.366962,299.981115,15.806764,129.736293,2025.036904,74.248217,70.321826,89.684774,4.025498
S00175,L0008,T01,175,27.909076,0.436655,0.444592,,15.233864,151.428966,2285.418148,74.570635,65.850261,89.641136,7.320813
S00070,L0003,T01,70,38.304674,0.778121,0.627202,354.423315,22.110475,163.699218,2217.161829,73.775554,64.661941,89.704478,10.336424
S00447,L0022,T02,447,22.383485,0.769913,0.470823,271.090079,19.661788,133.820969,2056.920985,75.613831,71.008366,90.084104,2.208102
S00449,L0022,T01,449,31.128386,0.401028,0.444942,330.764687,15.917594,136.939194,2136.833824,71.355713,65.355919,90.052419,4.285695
S00506,L0025,T01,506,19.73439,0.542805,0.405547,,19.234444,148.865488,2187.572139,74.113223,67.386143,89.925384,5.792185
S00761,L0038,T01,761,21.326183,0.742528,0.548825,302.716227,20.633274,140.955169,2023.339553,72.269227,70.348667,89.972458,4.245612
S00167,L0008,T01,167,19.404093,0.50107,0.374502,281.17793,18.191787,155.34877,2238.642422,73.868691,69.35311,89.78138,4.324645
S00509,L0025,T01,509,54.983162,0.473121,0.36604,364.210418,18.526828,153.593725,2113.587375,74.126585,62.201314,89.772499,13.552734
S00584,L0029,T03,584,28.638162,0.744058,0.601063,310.979306,19.845984,136.939613,2095.68601,73.63011,67.967358,89.655397,6.415153
S00229,L0011,T01,229,34.286666,0.195915,0.668267,,22.658216,148.11262,2229.31563,75.344733,66.735605,89.785164,11.08048
S00083,L0004,T01,83,62.541078,0.338446,0.701727,322.736854,22.095965,142.078548,2010.798623,77.052137,66.038525,89.58157,8.061724
S00467,L0023,T01,467,56.909154,0.250266,0.594022,393.581615,16.425139,112.91733,1929.069426,72.034926,55.968241,89.621466,16.850093
S00358,L0017,T01,358,41.6543,0.526115,0.615434,315.08188,,133.797206,2009.187631,72.561947,65.124324,89.570315,5.465156
S00674,L0033,T01,674,35.702215,0.687439,0.586342,353.019006,18.011096,135.933842,2082.830175,73.148772,64.522521,89.494742,10.658853
S00135,L0006,T01,135,50.085321,0.26382,0.730243,323.215948,17.184794,142.401544,2100.750932,73.260828,66.049194,89.738525,6.273359
S00687,L0034,T01,687,45.688197,0.205338,0.674915,326.117187,15.771598,167.729123,2211.999186,72.217002,63.656483,89.560387,3.827185
S00290,L0014,T02,290,61.813987,0.192336,0.513753,298.280452,14.572076,152.512729,2095.048007,75.753137,66.075663,89.817718,3.025005
S00731,L0036,T01,731,31.222986,0.361566,0.449897,343.829633,13.462824,139.308885,2110.862168,77.362189,70.452278,89.913513,4.931286
S00461,L0023,T01,461,52.419553,0.84699,0.736073,345.483351,16.470425,159.73247,2147.60387,73.037094,61.869082,89.940803,12.525279
S00382,L0019,T01,382,55.950671,0.314589,0.462421,326.17228,11.32466,164.011092,2063.974897,72.021578,61.896228,89.950581,7.895164
S00062,L0003,T02,62,58.330219,0.155052,0.742715,275.468291,19.10223,151.976162,2080.08618,73.197052,68.246836,89.711004,1.456447
S00666,L0033,T01,666,20.318808,0.316732,0.729661,390.546101,17.793678,153.699201,2277.11693,72.094427,65.431818,89.869128,7.123691
S00479,L0023,T01,479,63.169772,0.442616,0.488059,299.862325,20.238755,160.766334,2115.57899,73.882531,65.250631,89.54125,5.44517
S00205,L0010,T01,205,49.668841,0.56888,0.580374,291.079884,18.569314,161.380511,2146.545952,74.598131,67.459207,89.647853,1.186025
S00456,L0022,T01,456,20.176967,0.635701,0.355234,360.690859,20.491163,179.185666,2461.640734,73.533047,68.443134,89.694595,7.767184
S00338,L0016,T01,338,47.757234,0.315598,0.510712,321.089433,15.097336,156.621982,2149.429931,70.878016,60.820327,89.316186,8.068851
S00341,L0017,T02,341,30.426095,0.786964,0.68303,339.522252,17.825938,120.49377,2025.925859,73.289047,67.075673,89.633336,7.495213
S00588,L0029,T01,588,51.79307,0.593163,0.466412,335.030839,20.715469,136.236559,1993.485057,76.895452,67.022191,89.661987,7.894029
S00663,L0033,T01,663,33.107368,0.531442,0.63257,371.073429,17.912544,146.106385,2191.171258,72.508237,63.559158,89.998154,8.880068
S00160,L0008,T01,160,28.1019,0.437324,0.646788,374.522631,21.510367,148.50064,2173.313706,75.120171,67.643904,89.672633,9.534006
S00492,L0024,T03,492,35.506846,0.593317,0.400584,306.931202,19.145741,139.564943,2077.944261,73.606028,65.717391,89.78725,6.667509
S00567,L0028,T01,567,57.43643,0.808002,0.400902,383.01323,15.493567,158.639833,2189.057532,74.514549,61.979484,89.358734,15.458394
S00576,L0028,T01,576,34.07314,0.697892,0.717106,307.969808,127.82026,153.192268,2125.643932,77.299344,70.673726,89.608285,5.052165
S00115,L0005,T01,115,53.363299,0.530452,0.458858,362.251949,24.788392,145.22478,2080.522883,74.102088,61.891138,89.834713,11.52465
S00350,L0017,T02,350,19.956994,0.738361,0.495883,285.510227,14.256617,145.461535,2155.931893,73.357667,70.283666,89.81122,3.715627
S00037,L0001,T01,37,30.107858,0.511464,0.744466,322.449875,18.41566,131.876592,2059.441158,75.363178,67.05652,90.176427,6.685249
S00444,L0022,T02,444,34.667949,0.529126,0.543676,324.851335,20.762366,164.979656,2229.374192,75.618511,68.810041,89.631806,7.741467
S00366,L0018,T01,366,35.509581,0.390315,0.501506,322.989136,17.459572,151.715192,2149.983158,71.630762,65.561582,90.214566,5.258224
S00322,L0016,T03,322,,0.416999,0.599517,362.965874,20.029454,151.469734,2313.916611,74.389489,66.776087,89.668578,8.591474
S00611,L0030,T01,611,39.682562,0.416676,0.723437,300.185727,16.067259,134.121457,2026.059049,73.307376,67.212909,89.983447,3.763538
S00253,L0012,T01,253,62.579717,0.249865,0.438276,306.820072,20.77448,166.982465,2135.727078,74.910145,65.45749,89.717052,4.136775
S00092,L0004,T01,92,47.941593,0.659623,0.59867,337.816175,17.263077,153.430847,2104.123253,73.046563,64.913158,89.841194,9.133507
S00759,L0037,T01,759,22.771978,0.234636,0.486718,365.42466,20.866503,134.990535,2166.142116,74.534442,70.43554,89.963434,7.378612
S00032,L0001,T02,32,18.314068,0.628984,0.646465,371.791851,20.025718,146.229611,2160.398743,74.160773,67.533701,90.185392,6.665629
S00700,L0035,T01,700,51.370979,0.495935,3.55178,267.271456,21.46736,155.961564,2090.021199,73.969187,67.838241,89.968819,0.814936
S00454,L0022,T01,454,41.773122,0.419586,0.425142,223.526962,20.947644,139.703764,1963.166544,73.314964,68.794293,89.792518,-4.910546
S00020,L0001,T01,20,29.793211,0.572774,0.437,319.848284,18.638375,147.153813,2066.348725,73.676086,68.314843,89.615803,4.639484
S00325,L0016,T03,325,27.021567,0.633228,0.382308,287.26899,19.969192,136.352769,2053.448798,75.154965,73.403311,89.919001,3.809661
S00103,L0005,T01,103,24.619677,0.712173,0.397504,347.200839,19.987013,163.014516,2230.934552,75.406873,68.337234,89.893443,6.964631
S00212,L0010,T02,212,37.319098,0.377357,0.7001,292.22369,18.076282,132.277752,1992.113978,74.763877,69.905485,89.686012,2.797942
S00209,L0010,T03,209,54.553461,0.212439,0.679156,344.721383,18.186072,137.150902,2031.348908,73.62269,63.52723,89.257421,11.012117
S00669,L0033,T01,669,60.012337,0.518233,,343.109669,25.310997,121.477633,1910.870191,76.076933,66.629569,89.600265,11.035002
S00777,L0038,T03,777,64.088758,0.798125,0.726035,306.118615,20.907941,143.81966,1939.153986,76.109558,65.799651,89.819625,3.692991
S00404,L0020,T01,404,53.394962,0.469065,0.715302,263.132482,17.790648,139.712412,1966.476977,77.827527,71.915844,90.158159,-0.552205
S00124,L0006,T01,124,52.95637,0.407904,0.396797,307.981395,19.496939,127.339669,1922.333402,73.551352,64.58986,89.674388,5.757163
S00744,L0037,T01,744,32.502485,0.218826,0.563784,1408.03829,16.908558,143.616584,2060.660983,74.026114,68.392131,89.470151,1.036365
S00176,L0008,T02,176,41.006144,0.847872,0.631202,324.036266,21.449053,148.28076,2054.7299,74.314695,68.630428,89.752905,4.895558
S00590,L0029,T03,590,20.928788,0.501759,0.493457,277.416523,19.083167,147.493481,2161.222816,72.674397,69.840111,90.073454,2.847997
S00336,L0016,T03,336,25.62517,0.725858,0.522622,256.832271,18.188957,143.079382,2001.14846,71.580552,69.236808,89.980465,0.583456
S00798,L0039,T03,798,31.496695,0.271539,0.4319,280.668779,21.471195,145.927268,2104.600262,71.975302,67.942186,89.743962,0.615655
S00270,L0013,T02,270,52.769406,0.300903,0.366872,376.864282,17.381822,135.501603,2000.754145,73.132367,61.143433,89.594569,14.620041
S00397,L0019,T01,397,58.467334,0.600929,0.673857,295.424118,17.848446,155.562532,2000.817675,73.047961,65.047357,89.468512,3.682803
S00784,L0039,T01,784,35.118905,0.435679,0.65791,338.601509,17.868028,145.785581,2077.869329,74.129928,69.02902,89.786297,8.180171
S00537,L0026,T01,537,40.824457,0.482748,0.708933,314.594605,15.090285,127.626628,1943.609082,74.945882,68.229656,89.699678,5.517961
S00289,L0014,T02,289,20.396122,0.314707,0.744597,300.178211,19.862378,153.533565,2231.620525,71.737439,69.581316,90.009076,3.452943
S00356,L0017,T02,356,45.167327,0.382399,0.424769,383.922804,21.48599,138.827434,2118.401618,73.079079,61.973027,89.657253,14.270735
S00220,L0011,T03,220,28.95557,0.439981,0.441015,356.065183,21.212857,127.28204,2069.947205,75.882452,68.927148,90.124813,7.832396
S00363,L0018,T01,363,54.616164,0.519061,0.514128,340.509866,17.062984,133.156123,1993.559022,75.020728,64.907038,89.778753,8.112635
S00036,L0001,T02,36,33.998346,0.596296,0.391373,300.121852,19.23778,125.871059,1953.750538,74.093012,67.920039,89.738379,5.228506
S00304,L0015,T03,304,56.478903,0.631619,0.589316,299.539301,21.17712,128.068405,1880.296071,74.707499,65.997577,89.915591,3.575714
S00085,L0004,T01,85,,0.48207,0.518388,323.383727,,123.906091,1944.672767,73.513469,63.723011,89.858184,7.429026
S00218,L0010,T01,218,18.348944,0.338068,0.728779,318.200032,17.655095,156.974178,2286.534491,69.768689,65.563538,89.878126,7.883999
S00120,L0006,T01,120,34.877915,0.779838,0.648105,257.903012,19.78708,136.449481,2027.131533,73.152552,71.85799,89.807138,0.641759
S00527,L0026,T01,527,32.946315,0.205888,0.713717,312.08602,,155.313132,2192.409536,72.759073,66.348464,89.919995,7.531581
S00470,L0023,T01,470,64.918481,0.635019,0.661797,300.035304,19.883758,,1841.067948,73.765016,66.649169,89.690621,3.640308
S00658,L0032,T01,658,42.823097,0.784665,0.540144,291.423808,22.012557,171.724162,2187.992257,71.13425,62.778993,89.684527,3.06582
S00394,L0019,T01,394,41.462102,0.775849,0.596528,318.581607,16.952289,141.139565,2014.181884,71.250449,66.487634,90.056654,6.58471
S00347,L0017,T01,347,51.706094,0.204342,0.587765,314.192547,16.6959,144.525669,2093.988963,75.672388,67.488325,89.780513,5.904811
S00488,L0024,T02,488,62.885943,0.164406,0.405466,311.344562,20.898859,148.131172,2051.130397,73.278552,64.796011,89.772646,4.829712
S00052,L0002,T01,52,60.83921,0.460558,0.417287,401.456094,19.034974,144.408436,2059.719068,72.695643,56.219943,89.326164,20.195776
S00042,L0002,T02,42,60.499032,0.488454,0.698261,307.22572,14.144342,150.476595,2058.073043,73.862005,65.074466,89.925215,4.186926
S00742,L0037,T01,742,47.71986,0.175804,0.401933,,17.28606,149.085885,2128.323745,75.983598,68.468749,89.64338,4.81638
S00299,L0014,T02,299,33.10143,0.417756,0.72292,359.437332,18.214782,157.170365,2236.808099,75.880657,65.547293,89.479488,8.099341
S00130,L0006,T03,130,61.676813,0.78793,0.674627,327.363097,14.703455,151.279776,2039.00665,75.694215,64.19569,89.57623,8.910561
S00170,L0008,T03,170,61.564886,0.64728,0.613673,344.397909,17.167369,134.62273,1975.818506,73.404628,61.659483,89.650649,9.901691
S00402,L0020,T01,402,60.086842,0.535097,0.536586,281.906046,20.704427,143.318655,1933.508505,73.318809,64.294093,89.852711,0.75008
S00226,L0011,T01,226,45.121734,0.813318,0.462034,309.235938,17.558529,159.080153,2160.433317,73.513201,63.579446,89.505749,2.511222
S00107,L0005,T03,107,49.282631,0.355173,0.517865,243.079728,17.340787,140.692499,1972.253547,74.547193,71.239831,89.755826,-2.339709
S00531,L0026,T01,531,56.076392,0.316441,0.563248,274.376813,24.339576,153.871052,2053.114,75.504421,69.099885,89.587474,-0.365882
S00569,L0028,T01,569,22.954203,0.381403,0.443666,374.728033,20.210072,156.455106,2323.37953,73.701189,67.553275,89.590635,8.651993
S00705,L0035,T02,705,48.913179,0.301661,0.61409,314.312671,17.50077,151.048067,2090.577746,70.484804,62.849754,90.004138,5.456678
S00551,L0027,T01,551,41.37922,0.765393,0.391401,322.355871,19.817983,129.081923,2037.324599,74.173607,66.535299,89.970446,6.226044
S00055,L0002,T03,55,37.179834,0.556574,0.601625,362.824088,185.29715,176.810279,2291.707303,74.185472,66.632752,89.502962,7.806614
S00076,L0003,T03,76,64.736349,0.428338,0.551297,,18.127947,132.990487,1892.045221,74.587411,65.84311,89.54368,4.549481
S00318,L0015,T01,318,51.917158,0.597797,0.386047,291.283885,18.244381,149.116114,2030.941883,75.705555,70.488463,89.875403,2.797531
S00177,L0008,T01,177,49.961784,0.288565,0.503649,326.493727,21.450173,122.808141,1989.425121,74.674591,64.550135,89.6298,6.122899
S00271,L0013,T01,271,40.327955,0.505565,0.589102,366.387867,17.310854,157.805891,2224.701689,76.001376,65.729782,89.676971,10.546415
S00508,L0025,T02,508,24.83576,0.625207,0.440504,319.601404,20.085302,165.905538,2252.658963,75.874051,74.020314,89.808298,6.212891
S00616,L0030,T01,616,35.432006,0.23952,0.511964,413.366198,20.234799,159.500486,2230.543394,74.235565,61.752199,89.73483,13.025199
S00495,L0024,T01,495,28.659082,0.526191,0.391772,303.45429,18.466107,128.154249,2038.871213,72.776508,70.426945,89.690395,5.225878
S00589,L0029,T01,589,30.135255,0.597298,0.438918,329.842872,15.704026,146.119727,2143.2465,74.523036,68.446718,89.753785,6.388725
S00659,L0032,T01,659,60.551669,0.225826,0.515769,273.425368,18.233724,152.088426,2081.778751,74.66954,68.631565,90.098453,-0.175293
S00542,L0027,T03,542,25.267009,0.398407,0.661743,243.206169,20.225259,142.650135,2145.875959,75.218477,73.031608,90.096619,0.966422
S00786,L0039,T01,786,50.324791,0.312975,0.667114,327.292833,21.596239,135.918075,2015.275593,73.923465,64.017532,89.691506,7.075476
S00284,L0014,T01,284,39.440733,0.696218,0.416523,380.109022,20.733077,150.186314,2199.986064,74.969591,62.745344,89.551836,13.116993
S00439,L0021,T03,439,30.424542,0.756255,0.420739,317.900245,21.891893,132.041187,2036.490434,76.244403,72.025234,89.752658,5.788454
S00572,L0028,T01,572,49.682661,0.246809,0.472832,287.281739,17.717315,168.7517,2211.866047,74.299734,67.410438,89.839088,2.484949
S00763,L0038,T02,763,54.669561,,0.723015,346.601254,17.00205,134.424072,1975.087189,75.050586,64.899142,89.842968,12.339075
S00088,L0004,T02,88,47.913368,0.798163,0.642511,326.841932,,142.0455,2003.680787,72.412359,63.301119,89.683644,7.993446
S00510,L0025,T02,510,21.312629,0.367636,0.602205,327.403901,18.304459,135.923994,2174.933356,74.881409,69.560662,89.826913,-4.181126
S00146,L0007,T01,146,24.945034,0.208256,0.641491,333.099155,21.241547,159.496137,2301.877014,74.704546,66.696407,89.818915,5.886003
S00022,L0001,T01,22,54.554072,0.669366,0.493501,287.080079,18.197284,143.470965,1998.416486,73.021395,65.939222,89.872189,2.719444
S00173,L0008,T01,173,55.691314,0.395236,0.457823,380.435417,16.201265,156.850377,2123.716551,73.228334,59.660558,89.698205,17.367786
S00310,L0015,T02,310,62.048867,0.178512,0.584474,318.210089,19.980399,162.692722,2154.716724,74.793358,64.851473,89.539857,5.312025
S00735,L0036,T02,735,27.312325,0.828645,0.522287,292.384942,17.989007,,2099.072054,71.651959,66.424337,90.173569,2.066012
S00143,L0007,T01,143,55.130731,0.830787,0.542405,339.19332,19.750592,141.066852,2000.248597,76.692778,65.997215,89.687205,8.644979
S00166,L0008,T01,166,45.049853,0.189555,0.636714,350.385801,18.650607,147.024105,2207.364476,76.196175,66.742654,89.822825,11.450548
S00221,L0011,T03,221,20.966986,0.66252,0.358241,310.50833,19.838543,145.616577,2127.247275,71.174613,68.644303,90.120095,5.281105
S00490,L0024,T02,490,47.489102,0.337673,0.582523,333.459238,21.648992,150.615738,2129.423602,72.440586,63.525002,89.957329,8.398943
S00235,L0011,T01,235,64.236429,0.691666,0.439898,429.253203,11.859153,139.149897,2008.777052,73.090515,55.48768,89.385802,23.877381
S00620,L0031,T03,620,60.02914,0.266211,0.672571,358.664636,18.536465,137.88004,2003.140066,74.515036,61.212423,89.647898,11.285464
S00312,L0015,T01,312,54.556259,0.416225,0.4521,268.438684,17.279211,139.360635,1922.735544,75.711315,71.128885,89.99499,-0.998385
S00292,L0014,T01,292,31.04209,0.264677,0.402038,388.397133,18.427265,164.229614,2329.254365,72.223283,64.059439,89.709033,8.924607
S00383,L0019,T03,383,42.366264,0.613126,0.700167,360.996735,18.285187,150.548596,2123.178955,74.31889,63.759711,89.730828,10.933782
S00047,L0002,T02,47,53.206312,0.503005,0.67994,296.905042,21.125844,155.125982,2047.575015,74.438454,65.753766,89.796448,3.586716
S00285,L0014,T01,285,59.227972,0.534679,0.412382,274.527374,18.688582,151.282843,2025.441571,73.189235,65.632211,89.973631,0.65008
S00471,L0023,T01,471,56.663431,0.22356,0.445025,347.934455,18.887706,166.919208,2146.442859,74.085743,62.802018,89.721121,11.086105
S00697,L0034,T01,697,18.118182,0.511585,0.533672,374.807389,17.762655,165.980446,2349.599065,72.641932,67.215243,89.838354,7.652728
S00409,L0020,T03,409,49.773213,0.428938,0.408013,344.535026,19.302444,147.630425,2035.97677,75.352063,65.389369,89.896312,9.364868
S00171,L0008,T02,171,44.134168,0.51574,0.516144,381.711853,17.55153,158.92168,2214.140715,75.795611,67.938073,89.960258,12.864412
S00327,L0016,T01,327,38.201605,0.275292,0.365835,299.13407,23.244552,139.172806,2100.818214,72.717275,65.270316,89.880773,3.360467
S00106,L0005,T02,106,45.615814,0.527048,0.514527,332.681825,21.398233,131.038095,2034.443375,73.52275,67.224396,89.619418,7.674474
S00399,L0019,T01,399,46.35783,0.521267,0.716692,408.857624,15.994948,144.912087,2100.865237,77.050618,63.326097,89.618499,17.400517
S00104,L0005,T03,104,40.343924,0.56084,0.426591,316.511956,17.563065,144.571577,2083.236758,76.406805,70.834273,89.849047,5.605343
S00148,L0007,T03,148,59.755085,0.363296,0.365461,361.945086,19.838496,164.85898,2155.799434,72.99522,59.811707,89.685397,12.911577
S00164,L0008,T01,164,32.44951,0.743289,0.51281,273.767248,20.877951,129.627552,1992.189465,74.015918,68.182145,89.892238,3.687989
S00528,L0026,T01,528,21.952562,0.795738,0.558093,306.959426,19.665795,136.783868,2114.014967,75.263729,70.003884,89.862114,5.275688
S00598,L0029,T03,598,18.461605,0.303423,0.376845,358.273634,17.883307,136.567086,2227.123072,73.481323,70.218169,90.044789,7.658252
S00334,L0016,T03,334,19.622877,0.670852,0.628935,308.845952,21.513094,152.369737,2280.198937,73.371083,69.244299,89.846951,3.045173
S00618,L0030,T01,618,36.105645,0.538331,0.740562,319.55871,24.368409,126.447826,2025.768296,74.858235,66.90436,89.572705,6.40536
S00441,L0022,T01,441,25.086226,0.844301,0.505535,355.367947,18.641961,113.385307,1996.157125,71.982838,65.743309,89.99926,6.485508
S00481,L0024,T03,481,40.987027,0.386432,0.628861,384.457363,16.266612,155.7647,2166.872081,73.562747,62.184801,89.883052,12.64747
S00512,L0025,T01,512,64.71317,0.671789,0.479297,287.381233,19.309765,142.788063,1979.673434,71.455901,62.211673,89.605202,2.278388
S00237,L0011,T01,237,45.961989,0.36979,0.551092,366.844099,19.325481,128.040785,2073.324923,72.130331,62.564659,89.753298,11.736137
S00154,L0007,T02,154,38.533657,0.606256,0.396943,268.955073,18.390287,136.300507,1992.749263,75.154814,69.475192,89.67755,1.976813
S00359,L0017,T03,359,41.399019,0.306011,0.681724,298.151781,17.870668,125.331623,2003.966779,76.594962,70.809376,89.912412,4.924818
S00150,L0007,T01,150,44.675097,0.636686,0.648601,332.932761,20.47994,131.984081,1996.839771,74.192052,66.405721,89.704618,8.187262
S00259,L0012,T02,259,36.348135,0.154032,0.505531,349.14993,18.674443,143.135427,2252.149167,74.11933,67.001849,89.833684,9.518935
S00156,L0007,T01,156,59.952126,0.739334,0.469299,324.908072,20.477547,119.775256,1808.402181,76.160104,65.934665,89.664908,5.587658
S00305,L0015,T02,305,64.501689,0.352933,0.65046,362.404875,18.859202,150.634518,2122.691058,75.80316,63.264759,89.651381,14.415644
S00134,L0006,T01,134,38.265206,0.582102,0.54169,290.00325,22.630866,145.825645,2037.00603,73.91251,66.193233,89.499649,1.878081
S00308,L0015,T01,308,22.654779,0.193729,0.504433,309.936107,22.615385,159.593174,2289.359675,72.878013,67.33642,89.732786,4.265794
S00153,L0007,T01,153,42.276431,0.741633,0.541538,351.764876,16.795111,142.878624,2111.039928,76.619165,68.951655,89.528839,8.075629
S00530,L0026,T03,530,18.992743,0.415895,0.07325,274.596431,16.487822,155.217258,2237.750211,72.676326,70.449266,89.985108,5.045353
S00702,L0035,T02,702,56.246742,0.650403,0.359188,414.622839,20.344718,149.003084,2101.913296,74.262773,60.159517,89.667461,19.859443
S00651,L0032,T03,651,50.286487,0.589011,0.604504,313.922496,16.709245,142.736801,1981.02407,73.737837,64.841466,89.650619,6.594947
S00354,L0017,T02,354,54.709972,0.651682,0.727724,385.152347,16.43041,136.998724,2051.119367,72.634453,60.434956,89.388873,16.40948
S00634,L0031,T01,634,40.611613,0.794471,0.71094,381.493536,18.104091,136.559327,2088.567588,74.792024,65.63796,89.718346,12.616521
S00202,L0010,T01,202,37.710125,0.45304,0.662245,320.477839,22.669045,145.82994,2064.562527,72.120953,64.889315,89.814997,6.445383
S00475,L0023,T01,475,32.135404,0.490013,0.471354,322.367849,17.56851,169.638453,2220.473374,76.582293,70.178307,89.841184,4.070997
S00746,L0037,T01,746,60.033319,,0.391134,260.825084,20.06409,141.431191,1931.124224,72.899933,67.894172,90.07205,-0.056585
S00183,L0009,T01,183,30.698343,0.471637,0.685824,386.403952,14.593518,130.714138,2146.801869,73.367554,63.668452,89.700495,10.892896
S00078,L0003,T02,78,37.429723,0.209195,0.682602,285.763745,21.376057,156.978523,2195.657486,73.365082,70.208289,89.742531,1.415821
S00280,L0014,T01,280,40.574654,0.519223,0.399591,303.200191,24.189672,156.725421,2100.214916,74.938689,66.540735,89.624291,5.882247
S00764,L0038,T02,764,37.893351,0.441481,0.469711,327.338524,20.006543,167.904921,2242.099238,75.707958,69.154086,89.71657,7.928521
S00390,L0019,T01,390,25.355205,0.826565,0.419921,307.785416,18.321482,155.164605,2172.105791,74.168893,69.222649,90.060265,4.752111
S00048,L0002,T01,48,61.818103,0.154223,0.497035,320.538023,15.936984,148.373589,2119.702288,71.679061,64.028955,89.682835,7.897714
S00208,L0010,T02,208,34.106275,0.604703,0.368397,313.568509,23.558674,149.339368,2103.869919,74.720159,66.070543,89.755359,5.852155
S00756,L0037,T02,756,49.86292,0.701784,0.705342,318.698872,17.50277,144.493367,2032.386481,73.77893,65.314257,89.913833,5.327483
S00168,L0008,T02,168,38.816832,0.413329,0.642483,333.08067,19.114568,133.556486,1990.446329,71.751802,65.895418,89.88462,7.186793
S00288,L0014,T01,288,63.303091,0.666459,0.610452,325.759772,17.691748,133.429569,1933.29689,74.255791,62.723888,89.431091,8.377232
S00549,L0027,T03,549,57.636485,0.723963,0.709562,307.142174,19.72548,157.430897,2127.471967,74.996454,66.454902,89.727084,5.117541
S00194,L0009,T03,194,42.608939,0.57304,0.563958,342.398817,17.537524,162.905309,2266.848356,72.456115,64.040093,89.599923,9.104854
S00639,L0031,T01,639,49.515861,0.359871,,352.15656,17.429716,158.456367,2211.79758,73.154858,62.440945,89.966007,10.641359
S00668,L0033,T01,668,53.878068,0.6188,0.648445,342.966221,21.401662,162.595952,2059.833071,74.471765,64.208312,89.589776,12.757372
S00797,L0039,T01,797,54.223493,0.784858,0.719106,346.414796,22.03244,179.514527,2185.918502,74.406858,63.673932,89.748749,9.689748
S00767,L0038,T01,767,40.07327,0.343365,0.359035,334.437338,20.241607,157.005973,2166.401687,76.352847,70.630681,89.827096,6.544968
S00788,L0039,T03,788,29.530644,0.372865,0.490476,222.754434,18.061396,,1958.381277,73.331528,71.237749,90.054998,-1.879736
S00433,L0021,T02,433,41.711057,0.232159,0.629148,377.27204,21.194279,137.336239,2153.975267,73.788205,63.133386,89.441448,11.797022
S00142,L0007,T02,142,38.168708,0.240341,0.602524,321.219211,18.437431,147.999162,2146.409966,72.555965,66.045985,89.650078,6.136678
S00181,L0009,T01,181,56.92742,0.341613,0.398108,323.273801,18.058498,121.449913,1869.520947,75.214208,65.484434,89.797897,7.190067
S00161,L0008,T02,161,58.991098,0.176153,0.594068,283.749877,18.173046,140.840911,1976.375333,74.188494,67.181014,89.892112,1.591953
S00653,L0032,T03,653,45.063396,0.667615,0.506814,363.128256,19.601226,172.289424,2201.166361,75.961253,65.70279,89.914742,10.65023
S00121,L0006,T01,121,29.446397,0.25174,0.378436,298.417242,16.543279,146.084889,2132.148894,73.693605,68.993916,89.870895,4.354456
S00553,L0027,T01,553,45.178192,0.243778,0.732027,300.658346,17.00526,140.959441,2070.933212,74.221783,69.32591,89.836494,2.52075
S00093,L0004,T01,93,42.71036,0.79642,0.686789,282.510985,19.528273,138.444134,1959.01956,74.678805,69.46451,89.798719,1.655884
S00703,L0035,T02,703,46.161915,0.489832,0.65643,335.280695,16.989849,147.960736,2144.304226,73.810329,65.791073,89.901012,6.171656
S00232,L0011,T01,232,38.083193,0.179164,0.676938,279.561324,19.908346,160.510746,2166.683581,73.472927,66.38758,89.96543,2.361111
S00457,L0022,T01,457,54.954874,0.231839,0.551526,353.512632,16.341424,133.426319,2066.23649,74.46686,64.257884,89.642511,10.687618
S00688,L0034,T01,688,50.985427,0.447329,0.594675,257.593497,19.235085,153.815528,2038.939718,74.679509,69.695973,89.850584,-1.764385
S00420,L0021,T02,420,59.712838,0.419398,0.655218,323.863972,19.438816,162.874662,2049.551688,71.780745,63.573275,89.828267,8.706686
S00434,L0021,T01,434,45.696964,0.323659,0.644346,346.234744,15.146011,175.73666,2288.961728,75.276328,66.638725,89.937224,9.872912
S00681,L0034,T02,681,31.413107,0.350077,0.460162,352.564259,20.94209,123.535344,2126.877525,74.06591,67.104699,89.740926,9.77468
S00741,L0037,T02,741,34.00927,0.730626,0.507769,314.700269,13.297444,121.633558,1915.328348,73.325438,69.713507,89.918805,3.989066
S00733,L0036,T03,733,28.131827,0.741012,0.668035,291.746366,19.733549,153.208617,2159.539203,75.109364,69.34216,89.849193,1.23391
S00769,L0038,T01,769,42.969077,0.63167,0.403339,324.923047,17.508904,135.344808,2069.374607,73.761351,64.622714,89.657765,6.599654
S00661,L0033,T01,661,36.958012,0.849755,0.743907,322.803568,18.128775,154.219756,2142.746714,73.23802,67.874191,89.747035,6.650679
S00719,L0035,T01,719,64.201458,0.179884,0.541537,307.873962,20.958543,149.622419,2063.49393,76.399745,67.025703,89.620053,4.33204
S00465,L0023,T01,465,43.231901,0.393644,0.404704,337.747462,17.214292,158.339654,2235.108717,75.289003,65.284863,89.601029,8.222451
S00111,L0005,T01,111,27.241163,0.441901,0.736813,346.098828,13.394355,158.525286,2249.826341,74.51318,67.580559,89.713641,1.603952
S00765,L0038,T02,765,32.28356,0.793761,0.580864,347.554765,19.484517,151.1212,2112.553648,72.286472,65.034622,89.861489,8.223653
S00393,L0019,T01,393,37.046246,0.847649,0.563595,300.274479,21.690492,153.206187,2074.952938,74.810829,68.50021,89.873734,4.060274
S00301,L0015,T02,301,27.340597,0.206667,0.563164,266.560946,18.322361,141.268347,2096.207706,72.966619,67.966366,89.896437,1.229017
S00677,L0033,T02,677,42.512443,0.546757,0.472018,360.330791,23.004111,171.762564,2275.673032,72.433504,64.597903,89.805868,12.367783
S00796,L0039,T01,796,60.498791,0.581085,0.747988,385.416066,22.278372,154.773594,2080.453527,74.049492,59.906143,89.311452,19.601187
S00536,L0026,T01,536,32.731136,0.757141,0.692314,352.579717,18.239699,133.613468,2094.248458,73.570563,63.386807,89.846709,8.211254
S00044,L0002,T02,44,54.960021,0.375541,0.525686,337.109069,15.737703,148.66696,2085.80535,70.589872,59.644577,89.801625,9.565774
S00482,L0024,T02,482,19.80034,0.732658,0.417105,312.791848,18.374517,124.026644,2045.157044,75.826358,71.699738,90.273817,3.724367
S00257,L0012,T01,257,44.503122,0.536228,0.378219,387.719844,18.751239,130.952606,2070.311927,73.546877,62.53009,89.651094,13.710593
S00511,L0025,T01,511,39.75423,0.838569,0.61055,320.010542,17.338003,162.975058,2102.504381,71.6,65.327532,90.231564,3.459465
S00714,L0035,T01,714,47.945073,0.463491,0.659966,358.010956,17.067871,170.63607,2233.677862,74.325743,64.355058,89.860874,11.242231
S00535,L0026,T01,535,51.153937,0.232793,0.475951,264.701666,18.530544,146.437432,2079.850969,76.117292,70.466907,89.72662,0.134827
S00306,L0015,T03,306,52.424148,0.217085,0.702856,293.794124,16.429336,136.011964,1970.234314,69.005365,61.742542,89.8615,2.670637
S00343,L0017,T02,343,28.860014,0.727208,0.628963,331.282371,16.271172,141.497823,2025.836435,74.124673,68.32455,89.689111,6.732478
S00566,L0028,T02,566,46.311709,0.348087,0.365219,269.1382,17.378661,143.831392,2049.273261,71.561698,68.017311,89.447783,-0.556463
S00564,L0028,T02,564,39.537432,0.161377,0.474524,335.170447,18.199337,118.398923,1981.945709,72.953358,65.937671,89.825874,7.086706
S00174,L0008,T01,174,38.479119,0.263432,0.464203,320.948711,21.427695,143.033758,2183.093,74.832327,67.663354,89.819859,6.532381
S00468,L0023,T02,468,43.846533,0.207548,0.696241,298.889167,20.664178,138.829425,2091.538803,73.884588,65.2565,89.784885,1.41664
S00163,L0008,T01,163,23.362644,0.416091,0.709512,340.632792,21.931078,132.203003,2083.471555,72.801103,67.219343,89.84254,6.470962
S00050,L0002,T01,50,47.879718,0.760287,0.536794,349.705978,19.973981,155.34807,2096.856102,73.662125,63.444139,89.796826,11.785511
