sample_id,lot_id,tool_id,sequence,aspect_ratio,pattern_density,gas_ratio,rf_bias_w,pressure_mtorr,etch_time_s,etch_depth_nm,top_cd_nm,bottom_cd_nm,sidewall_angle_deg,bowing_nm
S00013,L0000,T02,13,36.342086,0.778176,0.68451,295.005173,22.28349,164.426446,2178.375143,71.821415,62.404046,89.74396,11.885001
S00448,L0022,T02,448,27.290916,0.673901,0.371247,217.843032,20.211793,157.119604,2121.179884,74.032694,69.310922,89.915718,7.768355
S00163,L0008,T01,163,48.855725,0.495402,0.623425,356.159448,18.974574,147.282545,2121.538842,74.218549,66.456468,89.902793,7.457192
S00395,L0019,T01,395,57.066134,0.523253,0.444451,276.325013,21.806439,144.843071,2051.142914,72.876587,60.296475,89.659678,9.882305
S00275,L0013,T03,275,31.961965,0.189031,0.457791,335.277441,21.024707,163.090183,2233.222374,75.735862,69.733929,89.845524,7.212305
S00624,L0031,T01,624,63.335756,0.744062,0.423694,356.132974,22.595396,125.248046,1858.865741,74.653945,62.615648,89.72614,14.186377
S00704,L0035,T01,704,60.452724,0.592368,0.5573,284.603561,20.690411,,2000.533218,72.433783,62.710003,89.781627,9.821624
S00683,L0034,T01,683,29.174193,0.719873,0.365358,281.707531,19.284866,125.877984,1992.753159,71.674666,65.886781,89.876899,4.031844
S00219,L0010,T01,219,20.20308,0.729213,0.505201,293.896626,20.737296,119.590435,1954.082454,74.096652,68.979862,89.8598,7.845686
S00542,L0027,T02,542,60.632294,0.400879,0.452432,317.405824,19.61694,150.876719,2075.18752,72.391024,60.62317,89.891317,8.62906
S00771,L0038,T01,771,28.769735,0.398303,0.371566,317.550567,22.253192,160.782706,2247.806247,75.964046,71.183929,89.792727,10.776063
S00500,L0025,T01,500,40.215137,0.384266,0.462316,348.914724,18.85908,127.823612,2039.090629,74.01632,68.469202,89.622849,4.913749
S00589,L0029,T01,589,,0.807693,0.575259,276.978139,17.87201,165.871488,2157.725231,72.706634,65.492614,89.890847,3.920556
S00093,L0004,T01,93,57.436466,0.6575,0.732334,257.601651,16.588986,134.53379,1924.547051,76.525254,66.247034,89.790445,3.084561
S00006,L0000,T01,6,47.964739,0.561281,0.595147,403.078276,19.66341,153.727739,2178.27727,76.069388,67.55473,89.873871,8.618964
S00067,L0003,T02,67,63.353911,0.424813,0.533281,355.235471,18.527557,155.841357,2117.378579,72.79032,61.573371,89.813792,6.289817
S00157,L0007,T01,157,18.105574,0.509829,0.648685,285.946611,18.671858,159.781247,2261.426475,76.104916,70.839544,90.06613,3.66409
S00720,L0036,T01,720,58.380091,0.355156,0.717193,335.011368,22.874423,146.338944,2112.164005,72.080757,61.077773,89.964683,11.16649
S00457,L0022,T03,457,40.830206,0.539974,0.414228,317.205018,16.635799,144.973157,2118.248216,75.132136,66.567914,89.887681,4.041887
S00359,L0017,T02,359,25.526707,0.821348,0.662951,304.305329,23.923281,158.525584,2197.775645,72.625919,63.048574,89.613657,17.75905
S00336,L0016,T02,336,63.190018,0.497902,0.732745,304.748545,12.288408,136.699151,1944.943042,73.991794,66.575805,89.798217,-1.37217
S00706,L0035,T01,706,59.650378,0.454661,0.555497,309.300608,15.535548,161.938244,2075.659017,72.687103,64.708256,90.049772,3.52192
S00627,L0031,T01,627,31.573623,0.460724,0.670316,334.09728,19.127575,170.989709,2236.03003,74.706087,67.349328,89.826356,4.289974
S00511,L0025,T01,511,22.299159,0.685508,0.411256,325.93628,19.256521,133.283865,2114.169316,74.082362,68.781715,89.878926,6.13964
S00442,L0022,T02,442,24.112657,0.606905,0.700051,254.623305,17.981329,138.189572,2044.982296,72.35854,69.109035,89.877889,3.957155
S00270,L0013,T01,270,37.534882,0.399216,0.621642,306.735171,16.2314,136.301198,1994.053886,72.457901,65.183346,89.559125,-0.071299
S00332,L0016,T02,332,27.297143,0.508343,0.54366,324.95066,21.002157,149.859959,2220.681362,73.41214,67.248155,89.67534,8.520902
S00609,L0030,T01,609,42.271738,0.760637,0.392767,367.00586,17.242431,136.275702,2102.077485,74.718205,69.411005,89.923444,3.187292
S00372,L0018,T03,372,42.485188,0.713551,0.705035,316.403516,25.97228,140.228163,2061.178641,69.471778,55.621444,89.664188,20.407328
S00410,L0020,T03,410,47.801974,0.806343,0.492922,284.328708,21.405091,148.52614,2091.285147,76.450572,64.493951,89.909415,11.575387
S00614,L0030,T03,614,31.136317,0.656166,0.633569,423.59258,20.400117,148.489617,2351.90814,75.865694,68.778822,89.690374,8.861896
S00430,L0021,T03,430,18.368968,0.382095,0.409886,388.204458,16.924549,149.742397,2361.498543,71.56623,70.053487,90.203097,3.296014
S00360,L0018,T03,360,37.126895,0.393049,0.440791,351.331419,21.787201,136.735062,2099.339673,71.028376,62.742804,89.923607,6.20819
S00230,L0011,T02,230,30.798526,0.187169,,330.816458,18.2337,166.793611,2276.849795,75.013924,72.349845,89.902698,2.687325
S00019,L0000,T01,19,62.157623,0.659554,0.722736,357.293441,19.302664,128.752289,1896.371286,74.408485,62.31247,89.798608,7.391028
S00325,L0016,T01,325,29.793187,0.179579,0.554904,303.969086,19.050003,154.489441,2174.282971,72.278286,66.778015,90.107928,5.47568
S00399,L0019,T01,399,37.19239,0.48684,0.369104,313.954355,17.884271,128.758707,1974.687466,76.997055,71.541367,90.025019,3.080997
S00222,L0011,T03,222,19.410021,0.708387,0.364862,312.303216,19.407283,158.419975,2244.60689,75.876696,69.665164,89.937099,4.535902
S00170,L0008,T01,170,26.316628,0.373599,0.462426,299.659905,19.331654,152.352045,2176.71179,75.754212,70.808713,90.105235,7.544527
S00687,L0034,T01,687,22.965115,0.472805,0.362722,242.061956,17.302876,123.397883,1936.404452,74.614541,69.451792,90.367049,3.028716
S00528,L0026,T03,528,37.647112,0.751727,0.73731,344.998445,18.270391,130.602446,2008.767635,75.791022,67.940352,89.356164,8.377055
S00374,L0018,T01,374,19.095149,0.41927,0.677759,309.195172,18.955617,155.66762,2260.285111,75.643377,72.605468,90.095915,5.239325
S00688,L0034,T01,688,44.409739,0.745737,0.566104,266.425609,20.258629,135.053803,1931.340227,74.896031,66.116003,89.572827,10.493216
S00039,L0001,T03,39,52.718443,0.685357,0.46162,285.551253,20.788311,139.951453,1977.081503,75.299211,64.476237,89.836924,7.979043
S00261,L0013,T03,261,24.21846,0.845956,0.536013,340.425325,21.614188,147.804658,2144.790904,72.971163,66.519443,89.797116,11.878596
S00714,L0035,T01,714,46.131031,0.440397,0.441119,284.776602,19.676875,114.138741,1855.746647,72.061671,63.164962,89.903741,6.991938
S00126,L0006,T01,126,220.97638,0.266646,0.727575,281.86563,17.761268,144.101878,2003.050893,73.13156,67.493572,89.914031,4.748079
S00037,L0001,T01,37,39.467119,0.709022,0.492141,349.029487,20.890103,127.434783,1969.020894,73.210975,65.016204,89.575325,10.148539
S00239,L0011,T01,239,55.642767,0.317834,0.685939,365.429398,19.337837,158.928718,2163.107386,69.49882,60.032943,89.785833,5.93182
S00486,L0024,T01,486,45.541699,0.29621,0.44035,300.258286,17.71454,143.779794,2045.637763,75.892872,68.043921,90.273647,4.143382
S00785,L0039,T02,785,31.35987,0.452545,0.548825,334.737356,17.038396,133.887394,2116.528959,64.943462,68.314106,89.773325,3.922429
S00408,L0020,T02,408,54.237262,0.229103,0.36375,351.4072,19.092454,115.451367,1973.948622,72.956282,64.928424,89.650573,6.373552
S00346,L0017,T02,346,46.742123,0.603617,0.686691,369.899658,23.333033,175.393331,2192.794641,75.347137,63.530282,89.86054,13.430467
S00595,L0029,T01,595,31.269542,0.445205,0.447071,279.161675,21.864963,146.459798,2097.999338,73.71016,66.321381,89.749427,9.281961
S00245,L0012,T03,245,38.554908,0.604411,0.469133,301.836557,,147.524252,2131.064298,76.122392,69.921048,89.556086,7.295135
S00402,L0020,T02,402,35.462914,0.23766,0.385996,393.731646,21.091267,138.235244,2175.701338,71.850823,64.524115,89.91408,5.766467
S00767,L0038,T03,767,63.304554,0.660689,0.561121,399.665448,15.639099,138.777316,1982.567327,74.514227,66.535331,89.908157,1.797087
S00248,L0012,T03,248,47.067874,0.65127,0.42996,288.207263,23.044734,134.361773,1969.339433,74.923172,64.887745,89.95169,12.39123
S00139,L0006,T03,139,39.445071,0.259803,0.375351,326.017425,19.726786,157.382584,2236.02486,75.287971,67.952392,89.613568,5.518472
S00541,L0027,T03,541,36.585727,0.808632,0.666882,433.899133,17.733409,150.842203,2275.793383,72.17699,65.406714,89.97298,4.340203
S00331,L0016,T02,331,35.473598,0.590368,0.507664,348.433972,25.759047,136.239351,2110.416521,74.666793,62.51204,89.705314,17.552947
S00776,L0038,T01,776,36.121286,0.342014,0.420252,265.408664,21.403284,154.26054,2054.312508,72.372744,63.72983,89.63761,6.765711
S00113,L0005,T03,113,315.56208,,0.393299,295.664854,17.891822,149.932726,2208.319077,72.499555,67.848335,89.894042,2.790532
S00141,L0007,T02,141,64.663396,0.707289,0.634348,279.219666,15.591668,147.329024,1934.37355,76.167797,68.18315,89.945329,2.124795
S00623,L0031,T01,623,40.341535,0.480686,0.416209,357.926308,19.0094,148.687283,2131.637567,74.292035,67.55005,89.750601,4.717414
S00363,L0018,T01,363,31.426446,0.592552,0.360248,404.049801,16.958128,154.411118,2284.027922,73.238061,68.058649,89.709591,2.290401
S00022,L0001,T01,22,31.315331,0.339207,0.389472,334.611301,16.982686,153.295216,2164.409458,75.401403,70.905197,89.859198,3.917571
S00078,L0003,T02,78,60.876277,0.296547,0.483534,274.016507,17.954449,,2073.363657,71.998198,64.33796,89.467558,4.977082
S00574,L0028,T03,574,22.140254,,0.477099,300.568021,19.605589,155.661756,2310.086134,73.150128,69.09524,89.793817,4.312153
S00175,L0008,T03,175,31.522467,0.522914,0.392321,314.784565,16.208897,155.089001,2142.298325,73.381138,69.614118,89.809158,2.793431
S00154,L0007,T02,154,58.426195,0.790428,0.372167,340.254957,21.81716,153.675225,2073.031771,75.419904,61.262729,89.46452,13.58788
S00225,L0011,T01,225,61.945149,0.612635,0.594755,307.854515,21.695133,127.409176,1868.221823,73.348785,60.778906,89.710838,11.753989
S00645,L0032,T02,645,29.16751,0.205865,0.734798,302.088569,19.162951,135.467219,2106.071522,76.077903,72.682205,90.306254,4.433428
S00307,L0015,T03,307,43.783455,0.170077,0.54829,338.300017,,144.600356,2117.17697,72.549367,66.46303,89.919394,3.710636
S00519,L0025,T02,519,26.730287,0.564226,0.532631,335.485152,21.008266,146.584112,2218.748004,73.606311,65.162422,90.070751,9.755702
S00642,L0032,T02,642,59.354618,0.150458,0.405925,335.173477,19.045011,130.370692,2038.836648,76.211373,67.286299,89.95712,5.662055
S00193,L0009,T01,193,39.476082,0.564224,0.620221,274.597459,16.367111,150.094973,2001.864844,76.087329,69.61235,89.625061,4.036326
S00571,L0028,T01,571,41.956574,0.726005,0.540169,358.081365,18.185559,153.987762,2098.403479,73.03294,63.035286,89.44299,5.053822
S00716,L0035,T02,716,50.382948,0.326398,0.46041,340.866809,18.24145,145.241563,2069.974783,73.208814,64.738787,89.825163,4.363818
S00063,L0003,T02,63,54.939954,0.540514,0.686004,337.503184,17.038142,144.979184,1987.030077,73.308159,66.095795,90.071159,3.683672
S00082,L0004,T01,82,50.014744,0.375199,0.371825,251.546612,16.698493,155.377199,2096.463238,74.857411,63.976887,89.730866,4.431353
S00353,L0017,T01,353,45.495959,0.798105,0.622306,239.745332,14.502986,171.51111,2066.184746,72.818098,68.317054,89.841972,-1.25774
S00051,L0002,T01,51,58.865798,0.40684,0.74759,366.551018,19.38135,171.572901,2144.733729,74.266573,64.104986,89.723515,6.118304
S00220,L0011,T01,220,46.422035,0.220061,0.467669,289.682282,19.536438,138.221328,1997.723477,72.76188,65.926682,89.915409,6.056928
S00567,L0028,T01,567,18.970754,0.233454,0.562564,372.33234,19.580747,140.111964,2273.428279,73.176183,67.570584,89.610681,8.081199
S00160,L0008,T02,160,63.879157,0.417938,0.597895,,20.748265,155.157493,2011.608508,71.160634,59.667576,89.571558,7.252347
S00371,L0018,T02,371,25.080114,0.813433,0.41055,328.897932,18.889486,137.154728,2101.923228,72.479352,68.441603,89.698329,6.234751
S00444,L0022,T01,444,23.322041,0.497679,0.639932,309.789309,17.575717,158.869551,2235.774139,73.536362,67.606451,89.867902,3.339457
S00382,L0019,T01,382,37.09703,,0.499878,376.922591,19.020125,171.86811,2286.758742,74.32456,67.330541,89.757705,6.074182
S00502,L0025,T02,502,63.774317,0.589649,0.600657,355.512608,20.190077,131.906365,1970.811919,78.195877,65.054701,89.526633,8.685993
S00655,L0032,T01,655,20.293948,0.237625,0.486617,299.788252,18.060105,157.00205,2318.803257,77.393757,74.637187,89.864705,4.36289
S00375,L0018,T01,375,31.789084,0.574357,0.501441,304.61537,19.78104,133.942362,2009.035296,75.494884,69.053176,89.782991,6.342271
S00692,L0034,T02,692,52.43741,0.453021,0.468736,315.987007,19.244637,142.06605,2016.826324,74.597648,64.989246,89.714525,6.122561
S00164,L0008,T01,164,44.269811,0.730281,0.671709,332.330173,17.520385,153.388858,2132.684667,72.209464,66.605433,89.560683,4.861528
S00146,L0007,T01,146,19.546735,0.797544,0.560795,309.707786,19.874226,160.92267,2179.40502,72.257827,67.095361,89.831061,7.188045
S00318,L0015,T02,318,56.735722,0.339934,0.716581,338.298177,19.096756,127.625906,1931.066871,71.717864,64.588823,89.846576,5.406102
S00020,L0001,T03,20,50.680142,0.191759,0.43556,352.657572,18.877001,159.417096,2220.10592,76.45134,66.704412,89.831652,4.328435
S00366,L0018,T01,366,54.990256,0.553898,0.36747,282.473781,20.45592,142.43596,1986.973506,69.399569,57.491665,89.475304,10.279905
S00794,L0039,T03,794,18.247181,0.471524,0.56071,337.374728,20.690068,166.817495,2366.711503,70.879815,65.835015,89.408462,7.151358
S00344,L0017,T01,344,35.523261,0.705332,0.365766,229.467599,20.743454,,1871.421816,74.332758,64.557484,89.30737,8.426612
S00061,L0003,T01,61,28.372304,0.817206,0.687035,246.874741,19.278418,142.434741,2046.088534,73.352476,65.776846,89.981852,6.087346
S00333,L0016,T03,333,55.129851,0.671488,0.700801,287.686013,17.972985,163.861546,2086.532174,72.604605,64.462556,89.769043,3.710065
S00053,L0002,T03,53,22.022852,0.465873,0.599827,312.98559,15.219718,113.770612,2025.593765,73.938888,71.023161,89.919115,0.961575
S00727,L0036,T02,727,50.050929,0.291166,0.386262,306.083878,20.021317,148.121295,2079.214326,74.811153,64.889929,89.899229,5.931021
S00630,L0031,T01,630,61.834158,0.576658,0.67048,312.390703,16.166328,136.555908,1969.508156,72.885584,64.829615,90.061192,2.720212
S00681,L0034,T01,681,43.40498,0.562923,0.542805,316.817808,17.100003,168.891134,2245.089167,73.198739,67.741915,89.774262,3.309799
S00660,L0033,T02,660,28.397513,,0.380864,355.354266,18.373954,149.708731,2117.981045,74.748114,69.306861,90.010906,5.261118
S00181,L0009,T01,181,19.523438,0.525058,0.498436,343.339537,16.798158,144.595969,2204.42547,74.056547,71.542406,89.943515,2.104559
S00656,L0032,T01,656,50.555224,0.764985,0.700078,273.206484,17.600276,138.352094,2034.559657,71.631163,64.960377,90.237056,5.855433
S00726,L0036,T01,726,64.532636,0.408724,0.722532,358.058777,14.504105,168.305239,2186.229924,74.191903,67.104708,89.840099,3.38928
S00304,L0015,T02,304,26.761259,0.196513,0.710713,321.024392,18.399069,128.116694,2027.371865,72.981381,67.117269,90.280018,3.768831
S00513,L0025,T01,513,36.56816,0.813048,0.356106,345.65838,21.301188,117.448427,1977.566917,73.997171,64.919001,89.556541,10.358836
S00728,L0036,T01,728,62.088444,0.19796,0.525093,404.39235,17.609251,153.214406,2114.978866,74.708267,64.490857,89.847613,4.523056
S00211,L0010,T02,211,31.011564,0.471341,0.41081,269.139715,15.577741,145.198708,2076.94942,77.031817,71.740338,89.845902,0.733187
S00296,L0014,T01,296,40.816296,0.430227,0.520519,304.241854,20.046111,132.934108,1987.990252,73.395702,63.199376,89.507609,6.808949
S00167,L0008,T01,167,44.266617,0.780318,0.487549,,23.400389,148.994601,2068.373048,72.945353,60.227483,89.818519,15.113905
S00580,L0029,T01,580,43.247291,0.607409,0.491172,323.77671,20.885121,174.420987,2212.198283,72.711871,63.452933,89.816911,8.8788
S00368,L0018,T01,368,33.391404,0.72098,0.584267,318.514207,14.295304,145.403917,2071.198353,71.924308,66.957618,89.751792,-2.688831
S00762,L0038,T02,762,32.786747,0.78253,0.662115,339.848072,20.64647,158.646589,2180.818746,73.523784,64.840907,89.930635,11.464374
S00029,L0001,T02,29,50.969202,0.846093,0.533834,300.108225,15.84502,139.111523,1988.014727,74.191781,70.688304,89.71677,1.870838
S00268,L0013,T01,268,52.058413,0.171424,0.636165,,21.78148,148.043673,2036.993898,76.236677,68.322043,89.45856,7.208207
S00069,L0003,T01,69,59.546312,0.533812,0.68201,285.737686,19.319871,162.989185,2088.480647,74.145239,63.546829,89.825707,8.115588
S00434,L0021,T01,434,36.35751,0.708562,0.400707,423.710913,14.007481,158.284651,2296.569009,75.389402,72.687378,90.185464,-3.375691
S00338,L0016,T01,338,61.298403,0.273883,0.44949,319.126485,17.196271,128.617517,1959.783415,73.330241,67.07335,89.827821,4.651839
S00763,L0038,T03,763,46.648064,0.529831,0.656617,261.671134,20.069915,144.935786,1980.597359,72.515793,63.316354,89.797187,5.63485
S00173,L0008,T01,173,24.453045,0.461532,0.632211,300.416075,18.008273,153.836216,2265.298783,74.219256,68.510443,90.055302,4.692078
S00730,L0036,T01,730,26.846207,0.830641,0.640044,330.676952,20.423906,162.457402,2131.611184,73.383514,65.890253,89.615646,7.97662
S00145,L0007,T01,145,47.248396,0.273237,0.475828,381.893501,16.189351,136.114452,2094.964166,75.073578,67.851209,89.432043,4.049434
S00058,L0002,T02,58,43.088972,0.228148,0.529751,362.655699,18.76391,165.193761,2219.977575,72.98001,66.203385,89.87832,5.730425
S00127,L0006,T02,127,19.6444,0.169095,0.56512,374.883357,16.484141,168.658744,2399.788329,73.203435,67.120082,89.616106,3.33759
S00475,L0023,T02,475,49.355667,0.4802,0.731847,328.41372,19.829732,136.111655,2055.034118,76.225117,67.546736,89.848661,6.757749
S00290,L0014,T01,290,23.535239,0.562254,0.479384,338.039135,18.576862,127.98127,2077.762526,76.178598,71.282221,89.599362,5.835477
S00027,L0001,T01,27,49.678301,0.461507,0.497243,311.248821,21.978867,169.339112,2206.213803,73.811991,63.83457,89.771236,7.615678
S00240,L0012,T01,240,22.826045,0.594113,0.430147,337.376182,16.942058,162.39,2250.708396,74.721925,68.496726,89.922472,2.931838
S00182,L0009,T01,182,18.120636,0.67,0.371004,366.743758,14.9205,149.596438,2208.310942,74.075796,70.880647,89.874927,-1.138264
S00212,L0010,T01,212,47.62197,0.690174,0.745885,300.827453,18.778189,139.41251,1956.391657,73.315037,65.306897,89.642264,5.794099
S00174,L0008,T01,174,47.839286,0.619732,0.618623,306.262289,20.624337,158.730391,2127.43175,74.563417,64.510967,89.842391,8.375934
S00179,L0008,T01,179,47.822298,0.638362,0.541528,364.511305,20.222024,152.030395,2129.666064,72.779859,62.345313,89.4207,7.604486
S00470,L0023,T01,470,47.809882,0.28548,0.586963,320.983084,16.587671,135.7922,1998.095492,68.671629,61.43121,89.660495,4.087131
S00585,L0029,T01,585,26.791782,0.666151,0.643126,280.789666,19.334292,138.852422,2025.151007,72.223586,65.988254,89.945717,5.607937
S00705,L0035,T01,705,27.343698,0.563803,0.734933,356.024931,17.86996,151.787372,2194.099298,75.224924,69.749909,89.940255,2.12865
S00755,L0037,T01,755,24.939319,0.193872,0.454337,322.178365,19.81397,134.771876,2098.990685,71.302883,66.855903,90.210601,3.994325
S00700,L0035,T02,700,19.855376,0.263214,0.455747,305.342423,18.712487,121.059634,2070.288713,73.670121,72.307058,90.077715,4.977109
S00734,L0036,T01,734,59.700302,0.266667,0.670031,335.028942,21.577197,157.46516,2115.660044,74.323323,64.072629,89.428239,10.39299
S00098,L0004,T02,98,46.934274,0.583866,0.463696,292.240242,22.148565,134.293951,2022.414934,74.494541,66.2236,90.059941,10.409927
S00666,L0033,T02,666,57.068002,0.774006,0.628983,301.004731,19.993441,130.400977,1844.54692,70.946477,60.994065,89.637462,11.466841
S00451,L0022,T01,451,23.10067,0.45805,0.486788,293.498598,24.190553,139.855768,2149.888669,74.217661,67.171195,89.666062,10.229799
S00387,L0019,T01,387,52.290159,0.393705,0.492495,388.44194,16.921046,161.524864,2191.462609,76.784518,70.212135,90.040213,3.375633
S00796,L0039,T01,796,49.965426,0.531153,0.639005,334.413393,21.128932,145.869378,2005.040799,72.558194,64.285939,89.751796,7.364005
S00283,L0014,T02,283,42.814109,0.837667,0.537946,280.495101,17.326035,108.897588,1841.778095,74.826824,68.792517,89.512439,3.150809
S00150,L0007,T01,150,41.05106,0.699006,0.554149,250.219131,22.106211,128.107001,1891.829625,73.287015,61.186282,89.542644,12.25466
S00578,L0028,T02,578,49.968259,0.613648,0.57638,290.86212,21.303219,142.509813,1980.764856,74.042466,62.942044,89.918235,10.043524
S00391,L0019,T02,391,31.378236,0.152728,0.368432,300.547166,14.502882,135.934305,2096.217254,72.045389,68.39172,89.914999,2.142454
S00685,L0034,T03,685,31.39042,0.70684,0.402558,257.761091,15.903129,138.4726,2023.923317,72.896411,69.43419,89.783864,-0.310503
S00472,L0023,T03,472,57.853014,0.519732,0.450221,349.380029,19.318428,140.898497,1964.278811,75.825322,66.815034,89.748567,7.585958
S00244,L0012,T01,244,,0.554301,0.682031,346.189228,17.001257,123.232137,1932.999533,72.274021,64.082165,89.711633,3.121484
S00531,L0026,T01,531,59.245718,0.1604,0.540479,301.935699,23.328352,134.509769,2012.634558,76.546844,66.100669,89.781063,8.558436
S00554,L0027,T01,554,63.334688,0.317519,0.720019,288.143658,18.992728,129.625359,1888.420199,72.95254,61.183895,89.78642,4.637865
S00349,L0017,T01,349,21.358459,0.673158,0.597008,294.355478,17.648988,162.692141,2183.843148,72.042881,68.096955,90.296123,3.203065
S00322,L0016,T01,322,19.896262,0.396701,0.641842,294.035559,21.616831,148.47649,2178.830863,73.925094,69.803251,90.188608,6.864865
S00299,L0014,T01,299,21.361427,0.468807,0.594056,318.997823,19.627149,123.595522,2078.144075,73.827089,69.184535,89.795731,5.456455
S00610,L0030,T02,610,32.263562,0.273799,0.675793,292.701898,20.875175,142.337131,2196.19162,72.892825,65.90006,89.766414,6.44721
S00068,L0003,T02,68,29.968961,0.768304,0.404374,336.325063,22.168109,161.08614,2226.88569,73.411224,64.845958,89.810338,12.918509
S00695,L0034,T03,695,59.517883,0.383391,0.638039,324.539274,19.131286,131.739879,1929.060122,72.88709,62.536529,89.956389,4.13335
S00087,L0004,T01,87,41.4831,0.528569,0.6299,310.916117,20.017379,148.809478,2119.033167,73.158918,65.367081,89.624006,7.628284
S00463,L0023,T02,463,20.373521,0.612,0.424463,312.618529,23.81894,160.997015,2263.929179,72.478821,65.769651,90.065853,11.636599
S00001,L0000,T02,1,55.685591,0.726682,0.610318,326.165455,18.555549,150.898877,1992.357745,74.642643,66.124445,89.770788,6.775544
S00109,L0005,T02,109,32.383721,0.438875,0.500322,261.991778,22.913236,143.138911,2035.736257,70.480888,62.405337,89.627169,8.212245
S00605,L0030,T02,605,,0.503643,0.711578,326.727371,19.694654,167.769883,2217.401877,75.517765,69.931039,89.85905,6.994053
S00515,L0025,T01,515,43.959219,0.845867,3.37952,338.449,24.465117,153.286783,2124.603188,72.285724,60.77305,89.803821,19.023466
S00525,L0026,T03,525,32.557077,0.803248,0.448429,349.795815,16.408756,147.910608,2107.262332,71.662456,67.917297,89.781616,3.32664
S00556,L0027,T02,556,54.139614,0.779408,,302.846446,18.421067,132.36207,1926.720392,74.342465,65.004865,90.042362,5.721151
S00390,L0019,T01,390,24.825225,0.279068,0.678075,376.094387,13.624592,157.485682,2342.636946,71.896886,69.269185,90.15611,0.413231
S00563,L0028,T03,563,,0.521722,0.714569,273.844433,22.49872,149.685292,2158.996908,72.015293,61.462359,90.064599,12.002
S00717,L0035,T01,717,24.279887,0.508709,0.439454,279.381634,20.346541,174.070506,2233.456483,74.876117,66.828125,89.660098,7.977405
S00076,L0003,T01,76,52.434185,0.408819,0.544499,303.126836,198.192,152.564459,2055.408981,76.237433,66.322504,89.970125,8.184895
S00397,L0019,T02,397,18.11113,0.779601,0.433944,249.754942,15.400025,149.524927,2109.400035,74.223775,74.653292,89.678025,-0.230007
S00465,L0023,T03,465,18.590103,0.634234,0.473411,354.787423,16.565002,151.336068,2296.194308,74.601106,71.923637,89.875543,1.779928
S00426,L0021,T02,426,34.81479,0.757563,0.730146,216.308889,18.9714,121.285245,1887.156342,75.804033,68.609254,89.661401,8.279084
S00587,L0029,T01,587,56.24146,0.674176,0.462896,330.911623,14.058698,140.64473,2001.084855,72.426055,67.554051,90.099755,-1.400877
S00540,L0027,T03,540,37.252981,0.835973,0.519799,357.200388,18.107101,148.339604,2076.383419,71.539579,67.445998,89.9814,6.803524
S00208,L0010,T03,208,33.771142,0.739338,0.553173,237.577547,17.820092,153.132599,2077.622769,70.883749,64.642879,89.715465,4.602697
S00411,L0020,T02,411,,0.847336,0.543522,310.235666,15.25559,157.488358,2216.819592,73.679242,72.923476,89.795664,-2.380867
S00743,L0037,T02,743,60.001585,0.187656,0.710304,331.535116,16.750154,150.551818,2077.310705,74.638603,67.277783,89.988939,6.812367
S00632,L0031,T02,632,50.975387,0.291698,0.435271,271.99329,13.912359,121.230389,1929.26689,70.561931,65.075453,90.026248,1.226374
S00298,L0014,T03,298,34.068469,0.646452,0.689165,344.302316,13.207615,139.594526,2133.25553,72.342915,67.231567,89.717402,-3.38833
S00119,L0005,T01,119,24.712952,0.499518,0.375141,254.709034,16.647898,147.544967,2173.622797,75.057722,70.795092,89.820859,1.301768
S00256,L0012,T01,256,20.838422,0.807872,0.516939,290.835741,21.927353,162.054923,2245.576413,73.809561,65.575642,89.659728,12.121951
S00153,L0007,T03,153,24.154464,0.396231,0.593492,343.071248,22.17828,172.129008,2317.412643,71.919219,65.016118,89.776683,7.494122
S00250,L0012,T01,250,55.78854,0.776042,0.617043,353.077599,19.225663,173.108338,2146.968964,75.084761,66.88179,89.517801,6.954462
S00393,L0019,T01,393,64.294839,0.269253,0.591876,317.028275,18.325388,147.607817,2037.140869,74.681735,64.600535,89.802267,4.377491
S00280,L0014,T02,280,44.591693,0.608384,0.635057,277.640244,22.119831,155.302979,2093.487232,69.622575,60.140145,89.468284,11.904377
S00213,L0010,T02,213,,0.765082,0.546723,319.868308,22.607898,151.893691,2032.015356,72.597895,60.469263,89.706809,14.886847
S00146,L0007,T01,146,19.546735,0.797544,0.560795,309.707786,19.874226,160.92267,2179.40502,72.257827,67.095361,89.831061,7.188045
S00626,L0031,T01,626,34.450706,0.712789,0.591381,361.126613,19.891266,147.669876,2177.710904,70.770737,62.190614,89.958649,7.843237
S00394,L0019,T01,394,36.702257,0.497348,0.534509,387.773377,20.317295,153.433045,2208.154326,75.174684,68.136112,90.022477,7.398344
S00055,L0002,T01,55,27.017722,0.802475,0.39509,327.961204,19.047984,165.540162,2212.24428,73.408616,66.430144,89.542678,7.874168
S00128,L0006,T02,128,40.033064,0.51619,0.428516,301.716184,22.327153,154.369589,2109.780894,76.668838,67.593347,89.881511,11.5877
S00196,L0009,T01,196,32.557401,0.502825,0.371027,330.982708,19.648404,138.255696,2093.365672,74.410375,68.580404,89.985501,7.646226
S00337,L0016,T01,337,58.45047,0.157052,0.591149,352.01363,13.112206,170.514801,2181.155041,75.63888,67.599142,90.053733,3.080289
S00440,L0022,T01,440,28.025919,0.537724,0.729727,352.36163,19.134588,144.415784,2181.251372,72.406262,64.884209,90.078195,4.204756
S00533,L0026,T01,533,56.686439,0.551583,0.406324,373.200413,21.589777,141.372903,2028.6156,75.18332,65.691468,89.686108,10.766518
S00738,L0036,T02,738,56.174076,0.160402,0.505764,304.421678,18.26954,157.651709,2085.467702,73.364261,63.754946,89.874069,5.181967
S00302,L0015,T01,302,46.161045,0.733329,0.707563,386.826058,17.657604,161.995615,2255.355852,75.244054,67.027771,89.50855,4.317855
S00724,L0036,T01,724,30.060029,0.203184,0.478346,321.067544,18.504325,158.900148,2209.440827,74.797145,71.855754,89.983805,4.817682
S00747,L0037,T02,747,18.407517,0.798208,0.488451,293.175949,16.16751,143.444765,2069.733419,73.989181,72.583894,89.674064,0.301341
S00689,L0034,T01,689,51.353884,0.686512,0.354781,359.684271,,126.95519,2018.240148,76.639324,67.1677,89.775645,4.032666
S00690,L0034,T02,690,20.697633,0.690834,0.531448,321.046872,22.982352,118.705441,2033.030217,73.620169,67.375525,89.899038,12.847111
S00297,L0014,T02,297,23.207023,0.305738,0.414446,377.776952,21.018756,127.248899,2153.031509,75.684061,70.333738,89.986284,6.058614
S00232,L0011,T02,232,28.616986,0.305365,0.434757,307.423142,15.586161,152.760683,2193.847593,72.579209,70.505657,89.837886,1.244808
S00634,L0031,T01,634,24.500693,0.772082,0.543393,312.465458,17.446598,154.228324,2180.817072,74.263473,69.488532,89.91025,3.132523
S00386,L0019,T01,386,40.736831,0.668214,0.519847,349.452405,17.994062,135.741027,2049.519348,74.020743,68.475607,90.074,6.166206
S00350,L0017,T01,350,28.15952,0.544512,0.411028,318.948031,21.191938,158.749996,2211.037178,73.282867,65.074271,89.626325,8.690542
S00721,L0036,T01,721,48.976686,0.506359,0.516426,406.816942,14.447616,,2129.318856,72.916605,66.827467,89.890552,-0.070798
S00680,L0034,T01,680,40.421763,0.735036,0.516395,319.766316,18.438293,134.694149,1946.519556,73.39812,68.755794,89.533946,3.378743
S00151,L0007,T01,151,58.161498,0.699177,0.713419,279.610013,18.119489,177.317966,2136.068937,75.650492,66.98851,90.018159,6.680149
S00092,L0004,T01,92,46.492733,0.432624,,378.951671,20.438819,147.235495,2151.538889,73.265259,65.992233,89.556976,7.183261
S00062,L0003,T03,62,29.772268,0.465264,0.650014,270.327715,19.007809,138.624575,2078.10382,73.645665,68.043644,89.924215,4.589008
S00564,L0028,T01,564,35.539538,0.682326,0.595226,317.941963,17.200689,151.776709,2142.27384,72.904708,66.480545,89.9575,4.03095
S00026,L0001,T02,26,39.672821,0.60383,0.447286,295.827788,16.340141,134.742943,1999.405575,71.590219,66.999108,89.778853,2.403903
S00116,L0005,T01,116,19.666435,0.151159,0.599686,335.399946,15.150539,139.950202,2223.799927,76.656364,73.394296,89.868963,2.56615
S00416,L0020,T01,416,61.844724,0.807604,0.420734,375.288418,21.366184,127.697324,1942.077799,73.846171,61.264104,89.620704,13.697931
S00477,L0023,T03,477,51.394928,0.495187,0.515282,327.178092,15.281345,133.491938,1973.480186,71.360607,64.640732,89.679922,0.402603
S00354,L0017,T01,354,22.7513,0.713309,0.441158,299.191016,20.68472,132.460025,1998.875187,75.789019,69.434879,89.958263,9.562858
S00306,L0015,T02,306,33.820901,0.479902,0.654937,336.624536,20.233177,158.769712,2229.786724,72.979822,65.241237,89.980448,7.931767
S00631,L0031,T01,631,51.273028,0.277472,0.424142,381.724342,18.438189,131.972206,1997.591577,75.080561,68.485223,89.979032,6.416368
S00070,L0003,T03,70,38.326916,0.230936,0.678032,278.984324,22.847722,148.770559,2080.264901,74.968858,66.88036,89.990782,8.345274
S00600,L0030,T01,600,57.384032,0.590046,0.644443,292.106992,18.459432,161.560924,2118.123902,72.248306,64.1561,89.738925,6.519496
S00014,L0000,T01,14,20.181157,0.762065,0.390537,353.876969,23.089103,129.085394,2118.259028,77.02708,69.016959,89.838837,15.158251
S00367,L0018,T01,367,61.646137,0.800545,0.684683,288.467919,15.652252,147.668114,1987.86085,74.185848,64.738382,89.83285,2.392403
S00251,L0012,T01,251,57.653195,0.365481,0.745163,340.279153,14.86027,147.976311,2077.264191,74.697554,67.099578,89.75697,3.024148
S00085,L0004,T01,85,38.53624,0.629991,0.558836,308.201523,21.110435,155.712534,2203.911909,71.345103,63.238871,89.718343,7.064772
S00764,L0038,T03,764,44.55551,0.355515,0.545913,373.7223,20.899284,151.326373,2171.965635,75.964159,68.661449,89.717596,9.345991
S00315,L0015,T02,315,55.904255,0.652143,0.530744,332.497037,22.887259,110.882832,1850.422714,74.581495,61.761899,89.561236,13.829604
S00553,L0027,T01,553,63.694317,0.831827,0.485931,360.016269,18.838998,138.508171,1970.54305,76.01101,65.599455,89.155483,6.945489
S00555,L0027,T03,555,61.970709,0.295752,0.366116,399.763738,18.651277,143.381989,2058.731151,77.709107,70.838102,89.754585,3.460223
S00035,L0001,T01,35,54.651575,0.478659,0.671195,307.814157,17.803432,144.865913,2032.582516,74.817434,65.244977,89.927055,4.820604
S00735,L0036,T01,735,62.218403,0.803838,0.544914,385.099893,19.666302,148.768938,2061.614266,71.113684,60.774715,89.494173,7.621351
S00327,L0016,T03,327,51.480356,0.539671,0.649136,355.195442,16.363975,152.983317,2166.01927,74.391917,69.007611,90.051374,1.183355
S00313,L0015,T01,313,41.496082,0.42478,0.653322,348.000565,17.450483,180.933603,2283.267278,71.312304,66.207817,89.977942,4.855983
S00122,L0006,T02,122,26.429888,0.462809,0.514102,339.323367,17.476544,128.114397,2100.172088,72.894717,69.163043,90.074178,2.982561
S00364,L0018,T01,364,32.891027,0.400303,0.496422,303.401463,16.595112,118.813739,1984.597019,73.711976,66.522548,89.633147,1.864415
S00537,L0026,T01,537,30.602903,0.817425,0.593079,296.637972,18.503575,145.795365,2174.901256,76.307192,70.626702,89.930315,6.531421
S00613,L0030,T02,613,61.147978,0.614268,0.553957,365.149099,18.577917,139.861851,2064.968194,75.727989,68.293267,89.96299,7.228239
S00401,L0020,T01,401,58.495178,0.711491,0.512712,340.856616,18.643598,147.901298,1995.789431,74.2609,65.555038,89.615811,5.356257
S00646,L0032,T01,646,49.474174,0.571306,0.555474,300.197758,15.483982,131.250907,1978.99832,73.061432,67.816598,89.878183,2.923841
S00285,L0014,T01,285,39.494689,0.779417,0.375948,303.780629,14.179326,171.712061,2213.659924,74.761771,72.89126,89.995724,-2.61276
S00048,L0002,T01,48,62.628884,0.424431,0.574759,320.993836,22.960425,130.663734,1955.815193,73.538209,59.992689,89.422938,11.997932
S00089,L0004,T01,89,47.071752,0.57719,0.720574,275.901968,20.392568,141.714807,1946.880529,75.281768,66.789998,89.886733,9.454007
S00648,L0032,T01,648,60.210075,0.743689,0.472144,373.820678,20.23923,155.168243,2115.947178,74.875251,62.534546,89.640804,11.324734
S00036,L0001,T01,36,24.083206,0.567538,0.542661,316.734283,22.724347,137.991777,2156.50831,69.760268,61.912023,89.633957,11.665992
S00261,L0013,T03,261,24.21846,0.845956,0.536013,340.425325,21.614188,147.804658,2144.790904,72.971163,66.519443,89.797116,11.878596
S00414,L0020,T03,414,44.791374,0.224734,0.381017,368.988742,18.377656,147.666293,2094.254451,73.995246,68.238075,89.944864,5.726063
S00608,L0030,T02,608,47.355876,0.445265,0.4747,268.498336,19.04658,159.267066,2097.137814,73.512958,65.973059,89.980192,4.607551
S00389,L0019,T03,389,56.750962,0.477344,0.533345,298.65267,20.056116,158.477973,2079.670112,74.485184,64.148888,89.662492,8.507894
S00752,L0037,T01,752,28.308891,0.665757,0.661027,308.261569,18.453986,151.975338,2184.520023,74.898993,70.10936,89.809568,6.034212
S00074,L0003,T01,74,64.433449,0.181301,0.649944,347.230755,18.385323,166.876323,2194.219577,73.107427,62.565627,89.491839,7.108943
S00104,L0005,T01,104,51.162389,0.185879,0.637789,285.155152,15.254387,150.012488,2069.201375,71.716761,64.213595,89.800367,3.751365
S00456,L0022,T01,456,30.66008,0.574052,0.548391,389.404466,17.734772,144.971669,2229.492528,73.272459,67.265074,90.019702,3.255789
S00308,L0015,T03,308,21.345436,0.453445,0.487852,357.264557,17.470477,119.917102,2063.543664,72.732533,69.789453,90.147609,2.107541
S00701,L0035,T01,701,21.054861,0.634471,0.608644,375.022452,21.539415,160.840732,2297.175802,74.294416,67.657168,90.143154,9.357173
S00381,L0019,T01,381,55.190767,0.66206,0.74533,320.841878,15.764262,138.082889,1959.096263,73.55731,66.149931,89.860897,3.365287
S00561,L0028,T01,561,,0.436379,0.471458,325.859725,17.293512,158.253694,2112.442273,74.224304,64.605997,89.480442,7.094363
S00166,L0008,T01,166,18.734046,,0.432579,247.273725,16.873808,133.0973,2056.576072,76.190966,74.345725,90.299709,1.934129
S00267,L0013,T01,267,64.915021,0.54094,0.619596,341.075357,19.228188,149.924519,2066.511038,73.940918,63.294491,89.914517,7.171135
S00081,L0004,T01,81,32.527586,0.793024,0.566251,285.875128,20.602348,134.500166,2003.832431,74.329548,64.296613,89.515238,9.026677
S00652,L0032,T01,652,33.510234,0.808008,0.575295,316.300351,25.066338,164.837453,2239.090218,72.661501,61.472254,89.723855,18.711342
S00223,L0011,T03,223,57.137086,0.390068,0.694298,340.535127,15.242439,142.539237,2038.422102,73.63269,66.830575,89.59668,3.497238
S00620,L0031,T01,620,50.355672,0.344896,0.599283,269.044532,18.516964,129.094895,1951.28339,72.241689,66.043543,89.653145,5.762535
S00543,L0027,T02,543,52.854622,0.764538,0.471372,315.740051,20.150763,133.765185,1959.621882,72.619135,61.855408,89.848254,9.779331
S00421,L0021,T01,421,21.505577,0.438162,0.572656,,20.104628,135.572672,2147.012844,73.454986,68.62414,89.83575,5.640405
S00118,L0005,T01,118,53.401312,0.361593,0.458904,310.026863,21.754683,159.207609,2196.153705,77.576754,70.507544,89.408994,8.762948
S00508,L0025,T03,508,34.897472,0.177739,0.408603,325.044303,21.500483,151.763489,2194.468232,74.612611,68.666654,89.892097,5.485214
S00798,L0039,T03,798,43.665979,0.65165,0.550298,311.290752,22.177174,151.14674,2135.080601,69.663494,58.989447,89.79536,10.532963
S00602,L0030,T01,602,44.763485,0.601262,0.549434,293.693927,22.921816,160.304412,2189.391304,71.117864,60.426644,89.787654,12.847688
S00524,L0026,T03,524,33.315473,0.776719,0.46723,307.750152,17.606255,146.137045,2153.823241,75.370616,69.302656,89.431625,3.112851
S00558,L0027,T03,558,37.021417,0.718139,0.479483,333.296311,17.824332,129.881283,2076.368916,74.480918,68.259417,90.115331,2.401178
S00262,L0013,T01,262,40.147809,0.827668,0.736873,,21.265277,146.342658,2110.659147,72.205121,62.471261,89.793403,10.59451
S00204,L0010,T03,204,21.936293,0.16132,0.440027,314.992851,18.294818,,2363.463422,72.189905,67.226382,89.886697,3.861627
S00737,L0036,T01,737,35.559947,0.633616,0.628381,279.887903,22.616628,167.848211,2188.429126,74.421263,64.95908,89.799754,12.97299
S00114,L0005,T02,114,61.277079,0.387818,0.716704,360.040672,15.402036,135.69451,2056.031342,75.722644,69.067786,89.64791,1.250907
S00148,L0007,T02,148,,0.550887,0.645773,280.233599,21.015712,145.583116,2013.593568,74.596715,63.600062,89.758174,10.133622
S00088,L0004,T01,88,27.877635,0.599023,0.68812,289.264576,21.446079,152.556096,2201.819155,75.425078,67.412339,89.753308,10.401635
S00777,L0038,T02,777,28.606661,0.757863,0.365699,294.959254,17.502229,128.072665,2051.146361,76.298428,68.921725,89.683775,3.490086
S00396,L0019,T01,396,39.175802,0.347072,0.612426,307.443317,18.674317,139.707066,2109.674474,71.422987,64.097237,89.991615,5.032028
S00370,L0018,T01,370,63.376177,0.617107,0.52821,312.938925,18.159565,121.632528,1833.767595,74.318995,63.827406,89.713091,6.270148
S00601,L0030,T01,601,30.988773,0.624359,0.523956,295.175584,22.810749,152.107874,2060.290362,73.418033,66.576366,89.491778,11.502977
S00229,L0011,T01,229,47.120344,,0.599353,270.965391,21.028368,153.121186,2104.147124,75.635401,69.212927,89.732173,9.230873
S00352,L0017,T01,352,45.297076,0.62004,0.372447,353.374672,20.67119,134.463002,2017.93038,72.709401,64.404915,89.868132,10.188505
S00395,L0019,T01,395,57.066134,0.523253,0.444451,276.325013,21.806439,144.843071,2051.142914,72.876587,60.296475,89.659678,9.882305
S00713,L0035,T02,713,22.635609,0.555946,0.517635,338.757464,19.032063,,2314.382321,72.199713,67.46721,90.077266,5.586894
S00319,L0015,T01,319,63.956754,0.631236,0.737661,317.36162,19.99475,142.935137,1910.094464,77.262034,66.473657,89.460277,9.150453
S00435,L0021,T02,435,33.475298,0.376384,0.59285,297.363066,22.793543,153.4043,2142.48139,77.236413,70.363649,89.795639,8.08591
S00672,L0033,T02,672,63.778113,0.39615,0.621494,356.691083,18.483373,111.722491,1888.283478,73.417124,65.102926,89.658454,6.420144
S00133,L0006,T01,133,18.878192,0.223166,0.375438,339.251748,18.954197,171.824667,2348.998056,73.629223,69.9685,89.864153,4.927461
S00028,L0001,T01,28,35.283595,0.342819,0.428187,199.560154,15.146525,148.148705,1996.72347,72.14436,66.462402,89.875562,1.687781
S00482,L0024,T01,482,48.15535,0.442474,0.559286,302.600913,19.09874,136.233136,2035.104752,75.030049,68.558687,89.664799,4.089
S00117,L0005,T01,117,27.476693,0.519421,0.40779,336.492918,18.199573,144.344712,2129.901222,74.063174,69.26987,89.937106,4.308876
S00708,L0035,T01,708,57.364373,0.157769,0.684401,353.618307,22.08242,135.604557,2066.79602,73.749407,66.062114,89.85867,7.082016
S00343,L0017,T02,343,47.857526,0.506258,0.650974,347.685735,21.207402,146.090536,2134.073381,74.63512,65.837821,89.694914,10.219008
S00739,L0036,T01,739,36.922256,0.183523,0.637094,275.913712,18.9453,146.27355,2132.734444,74.844465,68.992334,89.939817,4.929101
S00080,L0004,T01,80,30.282511,0.37358,0.738067,323.717139,18.389366,161.587291,2195.614585,73.181929,67.633259,89.677268,4.769428
S00499,L0024,T01,499,31.08996,0.354359,0.599706,,18.710453,146.588533,2200.592613,74.627326,68.965086,89.71786,5.202725
S00481,L0024,T01,481,39.897293,0.809807,0.420367,364.046691,19.32267,168.388977,2220.143064,74.447684,65.152634,89.905522,8.014621
S00579,L0028,T03,579,22.924969,0.295377,0.681014,288.34229,20.87838,176.962283,2293.685801,75.342858,70.238029,89.781888,6.533459
S00790,L0039,T01,790,62.031808,0.729282,0.353653,253.054944,21.956432,130.935411,1796.794907,74.149813,62.861313,89.632651,14.491869
S00263,L0013,T01,263,56.241517,0.663687,0.599823,375.9354,17.93054,160.55307,2165.070428,73.32586,64.302123,90.030217,4.651427
S00418,L0020,T02,418,58.619536,0.325705,0.720419,327.129855,23.505675,135.673589,1959.431701,76.390857,65.464449,89.78904,8.367688
S00670,L0033,T01,670,35.184484,0.729149,0.730936,290.194313,20.84792,128.32534,1979.816411,75.420759,66.582481,89.742637,10.581097
S00797,L0039,T01,797,50.71998,0.54341,,336.254759,20.357398,147.412258,2118.92408,73.814295,63.470662,90.056224,8.046504
S00483,L0024,T01,483,50.642763,0.763554,0.351525,344.901641,18.998129,142.829632,2105.090941,74.698728,65.032608,89.698772,5.977598
S00345,L0017,T01,345,41.744787,0.386187,0.632939,380.851356,20.734612,118.608133,2030.574715,73.917276,67.48257,89.869112,8.692957
S00064,L0003,T01,64,21.550385,0.721238,0.477611,355.107968,20.883193,139.663912,2122.65801,68.452642,62.858358,89.817449,9.556465
S00799,L0039,T01,799,54.597276,0.337735,0.484071,293.473127,20.619242,129.470931,1970.535937,73.666723,64.211891,89.553726,9.30851
S00733,L0036,T03,733,30.957112,0.285286,0.526912,327.853029,22.937406,126.918042,2090.722753,74.804322,67.726156,89.655952,10.136445
S00407,L0020,T01,407,28.762469,0.220508,0.639429,315.415907,15.136757,140.283585,2205.046999,71.767618,68.43082,89.953341,3.046579
S00694,L0034,T02,694,,0.480754,0.588573,350.558929,19.510231,170.978592,2273.977115,73.795832,66.965701,89.971904,6.05027
S00577,L0028,T01,577,52.607683,0.481889,0.625676,325.841772,19.387809,132.569157,1973.578994,70.297601,60.840157,89.932986,6.4849
S00188,L0009,T02,188,28.994819,0.420472,0.523642,335.126,15.533696,145.751063,2174.139013,72.507108,69.104976,89.801702,1.827177
S00550,L0027,T01,550,63.816179,0.301825,0.352788,329.930292,20.454894,159.945174,2139.689725,71.881836,61.330362,89.855425,9.617083
S00703,L0035,T02,703,55.69111,0.565595,0.509348,337.318376,21.572866,166.057293,2153.977675,75.188149,64.395506,89.710805,9.291847
S00273,L0013,T03,273,24.714936,0.659036,0.682437,286.697942,19.8489,122.198047,1928.214137,74.577839,68.249634,89.908302,5.96703
S00619,L0030,T01,619,36.530135,0.195929,0.47028,331.323523,22.376217,139.847664,2141.89655,72.822833,65.828839,89.747096,7.075859
S00789,L0039,T01,789,64.618824,0.544659,0.729095,306.836859,188.68549,146.056842,1995.942681,73.605342,63.24029,89.581581,5.604874
S00314,L0015,T01,314,53.697169,0.347832,0.718114,349.626397,14.377495,126.453298,1977.770049,74.315733,65.869927,89.785365,3.210903
S00316,L0015,T01,316,28.012204,0.686482,0.390854,354.638692,16.77863,145.683885,2218.979462,74.35825,70.4551,89.913426,4.618141
S00469,L0023,T01,469,42.416906,0.584817,0.614315,268.920562,18.937967,148.301406,1973.05221,75.893445,69.280272,89.826092,5.230198
S00197,L0009,T03,197,50.205915,0.701979,0.495587,291.23695,19.130773,137.460583,1960.340946,74.485632,65.73281,90.224265,6.214288
S00311,L0015,T01,311,24.114767,0.829798,0.389268,325.229967,18.031338,168.326558,2266.287206,74.41298,69.856018,90.022633,2.910847
S00753,L0037,T02,753,63.534035,0.319269,0.746602,275.270149,18.88219,157.580317,2049.491468,74.817616,66.640139,89.490243,6.442266
S00474,L0023,T01,474,21.042133,0.1692,0.584722,333.46297,19.760275,128.816681,2133.075576,73.453128,68.628087,89.78156,4.547249
S00649,L0032,T02,649,49.888692,0.243828,0.691911,309.205538,14.957757,139.02436,2063.092967,73.864646,67.471781,90.222413,2.267343
S00140,L0007,T01,140,64.627896,0.728385,0.677806,284.944084,20.671052,141.389605,1910.710139,74.155478,62.431757,89.857196,11.35824
S00793,L0039,T01,793,46.572588,0.806167,0.543898,362.858188,20.562958,155.33209,2115.779198,74.351808,64.349395,89.297005,10.794533
S00710,L0035,T02,710,58.170507,0.386215,0.4503,366.909736,23.855785,156.813628,2160.077018,75.036711,64.647806,89.631808,9.646327
S00186,L0009,T03,186,49.453874,0.522533,0.559898,299.810878,20.005054,134.03587,1948.778442,74.752958,67.296723,89.986575,7.078227
S00056,L0002,T01,56,31.261299,0.164695,0.549958,328.213426,19.174577,175.477032,2309.295648,72.871594,66.157637,89.867603,6.846921
S00686,L0034,T02,686,18.011201,0.481987,0.695236,302.231072,21.181434,121.632303,2076.483604,73.366579,67.833085,89.941897,8.87517
S00584,L0029,T01,584,50.905288,0.183281,0.379232,328.252588,16.845969,140.675682,2098.177822,74.280293,65.950934,89.842812,3.824733
S00392,L0019,T03,392,47.397005,0.367997,0.684766,231.008309,15.968759,120.06665,1811.535214,74.523457,66.98587,90.008712,4.247072
S00254,L0012,T01,254,19.689684,0.152149,0.684413,304.39765,18.687918,170.108296,2336.00199,71.380572,67.972297,89.766945,3.7492
S00398,L0019,T01,398,38.527518,0.277688,0.433416,263.613304,19.434302,144.779548,2123.209523,71.74071,65.519003,90.06766,6.137225
S00348,L0017,T03,348,64.497863,0.384712,0.432883,361.289706,18.049074,152.221567,2124.852252,74.510034,63.670891,89.750847,7.223521
S00047,L0002,T01,47,55.768368,0.801256,0.562919,357.347781,26.331536,156.527176,2144.118465,72.878732,56.434387,89.64511,21.938785
S00383,L0019,T01,383,26.363837,0.813552,0.529756,338.922564,18.921494,107.076136,1923.329593,74.413551,68.29249,89.86077,5.274751
S00495,L0024,T02,495,37.043988,0.79312,0.715878,356.849663,22.659344,136.61487,1974.016717,73.327397,63.974772,89.719009,12.500425
S00260,L0013,T02,260,48.515085,0.584033,0.7387,297.678473,24.421283,138.527401,2069.25055,71.868472,60.615933,89.668551,14.7064
S00517,L0025,T02,517,59.317511,0.370061,0.520656,375.072261,20.874044,128.721776,1971.408509,74.237032,63.11462,89.685609,8.509246
S00238,L0011,T03,238,40.997609,0.544726,0.531547,404.633307,20.396876,148.831827,2159.652066,74.267553,66.282039,89.79134,8.145345
S00606,L0030,T01,606,47.97582,0.197761,0.542857,343.653276,19.473857,153.596745,2188.737357,74.125509,66.443651,89.775818,5.106804
S00373,L0018,T01,373,36.411338,0.754682,0.410169,343.480135,21.475343,153.668291,2152.925932,73.474732,65.501939,89.943967,22.356152
S00591,L0029,T01,591,29.06741,0.389723,,294.775681,18.537238,160.705907,2235.741326,74.95017,68.943636,89.913317,4.72652
S00305,L0015,T03,305,40.853628,0.575004,0.558584,332.989163,23.631274,132.737692,1961.850037,73.569472,65.261615,89.704007,13.353777
S00057,L0002,T01,57,64.394272,0.44676,0.452098,360.212177,16.003863,163.713477,2138.151619,75.791348,64.492013,89.602128,3.221593
S00323,L0016,T03,323,25.160636,0.25569,0.406163,356.361776,19.256238,111.81542,2089.506841,76.28064,67.864492,89.613365,3.333594
S00668,L0033,T02,668,19.036943,0.834856,0.510751,338.707268,13.547739,160.187684,2286.543184,72.075983,73.390849,90.084724,-7.846347
S00732,L0036,T02,732,39.555169,0.177966,0.667042,257.245759,21.298308,124.270475,1929.545429,73.930005,65.809088,89.925749,6.371631
S00757,L0037,T01,757,50.37882,0.60252,0.513581,358.0108,20.058051,137.715846,2026.320534,75.256581,65.237663,89.747624,9.068193
S00534,L0026,T03,534,64.682076,0.511308,0.608935,362.972202,16.666047,163.615674,2132.84876,73.990225,60.189347,90.131992,4.062884
S00669,L0033,T01,669,63.121925,0.824742,0.530664,350.823245,20.794177,167.805533,2109.108448,72.994411,60.607937,89.484504,14.13762
S00784,L0039,T01,784,48.268351,0.288837,0.596971,322.620315,16.431302,124.427934,2039.342233,75.500212,70.48706,89.902127,2.690196
S00309,L0015,T01,309,33.383515,0.371271,0.652538,355.172447,15.015149,153.743554,2184.671817,75.741603,71.852968,89.893768,1.468731
S00086,L0004,T02,86,50.875675,0.54394,0.482189,304.543436,19.259536,177.72837,2167.788215,73.741624,64.342367,89.727541,7.458055
S00756,L0037,T01,756,44.954854,0.648167,0.51331,2851.96403,19.863491,112.105399,1860.018016,74.428435,67.682446,89.723387,7.656604
S00276,L0013,T01,276,44.675245,0.339696,0.434916,373.316197,21.450092,158.403875,2208.753232,73.027586,64.249675,89.672938,6.30518
S00253,L0012,T01,253,57.58191,0.180429,0.545499,308.89438,20.8156,152.108102,2095.697551,75.472793,67.527169,89.848734,5.925469
S00702,L0035,T01,702,35.858703,0.41077,0.511138,281.184035,18.446266,,2047.864767,76.416509,72.577624,90.018054,4.707315
S00158,L0007,T03,158,27.317798,0.432559,0.564994,349.074894,13.145921,154.367197,2200.706226,72.608007,68.646329,89.943856,-1.630153
S00205,L0010,T03,205,62.533255,0.819083,0.354408,301.371064,14.133482,147.558366,1914.769124,74.168109,69.84888,89.959706,-2.919692
S00216,L0010,T01,216,35.322321,0.286294,0.696181,309.100257,,146.593184,2172.263901,74.811441,67.390149,90.044158,4.946163
S00795,L0039,T03,795,50.205824,0.836644,0.495585,308.623096,13.601396,162.300559,2103.794691,72.005298,66.402458,90.368604,-2.843519
S00335,L0016,T02,335,25.145587,0.640438,0.429888,359.386406,15.646238,142.015786,2126.802288,74.721404,70.669888,89.863027,0.201109
S00192,L0009,T02,192,34.031195,0.276882,0.514708,341.819547,16.464446,148.53553,2174.252839,72.70255,66.036049,89.752909,1.933931
S00429,L0021,T01,429,53.46026,0.185507,0.695911,325.432751,18.009006,142.513446,2070.714894,73.369447,65.884919,89.670441,6.840979
S00437,L0021,T03,437,31.985578,0.373923,0.396107,297.301856,19.608704,133.310658,2081.790843,74.183683,68.851103,89.629762,4.930029
S00497,L0024,T01,497,46.455115,0.173987,0.451183,260.110032,19.308132,147.379478,2102.185039,72.583715,66.544606,89.779188,6.232568
S00750,L0037,T01,750,58.717008,0.403301,0.445202,322.814465,19.40853,122.77017,1884.758022,74.940904,63.165897,89.618892,7.40228
S00746,L0037,T02,746,51.147591,0.194852,0.420686,321.054306,17.345121,125.769255,1982.981705,71.28664,64.23816,89.658966,4.433045
S00466,L0023,T01,466,63.971122,0.689712,0.729459,337.594164,20.777733,147.641663,1962.568948,76.448663,72.300328,89.592065,12.586091
S00178,L0008,T01,178,52.622126,0.191937,0.445286,334.853221,15.136362,134.780948,2039.858832,74.422187,68.403452,89.793462,3.036489
S00637,L0031,T02,637,59.08064,0.479756,0.568834,302.748904,19.834989,120.238031,1864.085745,75.185568,64.32914,89.712164,8.941032
S00673,L0033,T01,673,49.872785,0.324898,0.492997,371.439694,18.68206,120.589696,1989.777369,73.538383,65.684146,89.678052,5.528833
S00106,L0005,T01,106,34.764725,0.427887,0.496907,339.496743,20.779136,133.311581,2064.313619,74.065432,66.092262,90.00145,9.462843
S00491,L0024,T02,491,21.21601,0.179735,0.37399,303.847907,18.332984,124.152914,2101.275229,72.956612,65.92383,89.582403,4.147077
S00120,L0006,T02,120,40.307135,0.378953,0.433987,318.353805,16.734311,,2067.504018,73.454985,65.481831,89.75491,3.466064
S00454,L0022,T01,454,30.50066,0.574988,0.64307,271.459146,20.520189,136.211125,2019.023368,72.386328,66.846111,89.836514,6.776503
S00288,L0014,T01,288,24.127028,0.178612,0.359704,231.113104,16.064377,119.159226,2072.579714,70.794015,66.605662,89.921169,5.302841
S00083,L0004,T03,83,37.105714,0.387057,0.740646,328.738977,22.187953,151.648374,2147.016122,71.980253,65.140464,89.801951,8.093501
S00017,L0000,T01,17,42.005914,0.585953,0.727534,312.431664,22.458103,145.406643,2083.973015,75.32948,64.130857,89.841523,10.226342
S00328,L0016,T01,328,48.474133,0.185223,0.484032,385.096324,20.141467,147.815743,2180.508479,73.786299,67.063476,89.855664,5.124823
S00731,L0036,T01,731,49.773628,0.738678,0.576721,351.117683,15.431249,181.922945,2256.178798,72.460939,65.471932,90.027147,0.240761
S00328,L0016,T01,328,48.474133,0.185223,0.484032,385.096324,20.141467,147.815743,2180.508479,73.786299,67.063476,89.855664,5.124823
S00090,L0004,T01,90,19.836921,0.565312,0.670122,332.66123,18.034673,143.722416,2242.76679,74.704771,70.760964,89.864273,3.530452
S00376,L0018,T02,376,64.141229,0.806042,0.649019,357.929188,21.067368,150.913056,2046.326041,73.629382,62.581115,89.853506,11.438172
S00562,L0028,T02,562,,0.212047,0.727604,360.466621,18.874681,132.064008,2116.915931,74.78116,68.713912,89.946904,5.51732
S00215,L0010,T01,215,47.609031,0.302961,0.710477,362.669551,22.689475,144.394708,2104.390401,72.542319,63.29552,89.462061,9.020076
S00400,L0020,T01,400,21.44894,0.624282,0.524326,294.660809,15.75926,161.227905,2169.742811,75.506634,71.328264,89.591663,0.380479
S00527,L0026,T03,527,29.217191,0.825945,0.631796,288.986768,19.731124,150.925966,2151.208137,73.615691,65.617052,90.033449,6.957276
S00044,L0002,T03,44,51.971275,0.616595,,369.432713,20.234596,167.576669,2163.409708,75.90062,63.813745,89.672664,9.46691
S00575,L0028,T01,575,22.245419,0.53835,0.550685,276.900135,21.659385,146.917885,2112.01619,72.672624,68.063037,90.026945,9.546896
S00782,L0039,T01,782,64.640357,0.163031,0.625265,315.426549,19.75025,154.598997,2051.733406,75.161153,65.274639,89.580079,6.904873
S00405,L0020,T01,405,44.465922,0.659055,0.549097,382.216013,19.050285,138.609772,2046.5268,74.017186,66.276057,89.498109,6.292965
S00492,L0024,T01,492,46.034881,0.810284,0.659542,321.964391,22.252178,160.60483,2150.189081,73.585668,61.30078,89.865525,13.6876
S00607,L0030,T02,607,42.178831,0.158444,0.582363,325.544914,15.436688,141.068846,2087.439693,71.066047,64.894799,90.004885,5.691836
S00357,L0017,T03,357,39.508505,0.214683,0.466566,366.281879,15.417352,156.296841,2238.816449,74.138284,70.302578,90.125137,4.855228
S00788,L0039,T01,788,25.901049,0.351115,0.355309,304.487644,15.156581,126.122466,2032.440638,73.131911,70.026625,90.006014,-0.491198
S00195,L0009,T02,195,19.401005,0.373145,0.391931,257.957582,19.118115,153.066708,2174.302431,75.862873,71.516752,89.925439,4.793587
S00021,L0001,T01,21,25.670065,0.838267,0.601562,282.345186,20.629312,175.391181,2349.744915,75.051683,68.808619,89.697501,10.397495
S00433,L0021,T01,433,21.115808,0.388057,0.414847,298.210953,19.317612,127.498717,2050.92426,75.112429,69.777525,90.010389,2.991373
S00198,L0009,T01,198,51.899674,0.265393,0.384947,317.309461,16.928749,154.490729,2090.95164,73.544652,66.670602,90.006623,3.993964
S00176,L0008,T03,176,47.03264,0.720352,0.698502,351.671788,16.67774,128.913971,1989.765388,74.104833,64.651426,89.997237,2.482074
S00658,L0032,T02,658,18.054553,0.197516,0.617026,277.040334,20.370036,,2312.061703,73.878376,69.103781,89.838432,6.224897
S00522,L0026,T01,522,35.406365,0.6985,0.688247,346.631905,20.177597,137.511549,2108.096832,72.585373,64.040388,89.981513,8.560744
S00301,L0015,T01,301,42.407502,0.669523,0.723384,300.3685,17.004789,129.879158,1979.26405,74.247092,68.769747,90.055871,3.909631
S00032,L0001,T02,32,29.227773,0.39975,0.570177,326.314409,15.588078,146.255072,2101.290048,74.722408,69.814795,89.909176,1.335562
S00130,L0006,T01,130,48.746926,0.688204,0.395017,373.770862,20.623952,135.908831,2079.673785,73.589736,64.033378,89.870884,11.695698
S00576,L0028,T01,576,63.730225,0.236815,0.654957,331.012034,21.356738,133.029758,1950.00218,75.084501,62.869304,89.77732,7.09665
S00217,L0010,T01,217,30.636032,0.69226,0.379369,297.540731,21.76241,132.471547,2051.683994,75.895239,68.630547,89.876291,9.81428
S00778,L0038,T01,778,32.390151,0.632102,0.732366,336.085299,18.500113,134.447166,2090.005982,77.598091,71.09639,89.55059,4.56593
S00611,L0030,T01,611,46.06453,0.577676,0.535856,291.776121,19.656331,154.880445,2113.725915,71.917656,62.70833,89.750125,6.018251
S00190,L0009,T01,190,46.260044,0.472497,0.639704,310.469155,18.667561,143.798222,1975.486489,73.902881,68.931783,89.79228,5.199863
S00255,L0012,T02,255,42.238247,0.269951,0.350403,329.81797,20.747792,150.839564,2174.753744,74.413848,66.376541,89.901235,6.709917
S00012,L0000,T01,12,37.444851,0.77848,0.605602,373.662059,23.176452,128.346253,2372.982358,73.215105,62.173965,89.696924,14.067904
S00467,L0023,T01,467,36.745153,0.214085,0.703474,290.360625,18.442323,153.44016,2116.442208,73.988631,70.270505,89.801632,5.803287
S00754,L0037,T01,754,47.346118,0.455439,0.6426,351.109995,17.259463,148.381974,2111.141798,74.838661,64.88072,89.569572,5.362244
S00774,L0038,T02,774,43.354341,0.258582,0.488505,268.321499,15.940877,123.044034,1984.574007,71.974486,64.488358,89.636562,2.27908
S00745,L0037,T01,745,49.074967,0.785786,0.427681,301.769149,14.695952,131.843987,1927.509501,76.474288,73.151418,89.647264,-0.541142
S00072,L0003,T02,72,61.517452,0.387836,0.614088,253.162236,18.321042,141.464045,1881.907187,74.156612,64.240597,89.993226,8.031413
S00271,L0013,T02,271,58.430224,0.378453,0.587125,338.981243,17.433641,155.558284,2150.560911,74.65437,64.299558,89.882903,3.687878
S00278,L0013,T01,278,64.962373,0.299394,0.542721,298.350911,23.276325,134.479166,1973.519295,75.269522,60.912899,89.571714,10.068829
S00042,L0002,T03,42,55.067523,0.258718,0.705107,319.443544,18.951335,128.962527,1928.132752,71.169659,63.648963,89.83251,7.214533
S00494,L0024,T02,494,22.872461,0.54181,0.661469,386.875747,17.955116,139.246698,2161.799431,73.035138,66.343433,90.031532,5.035995
S00185,L0009,T01,185,55.289758,0.292106,0.509816,379.36511,17.92424,158.126509,2155.525339,72.778587,65.234506,89.780971,5.643444
S00340,L0017,T02,340,43.506784,0.5259,0.422407,,17.809165,140.89787,2031.197261,73.472385,66.906448,89.729225,3.873319
S00791,L0039,T01,791,46.24458,0.486681,0.737198,341.761958,20.506944,156.411638,2105.309651,70.853723,63.597463,89.86683,10.046463
S00045,L0002,T03,45,60.473201,0.489516,0.749943,347.876771,18.754351,141.719199,1974.715565,72.18603,63.186683,89.694678,7.36216
S00206,L0010,T01,206,36.784965,0.151951,0.493838,337.293708,20.41684,146.416385,2146.147725,72.195607,65.988696,89.837083,5.072257
S00228,L0011,T02,228,50.995976,0.194497,0.350634,256.111721,21.100125,148.274096,2073.617889,73.778246,67.571065,90.098065,6.289886
S00458,L0022,T02,458,49.659698,0.413684,0.427374,358.576052,20.531536,136.338476,2066.137821,73.402152,63.375419,89.64362,8.274148
S00751,L0037,T03,751,43.680394,0.254563,0.575777,334.383297,20.969007,137.278969,2127.591765,77.444207,69.898382,89.685757,5.337722
S00603,L0030,T02,603,62.031125,0.306179,0.654062,317.156787,19.419651,141.754764,1975.715203,73.922331,63.209185,89.410753,7.582009
S00046,L0002,T03,46,36.038054,0.535532,0.452883,295.569092,19.025997,155.531621,2083.126344,73.958578,70.114426,90.107775,6.664033
S00365,L0018,T01,365,43.596609,0.219059,0.611942,321.253249,18.160209,158.230004,2169.963028,71.541788,63.698294,90.067308,5.591666
S00526,L0026,T01,526,32.681161,0.742541,0.598177,359.150819,21.181191,149.918855,2193.249421,74.884362,66.000557,89.710972,10.941929
S00684,L0034,T01,684,61.498535,0.182869,0.448474,347.028184,22.355458,146.12664,2049.924198,74.859226,64.686595,89.687386,7.258883
S00557,L0027,T01,557,47.548564,0.379341,0.368738,411.475405,17.689254,134.763002,2089.032881,75.112286,67.251861,89.756494,5.579956
S00780,L0039,T01,780,48.260566,0.198575,0.631104,320.29823,16.139833,145.000872,2075.12,71.709483,64.157001,89.864853,3.960451
S00718,L0035,T02,718,19.039747,0.80432,0.447053,309.784813,26.297328,149.553955,2237.918812,73.336074,60.010708,89.686396,19.395726
S00453,L0022,T01,453,42.886029,0.621713,0.703459,348.591978,14.987323,135.783232,2058.928645,74.069383,70.703388,90.094426,1.044424
S00650,L0032,T03,650,18.772525,0.469415,0.685611,304.704958,21.333099,167.442463,2301.967713,74.907178,69.916474,89.919047,8.118738
S00041,L0002,T01,41,47.820211,0.694794,0.465225,206.489125,18.8653,131.699289,1864.552458,70.659808,62.121605,89.77962,5.138455
S00180,L0009,T03,180,25.137231,0.638815,0.372396,311.862947,20.357384,,2312.654715,74.696682,68.179662,89.997766,9.274375
S00654,L0032,T01,654,54.974015,0.726853,0.505845,238.257304,16.309437,143.078442,1985.648408,73.594378,65.776044,89.848428,2.991771
S00050,L0002,T01,50,60.256442,0.47798,0.539367,329.949706,15.843744,137.635769,2037.556881,75.20841,67.368651,90.000379,1.76052
S00388,L0019,T03,388,29.825779,0.676599,0.437185,357.57071,21.348274,122.171209,2046.935241,74.987093,67.500024,89.640109,8.963742
S00125,L0006,T01,125,63.624983,0.194665,0.681907,282.179487,16.149681,152.109882,2049.073561,73.968516,63.461015,89.650216,3.494615
S00736,L0036,T03,736,35.58873,0.225957,0.71141,366.802775,19.405636,150.861952,2237.787717,74.483176,66.06295,89.952515,4.602999
S00462,L0023,T01,462,25.730198,0.532743,0.614776,379.348221,16.981367,159.8075,2309.745934,72.7377,69.669057,89.925078,2.097333
S00582,L0029,T02,582,36.470047,0.237321,0.468496,288.012786,22.143262,142.740321,2062.432908,75.305779,68.26789,89.707124,7.499728
S00161,L0008,T02,161,31.912241,0.801295,0.732637,363.80325,16.41719,143.414945,2122.526243,74.949983,69.834395,89.967929,1.59118
S00625,L0031,T01,625,48.313657,0.731398,0.555516,311.991966,15.998768,144.742391,1937.280479,77.608372,71.315642,89.838058,1.963998
S00479,L0023,T01,479,61.58865,0.564986,0.439026,334.561984,16.108824,140.114861,1926.496795,75.558945,68.249036,89.807516,4.351143
S00385,L0019,T01,385,32.208145,0.222336,0.564386,416.849498,19.960644,180.565047,2447.506043,74.113849,68.132607,89.899787,7.918216
S00249,L0012,T01,249,40.596224,0.163078,0.351894,317.620294,18.893939,142.533513,2097.702652,70.937333,65.126817,89.893736,6.035449
S00768,L0038,T01,768,37.400903,0.614273,0.487412,332.81958,21.653722,150.057873,2119.928048,73.099481,62.25195,89.975307,11.818151
S00137,L0006,T01,137,46.295152,0.770182,0.615999,260.879356,17.174783,144.740875,2027.078261,73.78613,67.119078,89.878958,4.268041
S00266,L0013,T01,266,32.209588,0.237279,0.563363,316.74126,14.168115,116.058715,1988.727265,74.045128,69.03208,90.005197,-0.246702
S00507,L0025,T03,507,22.138292,0.25443,0.364298,310.541129,20.286839,138.637451,2154.083993,73.244797,67.226595,89.870051,6.226032
S00742,L0037,T01,742,28.692311,0.181612,0.409973,253.19967,19.104922,140.944351,2118.231901,74.25052,68.113674,89.850799,3.712607
S00546,L0027,T02,546,24.054141,0.209201,0.474636,348.27034,,135.902011,2260.957976,76.63615,71.613041,89.841626,4.863136
S00725,L0036,T03,725,46.196212,0.727067,0.728499,334.296367,18.1628,141.743373,1978.652599,76.257933,68.76385,89.626002,6.647516
S00257,L0012,T02,257,45.344301,0.514262,0.611055,339.098985,18.8996,144.6931,2121.022488,74.235045,67.879705,89.768062,6.323258
S00657,L0032,T01,657,49.767305,0.216133,0.749091,244.868094,23.288292,,2110.088602,73.071364,65.436172,89.736533,9.172012
S00549,L0027,T01,549,41.627931,0.525015,0.354324,308.759698,22.947397,147.887433,2067.622953,74.248894,62.986253,89.430484,11.597456
S00084,L0004,T01,84,31.525782,0.811432,0.395236,345.008491,23.081721,153.71113,2189.512498,74.5996,63.079795,89.857081,15.514373
S00033,L0001,T01,33,4.176217,0.411242,0.433399,340.254679,16.05805,160.826967,2160.636203,74.607479,70.106687,89.718786,2.317361
S00514,L0025,T01,514,,0.659211,0.71,351.015447,23.534608,140.520718,2107.630752,76.63938,65.580589,89.708679,12.874361
S00231,L0011,T01,231,28.026224,0.72751,0.469042,259.92216,20.282724,142.186931,2002.652039,75.097167,68.087039,89.655346,7.026963
S00162,L0008,T01,162,59.010655,0.320254,0.421705,368.804574,20.07229,136.411722,1993.995741,73.381049,62.484193,89.494585,8.499566
S00403,L0020,T01,403,36.264846,0.599825,0.387178,313.01601,22.506146,123.643545,1993.052696,73.443351,64.119492,89.570463,12.970527
S00143,L0007,T02,143,47.737688,0.480796,0.612077,334.918315,107.29251,164.105647,2164.182249,72.979487,62.895841,89.73272,9.69052
S00156,L0007,T02,156,52.935838,0.580763,0.643179,301.417361,23.428345,137.306964,1976.742307,73.369249,59.469063,89.916784,11.667635
S00279,L0013,T02,279,45.689029,0.533101,0.704276,310.691265,15.432595,145.575598,2010.515254,73.470744,67.606344,89.84555,0.159679
S00131,L0006,T01,131,28.490266,,0.4901,329.372892,21.010229,143.986968,2130.630292,74.549249,68.062853,89.65735,8.165821
S00569,L0028,T02,569,31.282168,0.482769,0.532588,358.019618,15.674782,151.782257,2191.490729,75.307665,72.257213,89.680826,1.610512
S00572,L0028,T01,572,63.66612,0.300227,0.607182,288.224266,19.94341,157.710179,2104.430724,75.430522,65.850759,89.869993,7.596268
S00177,L0008,T01,177,62.508377,0.475025,0.572005,339.395907,18.904446,151.390374,2084.909965,72.042461,62.936018,89.729732,4.221921
S00194,L0009,T01,194,43.132651,0.810019,0.659871,366.270219,21.452371,145.562642,2110.791116,74.250749,64.740654,89.451327,10.556365
S00152,L0007,T01,152,28.194696,0.646472,0.492403,329.84322,21.170643,162.894344,2285.187146,74.747833,67.116874,89.961686,7.358702
S00532,L0026,T01,532,33.028797,0.232751,0.511593,274.812039,21.846212,142.098681,2158.436893,73.587949,65.582586,89.660383,5.482338
S00023,L0001,T01,23,37.946758,0.829465,0.49096,291.912591,22.546108,148.724456,2068.056367,71.174905,61.412946,89.507898,14.841552
S00439,L0021,T01,439,30.534121,0.778694,0.635657,311.510107,19.470456,144.513686,2017.413367,73.928324,67.748693,89.558366,7.626178
S00214,L0010,T03,214,50.03904,0.202931,0.512088,399.004147,19.734091,136.252866,2132.28027,73.881287,66.183348,89.937769,6.401071
S00588,L0029,T03,588,61.057839,0.184938,0.711258,269.37979,15.83596,136.639781,1917.261983,74.161593,64.610933,89.80906,5.105211
S00783,L0039,T02,783,27.029142,0.678756,0.665182,312.837239,19.468534,164.924981,2216.14178,76.06447,69.538175,89.494196,7.231511
S00485,L0024,T02,485,40.927667,0.487188,0.590777,345.122725,21.379635,169.275832,2250.857866,73.384688,64.857398,89.967064,9.073692
S00644,L0032,T03,644,25.70881,,0.460846,315.951308,22.724537,135.826935,2109.36005,74.951216,67.631999,89.957464,13.048753
S00281,L0014,T02,281,57.499004,0.512708,0.449908,339.293102,20.52795,145.573163,1999.549444,74.932817,67.24357,89.600357,9.443493
S00409,L0020,T01,409,59.019732,0.538524,0.39077,259.81359,23.341083,142.576843,1996.64654,72.374083,60.543653,89.768659,6.31291
S00566,L0028,T03,566,37.200055,0.797711,0.462425,264.771055,16.60153,159.328496,2085.400847,75.053041,69.165953,89.87132,2.107731
S00096,L0004,T01,96,51.395882,0.34334,0.694455,293.427841,17.004168,159.489286,2139.722485,75.359648,67.992999,89.96944,3.553421
S00548,L0027,T01,548,63.013703,0.794994,0.520203,311.808925,15.210787,131.004346,1868.420037,74.980615,67.572355,89.83579,-1.323976
S00545,L0027,T02,545,29.826738,0.544616,0.734869,329.127502,17.135789,143.055096,2178.654426,75.180125,70.597877,90.015503,1.938772
S00110,L0005,T02,110,43.196172,0.802249,0.709091,359.128819,19.922059,151.962513,2137.204571,73.397765,64.556437,89.81315,8.402915
S00412,L0020,T01,412,,0.382082,0.701884,288.332444,20.711445,98.742302,1857.29473,74.397152,66.54052,90.587901,9.114949
S00060,L0003,T01,60,27.35599,0.385219,0.356727,312.748954,19.112544,151.257558,2226.005686,75.338121,68.622301,89.753604,4.461509
S00144,L0007,T01,144,28.945095,0.494103,0.4146,377.029352,17.353814,141.042857,2157.261368,75.67068,69.122109,89.820238,3.170998
S00007,L0000,T01,7,18.042275,2.670565,0.353748,380.418105,19.051789,130.964013,2235.037163,72.133808,67.906481,89.789785,1.376623
S00324,L0016,T01,324,18.777311,0.250401,0.744674,281.782944,19.160204,173.994776,2290.221422,72.664448,67.721633,90.07618,5.142132
S00358,L0017,T02,358,42.933175,0.440383,0.465145,292.253859,19.455991,147.061067,2096.835436,74.913796,66.669594,89.683565,6.534094
S00643,L0032,T01,643,48.696731,0.602476,0.554569,357.416856,16.013785,155.960866,2126.062688,75.240135,67.99831,89.972453,3.588189
S00662,L0033,T02,662,,0.441093,0.369998,280.323845,17.064382,152.271396,2060.277172,70.419665,64.818213,89.854148,1.10638
S00707,L0035,T02,707,34.06285,0.601148,0.654689,297.16996,18.864482,163.135828,2197.156347,74.666811,71.086415,89.986828,5.871392
S00075,L0003,T02,75,53.450612,0.45324,0.594619,450.848778,15.86092,142.785994,2127.521179,70.744938,63.35482,89.734823,3.341753
S00091,L0004,T01,91,37.616443,0.70924,0.374031,354.388017,19.163767,151.723212,2145.925823,71.965988,64.02216,89.814026,6.223301
S00436,L0021,T01,436,60.517731,0.776892,0.504059,355.401966,19.25044,130.843534,1916.487921,74.23592,64.119116,89.945375,7.681072
S00235,L0011,T01,235,41.865541,0.183697,0.462293,247.211249,19.863108,153.296472,2171.341066,73.060308,64.939228,89.755395,7.684934
S00697,L0034,T01,697,39.816645,0.615806,0.359527,308.326076,18.175927,145.359774,2087.911593,74.091387,67.065175,89.954217,4.752185
S00289,L0014,T02,289,19.595032,0.593494,0.657145,320.068982,19.593117,140.72258,2174.036265,75.839116,70.439235,89.749804,6.479482
S00362,L0018,T01,362,56.291683,0.348384,0.749601,370.527823,21.929279,,2027.832018,73.074824,61.84237,89.956341,9.212598
S00277,L0013,T03,277,30.858718,0.5392,0.70276,324.744662,17.436433,152.158636,2225.255363,73.194816,67.205731,89.953242,4.763233
S00612,L0030,T01,612,29.875751,0.221261,0.466194,337.568758,20.799179,134.941327,2169.984627,74.302996,66.952088,90.063453,5.19667
S00504,L0025,T01,504,34.951935,0.565307,0.385887,360.888462,18.924486,137.484642,2077.05589,74.01572,68.538857,89.737028,5.55244
S00583,L0029,T01,583,18.015103,0.201665,0.471837,346.078063,19.675746,126.525472,2179.376715,74.753707,70.723541,89.842954,6.069222
S00310,L0015,T01,310,18.140679,0.287149,0.410436,322.20178,20.000642,162.034864,2315.292449,73.916616,70.559621,90.034368,6.566093
S00786,L0039,T03,786,40.781332,0.210804,0.586408,338.700916,20.878252,134.492255,2100.839056,72.997852,66.056479,90.180818,6.204248
S00468,L0023,T03,468,56.26359,0.593147,0.520382,305.128237,22.337098,144.671661,2033.467586,72.9666,62.682973,89.739691,11.517644
S00674,L0033,T01,674,26.351299,0.219338,0.501943,359.595757,17.326835,152.414607,2304.394695,76.472879,73.37816,89.893753,5.325094
S00459,L0022,T02,459,47.09509,0.221643,0.606574,369.92613,15.683941,138.013585,2081.557652,72.795229,65.344739,89.914827,5.088767
S00038,L0001,T02,38,52.666886,0.692503,0.559275,288.97021,17.401701,117.507304,1919.952272,74.683137,67.502392,89.543598,2.502749
S00077,L0003,T01,77,44.788839,0.583305,0.366911,321.410256,21.697718,143.622562,2085.456014,69.566213,57.426553,89.971423,10.000136
S00203,L0010,T01,203,35.546916,0.722921,0.733401,335.889158,12.815922,148.369767,2120.454536,72.197709,70.023934,90.098931,-3.402721
S00677,L0033,T01,677,26.486155,0.67424,0.371496,340.386453,13.439861,146.540481,2165.803782,73.043967,71.833663,90.236859,-3.410848
S00105,L0005,T01,105,34.267376,0.197044,0.481674,357.280859,14.042339,119.988421,2058.323214,71.07187,65.347564,90.090655,2.023563
S00107,L0005,T01,107,53.997283,0.421041,0.496547,354.776139,19.96129,123.530963,1900.796325,75.151564,68.515275,89.612671,8.790329
S00010,L0000,T01,10,35.487519,0.303121,0.541815,332.126164,14.414478,147.290047,2152.803503,73.343569,68.235423,89.954837,2.742633
S00424,L0021,T01,424,50.099564,0.686949,0.618629,261.400821,23.922359,132.176099,1926.329606,73.351835,62.577525,89.133946,16.264417
S00438,L0021,T01,438,44.030814,0.668585,0.392643,287.103664,15.295755,146.771158,2061.688494,74.591531,67.549069,89.668256,1.007695
S00729,L0036,T01,729,28.584515,0.796339,0.364124,257.823217,18.795936,138.290009,2049.522893,74.513598,69.396428,89.9323,8.110809
S00384,L0019,T03,384,30.954038,0.448555,0.523223,287.496459,16.958535,144.468874,2134.422305,74.277269,68.65679,89.822525,4.46489
S00043,L0002,T01,43,40.965844,0.822193,0.552722,354.18375,17.166871,163.50897,2177.617914,75.83812,71.170521,89.680639,3.292575
S00404,L0020,T01,404,39.608874,0.552264,0.527775,375.982767,18.807316,130.036581,2007.503352,71.909242,63.536519,89.908846,6.861633
S00664,L0033,T01,664,,0.236937,0.604264,377.814927,19.279463,153.712289,2167.716297,73.899624,64.24449,89.5472,6.154411
S00539,L0026,T01,539,38.427693,0.723844,0.429293,276.101469,17.030365,144.232338,2058.05071,74.118176,68.978854,89.772169,2.211044
S00321,L0016,T02,321,58.144505,,0.384546,314.219836,,95.068359,1723.527649,76.898589,68.216456,89.736144,6.471217
S00760,L0038,T02,760,49.603119,0.482073,0.612451,323.466786,23.01134,140.189453,2050.183002,71.433094,61.049267,89.488676,11.970155
S00172,L0008,T01,172,36.210241,0.164411,0.609413,328.742729,17.299293,157.824171,2180.90932,73.712132,66.079346,89.755361,3.514382
S00000,L0000,T02,0,35.665446,0.218688,0.386532,308.03518,23.528691,143.812025,2177.289526,73.496858,66.265104,89.837499,8.319487
S00698,L0034,T02,698,40.752637,0.182038,0.570181,323.009154,21.836601,137.47064,2082.911891,74.389651,65.605718,89.972973,7.975868
S00501,L0025,T03,501,37.575242,0.747278,0.408344,329.763384,20.086063,130.592241,1984.687528,72.313294,67.344895,89.902188,7.942949
S00617,L0030,T01,617,38.890672,0.742895,0.72185,333.049184,15.994264,123.956024,2018.989544,72.176,65.91222,89.564716,1.888513
S00604,L0030,T02,604,29.613482,0.237981,0.611147,249.93792,16.492979,128.094512,2017.739532,72.260702,66.801145,89.801964,3.490406
S00464,L0023,T02,464,30.869014,0.604126,0.424667,324.691593,17.518655,152.695088,2182.830276,72.761692,65.342837,89.819613,3.457282
S00530,L0026,T01,530,46.872344,0.325766,0.5213,273.027209,16.769675,141.186345,1967.54865,74.427824,69.012742,89.627188,3.878887
S00079,L0003,T01,79,29.819875,0.412155,0.612,353.785633,19.763073,162.675256,2267.881119,73.619365,67.28484,89.940235,4.211686
S00480,L0024,T01,480,25.843681,0.790199,0.587679,305.656726,21.672482,145.933581,2046.795596,72.989226,64.927117,89.951954,9.94759
S00065,L0003,T01,65,27.010649,0.554072,,287.678571,22.102163,164.619966,2203.523932,74.602361,67.285895,89.875927,8.65894
S00292,L0014,T01,292,26.453084,0.515123,0.407121,231.019449,14.328225,139.193093,2074.993091,74.52487,71.764525,89.946519,-0.511021
S00040,L0002,T03,40,52.765003,0.841461,0.42605,320.545649,17.699136,149.913472,2042.570004,75.070421,67.684476,89.943119,4.474367
S00691,L0034,T02,691,32.287994,0.524575,0.555703,304.042991,15.251758,108.694792,1965.999002,75.002501,70.517051,89.808534,0.34254
S00461,L0023,T02,461,55.94142,0.514934,0.367736,309.168498,21.283234,163.020395,2027.126455,74.132054,63.592374,89.51184,10.136109
S00518,L0025,T01,518,56.201794,0.249725,0.356023,235.060573,14.416662,173.881345,2169.532075,73.970795,66.017837,89.939632,4.706876
S00138,L0006,T02,138,51.612232,0.557085,0.489132,254.587584,26.623571,158.240954,2099.812232,73.473606,60.086136,89.593539,15.832326
S00428,L0021,T01,428,62.717948,0.664798,0.512346,330.47759,16.153143,139.335617,2017.991191,73.339084,65.434283,89.855332,2.507806
S00287,L0014,T01,287,55.023817,0.644934,0.362823,311.748089,18.745004,,1845.368577,74.966807,64.788283,89.764993,7.017754
S00520,L0026,T01,520,35.986997,0.505671,0.593601,290.310012,16.902173,151.539822,2114.898789,73.86768,68.380746,89.860854,3.961942
S00586,L0029,T03,586,20.177365,0.186554,0.483715,285.236988,17.643416,157.455027,2242.57633,72.669608,70.202952,89.873643,2.213098
S00187,L0009,T03,187,22.885296,0.444273,0.729532,285.066859,21.426461,133.02874,2046.958647,74.885331,69.988593,90.052118,7.564885
S00641,L0032,T01,641,19.866708,0.737749,0.580322,346.750493,20.888487,143.759062,2181.551453,74.950876,70.259725,90.161338,8.019273
S00779,L0038,T01,779,27.252065,0.759448,0.438918,278.322752,18.219201,122.57133,1990.582222,72.661529,66.159252,89.826934,4.73564
S00711,L0035,T02,711,39.482271,0.478066,0.409779,301.929624,14.554373,138.371752,2092.525426,75.237563,71.339474,89.870235,0.677952
S00124,L0006,T01,124,28.330299,0.712907,0.617506,354.431374,17.267554,129.751909,2064.939478,73.724496,70.079092,90.109285,3.186533
S00505,L0025,T02,505,39.012616,0.449289,0.372,359.680037,20.745414,132.661737,2148.635353,73.032429,66.18092,89.571506,8.337315
S00317,L0015,T01,317,41.127065,0.150112,0.553371,320.102171,24.51996,134.27246,2046.22221,71.564591,62.530885,89.927158,7.536502
S00329,L0016,T01,329,60.831872,0.613935,0.600287,336.372842,20.560898,151.124707,2023.113239,73.745434,63.519279,89.52488,10.883604
S00002,L0000,T01,2,34.885711,0.238172,0.424483,328.65818,16.484066,152.711777,2187.927684,75.499705,69.606531,89.60663,3.479033
S00516,L0025,T02,516,40.394824,0.303784,0.383332,291.678585,20.332441,161.8306,2137.599297,76.091035,70.13918,89.972561,6.668086
S00103,L0005,T03,103,61.817409,0.402653,0.439678,288.18838,21.058602,166.906636,2087.133586,75.401145,65.068434,89.634413,8.444395
S00135,L0006,T01,135,35.840188,0.668032,0.627958,249.659124,19.09537,135.224918,1934.468596,73.762347,67.132076,89.738242,6.590877
S00598,L0029,T01,598,47.841668,0.292483,0.485212,279.144954,18.642849,146.574843,2039.533441,75.636345,70.041473,90.036352,5.317232
S00094,L0004,T01,94,32.582011,0.513009,0.416313,332.922574,19.602088,142.363011,2095.984605,73.557964,65.684134,89.430223,6.427795
S00667,L0033,T02,667,56.23061,0.226733,0.596727,378.987597,18.426178,136.220557,2054.137188,72.972093,65.197808,89.553333,6.980558
S00781,L0039,T02,781,46.122792,0.394311,0.532507,348.306142,26.072157,132.884265,2042.951402,74.388345,64.118465,90.014611,11.986472
S00246,L0012,T01,246,39.825028,0.624146,0.707346,390.563903,16.736734,182.56937,2342.006429,77.464691,72.551842,89.921082,2.792676
S00498,L0024,T01,498,63.331086,0.841814,0.581738,360.068788,14.256214,132.392194,1952.488164,73.048768,67.23884,89.533321,-3.244184
S00379,L0018,T01,379,18.79487,0.80612,0.739003,341.105219,15.484471,160.582141,2292.137416,74.796934,71.217334,89.828136,-1.379909
S00792,L0039,T02,792,23.302492,0.667006,0.437253,320.434448,19.046672,179.098529,2299.164928,73.432838,69.021809,90.126867,5.378887
S00142,L0007,T02,142,63.338261,0.371175,0.602482,377.956655,23.035733,,2044.678438,73.090051,60.631858,89.654967,11.64945
S00621,L0031,T02,621,62.267405,0.340407,0.390739,347.644168,20.066104,125.250829,1923.159542,72.545798,64.223212,89.559622,7.775231
S00361,L0018,T01,361,32.280455,0.241143,0.60025,326.048035,13.379678,139.548501,2096.940961,74.984235,69.61872,89.954857,2.441515
S00108,L0005,T01,108,41.077163,0.636471,0.70525,290.491348,17.841426,154.856318,2084.717086,73.112218,66.108127,89.718463,3.463343
S00460,L0023,T02,460,42.210764,0.277971,0.402963,357.607739,17.014489,144.242883,1895.128183,72.809002,67.894569,90.265124,4.806004
S00129,L0006,T01,129,20.514878,0.247448,0.446434,328.146143,17.223785,153.743489,2248.623033,74.229355,69.017729,90.009815,3.95155
S00168,L0008,T02,168,19.77001,0.643651,0.463079,305.832521,18.624847,128.065494,2041.878746,76.899319,73.700935,89.670155,4.911793
S00679,L0033,T01,679,52.727504,0.265457,0.572634,317.428587,17.90689,140.615939,2067.748579,74.454701,65.152625,89.767822,6.20166
S00622,L0031,T01,622,38.25828,0.757632,0.657013,309.7558,23.255205,140.802061,2059.706304,73.173315,62.599431,89.385035,15.444067
S00628,L0031,T03,628,32.723734,0.196424,0.466954,247.171762,15.526153,154.230974,2166.614419,75.36322,71.13467,89.807409,4.312606
S00496,L0024,T01,496,60.844341,0.657211,0.576943,289.770209,16.006908,119.178387,1889.914762,75.111998,65.988106,90.10336,3.521005
S00693,L0034,T02,693,40.655561,0.78898,0.532535,291.785056,18.782268,147.965874,2013.76093,74.441071,66.025121,89.630694,6.78262
S00030,L0001,T01,30,60.704649,0.463333,0.685132,304.626531,16.533746,163.232798,2111.777716,73.956969,65.920734,89.951205,3.985532
S00243,L0012,T01,243,47.451525,0.300948,0.476472,357.017938,21.196535,123.337537,2026.328518,71.141346,61.19389,89.822874,6.53487
S00184,L0009,T01,184,47.67728,0.567699,0.713905,321.216863,22.19682,162.581323,2173.910352,74.420738,63.215346,89.6241,8.295519
S00512,L0025,T02,512,56.36858,0.513705,0.683008,315.53529,18.814355,150.485668,2061.512395,75.334431,68.204387,89.56859,6.682761
S00024,L0001,T02,24,21.319612,0.699844,0.684522,323.483466,,129.50861,2015.501661,72.883817,63.792677,89.500402,13.492348
S00687,L0034,T01,687,22.965115,0.472805,0.362722,242.061956,17.302876,123.397883,1936.404452,74.614541,69.451792,90.367049,3.028716
S00709,L0035,T02,709,21.712132,0.208021,0.569337,321.73357,20.313104,136.167741,2149.610991,73.89816,68.172604,89.966587,4.540828
S00431,L0021,T01,431,35.740939,0.170026,0.510479,417.54125,17.038961,151.247109,2184.077981,71.284726,64.261303,89.837922,4.325833
S00682,L0034,T01,682,60.927344,0.267523,0.692693,327.48863,18.008615,152.884213,2122.501697,74.856873,66.459079,89.497224,4.92326
S00423,L0021,T01,423,35.061363,0.712875,0.665459,296.507553,16.28678,144.259172,2122.104537,73.99661,66.785385,89.749962,1.930081
S00663,L0033,T01,663,26.71385,0.386157,0.460758,358.646933,20.131858,151.875065,2250.513869,74.495924,69.043917,89.753351,6.824601
S00147,L0007,T01,147,59.983459,0.613433,0.677602,345.233087,19.810906,135.952975,1943.243859,76.079662,65.929864,89.423903,9.227033
S00274,L0013,T01,274,24.651843,,0.366588,326.668544,17.624097,139.95413,2155.445601,74.061865,71.769108,90.200338,3.019049
S00095,L0004,T03,95,48.814227,0.466633,0.557256,333.27391,19.970108,133.303949,1993.146299,75.126391,67.114863,89.912501,8.906242
S00559,L0027,T01,559,36.159595,0.385674,0.550911,286.89844,17.762131,116.193917,1951.19992,72.322529,65.670129,89.713295,5.130217
S00210,L0010,T01,210,46.555369,0.607787,0.363922,293.898461,20.461463,155.906933,2114.183462,73.818472,65.237984,89.979955,8.153592
S00506,L0025,T01,506,62.18857,0.533693,0.581305,339.895257,,142.275253,2003.830913,74.584508,66.404488,89.569591,3.700999
S00291,L0014,T01,291,40.48041,0.495438,0.426738,314.90265,20.241402,146.685937,2108.616994,74.339594,65.860731,89.726144,7.970745
S00049,L0002,T03,49,53.034473,0.287547,0.458604,280.818388,17.781864,151.206111,2046.831378,74.308952,66.910004,89.383775,7.824774
S00258,L0012,T02,258,44.041779,0.228426,0.721032,327.617298,194.30328,167.906945,2226.411631,77.567354,71.363853,89.958662,5.536039
S00159,L0007,T02,159,20.678788,0.697197,0.531035,289.061039,19.447763,152.166122,2162.656804,75.929818,72.623289,89.898964,5.061842
S00312,L0015,T01,312,36.730067,0.671794,0.622153,317.19592,18.307216,156.164467,2163.461591,73.851462,67.482381,89.965323,5.223051
S00419,L0020,T01,419,39.088444,0.289966,0.726373,334.297307,15.652124,134.277189,2071.919554,74.868168,70.756294,89.886756,3.9538
S00295,L0014,T01,295,59.621334,0.323898,0.404159,271.171641,,147.204861,1976.567598,73.571094,65.686307,89.727807,5.565323
S00149,L0007,T03,149,37.658737,0.626602,0.624453,330.133094,19.214654,150.811012,2168.046941,76.493055,69.580743,90.058819,6.438774
S00132,L0006,T01,132,42.086658,0.466275,0.382642,377.139993,21.927697,135.511722,2080.205694,73.306189,64.822154,89.769521,8.683383
S00597,L0029,T01,597,45.538516,0.407364,0.403897,280.642113,19.176745,157.561887,2084.8338,72.666837,63.704008,89.69061,7.499629
S00339,L0016,T02,339,22.159217,0.160417,0.740687,279.974548,18.687973,127.669836,2028.428415,72.844851,67.533463,90.015354,4.591203
S00521,L0026,T01,521,59.927713,0.161808,0.443771,313.907697,18.875901,156.523312,2163.925532,74.806357,66.712899,89.813828,5.504076
S00636,L0031,T02,636,29.309582,0.490292,0.397198,433.256746,18.679556,129.938581,2194.913095,74.373576,71.872636,89.858334,3.246088
S00476,L0023,T01,476,56.630916,0.659747,0.484145,189.349558,21.23642,135.202488,1876.318942,74.134442,64.861372,89.757018,11.027571
S00071,L0003,T01,71,24.181905,0.37694,0.362891,288.150153,15.940761,140.531572,2105.750198,74.91741,71.172656,90.117151,2.642928
S00054,L0002,T01,54,18.921059,0.260465,0.710427,354.018516,22.654513,,2212.649364,74.963663,69.059375,90.013545,6.950044
S00547,L0027,T01,547,19.145905,0.596233,0.695401,359.673414,19.616729,161.533115,2338.552829,73.861591,70.163012,90.06453,5.531572
S00741,L0037,T02,741,42.153141,0.53138,0.691607,263.470643,21.57066,129.94485,1957.773315,72.150715,62.75361,89.556037,8.924105
S00749,L0037,T01,749,19.330317,0.348287,0.413549,304.284352,19.620433,,2240.075114,75.518624,70.247635,89.848231,6.588422
S00647,L0032,T01,647,18.447995,0.388922,0.558044,315.360137,20.501568,131.380267,2147.127707,75.828106,71.085839,90.037589,5.006501
S00596,L0029,T02,596,25.031861,0.710698,0.697252,254.220483,18.974925,150.026541,2087.226631,72.820178,66.831346,89.772205,5.832706
S00758,L0037,T02,758,28.569284,0.789318,0.704394,397.942333,21.116434,145.29306,2201.478704,75.588589,66.992799,89.657741,10.318938
S00661,L0033,T03,661,42.234957,0.75992,0.581253,322.162728,,154.0513,2100.121561,74.670749,68.441793,89.745504,5.516652
S00425,L0021,T02,425,61.086771,0.276737,0.683224,313.359194,18.969752,145.191551,2037.92183,73.905368,62.874243,89.670527,7.35886
S00326,L0016,T03,326,53.968348,0.31974,0.699683,336.514664,19.821879,145.677149,2066.774887,75.372484,66.481352,89.750408,7.606791
S00427,L0021,T01,427,60.059402,0.481023,0.515004,254.11924,19.192224,154.098824,2034.954941,75.556231,66.490814,89.463861,7.299335
S00102,L0005,T02,102,60.081631,0.600528,0.583889,340.074695,21.954254,144.51721,2008.651801,74.763139,61.547357,89.611371,10.705483
S00189,L0009,T01,189,42.138409,0.295621,0.54905,299.890927,19.927987,124.325711,1956.969477,73.971906,66.054696,89.605536,5.888536
S00233,L0011,T01,233,26.516866,0.402879,0.386303,352.717974,15.327332,129.828036,2092.017714,75.259707,71.004247,90.194697,1.494635
S00272,L0013,T01,272,58.796794,0.843476,0.517319,,16.884263,164.499032,1985.141588,72.602296,64.198802,89.824807,2.54659
S00615,L0030,T01,615,53.352047,0.354747,0.576291,209.794604,21.81994,156.520099,2010.593857,74.690302,65.860347,89.700031,6.286787
S00640,L0032,T01,640,50.242612,0.612246,0.420045,268.970555,18.793285,134.535893,1976.572283,73.637995,66.548455,90.088604,7.910837
S00415,L0020,T02,415,39.47051,0.407369,0.446314,357.610449,21.579202,142.857344,2104.745711,75.472551,66.151717,89.355075,9.150289
S00004,L0000,T01,4,35.483146,0.329188,0.52936,296.815683,20.660033,149.942891,2144.660687,74.36637,66.85018,89.672637,7.284043
S00341,L0017,T03,341,50.501216,0.553892,0.550771,354.27527,14.502358,149.1708,2076.967428,73.170953,66.973149,90.204196,2.726828
S00009,L0000,T01,9,33.879682,0.404948,0.402767,321.695165,20.714403,158.866031,2207.933406,74.743114,66.529269,89.422441,7.491991
S00008,L0000,T03,8,34.506749,0.187879,0.679892,376.629729,15.699514,131.850637,2168.84016,72.20764,67.868775,89.856355,2.014283
S00455,L0022,T01,455,22.47673,0.781971,0.711602,333.807366,18.138713,148.487794,2132.263415,76.02235,71.32056,89.692201,4.250913
S00616,L0030,T01,616,23.615292,0.178578,0.650044,,19.254104,127.613611,2134.73938,74.863241,68.267401,90.051155,3.984492
S00201,L0010,T01,201,30.131263,0.237827,0.358486,284.957181,20.403165,133.474707,2078.317909,75.142343,71.271104,90.106918,2.873919
S00282,L0014,T02,282,28.543229,0.671403,0.574226,354.301837,19.056399,156.360448,2229.655293,72.492194,66.038692,90.060113,5.413515
S00471,L0023,T01,471,32.599708,0.379288,0.568794,293.309759,20.868675,142.99175,2150.724294,73.946021,67.249635,89.70109,5.868333
S00594,L0029,T02,594,60.594165,0.83358,0.614779,279.269974,17.218775,134.854494,1893.134944,74.548064,64.083146,89.858964,4.086601
S00303,L0015,T02,303,49.510102,0.253525,0.647433,277.605862,18.926673,162.770961,2082.44683,72.819525,62.484834,89.728046,5.042226
S00675,L0033,T01,675,36.901049,0.482277,0.641801,312.193218,17.360084,150.096481,2153.959382,74.27037,68.576287,89.782802,3.962611
S00293,L0014,T02,293,64.06497,0.156359,0.418719,295.992619,16.323115,149.680108,2045.31545,76.80726,67.14519,89.416471,5.694333
S00740,L0037,T02,740,50.206855,0.615202,0.474644,348.956475,20.421711,167.619266,2157.961643,73.113086,64.030538,89.627084,9.728305
S00573,L0028,T01,573,31.894958,,0.513806,351.853397,21.514632,122.412632,2069.41235,73.805351,67.854235,89.854641,6.777657
S00417,L0020,T01,417,63.63512,0.328272,0.417269,361.167227,14.014094,153.930494,2083.066976,73.970696,65.884277,89.53298,5.278278
S00544,L0027,T01,544,64.412704,0.693823,0.735673,363.527451,20.355967,107.529574,1783.607534,75.310874,65.50679,89.502329,10.697291
S00355,L0017,T01,355,48.8432,0.633482,0.636927,293.820836,20.191965,164.464548,2197.94148,73.397164,64.710818,89.343907,8.97849
S00639,L0031,T02,639,48.444211,0.395737,0.678118,298.234731,17.024349,135.104913,1971.48505,75.103624,67.551138,89.710612,2.850136
S00565,L0028,T01,565,23.666228,0.387527,0.653323,353.476076,17.615979,139.493076,2200.412274,73.565696,70.752821,90.183542,4.025198
S00221,L0011,T02,221,41.107688,0.378251,0.607279,285.898808,15.001952,136.04346,2020.83572,74.45496,69.114525,90.142585,1.422996
S00510,L0025,T02,510,47.120239,0.449178,0.467356,303.60728,21.672779,168.954825,2170.443365,74.794795,66.036845,89.704481,10.45886
S00490,L0024,T02,490,57.618918,0.209909,0.586959,341.103365,18.281431,137.028845,1989.706119,76.864906,67.732671,89.860358,6.660562
S00487,L0024,T01,487,38.620876,0.839813,0.509307,356.581329,15.017288,168.401577,2265.259817,71.832248,67.935379,89.923088,-2.054393
S00247,L0012,T01,247,34.124651,0.701014,0.555391,319.980147,17.724074,127.505708,2051.346471,76.22216,70.160366,89.884675,6.554916
S00237,L0011,T01,237,25.127375,0.456408,0.562807,293.146091,20.218699,159.137085,2287.045529,72.128482,64.314338,89.655126,7.476665
S00509,L0025,T01,509,45.868228,0.760397,0.351425,285.36573,18.068487,149.405771,2077.692522,75.911541,68.818766,89.683604,4.91302
S00493,L0024,T01,493,48.357826,0.378353,0.689082,211.275498,16.370503,116.771877,1830.614188,73.026344,64.290731,89.792251,3.6648
S00488,L0024,T03,488,52.201747,0.480398,0.456359,325.453979,20.256855,155.035472,2093.237873,74.439635,64.013344,89.514224,7.90605
S00183,L0009,T01,183,51.859676,0.291118,0.372869,299.163157,16.828197,161.883753,2123.910707,74.802813,64.809728,89.947064,7.523931
S00101,L0005,T01,101,64.83674,0.480317,0.594533,313.705164,21.491716,140.553102,1969.667108,75.268095,62.652687,89.657589,9.984155
S00536,L0026,T01,536,58.888456,0.248373,0.596439,341.663314,16.534413,136.8426,2049.444269,77.804036,68.559139,89.82687,5.190708
S00633,L0031,T01,633,20.880074,0.590318,0.487984,323.065819,17.321868,141.445766,2210.878156,78.257518,74.657079,89.956663,3.257104
S00715,L0035,T03,715,21.375917,0.572221,0.387305,336.295422,18.528195,139.428105,2145.203928,76.311503,72.102676,89.940311,5.561805
S00678,L0033,T01,678,33.585737,0.478837,0.511601,347.417012,18.193746,150.224487,2115.822574,73.688997,69.062459,89.756363,5.829118
S00136,L0006,T02,136,19.628448,0.337924,0.691942,352.0152,22.679974,143.937484,2263.097805,74.898337,70.483413,90.034443,6.602065
S00452,L0022,T02,452,39.816873,0.407414,0.552168,296.211744,16.132221,167.981136,2207.02293,73.750548,67.530095,90.183526,1.456336
S00671,L0033,T01,671,44.603647,0.473889,0.658523,246.948704,16.890495,168.743633,2132.900425,71.842726,64.048695,89.76256,4.126983
S00111,L0005,T01,111,32.188972,0.802704,0.728758,,19.647236,148.27208,2131.085699,74.502331,66.735238,89.799186,5.398233
S00097,L0004,T03,97,47.482954,0.489559,0.436528,371.936077,20.013394,145.540547,2135.839293,74.583993,66.287569,90.182469,7.345148
S00378,L0018,T02,378,45.141014,0.381988,0.407212,337.125253,17.998163,140.952063,2033.634459,73.315547,65.513391,89.993328,4.619833
S00202,L0010,T01,202,48.24886,0.701378,0.747986,285.859876,14.501598,141.776434,2012.252458,74.713857,67.729935,89.323026,-2.398974
S00629,L0031,T01,629,53.760399,0.688394,0.713497,383.38993,22.301342,167.795465,2161.307748,74.75208,64.080898,89.625704,11.775861
S00744,L0037,T01,744,60.194461,0.41418,0.625454,325.933426,15.424953,153.425283,2087.339638,72.391737,64.312991,89.810828,4.143324
S00638,L0031,T02,638,46.110602,0.375256,0.399379,286.468363,23.085944,138.468601,1958.581901,75.10051,67.539554,89.74795,9.343847
S00446,L0022,T01,446,52.657774,0.776117,0.45095,294.383898,18.867727,168.391067,2126.675357,71.49211,60.759413,89.48539,7.373108
S00723,L0036,T01,723,48.545022,0.584707,0.673417,301.033805,19.22141,145.84819,2024.343989,71.593014,63.679203,89.403751,5.54621
S00535,L0026,T02,535,47.096181,,0.399308,367.969221,18.175223,155.88117,2197.539735,76.489181,68.551739,90.063812,5.155794
S00227,L0011,T01,227,28.289255,0.622073,0.351398,257.485769,21.69792,138.178178,2043.898615,74.969444,67.298847,89.785615,9.402667
S00294,L0014,T01,294,39.402789,0.214112,0.70122,334.599262,17.102766,145.394702,2117.659871,75.02657,69.577094,90.132943,3.847232
S00570,L0028,T01,570,49.997561,0.570411,0.676458,300.55441,18.384233,146.457147,2036.033676,76.274161,67.397606,89.571999,4.84517
S00449,L0022,T01,449,48.911684,0.70774,0.684017,327.239929,19.227211,147.126796,2011.746771,74.261485,66.271257,90.145115,6.222668
S00025,L0001,T01,25,61.073709,0.724314,0.595109,245.640108,16.52264,144.633667,1917.672963,71.434627,62.398647,89.686812,2.089859
S00121,L0006,T02,121,52.449632,0.203656,0.565823,313.180584,19.296056,135.522177,2015.022023,73.802416,66.059849,89.916735,7.28598
S00450,L0022,T01,450,18.360981,0.228387,0.53141,288.891607,16.711902,147.283846,2228.291879,70.897147,67.377932,89.852426,1.22583
S00590,L0029,T01,590,27.519882,0.331967,0.668865,310.640023,13.923247,144.919176,2156.227797,71.343631,68.795311,90.116557,2.19699
S00034,L0001,T01,34,57.256045,0.153199,0.619831,331.269653,18.718313,180.803065,2254.935893,72.779849,65.159435,89.638015,7.214029
S00242,L0012,T02,242,59.944146,0.408337,0.474732,,17.123718,158.338893,2131.198325,73.765096,63.155909,89.765708,4.13622
S00123,L0006,T01,123,34.792364,0.701318,0.366685,328.583129,15.570113,148.895842,2105.668952,73.380244,69.225391,89.87249,1.167379
S00473,L0023,T02,473,20.057093,0.180118,0.498467,388.44041,19.969371,147.990775,2306.353042,74.779335,70.094928,90.183683,5.538525
S00224,L0011,T01,224,47.403437,0.842931,0.627593,294.394932,20.138391,132.571488,1974.415671,72.703621,62.2158,89.671998,8.626015
S00761,L0038,T01,761,44.795489,0.485895,0.629658,340.568622,19.612786,146.666783,2092.64846,72.743462,67.159403,89.780909,7.597927
S00134,L0006,T03,134,61.371785,0.570174,0.655689,313.251924,17.327264,153.743693,2009.461765,74.901076,65.2782,90.047936,5.799655
S00773,L0038,T03,773,51.846134,0.380024,0.665703,299.0076,22.519594,158.598012,2143.218539,72.359798,60.549006,89.835206,11.081502
S00538,L0026,T01,538,46.740116,0.54394,0.460671,319.222874,21.454104,149.780273,2123.574668,76.202578,68.319814,89.515993,8.383039
S00011,L0000,T01,11,32.127631,0.557994,0.480591,306.07104,17.895811,172.049404,2238.312413,72.56755,67.883468,89.794827,4.232319
S00653,L0032,T01,653,29.145702,0.223648,0.40723,,19.124661,140.426796,2141.918205,74.085215,66.970223,89.877076,6.353814
S00529,L0026,T01,529,37.478549,0.687877,0.692616,257.618282,22.38914,150.851442,2089.013622,73.767506,66.004107,89.239062,12.971516
S00651,L0032,T01,651,38.181723,2.16529,0.554289,283.499531,21.257194,134.34192,2010.785833,72.802964,64.156567,89.833507,9.19296
S00015,L0000,T01,15,41.561164,0.576523,0.598861,390.39971,20.078446,151.62211,2194.96483,73.734715,66.876364,89.989874,7.511751
S00236,L0011,T01,236,64.807702,0.199122,0.636442,345.450288,18.016827,147.057627,2045.17298,77.066169,67.51554,89.736217,5.189528
S00112,L0005,T02,112,53.58393,0.449606,0.538622,411.570247,21.546669,156.686374,2226.246453,72.484191,62.922715,89.823147,9.041331
S00377,L0018,T02,377,60.792966,0.575586,0.52887,315.770636,21.49803,153.150276,2062.110073,74.920984,63.560197,89.714447,10.852372
S00772,L0038,T01,772,22.052864,0.490384,0.570358,399.205836,20.693921,171.520008,2374.243569,71.867594,67.127298,90.10624,6.590817
S00560,L0028,T02,560,51.085108,0.562208,0.411624,314.900985,23.570845,139.827879,2014.255661,77.463569,67.682795,89.873386,13.341011
S00073,L0003,T01,73,56.788499,0.680877,0.614428,313.911139,25.87426,130.983847,1939.19414,74.075478,57.920485,89.672563,20.907761
S00234,L0011,T02,234,53.732125,0.679398,0.632462,320.099762,16.708081,149.813981,2071.194317,73.98181,68.364445,89.900407,3.565781
S00169,L0008,T01,169,41.512965,0.774888,0.458238,268.258702,20.780866,122.340929,1890.574597,70.25737,61.869102,89.913608,9.568129
S00712,L0035,T01,712,26.978647,0.427665,0.468014,360.18972,22.768209,137.747075,2150.841451,74.239667,66.644321,89.588644,9.856383
S00356,L0017,T02,356,46.042205,0.259168,0.545063,310.225367,22.23134,158.752706,2128.058873,72.921564,65.297518,89.803934,8.183637
S00489,L0024,T01,489,46.273668,0.680077,0.693804,278.731757,16.885482,143.199584,1981.564718,74.74438,68.319104,89.812853,4.867636
S00552,L0027,T01,552,64.865113,0.757918,0.523321,272.397395,21.25693,144.154837,1933.648433,72.685032,59.126584,89.574099,11.916289
S00241,L0012,T01,241,49.322027,0.618591,0.389533,286.900373,21.443043,180.444509,2260.251441,75.02342,63.631916,89.863596,11.195457
S00351,L0017,T03,351,53.008367,0.444029,0.469878,409.410343,17.13773,140.035791,2097.684985,72.940899,65.270319,89.907802,7.155264
S00165,L0008,T03,165,61.106356,0.52165,,250.11552,20.968186,140.250128,1920.476305,71.255791,59.764843,89.624423,10.554785
S00003,L0000,T01,3,40.727153,0.348495,0.702679,289.59485,,141.738695,2090.899434,74.629223,70.201358,89.724561,3.022125
S00581,L0029,T01,581,28.354079,0.832403,0.353735,363.17467,19.224062,159.548696,2239.560718,77.315916,71.162713,89.60267,7.747769
S00199,L0009,T01,199,35.75679,0.827623,0.591294,307.131264,16.549654,130.556369,2011.19574,72.743026,66.733498,89.473844,1.017395
S00523,L0026,T01,523,47.190595,0.44678,0.417397,305.296746,18.473909,156.116474,2120.568258,73.86511,66.841731,89.738478,6.169717
S00347,L0017,T01,347,41.559258,0.342426,0.736506,387.778145,18.229685,168.948651,2381.557684,74.343896,66.947548,89.781624,5.718096
S00155,L0007,T02,155,60.78036,0.672624,0.385782,319.09031,16.51608,133.157766,1941.142444,76.33956,69.28757,89.799392,4.150927
S00380,L0019,T03,380,61.788885,0.710922,0.40012,290.458913,15.507495,140.842667,1914.030012,75.593826,68.793885,89.810921,1.924539
S00676,L0033,T01,676,46.171225,0.319106,0.520745,350.160583,20.995756,141.040251,1993.840395,74.598383,66.688445,89.70451,6.705817
S00635,L0031,T01,635,33.050831,0.6091,0.363856,365.224695,15.752819,120.810265,2073.663255,74.58971,69.012042,90.077691,2.532081
S00207,L0010,T02,207,31.032137,0.261021,0.459098,320.617498,21.120695,156.586928,2216.868866,75.413109,69.15329,89.657782,3.924943
S00191,L0009,T01,191,61.37123,,0.367282,323.825072,18.897059,154.208905,2139.159159,75.099625,65.063776,89.896294,6.364439
S00005,L0000,T02,5,63.013814,0.729232,0.599114,331.879072,20.91998,122.233412,1886.670703,73.4467,61.180021,89.634665,9.669826
S00264,L0013,T02,264,58.119838,0.165672,0.71132,292.606112,14.499831,183.552711,2211.949985,75.493101,65.021675,89.901698,2.935298
S00445,L0022,T01,445,39.298459,0.511326,0.385985,329.908202,17.090515,166.107704,2215.399332,72.881933,66.830331,89.87553,1.867285
S00478,L0023,T01,478,19.93419,0.794589,0.637327,275.94353,20.691727,151.71513,2154.12986,73.693474,67.946457,89.806769,8.838701
S00765,L0038,T01,765,24.518482,0.716159,0.740213,310.154536,19.647326,159.284819,2184.434561,74.919584,68.86405,89.923637,6.996
S00330,L0016,T02,330,60.226728,0.163769,0.62838,306.807517,15.953132,120.058319,1856.452559,71.742149,61.811279,90.005497,5.536861
S00115,L0005,T01,115,40.865368,0.511252,0.585153,246.06311,15.318662,163.524026,2044.539004,72.247694,68.735862,89.695228,1.995439
S00066,L0003,T01,66,31.92526,0.680803,0.499199,309.69827,21.229656,153.951812,2159.061254,73.729206,68.235446,89.967315,9.621369
S00443,L0022,T03,443,30.995811,0.749489,0.669897,322.25936,,146.464553,2078.437927,76.908494,70.074384,89.801303,8.211901
S00447,L0022,T01,447,22.168205,0.47877,0.504236,359.881392,16.963706,129.294161,2140.223897,72.203068,69.823575,90.08303,1.940151
S00171,L0008,T03,171,35.188526,0.548948,0.633014,242.938141,23.006802,156.221507,2132.977022,75.421415,66.78663,89.832387,11.452733
S00369,L0018,T01,369,49.150343,0.442801,0.641624,286.624754,180.76819,169.521198,2177.004626,72.796967,62.05772,89.879217,4.907544
S00599,L0029,T01,599,52.904203,0.722816,0.604031,278.340635,19.127479,135.481658,1911.367849,73.445186,65.71493,89.647456,8.493013
S00406,L0020,T01,406,58.446815,0.407781,0.589972,331.228855,13.65667,147.088122,2040.484393,73.889018,67.041588,89.573311,0.118227
S00059,L0002,T01,59,56.87003,0.38177,0.562687,356.030811,15.920344,,2117.36523,76.642118,69.669179,89.76037,3.522234
S00334,L0016,T02,334,19.985272,0.830283,0.733095,352.789246,17.511746,153.674721,2277.899147,72.977687,69.116759,89.597075,4.256672
S00320,L0016,T01,320,26.423636,0.316945,0.51659,370.583992,19.654401,138.237681,2137.371541,73.96176,69.218752,89.788616,5.004562
S00787,L0039,T02,787,64.772827,0.297438,0.491311,275.208365,21.841606,144.135193,1991.002952,75.430273,63.090537,89.436737,8.527819
S00226,L0011,T02,226,55.73051,0.367609,0.546037,364.28187,13.849013,150.954042,2062.544936,72.522069,66.351969,89.900804,2.210124
S00018,L0000,T01,18,53.853917,0.353923,0.657223,292.190678,18.215844,162.414523,2104.024513,71.99276,62.966447,89.861239,6.585489
S00031,L0001,T01,31,31.342625,0.396183,0.661578,342.596283,20.788491,134.881148,2093.855247,71.634683,65.911968,90.038153,6.542663
S00100,L0005,T01,100,19.905306,0.402116,0.529294,363.116588,19.119971,167.175507,2355.003297,75.323846,69.955396,89.760224,4.115923
S00252,L0012,T03,252,55.564529,0.29745,0.620675,311.883155,16.772864,123.083159,1928.056693,73.604976,65.797768,89.880507,5.615429
S00284,L0014,T01,284,61.902284,0.765443,0.483735,274.126388,22.107569,115.025637,1761.65365,73.245417,60.44587,89.511932,13.808161
S00484,L0024,T01,484,37.60069,0.800236,0.5973,348.570541,16.679,129.117258,2033.709468,72.542167,66.221823,89.683985,1.509002
S00342,L0017,T02,342,36.317744,0.224743,0.35233,299.313857,15.917252,135.324874,2098.565185,72.293809,66.827607,89.707936,2.956023
S00016,L0000,T01,16,22.003966,0.434247,0.695686,351.874405,19.260536,166.937825,2362.119389,73.518042,69.92914,89.989047,4.775471
S00503,L0025,T02,503,41.362125,0.76505,0.460249,313.882664,19.22697,162.227122,2165.282621,71.703609,62.807196,89.896836,5.169234
S00770,L0038,T03,770,49.638626,0.283151,0.411166,333.014232,21.228851,159.794873,2194.904503,76.945713,66.935366,89.693014,7.484968
S00722,L0036,T01,722,57.068404,0.530609,0.492101,376.579081,19.857493,113.886966,1907.532842,73.795332,64.799243,89.641575,7.188941
S00286,L0014,T01,286,19.612849,0.638202,0.684163,308.609436,16.469138,145.061811,2180.261516,77.820182,74.295302,89.883042,0.556045
S00422,L0021,T01,422,27.139785,0.555164,0.511306,344.893596,20.882127,,2326.067491,73.021443,65.662116,89.581126,9.168917
S00099,L0004,T03,99,36.194213,0.730286,0.555109,309.892292,19.648019,129.739747,1969.825153,74.082787,69.012595,89.934063,8.319134
S00618,L0030,T01,618,61.858093,0.370622,0.673117,221.111343,20.745742,131.226887,1860.537135,75.068901,64.850005,89.749595,8.054678
S00766,L0038,T02,766,48.524531,0.558175,0.628941,332.673881,22.65875,118.916477,1874.812566,73.466505,63.899989,89.89493,12.757209
S00568,L0028,T01,568,60.77797,,0.429154,304.528103,21.347624,139.589375,1838.763239,72.414685,59.761216,89.876795,11.586343
S00420,L0021,T02,420,33.494231,0.188608,0.687149,312.555014,18.524988,139.909498,2116.96205,73.582237,66.156881,89.70123,4.354452
S00696,L0034,T01,696,62.004343,0.324994,0.58564,,15.662779,154.007656,2124.616613,72.835922,64.821339,90.046007,2.533472
S00665,L0033,T01,665,21.576727,0.293081,0.561407,374.76419,16.6709,138.819651,2270.790815,74.691194,72.057653,90.020499,2.231512
S00300,L0015,T01,300,30.464797,0.545306,0.653026,308.592201,19.353447,142.923782,2117.226707,74.351328,68.014059,89.79528,7.21723
S00719,L0035,T01,719,42.387941,0.742461,0.725091,345.479381,15.12114,155.568948,2107.846413,74.419398,68.73097,90.086593,1.00639
S00593,L0029,T01,593,39.929336,0.509317,0.643648,380.377623,21.762783,159.117032,2291.760436,72.383118,61.008134,89.924578,9.798933
S00218,L0010,T01,218,48.666249,0.830373,0.433244,337.146846,15.634729,159.250435,2096.213356,73.858033,66.863871,89.665291,-1.080213
S00759,L0037,T03,759,21.360781,0.264052,0.471168,393.610523,19.290834,145.456828,2257.940328,70.426798,64.353743,90.008243,6.009636
S00209,L0010,T01,209,45.579793,0.725055,0.64509,284.006099,17.707861,131.637632,1918.988993,74.006414,67.916302,89.930541,4.306792
S00748,L0037,T02,748,24.832934,0.347315,0.403911,364.435664,20.578888,123.279113,2109.447346,74.791394,70.209306,89.95303,5.710853
S00659,L0032,T03,659,61.44537,0.806987,0.441597,312.292118,17.138985,153.40521,2003.570096,73.697124,64.161436,89.990479,3.90221
S00265,L0013,T01,265,46.659731,0.330535,0.691327,336.494532,15.17643,155.873809,2171.196804,72.999604,65.3203,89.791868,3.717459
S00775,L0038,T02,775,45.578228,0.842167,0.683903,425.641047,14.382764,109.939104,1983.532338,76.541908,74.674014,89.911884,-2.591377
S00269,L0013,T03,269,24.909876,0.446764,0.665976,329.110033,,148.712727,2196.968032,75.585111,67.048105,89.891919,11.838355
S00052,L0002,T01,52,63.089711,0.325853,0.382265,321.858288,18.97524,132.842283,1941.676447,74.203012,63.189811,89.287728,6.07023
S00200,L0010,T01,200,,0.353558,0.696989,282.22104,20.803282,144.784817,2071.087625,71.41866,62.310175,89.887255,7.843332
S00769,L0038,T03,769,36.057598,0.660494,0.480951,318.695961,16.987338,137.747117,2062.957832,74.573355,71.473512,90.23631,3.90113
S00432,L0021,T02,432,44.156999,0.490113,0.693992,281.009661,18.815777,147.932452,2049.294514,73.702937,64.115627,89.879213,4.666907
S00413,L0020,T02,413,26.390862,0.771834,0.534486,367.662855,17.274525,151.184317,2209.899672,72.78154,69.562972,90.160822,1.630426
S00592,L0029,T01,592,23.870372,0.829494,0.689238,301.125884,16.693443,113.571503,1926.440743,73.45818,71.568015,89.907539,2.092002
S00551,L0027,T02,551,57.285151,0.292708,0.40259,244.853949,19.077729,173.471666,2130.43747,75.616837,65.495199,89.781653,5.702876
S00259,L0012,T01,259,43.182582,0.63094,0.613933,336.846827,17.399561,122.937013,1934.381651,72.251319,65.991185,90.051162,5.345333
S00699,L0034,T02,699,46.368991,0.805578,0.640003,302.967004,19.844749,170.352361,2149.606951,71.618161,65.197625,90.003499,8.462914
S00441,L0022,T02,441,26.694685,0.463108,0.628089,339.5526,19.732264,133.136389,2174.117803,73.647013,68.234543,89.828227,7.872528
