sample_id,lot_id,tool_id,sequence,pr_tone,retained_pattern_source,nominal_cd_nm,exposure_dose_mj_cm2,normalized_dose_pct,focus_um,coat_thickness_nm,softbake_temp_c,peb_temp_c,develop_time_s,developer_concentration_pct,field_x,field_y,resist_line_cd_nm,cdu_3sigma_nm,ler_nm,scum_probability,pattern_collapse_probability,defect_probability,spec_pass
S00680,L0034,T01,680,NEGATIVE,EXPOSED,50.0,77.778862,99.71649,-0.049413,99.650608,98.711963,99.645631,60.790611,2.355064,0.167562,-0.091982,49.500541,2.367145,2.543734,0.113282,0.053154,0.051232,PASS
S00228,L0011,T03,228,NEGATIVE,EXPOSED,50.0,73.958489,94.818576,0.037361,128.835602,,108.925469,53.823215,2.380496,-0.168659,-0.158941,52.724046,3.074765,2.082364,0.167899,0.042952,0.079904,PASS
S00320,L0016,T02,320,NEGATIVE,EXPOSED,50.0,65.996765,84.611238,0.071349,125.392846,101.242461,101.677408,67.459241,2.42281,0.397529,-0.242981,44.547288,3.435997,2.585825,0.477264,0.284454,0.403784,FAIL
S00539,L0026,T01,539,POSITIVE,UNEXPOSED,50.0,101.624076,101.624076,-0.061516,109.669763,97.856808,107.00729,44.764242,2.399661,0.870134,-0.524806,52.387435,3.337135,1.547378,0.190425,0.012424,0.07391,FAIL
S00141,L0007,T02,141,NEGATIVE,EXPOSED,50.0,83.595223,107.173363,-0.126685,122.658476,98.892709,106.117152,52.938991,2.3647,0.133077,-0.054074,52.966402,4.009178,1.565797,0.009654,0.058321,0.08801,FAIL
S00110,L0005,T01,110,NEGATIVE,EXPOSED,50.0,79.138758,101.459946,0.090881,125.895103,95.162305,100.564783,52.72393,2.376286,-0.858092,0.363648,48.243283,4.321453,2.100446,0.086937,0.053389,0.171558,FAIL
S00628,L0031,T02,628,POSITIVE,UNEXPOSED,50.0,92.581675,92.581675,0.013546,113.451312,95.233127,106.718125,55.305068,2.437736,-0.871512,-0.903047,53.138913,3.213434,1.783532,0.272684,0.070468,0.106409,FAIL
S00798,L0039,T03,798,NEGATIVE,,50.0,75.954136,97.377097,-0.056199,132.608159,97.216955,106.905993,48.176291,2.385065,0.84041,0.384473,55.511118,3.43773,1.477979,0.138099,0.039829,0.071838,FAIL
S00622,L0031,T01,622,NEGATIVE,EXPOSED,50.0,72.871803,93.425388,0.043613,102.756906,101.725287,104.050188,34.845606,2.455342,-0.360006,-0.374497,48.958926,2.180623,1.215729,0.20763,0.010795,0.025346,PASS
S00276,L0013,T02,276,POSITIVE,UNEXPOSED,50.0,88.416821,88.416821,0.124496,99.634959,102.49647,111.547456,46.600554,2.428126,0.177909,-0.482598,52.886434,3.842696,1.651555,0.660545,0.010453,0.325262,FAIL
S00351,L0017,T01,351,NEGATIVE,EXPOSED,50.0,67.046672,85.957272,0.007694,113.29084,97.148134,112.066328,60.475767,2.341457,-0.04082,-0.305953,47.666949,1.850171,4.184383,0.339243,0.081437,0.147736,FAIL
S00604,L0030,T01,604,POSITIVE,UNEXPOSED,50.0,98.765579,98.765579,-0.017525,105.475296,104.188352,107.725134,45.642472,2.413458,-0.131024,-0.940523,52.488158,2.04155,1.352047,0.275358,0.024338,0.030201,FAIL
S00346,L0017,T03,346,POSITIVE,UNEXPOSED,50.0,89.701883,89.701883,0.066473,122.494272,98.900932,106.449649,50.888469,2.365802,-0.008169,0.543209,51.119743,3.237484,1.75107,0.638113,0.043454,0.23691,FAIL
S00776,L0038,T01,776,NEGATIVE,EXPOSED,50.0,80.458847,103.152368,-0.093709,107.53264,94.899169,103.672351,47.414886,2.34074,-0.513387,-0.061074,49.582866,3.647422,1.836923,0.065614,0.0,0.076869,FAIL
S00601,L0030,T02,601,NEGATIVE,EXPOSED,50.0,82.317702,105.535515,0.083854,116.013592,99.252605,104.14804,51.519787,2.364446,0.469788,0.827998,53.608883,3.678806,1.464241,0.027672,0.026852,0.062792,FAIL
S00796,L0039,T03,796,NEGATIVE,EXPOSED,50.0,68.508265,87.83111,0.046345,126.266341,93.943635,106.131567,46.669502,2.421297,-0.903136,0.161393,50.156627,3.531158,1.740487,0.433087,0.036232,0.179752,FAIL
S00165,L0008,T02,165,POSITIVE,UNEXPOSED,50.0,95.711875,95.711875,0.047664,105.040162,100.106633,114.304207,62.964062,2.346784,-0.527078,0.795124,51.387998,2.490872,2.34788,0.039736,0.075663,0.044319,PASS
S00373,L0018,T03,373,POSITIVE,UNEXPOSED,50.0,87.9422,87.9422,-0.125476,121.074148,97.758709,110.03853,57.692845,2.346109,,-0.059503,53.883329,4.435241,1.57981,0.449259,0.093547,0.343134,FAIL
S00602,L0030,T03,602,NEGATIVE,EXPOSED,50.0,76.460405,98.02616,0.009615,100.432489,99.621917,107.295246,59.047259,2.365449,-0.198236,0.346665,49.295681,2.220619,1.392012,0.078181,0.039549,0.021688,PASS
S00393,L0019,T01,393,NEGATIVE,EXPOSED,50.0,79.949467,102.499317,-0.105034,103.398279,,108.470533,52.829915,2.442324,0.544014,-0.44665,49.732673,3.657187,1.820392,0.030203,0.045344,0.077827,FAIL
S00438,L0021,T03,438,NEGATIVE,EXPOSED,50.0,75.681197,97.027175,0.033256,114.511144,96.540666,104.65904,58.593437,2.429384,0.258153,-0.13641,49.412512,1.887418,1.373771,0.159115,0.069322,0.021854,PASS
S00037,L0001,T03,37,POSITIVE,UNEXPOSED,50.0,105.016041,105.016041,0.013001,99.337993,98.255896,107.140555,53.292282,2.411994,0.367061,-0.407738,49.642053,1.614013,1.711188,0.045346,0.031254,0.0139,PASS
S00298,L0014,T02,298,NEGATIVE,EXPOSED,50.0,83.238368,106.715856,-0.207266,106.46306,95.450196,105.792757,46.610639,2.371972,-0.009022,-0.562822,53.085143,5.318815,1.693141,0.007187,0.000611,0.213135,FAIL
S00345,L0017,T03,345,POSITIVE,UNEXPOSED,50.0,83.671047,83.671047,-0.109059,95.246498,100.602391,110.243133,40.378896,2.326143,-0.098152,0.042679,56.928514,3.528461,1.902809,0.921875,0.01489,0.471085,FAIL
S00791,L0039,T01,791,POSITIVE,UNEXPOSED,50.0,106.092804,106.092804,-0.078798,111.696132,99.654087,106.526342,52.370803,2.420301,0.837836,0.127919,49.213135,3.40538,1.890146,0.055074,0.042067,0.070014,FAIL
S00011,L0000,T02,11,NEGATIVE,EXPOSED,50.0,78.102385,100.131262,-0.127127,129.812213,99.509534,109.265672,51.15019,2.382754,0.743219,0.714537,56.792113,4.809637,2.153328,0.075989,0.041324,0.233008,FAIL
S00474,L0023,T01,474,NEGATIVE,EXPOSED,50.0,81.754886,104.813957,-0.029203,115.196691,103.292506,106.934849,56.72909,2.372209,-0.176001,0.421047,51.164551,2.647097,1.655468,0.001278,0.029813,0.028158,PASS
S00368,L0018,T02,368,NEGATIVE,EXPOSED,50.0,77.777241,99.714412,0.022517,105.029209,101.314178,105.544975,57.674001,2.344712,-0.444366,-0.795272,51.476861,2.201187,1.27653,0.074656,0.050523,0.020401,PASS
S00306,L0015,T01,306,NEGATIVE,EXPOSED,50.0,73.996737,94.867611,0.073403,109.109707,99.757067,105.731456,46.679469,2.314171,-0.140597,-0.072699,48.799096,3.016641,1.201164,0.16942,0.013115,0.045302,PASS
S00397,L0019,T02,397,NEGATIVE,EXPOSED,50.0,80.932172,103.759194,-0.130611,109.492134,102.695908,105.944904,49.538843,2.365551,0.805856,,53.515835,4.810083,1.116977,0.033037,0.017086,0.125442,FAIL
S00592,L0029,T01,592,NEGATIVE,EXPOSED,50.0,77.964319,99.954256,-0.129961,116.154483,97.876448,104.74128,52.931418,2.33043,0.493221,-0.767392,51.160821,4.638024,1.264515,0.08197,0.034956,0.1388,FAIL
S00273,L0013,T01,273,NEGATIVE,EXPOSED,50.0,73.960121,94.820668,0.119081,115.446312,96.017729,104.07627,62.301338,2.247057,0.43791,-0.583498,48.264105,3.990657,1.209492,0.185636,0.090615,0.121703,FAIL
S00727,L0036,T03,727,POSITIVE,UNEXPOSED,50.0,112.28838,112.28838,0.031295,121.806094,97.440906,107.763508,,2.336466,0.087846,-0.808043,48.3432,2.362986,1.927944,0.042963,0.071712,0.031937,PASS
S00442,L0022,T01,442,NEGATIVE,EXPOSED,50.0,77.076479,98.815999,0.061003,116.375215,101.307671,102.557466,43.868894,2.329577,0.202599,0.818107,50.064851,3.091031,1.846799,0.104936,0.021334,0.057882,PASS
S00649,L0032,T02,649,POSITIVE,UNEXPOSED,50.0,100.451368,100.451368,0.012745,124.332469,97.41171,108.097475,52.351493,2.437719,-0.405915,-0.802179,49.933048,2.951821,1.419708,0.155113,0.079257,0.054287,PASS
S00653,L0032,T01,653,NEGATIVE,EXPOSED,50.0,80.470813,103.167709,-0.090106,112.922029,96.04724,106.247656,52.765146,2.206347,-0.213756,0.693678,51.240407,3.310557,1.487158,0.008483,0.037285,0.046039,FAIL
S00189,L0009,T02,189,NEGATIVE,EXPOSED,50.0,76.457269,98.02214,0.058929,115.781921,102.720124,106.680879,52.063694,,0.49488,-0.799739,54.403226,3.114108,1.334661,0.090498,0.017469,0.04303,FAIL
S00206,L0010,T02,206,NEGATIVE,EXPOSED,50.0,76.192019,97.682075,,100.380191,99.420259,98.937594,54.432473,2.439982,,-0.309176,51.745062,4.006756,3.085379,0.139227,0.017156,0.223641,FAIL
S00313,L0015,T01,313,NEGATIVE,EXPOSED,50.0,82.668706,105.985521,0.026891,,97.403289,108.902352,,2.31165,0.800625,-0.079227,52.512096,2.188106,2.2387,0.027012,0.016699,0.027346,PASS
S00781,L0039,T01,781,NEGATIVE,EXPOSED,50.0,74.939266,96.075982,-0.074925,112.235044,97.699465,100.543747,55.220728,2.415005,0.820079,0.819905,50.229254,4.021467,2.156506,0.195976,0.044091,0.179946,FAIL
S00214,L0010,T01,214,NEGATIVE,EXPOSED,50.0,79.726276,102.213175,0.058891,117.904229,99.062039,103.07971,54.153865,2.399757,-0.13681,0.321654,48.170021,2.782054,1.370799,0.0536,0.040408,0.031978,PASS
S00339,L0016,T02,339,POSITIVE,UNEXPOSED,50.0,94.718092,94.718092,-0.01022,118.449412,96.334318,109.900246,67.666382,2.309887,0.082378,-0.343964,50.485352,2.158889,1.314846,0.016399,0.217538,0.02578,FAIL
S00050,L0002,T01,50,POSITIVE,UNEXPOSED,50.0,99.701263,99.701263,0.017347,112.441694,95.479864,109.634019,36.51028,2.378904,,-0.340442,52.024166,2.116193,1.186203,0.601919,0.030314,0.071249,FAIL
S00372,L0018,T02,372,NEGATIVE,EXPOSED,50.0,78.284328,100.364524,0.066695,109.447573,103.032189,109.293337,58.368193,2.374397,-0.056188,-0.601121,52.884463,2.547669,2.052406,0.032112,0.024051,0.034369,PASS
S00673,L0033,T03,673,NEGATIVE,EXPOSED,50.0,77.651057,99.552638,-0.031418,115.875477,101.368805,102.37164,51.924293,2.365581,0.899716,-0.204582,52.063651,3.031899,1.757855,0.09709,0.013258,0.050639,PASS
S00682,L0034,T01,682,POSITIVE,UNEXPOSED,50.0,102.020464,102.020464,-0.014966,132.645028,102.19912,111.522569,42.096171,2.360951,-0.66371,-0.31192,53.469676,2.705947,1.468996,0.470916,0.013717,0.08955,FAIL
S00260,L0013,T01,260,NEGATIVE,EXPOSED,50.0,77.197833,98.971581,-0.043018,116.673598,98.059417,105.983379,45.625507,,0.980493,0.25498,51.699225,2.979731,1.418695,0.093284,0.025576,0.041415,PASS
S00247,L0012,T01,247,POSITIVE,UNEXPOSED,50.0,,95.97465,-0.076818,132.36192,101.440369,107.2282,50.947406,2.433983,0.656397,0.408526,50.456928,3.710261,1.822408,0.410888,0.087311,0.221803,FAIL
S00063,L0003,T01,63,NEGATIVE,EXPOSED,50.0,,97.454436,,128.828722,100.283597,103.661737,52.947899,2.380816,-0.080298,-0.866625,50.482387,3.215176,1.639353,0.180886,0.055861,0.075906,FAIL
S00518,L0025,T02,518,POSITIVE,UNEXPOSED,50.0,102.538588,102.538588,0.031298,113.598171,98.162016,110.897821,56.426082,2.254239,0.014351,0.49847,48.060976,2.218912,1.546444,0.057715,0.078972,0.024498,PASS
S00579,L0028,T02,579,NEGATIVE,EXPOSED,50.0,77.62372,99.517589,0.094159,123.701696,101.22929,101.904433,57.870241,2.353743,0.788124,-0.362992,48.864263,3.876727,1.662119,0.146781,0.083725,0.124519,FAIL
S00752,L0037,T02,752,POSITIVE,UNEXPOSED,50.0,105.066907,105.066907,-0.097469,117.392071,99.861318,110.274725,52.708736,2.464292,-0.187642,0.056058,50.52517,3.463784,1.202884,0.04636,0.07492,0.054316,FAIL
S00338,L0016,T02,338,POSITIVE,UNEXPOSED,50.0,106.343372,106.343372,0.168449,111.091939,97.193738,113.329081,52.202712,2.423376,0.459265,-0.884549,50.934433,5.162373,1.77403,0.072767,0.048473,0.251367,FAIL
S00195,L0009,T02,195,POSITIVE,UNEXPOSED,50.0,109.763454,109.763454,0.014542,,96.046246,107.529216,43.970495,2.402108,-0.360204,0.35596,46.238534,2.346054,1.811282,0.122926,0.032326,0.033419,FAIL
S00215,L0010,T03,215,POSITIVE,UNEXPOSED,50.0,,103.617211,-0.04451,122.786001,97.540321,115.079688,45.025888,2.39514,0.177033,-0.360066,54.331142,2.739404,2.344788,0.22153,0.032512,0.078688,FAIL
S00235,L0011,T01,235,NEGATIVE,EXPOSED,50.0,71.939042,92.229541,-0.043496,112.391153,93.04832,104.152058,57.266851,2.271906,-0.403049,-0.738632,47.728857,2.905714,1.242809,0.262169,0.036713,0.057284,FAIL
S00654,L0032,T01,654,POSITIVE,,50.0,102.778791,102.778791,-0.010796,112.870896,97.802682,109.709554,40.326827,2.364122,0.622725,0.668327,51.714828,2.587342,1.482439,0.317542,0.008006,0.054357,FAIL
S00130,L0006,T01,130,NEGATIVE,EXPOSED,50.0,74.580223,95.615671,-0.008847,120.991366,98.829964,108.152765,54.595642,2.427261,-0.257965,0.823539,51.728503,2.59796,1.707419,0.152384,0.043726,0.043245,PASS
S00041,L0002,T03,41,POSITIVE,UNEXPOSED,50.0,101.230597,101.230597,0.007164,,97.066066,109.002582,42.858855,2.35179,0.357932,0.088682,49.668496,2.015891,1.294284,0.332197,0.0,0.031539,FAIL
S00506,L0025,T01,506,NEGATIVE,EXPOSED,50.0,72.652711,93.144501,-0.026351,121.339884,98.267959,107.639436,59.601589,2.358234,-0.638801,0.864051,49.983525,2.721087,1.691902,0.237481,0.077753,0.064332,PASS
S00246,L0012,T03,246,POSITIVE,UNEXPOSED,50.0,98.350177,98.350177,0.018358,88.818942,97.874487,111.051405,45.35126,2.329065,-0.615905,-0.394953,51.986642,2.414932,1.468661,0.194065,0.020959,0.034765,PASS
S00463,L0023,T01,463,NEGATIVE,EXPOSED,50.0,,108.408004,-0.044725,107.862008,95.751057,101.70884,51.606356,2.391637,0.860505,0.51646,52.571326,3.09615,2.128401,0.031061,0.002474,0.052925,PASS
S00690,L0034,T01,690,POSITIVE,UNEXPOSED,50.0,82.589446,82.589446,-0.109928,125.329264,95.583049,111.527486,50.719717,2.27383,0.339917,0.713311,56.572168,4.141465,1.930066,0.914251,0.052382,0.620728,FAIL
S00451,L0022,T01,451,NEGATIVE,EXPOSED,,77.352109,99.16937,0.115069,92.142599,99.219623,106.372077,,2.467342,-0.114807,-0.134264,49.154496,3.705473,1.63965,0.036518,0.0,0.067465,FAIL
S00563,L0028,T02,563,POSITIVE,UNEXPOSED,50.0,108.022675,108.022675,-0.055559,115.602466,94.225229,111.867421,47.651089,2.388278,-0.380258,-0.281337,49.506319,2.440179,1.72492,0.091834,0.037506,0.032101,PASS
S00590,L0029,T01,590,POSITIVE,UNEXPOSED,50.0,98.603934,98.603934,-0.053332,116.789695,95.929635,108.534857,50.271877,2.41936,0.629533,-0.017726,48.854284,2.58282,1.3927,0.198506,0.066566,0.043256,PASS
S00093,L0004,T03,93,POSITIVE,UNEXPOSED,50.0,96.068563,96.068563,0.070467,115.759723,97.761893,110.795631,44.309788,2.390156,0.548043,-0.518618,53.161263,3.144976,1.553152,0.535168,0.015874,0.152596,FAIL
S00034,L0001,T02,34,POSITIVE,UNEXPOSED,50.0,100.345398,100.345398,0.055843,105.331882,95.148873,111.044337,56.103931,2.427191,0.052872,0.346608,49.330398,2.811567,1.106471,0.048447,0.05879,0.029341,PASS
S00616,L0030,T03,616,NEGATIVE,EXPOSED,50.0,80.340818,103.001048,-0.034135,111.269841,90.499809,104.531069,49.445149,2.329583,0.614044,-0.388289,53.33502,2.610062,1.600603,0.0257,0.015127,0.027349,FAIL
S00666,L0033,T01,666,,EXPOSED,50.0,72.719945,93.230699,-0.050552,130.383113,100.600195,104.445707,57.237761,2.354662,0.71106,-0.223415,49.282506,3.215866,1.699168,0.30465,0.08709,0.114942,FAIL
S00515,L0025,T02,515,POSITIVE,UNEXPOSED,50.0,104.749288,104.749288,-0.079199,139.960324,98.552478,112.188757,41.262054,2.439515,-0.075023,-0.402096,53.151666,3.808272,1.343998,0.4309,0.019897,0.175446,FAIL
S00111,L0005,T01,111,NEGATIVE,EXPOSED,50.0,88.22403,113.107731,-0.045754,115.783904,97.490914,105.712888,53.305102,2.392081,0.540174,-0.425353,54.557703,2.414127,1.762401,0.0,0.030458,0.024542,FAIL
S00767,L0038,T02,767,NEGATIVE,EXPOSED,50.0,73.108953,93.729427,-0.069627,110.643411,98.256904,105.732485,54.06579,2.410895,-0.218523,-4.75514,48.872975,3.217274,1.395198,0.180009,0.040798,0.06465,FAIL
S00607,L0030,T01,607,NEGATIVE,EXPOSED,50.0,73.916874,94.765223,-0.001635,107.646108,105.867299,100.237053,62.799926,2.497803,-0.653103,0.339538,49.48677,1.652444,2.525009,0.251616,0.096308,0.045591,FAIL
S00187,L0009,T01,187,NEGATIVE,EXPOSED,50.0,77.827424,99.778748,0.051429,111.87619,93.074369,100.758775,60.219284,2.359021,,0.348397,48.823222,2.517692,1.942954,0.110924,0.065285,0.043209,PASS
S00347,L0017,T03,347,POSITIVE,,50.0,99.212487,99.212487,0.095785,103.391545,98.097046,109.287051,54.199438,2.363987,-0.794213,0.496621,52.259408,3.794384,1.135424,0.090978,0.028446,0.068853,FAIL
S00364,L0018,T02,364,POSITIVE,UNEXPOSED,50.0,99.844279,99.844279,-0.082298,105.834875,94.336411,108.921188,48.122495,2.386861,0.370696,0.703316,50.62345,3.077796,1.466229,0.187314,0.048732,0.062319,PASS
S00766,L0038,T03,766,POSITIVE,UNEXPOSED,50.0,95.442045,95.442045,-0.035772,97.949024,95.861779,108.999099,48.170165,2.381114,-0.092806,0.561328,53.019768,1.819022,1.446258,0.263078,0.021271,0.025367,FAIL
S00090,L0004,T03,90,POSITIVE,UNEXPOSED,50.0,112.666588,112.666588,-0.06056,124.002734,99.333444,109.387618,56.116092,2.345397,-0.594816,-0.980943,49.014431,3.602632,1.608137,0.0,0.131802,0.075593,FAIL
S00018,L0000,T01,18,POSITIVE,UNEXPOSED,50.0,99.107364,99.107364,0.051325,133.855398,99.305662,110.420125,43.969606,2.357635,,0.3015,51.983751,3.264087,1.235272,0.562148,0.050522,0.164406,FAIL
S00391,L0019,T01,391,,EXPOSED,50.0,76.93528,98.634975,0.020435,104.134023,102.28045,105.035594,51.671359,2.42397,-0.182771,-0.644171,50.264289,1.800445,1.4505,0.077019,0.022475,0.015068,PASS
S00555,L0027,T03,555,POSITIVE,UNEXPOSED,50.0,104.79791,104.79791,0.057469,123.860894,98.316963,112.910446,54.186997,2.402755,0.232248,-0.358204,51.579224,3.019453,1.647618,0.029638,0.069219,0.045164,PASS
S00411,L0020,T02,411,NEGATIVE,EXPOSED,50.0,70.39327,90.247782,-0.001007,121.398345,97.711993,105.211303,43.693586,2.394343,0.91707,-0.406721,49.646122,2.386714,1.431069,0.373514,0.016131,0.05325,FAIL
S00012,L0000,T01,12,POSITIVE,UNEXPOSED,50.0,97.950357,97.950357,-0.026359,117.276547,99.073287,111.284875,45.885174,2.413803,0.476638,0.563688,50.438341,2.553396,1.165188,0.371452,0.019357,0.053136,FAIL
S00501,L0025,T02,501,NEGATIVE,EXPOSED,50.0,85.221588,109.258446,0.002774,117.935221,,106.759909,50.424158,2.496708,-0.625359,-0.845308,56.150508,2.865637,1.672432,0.006276,0.042582,0.035559,FAIL
S00377,L0018,T01,377,NEGATIVE,EXPOSED,50.0,73.743479,94.542922,-0.08175,117.86219,99.559782,104.027682,61.342528,2.430304,-0.896229,0.153349,49.777896,3.653017,1.257759,0.197045,0.182671,0.102145,FAIL
S00756,L0037,T03,756,POSITIVE,UNEXPOSED,50.0,111.020871,111.020871,-0.023151,89.942331,100.734094,112.186119,48.196518,2.37287,-0.457397,-0.667802,46.519414,3.271866,1.609992,0.004896,0.012358,0.044412,FAIL
S00123,L0006,T01,123,POSITIVE,UNEXPOSED,50.0,111.41301,111.41301,-0.056767,122.123398,98.960989,106.871227,49.465563,2.331685,0.956553,0.354774,47.325218,3.762558,2.027962,0.048314,0.052959,0.099861,FAIL
S00635,L0031,T01,635,POSITIVE,UNEXPOSED,50.0,105.154752,105.154752,0.046192,120.254324,96.89647,113.526484,47.311043,2.311717,-0.888054,-0.212633,52.337922,3.113789,1.532275,0.116715,0.012705,0.050596,PASS
S00175,L0008,T01,175,POSITIVE,UNEXPOSED,50.0,92.720043,92.720043,-0.056067,127.04513,94.83362,105.924462,56.753462,2.404728,-0.936578,0.72219,50.756891,3.694148,2.297673,0.311284,0.137152,0.238344,FAIL
S00243,L0012,T02,243,POSITIVE,UNEXPOSED,50.0,101.183945,101.183945,0.119366,129.526642,94.913931,109.00667,42.460501,2.432585,-0.899913,-0.478828,51.683649,4.751601,1.363928,0.472826,0.021561,0.351338,FAIL
S00045,L0002,T01,45,POSITIVE,UNEXPOSED,50.0,97.432735,97.432735,0.113231,129.478765,98.355374,107.651452,41.124084,2.400479,-0.716814,0.632834,51.574939,4.901643,1.494355,0.695991,0.01967,0.551378,FAIL
S00562,L0028,T01,562,POSITIVE,UNEXPOSED,50.0,105.490548,105.490548,0.068634,115.276209,95.020489,108.57703,45.410025,2.352176,0.651483,-0.367401,48.718661,3.300281,1.145376,0.106925,0.047269,0.050823,FAIL
S00461,L0023,T01,461,NEGATIVE,EXPOSED,50.0,73.736246,94.533648,0.04932,112.663818,96.586728,108.888924,56.602373,2.392136,-0.763271,0.849785,52.96203,3.281006,1.952394,0.156837,0.042735,0.085384,FAIL
S00004,L0000,T01,4,NEGATIVE,EXPOSED,50.0,77.33043,99.141577,-0.02476,123.380236,98.829764,101.903902,55.244497,2.407348,-0.239237,-0.211484,47.242493,2.67777,1.804353,0.133904,0.030381,0.044761,PASS
S00095,L0004,T02,95,NEGATIVE,EXPOSED,50.0,72.21786,92.587,-0.021176,102.936511,96.519691,102.467844,50.257942,2.37263,-0.798226,-0.668525,50.937507,2.429312,1.764622,0.281956,0.032567,0.053472,FAIL
S00485,L0024,T01,485,NEGATIVE,EXPOSED,50.0,74.737291,95.81704,0.150533,104.627777,104.266612,102.864438,47.734923,2.408018,-0.152842,0.047018,49.574429,4.15673,1.428254,0.160807,0.006463,0.119748,FAIL
S00341,L0017,T03,341,POSITIVE,UNEXPOSED,50.0,99.568293,99.568293,0.071033,122.841955,97.34536,110.22352,44.532226,2.426207,-0.314807,0.190759,52.013981,3.104797,0.987107,0.394835,0.036229,0.083028,FAIL
S00686,L0034,T02,686,NEGATIVE,EXPOSED,,79.487022,101.906438,-0.003404,116.091183,100.228888,107.874384,57.900844,2.477196,-0.619688,-0.99312,53.680854,2.351204,1.574174,0.056426,0.054045,0.026019,FAIL
S00510,L0025,T02,510,NEGATIVE,EXPOSED,50.0,81.48854,104.472487,-0.02355,119.720971,95.346914,103.4093,51.565384,2.425327,-0.955232,-0.926675,55.015567,3.39093,1.476325,0.043974,0.004146,0.049631,FAIL
S00164,L0008,T01,164,NEGATIVE,EXPOSED,50.0,82.362403,105.592825,-0.002199,132.086117,97.240769,101.099709,48.356559,2.34943,-0.316699,-0.48512,48.050475,2.216861,2.173757,0.06156,0.04666,0.031951,PASS
S00098,L0004,T01,98,NEGATIVE,EXPOSED,50.0,79.687826,102.163879,-0.053385,114.892714,100.983868,104.697291,,2.362254,-0.176246,0.674644,51.244995,3.047739,1.221729,0.064227,0.005343,0.034748,PASS
S00559,L0027,T01,559,POSITIVE,UNEXPOSED,50.0,100.065352,100.065352,0.077733,118.213757,103.365464,108.879389,52.71651,2.467351,-0.307313,0.168154,50.601673,2.892653,1.298167,0.123042,0.04693,0.041272,PASS
S00711,L0035,T01,711,NEGATIVE,EXPOSED,50.0,75.26193,96.489654,0.068174,128.383931,100.369064,100.917769,62.376946,2.353412,0.86746,0.470364,47.882658,4.143541,2.10028,0.259983,0.173626,0.280735,FAIL
S00697,L0034,T02,697,NEGATIVE,EXPOSED,50.0,76.897851,98.586989,-0.109161,113.376534,97.723982,108.661541,51.357414,2.376984,-0.944385,-0.197841,51.300358,4.137564,1.893617,0.064716,0.037456,0.12491,FAIL
S00732,L0036,T03,732,NEGATIVE,EXPOSED,50.0,77.144307,98.902958,-0.073203,117.471535,94.995761,107.768125,57.024993,2.458472,0.362213,-0.423051,53.07569,3.138622,1.665908,0.099588,0.039176,0.056299,FAIL
S00426,L0021,T01,426,POSITIVE,UNEXPOSED,50.0,108.323982,108.323982,0.005032,124.111123,99.039001,108.450487,44.505754,2.357922,-0.305161,-0.719127,49.914482,2.40059,1.512722,0.086216,0.034793,0.027143,PASS
S00176,L0008,T03,176,NEGATIVE,EXPOSED,50.0,76.736173,98.37971,0.082699,84.686132,98.282472,102.285832,53.415474,2.33114,0.648603,0.864696,54.619147,3.913976,1.626913,0.078213,0.031739,0.094493,FAIL
S00476,L0023,T01,476,NEGATIVE,EXPOSED,50.0,76.963561,98.671232,-0.000386,107.897572,99.139032,105.995842,48.253712,2.443575,-0.18873,0.958395,50.147725,1.978889,1.364685,0.081769,0.028537,0.017173,PASS
S00692,L0034,T02,692,NEGATIVE,EXPOSED,50.0,67.690103,86.782183,0.052242,119.477179,100.801918,104.621695,65.700598,2.329987,0.713983,0.268257,46.727699,3.236164,1.504926,0.436293,0.162951,0.171853,FAIL
S00207,L0010,T01,207,NEGATIVE,EXPOSED,50.0,78.633097,100.811663,-0.1604,95.294969,96.585944,104.202942,63.063373,2.405453,0.985448,0.118323,50.448264,5.352071,1.14386,0.048529,0.057855,0.210636,FAIL
S00132,L0006,T02,132,NEGATIVE,EXPOSED,50.0,77.040538,98.769921,0.02861,123.555737,96.928115,106.396782,51.08601,2.359902,0.802034,0.288477,53.650538,2.821361,1.382819,0.121603,0.010164,0.037134,FAIL
S00448,L0022,T01,448,NEGATIVE,EXPOSED,50.0,73.915745,94.763776,0.015396,130.986494,98.381089,107.907317,53.965435,2.423195,0.265038,-0.071325,50.792561,2.298163,1.683017,0.207228,0.057547,0.040048,PASS
S00668,L0033,T01,668,POSITIVE,UNEXPOSED,50.0,101.408736,101.408736,0.103216,141.117805,98.393129,111.162994,50.001213,2.337681,0.912427,-0.339043,52.94136,4.571249,1.009235,0.282268,0.060628,0.198223,FAIL
S00627,L0031,T01,627,NEGATIVE,EXPOSED,50.0,73.266331,93.931193,-0.068526,131.947308,92.319434,106.200453,55.406258,2.361471,-0.944337,-0.791628,51.593674,4.301239,1.44799,0.279056,0.077928,0.205646,FAIL
S00211,L0010,T01,211,NEGATIVE,EXPOSED,50.0,78.531821,100.681822,,136.677577,97.718235,98.223638,46.475582,2.455143,-0.997844,0.970774,45.939328,4.481132,3.292495,0.156235,0.057995,0.359457,FAIL
S00122,L0006,T01,122,NEGATIVE,EXPOSED,,81.034085,103.889852,0.028155,134.093094,98.414902,108.637825,45.48408,2.256371,0.300349,-0.575374,56.889485,2.799829,1.787043,0.028724,0.019244,0.03596,FAIL
S00155,L0007,T01,155,NEGATIVE,EXPOSED,50.0,79.593202,102.042567,-0.007932,121.272476,97.456704,103.958901,54.069745,2.410178,-0.566851,0.557058,51.67639,2.64282,1.411767,0.068695,0.047809,0.03091,PASS
S00089,L0004,T03,89,NEGATIVE,EXPOSED,50.0,78.798888,101.024216,-0.036858,120.138785,99.722723,104.43444,44.388601,2.308959,-0.049432,-0.606063,52.186467,2.718644,1.377917,0.05944,0.010463,0.028785,PASS
S00216,L0010,T02,216,NEGATIVE,EXPOSED,50.0,79.159326,101.486315,0.005864,99.926086,95.572605,107.932329,40.714248,2.318702,0.763881,-0.094476,52.604501,2.483242,2.03454,0.019631,0.004322,0.029757,PASS
S00092,L0004,T01,92,NEGATIVE,EXPOSED,50.0,79.534943,101.967876,-0.084344,107.498823,97.83632,103.14883,60.366026,2.420235,-0.597326,-0.044132,51.530198,3.062153,1.466834,0.029072,0.021518,0.037862,PASS
S00115,L0005,T01,115,POSITIVE,UNEXPOSED,50.0,102.735653,102.735653,-0.020059,131.117599,98.469809,112.738521,45.359264,2.438862,-0.656791,-0.200901,52.532346,2.672653,1.533693,0.295338,0.046924,0.061777,FAIL
S00481,L0024,T02,481,NEGATIVE,EXPOSED,50.0,,100.291241,0.012068,89.452241,98.958912,107.224511,56.44103,2.467668,-0.960648,-0.060995,50.312328,2.572909,1.346989,0.041852,0.043453,0.025923,PASS
S00297,L0014,T01,297,POSITIVE,UNEXPOSED,50.0,87.236435,87.236435,0.050866,112.979503,94.379362,106.495842,46.200647,2.408093,-0.764084,-0.660707,54.211813,3.672463,2.361956,0.819899,0.002397,0.485599,FAIL
S00173,L0008,T01,173,NEGATIVE,EXPOSED,50.0,84.032415,107.733866,0.037872,104.719811,98.220912,104.763441,51.953833,2.363401,-0.843225,-0.467908,53.764356,3.057898,1.675244,0.028551,0.0188,0.041788,FAIL
S00057,L0002,T01,57,NEGATIVE,EXPOSED,50.0,84.583824,108.4408,0.02903,100.9362,100.820915,100.820123,49.48701,2.421246,-0.573517,-0.354006,52.210225,2.286685,2.451177,0.012631,0.0,0.030685,PASS
S00573,L0028,T01,573,POSITIVE,UNEXPOSED,50.0,107.829143,107.829143,0.092973,110.302012,98.299669,109.998463,40.722132,2.4192,0.008268,-0.351635,48.440639,3.56102,1.489638,0.137801,0.022463,0.076433,FAIL
S00675,L0033,T02,675,NEGATIVE,EXPOSED,50.0,,96.762182,-0.098088,105.777358,100.382046,104.187282,48.491888,2.341597,0.122662,0.993542,52.523709,3.857429,1.54367,0.147403,0.017148,0.100059,FAIL
S00614,L0030,T02,614,POSITIVE,UNEXPOSED,50.0,94.904265,94.904265,0.105762,103.04919,93.931876,109.765558,44.05597,2.2553,0.775332,-0.466161,52.420944,4.11694,1.333451,0.537963,0.00627,0.264009,FAIL
S00705,L0035,T01,705,POSITIVE,UNEXPOSED,50.0,103.886584,103.886584,-0.001639,114.291232,96.867163,110.825064,47.779326,2.333126,-0.949126,-0.85378,53.080744,3.270182,1.164436,0.101609,0.023961,0.046731,FAIL
S00180,L0009,T02,180,NEGATIVE,EXPOSED,50.0,94.758432,121.485169,-0.078571,111.684292,99.24229,103.573605,47.871636,2.311604,0.046855,0.191906,56.284397,3.371007,2.264119,0.007079,0.0,0.066016,FAIL
S00091,L0004,T01,91,NEGATIVE,EXPOSED,50.0,86.167804,110.471544,0.071573,111.748541,97.503084,99.438252,51.403306,2.387335,-0.245297,-0.18456,52.766393,2.937678,3.406161,0.003329,0.021919,0.087427,PASS
S00430,L0021,T01,430,POSITIVE,UNEXPOSED,50.0,100.55814,100.55814,0.101756,106.112092,100.583925,109.43114,48.752553,2.352,0.452896,-0.733569,50.821508,3.510326,1.234496,0.141122,0.019575,0.064575,FAIL
S00399,L0019,T02,399,POSITIVE,UNEXPOSED,50.0,105.939728,105.939728,-0.048783,108.675679,99.411342,112.117481,40.121487,2.326723,-0.501332,-0.157109,48.873113,2.697112,1.496527,0.169544,0.009993,0.040518,PASS
S00704,L0035,T01,704,NEGATIVE,EXPOSED,50.0,76.263632,97.773887,0.065404,99.633179,99.511375,102.134311,59.430815,2.418565,-0.568326,-0.899249,51.649572,3.428116,1.680806,0.095991,0.048445,0.072308,FAIL
S00625,L0031,T03,625,NEGATIVE,EXPOSED,50.0,71.521439,91.694152,0.034487,106.37457,102.051432,107.257082,49.097263,2.417796,0.439498,-0.492519,50.522495,2.39909,1.785224,0.206992,0.023863,0.042303,PASS
S00151,L0007,T01,151,POSITIVE,UNEXPOSED,50.0,103.834853,103.834853,0.123826,123.982565,98.029574,111.278934,44.384679,2.490152,-0.088667,0.424583,53.182126,3.672044,1.34893,0.249981,0.040536,0.107593,FAIL
S00687,L0034,T01,687,NEGATIVE,EXPOSED,50.0,75.001311,96.155527,-0.032528,108.493344,98.384984,102.85583,64.918398,2.378275,0.632192,0.402608,48.973465,2.669837,1.583649,0.179517,0.106149,0.053575,PASS
S00381,L0019,T02,381,NEGATIVE,EXPOSED,50.0,83.054722,106.480413,-0.057794,146.699198,100.942677,109.444839,48.970593,2.300004,-0.713092,0.27857,61.54849,3.439031,2.603956,0.009867,0.010293,0.085388,FAIL
S00779,L0038,T02,779,NEGATIVE,EXPOSED,50.0,65.625497,84.135253,-0.09573,112.476719,96.078196,104.291874,49.955344,2.364698,0.425751,-0.538943,46.986374,3.481163,1.968703,0.481628,0.063295,0.225932,FAIL
S00706,L0035,T02,706,NEGATIVE,EXPOSED,50.0,83.640914,107.231941,0.170416,138.26798,99.743485,104.793613,56.103255,2.455088,-0.807076,0.99913,55.66494,6.464848,1.397214,0.037115,0.072285,0.442314,FAIL
S00061,L0003,T01,61,POSITIVE,UNEXPOSED,50.0,91.634528,91.634528,0.011362,115.981801,99.475878,113.05995,40.988841,2.347077,0.166312,-0.214057,54.893082,2.3312,2.038453,0.817071,0.020495,0.207791,FAIL
S00286,L0014,T03,286,NEGATIVE,EXPOSED,50.0,78.52992,100.679385,0.186285,124.393102,97.182164,102.349508,47.023292,2.453815,-0.308668,-0.620921,51.667962,5.682682,1.621351,0.103012,0.015691,0.325125,FAIL
S00337,L0016,T03,337,NEGATIVE,EXPOSED,50.0,73.190243,93.833645,-0.134468,119.461512,100.055267,103.122566,45.840741,,-0.599534,-0.934601,52.471744,5.129236,1.823431,0.276331,0.025262,0.358845,FAIL
S00378,L0018,T01,378,NEGATIVE,EXPOSED,50.0,75.331201,96.578463,-0.023482,125.977018,100.522212,103.303265,41.455321,2.361119,-0.428586,0.871453,50.399467,3.121799,1.474328,0.212166,0.017568,0.064308,PASS
S00267,L0013,T03,267,NEGATIVE,EXPOSED,50.0,73.941617,94.796945,0.040286,,95.288173,105.424357,59.075012,2.364044,0.159957,0.465522,50.875451,2.629274,1.502503,0.21358,0.081862,0.051365,PASS
S00712,L0035,T02,712,NEGATIVE,EXPOSED,50.0,72.586235,93.059275,0.085245,110.065952,95.844372,103.500477,54.886637,2.429847,0.313673,-0.628348,49.740325,3.318887,1.642567,0.237538,0.04445,0.092852,FAIL
S00457,L0022,T03,457,POSITIVE,UNEXPOSED,50.0,100.208728,100.208728,-0.072175,117.889399,97.835982,112.662707,54.995503,2.389711,-0.669029,0.293968,51.654839,2.950515,1.514527,0.089889,0.065941,0.046418,PASS
S00508,L0025,T01,508,NEGATIVE,EXPOSED,50.0,78.579097,100.742432,0.085396,132.241843,97.658713,103.015942,47.877872,2.495594,-0.749137,-0.697381,51.070142,4.092606,1.14667,0.112626,0.054413,0.098037,FAIL
S00671,L0033,T01,671,POSITIVE,UNEXPOSED,50.0,95.209993,95.209993,-0.074282,118.850704,100.492221,109.032478,46.041058,2.456999,0.989208,-0.647121,52.028781,3.902675,1.289617,0.529744,0.019988,0.227904,FAIL
S00530,L0026,T01,530,NEGATIVE,EXPOSED,50.0,85.056757,109.047124,-0.131744,119.988946,100.803868,103.448228,48.819068,2.337637,0.182858,-0.061102,53.229925,3.904783,1.575329,0.014803,0.030098,0.077428,FAIL
S00248,L0012,T03,248,NEGATIVE,EXPOSED,50.0,76.274839,97.788255,-0.02811,137.442305,96.29611,105.817551,55.465809,2.32122,-0.901358,0.927883,54.693907,4.153174,1.358933,0.18013,0.057106,0.135257,FAIL
S00290,L0014,T03,290,POSITIVE,UNEXPOSED,50.0,110.365866,110.365866,-0.033836,122.789471,97.551274,112.017489,49.5147,2.322042,-0.73568,-0.472054,50.469366,3.27463,1.636144,0.044895,0.043192,0.054013,FAIL
S00672,L0033,T01,672,NEGATIVE,EXPOSED,50.0,78.232303,100.297824,0.092017,111.98116,100.160415,103.71881,59.62325,2.435233,0.781371,-0.038149,50.002448,3.54556,1.445383,0.095361,0.063163,0.072669,FAIL
S00167,L0008,T03,167,NEGATIVE,EXPOSED,50.0,79.03463,101.326449,-0.140653,104.552875,98.84557,104.963657,45.154989,2.463646,-0.757597,-0.180437,52.717253,4.638933,1.280569,0.022648,0.027801,0.119237,FAIL
S00509,L0025,T03,509,NEGATIVE,EXPOSED,50.0,74.989853,96.140837,0.011132,97.119968,97.337628,102.497603,58.048716,2.288465,-0.0038,-0.43867,51.178923,1.902841,1.638454,0.135646,0.023625,0.021403,PASS
S00142,L0007,T01,142,NEGATIVE,EXPOSED,50.0,82.555441,105.840309,-0.009625,126.639939,95.519209,107.359843,54.79934,2.400839,-0.941596,0.324716,54.883231,3.041559,1.277528,0.019293,0.053763,0.035448,FAIL
S00131,L0006,T01,131,NEGATIVE,EXPOSED,50.0,78.475393,100.609479,0.010209,113.84373,98.690633,104.145648,62.953105,2.377684,0.173434,0.081776,50.041496,1.850526,1.210743,0.037327,0.103285,0.015092,PASS
S00662,L0033,T03,662,NEGATIVE,EXPOSED,,75.947132,97.368118,0.162979,96.717565,97.996758,105.483672,60.890662,2.355804,-0.372517,-0.761296,51.758629,5.344004,1.317829,0.065989,0.057332,0.23421,PASS
S00703,L0035,T02,703,NEGATIVE,EXPOSED,50.0,73.040686,93.641905,0.090656,125.006822,97.00905,102.416976,53.655146,2.227241,-0.872148,-0.058371,49.34893,4.220782,1.56139,0.292012,0.047704,0.198344,FAIL
S00588,L0029,T01,588,POSITIVE,UNEXPOSED,50.0,95.990028,95.990028,-0.061173,125.818727,95.732224,112.339833,53.08536,2.464795,-0.840929,-0.56674,54.571489,3.613818,1.634241,0.267581,0.061274,0.129317,FAIL
S00213,L0010,T01,213,NEGATIVE,EXPOSED,50.0,79.276548,101.6366,-0.008393,107.722446,97.06985,106.166748,48.021168,2.464483,0.477167,,50.88846,2.004703,1.583629,0.032324,0.025202,0.017099,PASS
S00023,L0001,T01,23,NEGATIVE,EXPOSED,50.0,69.75328,89.427283,-0.121614,111.213023,94.313579,106.665674,57.58026,2.301315,0.673158,0.417207,46.651195,4.476219,1.677281,0.322211,0.075222,0.276385,FAIL
S00585,L0029,T01,585,,EXPOSED,50.0,79.021613,101.30976,0.001121,142.046413,95.182119,101.847603,57.002265,2.382008,0.721865,-0.760214,48.822289,2.886892,1.637399,0.124662,0.148901,0.062722,PASS
S00171,L0008,T01,171,NEGATIVE,EXPOSED,50.0,76.086486,97.546777,-0.023253,,97.757644,100.02511,,24.35735,0.482042,0.456797,48.038015,2.46966,2.232982,0.19428,0.119213,0.068457,PASS
S00303,L0015,T01,303,NEGATIVE,EXPOSED,50.0,67.990992,87.167938,0.07266,112.05377,98.457827,104.962103,45.945272,2.406218,0.913484,0.23081,47.222592,3.119457,1.554039,0.4015,0.011207,0.107023,FAIL
S00161,L0008,T03,161,POSITIVE,UNEXPOSED,50.0,92.227573,92.227573,-0.018943,120.88404,103.216198,111.871881,43.900845,2.374347,0.940169,-0.561608,56.996806,3.291058,1.594614,0.749936,0.0,0.267814,FAIL
S00495,L0024,T01,495,POSITIVE,UNEXPOSED,50.0,88.837771,88.837771,0.021716,117.36285,93.892083,111.656714,48.125342,2.400749,-0.52724,-0.116733,53.941445,2.233888,1.746808,0.721871,0.024795,0.13738,FAIL
S00087,L0004,T02,87,NEGATIVE,EXPOSED,50.0,80.008887,102.575496,-0.09779,116.453317,94.100357,103.367888,55.133613,2.458349,0.289274,-0.933342,51.944528,4.160709,1.614998,0.063103,0.057447,0.115593,FAIL
S00310,L0015,T03,310,NEGATIVE,EXPOSED,50.0,79.826467,102.341625,-0.166735,114.68361,97.008692,106.215976,47.989185,2.351694,-0.80129,0.664384,54.129549,4.813509,1.354673,0.010538,0.03769,0.139468,FAIL
S00715,L0035,T02,715,NEGATIVE,EXPOSED,50.0,80.136088,102.738574,0.136445,113.852946,94.305084,1049.75293,54.329994,2.429788,-0.079793,0.925326,53.846566,4.52907,1.649075,0.019109,0.036809,0.132645,FAIL
S00312,L0015,T01,312,POSITIVE,UNEXPOSED,50.0,108.315054,108.315054,0.147812,111.25062,99.656316,109.822884,32.275965,2.411896,-0.571196,0.373026,49.334389,4.551878,1.718005,0.35422,0.0,0.274047,FAIL
S00558,L0027,T03,558,POSITIVE,UNEXPOSED,50.0,91.289487,91.289487,-0.165469,126.137597,94.570631,110.040888,42.474434,2.428919,0.226378,0.443329,55.759605,5.166277,1.80785,0.867611,0.031902,0.753008,FAIL
S00728,L0036,T01,728,POSITIVE,UNEXPOSED,50.0,95.407771,95.407771,0.020851,118.561332,102.949617,110.787598,54.300473,2.351469,-0.957846,-0.58733,54.238339,2.718624,1.668056,0.220134,0.051944,0.057027,FAIL
S00275,L0013,T02,275,NEGATIVE,EXPOSED,50.0,72.326485,92.726263,0.035698,95.711698,93.558252,104.605798,49.055027,2.348105,,-0.240637,49.742052,2.965465,1.263662,0.203291,0.025772,0.050657,PASS
S00232,L0011,T01,232,POSITIVE,UNEXPOSED,50.0,109.769339,109.769339,0.005551,124.604112,102.374773,111.048672,37.782552,2.363521,0.762065,-0.654834,51.41226,3.074532,1.40372,0.189627,0.023386,0.057045,PASS
S00352,L0017,T01,352,NEGATIVE,EXPOSED,,84.479725,108.30734,-0.018066,106.877797,99.647244,104.579236,46.287769,2.386544,-0.289898,-0.891917,54.749781,2.506002,1.599784,0.00281,0.004333,0.022948,FAIL
S00009,L0000,T01,9,POSITIVE,UNEXPOSED,50.0,107.452537,107.452537,-0.012033,145.688959,99.566918,109.771182,48.700155,2.328453,0.094825,-0.242041,48.123407,2.531399,1.377928,0.144832,0.118486,0.040361,PASS
S00157,L0007,T01,157,NEGATIVE,EXPOSED,50.0,77.926983,99.906389,0.153253,102.781089,95.18213,103.332758,58.47195,2.440515,-0.775998,-0.429838,50.925042,4.613137,1.139675,0.06947,0.048901,0.128393,FAIL
S00782,L0039,T02,782,NEGATIVE,EXPOSED,50.0,,107.750476,0.126939,103.419553,98.342187,101.86124,48.669571,2.312804,0.027404,0.577283,53.35571,3.824869,2.101969,0.001884,0.023358,0.090372,FAIL
S00439,L0021,T01,439,NEGATIVE,EXPOSED,50.0,77.938792,99.921529,0.073775,126.160445,98.266629,108.050157,52.027165,2.399656,0.126808,0.125455,51.166657,2.831991,1.776209,0.082515,0.039352,0.044512,PASS
S00240,L0012,T03,240,NEGATIVE,EXPOSED,50.0,66.910382,85.782541,0.074703,109.92979,97.716737,106.852205,48.478177,2.357702,-0.449781,0.123783,47.933824,3.497265,1.814815,0.427062,0.033507,0.178047,FAIL
S00153,L0007,T01,153,POSITIVE,UNEXPOSED,50.0,95.463177,95.463177,-0.056,129.784514,101.342738,115.273171,57.638867,2.349532,-0.430336,-0.358136,54.830594,3.143093,2.477367,0.217549,0.103479,0.13262,FAIL
S00014,L0000,T01,14,NEGATIVE,EXPOSED,50.0,79.853765,102.376622,0.210871,115.203947,98.801109,,55.433661,2.337021,0.990852,-0.134718,52.278816,6.375417,1.40281,0.075779,0.040906,0.431704,FAIL
S00587,L0029,T03,587,NEGATIVE,EXPOSED,50.0,74.794403,95.89026,-0.032684,129.330564,101.934539,103.577251,51.342213,2.219952,0.852797,0.049365,51.592487,2.654753,2.015379,0.23563,0.046661,0.066696,PASS
S00516,L0025,T02,516,POSITIVE,UNEXPOSED,50.0,101.234746,101.234746,0.044551,107.664493,94.790005,109.82309,31.937289,2.500527,-0.208416,-0.641736,52.653175,2.446022,0.944647,0.692812,0.009434,0.098157,FAIL
S00770,L0038,T01,770,POSITIVE,UNEXPOSED,50.0,95.055844,95.055844,0.059976,114.58193,93.824596,110.097867,48.8737,2.308804,-0.144973,0.771376,51.698762,3.151702,1.188605,0.350846,0.036625,0.085225,FAIL
S00667,L0033,T01,667,NEGATIVE,EXPOSED,50.0,76.532037,98.117996,0.10099,132.606408,100.599161,101.14786,50.754918,2.301308,0.893746,0.52259,47.919781,4.247925,1.987524,0.211822,0.082379,0.218048,FAIL
S00238,L0011,T02,238,NEGATIVE,EXPOSED,50.0,77.868734,99.831711,-0.016707,109.35037,99.489467,105.747016,54.562976,2.27496,-0.398869,0.266928,50.013069,1.978101,1.449254,0.076412,0.04256,0.018322,PASS
S00282,L0014,T01,282,NEGATIVE,EXPOSED,50.0,78.953153,101.221991,0.002324,126.817779,100.319952,105.472835,48.748883,2.374425,0.09951,0.616931,52.514151,2.187612,1.15426,0.060923,0.028451,0.017226,PASS
S00066,L0003,T01,66,NEGATIVE,EXPOSED,50.0,76.139626,97.614906,0.073486,101.307825,96.404123,102.077702,52.491811,2.424786,0.755882,,51.316412,3.613609,1.787354,0.135668,0.01858,0.0912,FAIL
S00746,L0037,T01,746,POSITIVE,UNEXPOSED,50.0,104.801014,104.801014,-0.045845,112.457303,101.360347,108.541389,35.783845,2.331546,-0.813763,0.3759,52.241885,2.98407,1.594291,0.404111,0.004428,0.097607,FAIL
S00321,L0016,T01,321,NEGATIVE,EXPOSED,50.0,,112.363934,0.027704,110.979619,96.324294,105.684493,54.258027,2.30718,-0.191942,0.739824,54.518008,2.497106,1.749671,0.004168,0.017193,0.025569,FAIL
S00523,L0026,T03,523,POSITIVE,UNEXPOSED,50.0,87.93848,87.93848,-0.089862,120.133601,97.372315,112.520853,43.949688,2.289511,-0.928235,-0.238639,56.980917,3.793235,1.819968,0.883143,0.021785,0.493124,FAIL
S00597,L0029,T01,597,NEGATIVE,EXPOSED,50.0,76.728805,98.370263,-0.065656,88.987326,98.599987,102.073038,48.809311,2.406874,0.822979,0.123284,51.576538,3.217651,1.804399,0.063769,0.0,0.053453,FAIL
S00408,L0020,T02,408,NEGATIVE,EXPOSED,50.0,78.857446,101.09929,0.030182,101.043902,98.879134,107.190847,55.918106,2.39373,-0.594579,0.163592,50.727587,2.179001,1.43677,0.036059,0.004161,0.017528,PASS
S00499,L0024,T01,499,NEGATIVE,EXPOSED,50.0,81.925963,105.033286,0.134813,129.921064,100.373874,103.03709,55.914326,2.416445,-0.308187,-0.919733,50.929131,4.754654,1.641122,0.056931,0.086697,0.188501,FAIL
S00774,L0038,T01,774,POSITIVE,UNEXPOSED,50.0,102.909886,102.909886,-0.118417,122.15015,97.542618,108.66611,58.314443,2.469579,,-0.930821,47.913678,4.301639,1.530108,0.040171,0.129754,0.136439,FAIL
S00236,L0011,T01,236,NEGATIVE,EXPOSED,50.0,84.688085,108.574468,0.059525,129.80946,101.683111,104.691982,52.429486,2.334871,-0.528106,-0.191561,51.991834,2.830399,1.432481,0.023802,0.032374,0.031107,PASS
S00685,L0034,T03,685,POSITIVE,UNEXPOSED,50.0,105.61598,105.61598,-0.023175,114.235504,100.30589,108.647851,45.079758,2.35434,-0.92035,,51.556353,3.302035,1.509209,0.128137,0.016395,0.060459,FAIL
S00633,L0031,T01,633,NEGATIVE,EXPOSED,50.0,78.899814,101.153608,-0.099369,104.086188,99.790522,102.563368,44.003432,2.451428,-0.33307,0.451954,50.606826,3.567959,1.246283,0.037321,0.013773,0.051036,FAIL
S00356,L0017,T02,356,NEGATIVE,EXPOSED,50.0,77.930997,99.911535,0.041442,122.785683,100.928193,108.366045,53.607007,2.413206,0.543631,0.425106,53.619343,2.328441,1.624923,0.048331,0.030922,0.024257,FAIL
S00163,L0008,T01,163,NEGATIVE,EXPOSED,50.0,73.072471,93.682656,0.05303,107.538851,100.433135,103.224128,43.811513,2.398729,0.458042,-0.208279,47.452019,2.407341,1.29636,0.232402,0.014379,0.03442,PASS
S00658,L0032,T01,658,POSITIVE,UNEXPOSED,50.0,98.237761,98.237761,-0.024485,112.173696,97.784724,110.122463,53.992237,2.410056,0.665628,0.690604,52.570794,2.697537,1.181308,0.111953,0.026935,0.030574,PASS
S00560,L0028,T02,560,NEGATIVE,EXPOSED,50.0,76.588857,98.190843,0.077289,107.475346,94.400405,107.788915,54.530958,2.377963,0.202217,0.915664,51.003356,3.53877,1.490164,0.072974,0.053899,0.068282,FAIL
S00075,L0003,T01,75,NEGATIVE,EXPOSED,50.0,87.67042,112.397975,0.02308,,98.67156,103.516354,43.394409,2.417493,-0.816295,-0.91769,56.091837,3.115157,1.785197,0.028132,0.00474,0.044803,FAIL
S00431,L0021,T01,431,NEGATIVE,EXPOSED,50.0,,97.692822,-0.006994,109.491632,96.507175,102.825467,54.460315,2.362022,-0.046735,0.254667,47.746625,1.306181,1.473641,0.148812,0.044594,0.012983,PASS
S00177,L0008,T01,177,POSITIVE,UNEXPOSED,50.0,105.513758,105.513758,-0.005715,123.140945,96.938353,110.368438,53.55602,2.415113,0.256206,-0.697374,49.185086,2.685045,1.368926,0.044943,0.069741,0.03093,PASS
S00268,L0013,T02,268,POSITIVE,UNEXPOSED,50.0,101.721521,101.721521,-0.047996,93.945297,98.795692,107.004012,50.489887,2.351709,-0.05856,-0.796666,52.857034,2.875947,1.810942,0.059948,0.021608,0.042389,PASS
S00101,L0005,T01,101,POSITIVE,UNEXPOSED,50.0,101.4085,101.4085,-0.060514,107.290712,93.472994,109.226906,50.851166,2.504259,0.006425,,49.877589,2.474761,1.283705,0.086683,0.065672,0.027558,PASS
S00256,L0012,T02,256,NEGATIVE,EXPOSED,50.0,72.663426,93.158239,-0.07928,91.733548,101.698899,105.05033,66.546415,2.444318,0.652009,0.124404,49.199598,3.134275,1.576581,0.199116,0.095245,0.079211,PASS
S00755,L0037,T01,755,NEGATIVE,EXPOSED,50.0,73.981937,94.848638,-0.051501,128.51071,95.516337,,61.779302,2.449558,0.696631,-0.600051,50.284152,3.736253,1.595458,0.220155,0.131176,0.144018,FAIL
S00096,L0004,T02,96,NEGATIVE,EXPOSED,50.0,73.724483,94.518568,0.050186,117.895143,97.027235,105.719358,56.761382,2.446314,-0.218302,0.181449,49.079047,2.408192,1.42264,0.181245,0.068104,0.036515,PASS
S00398,L0019,T03,398,NEGATIVE,EXPOSED,50.0,68.107538,87.317356,-0.07064,118.269766,100.352832,104.567951,51.938833,2.334238,,-0.590157,48.835555,3.591069,1.759033,0.436543,0.033362,0.189326,FAIL
S00299,L0014,T01,299,NEGATIVE,EXPOSED,50.0,80.658467,103.408291,-0.030972,112.668101,96.869853,107.534348,52.787034,2.3491,0.079227,0.589606,51.734642,2.391532,1.783898,0.048356,0.034315,0.028062,PASS
S00676,L0033,T02,676,POSITIVE,UNEXPOSED,50.0,109.600943,109.600943,0.047225,112.773945,94.308076,110.590224,48.005682,2.292764,0.056865,-0.901607,50.48657,2.906219,1.365046,0.037906,0.02972,0.032974,PASS
S00336,L0016,T02,336,POSITIVE,UNEXPOSED,50.0,110.793752,110.793752,0.033218,117.600435,93.822514,110.926341,46.284689,2.324045,0.113041,-0.531348,48.398108,2.864746,1.528473,0.032393,0.055017,0.036402,PASS
S00741,L0037,T01,741,NEGATIVE,EXPOSED,50.0,82.993743,106.402234,-0.009481,120.322652,100.915824,103.723242,55.235588,2.342392,0.985569,-0.869711,53.88604,2.981917,1.668781,0.004436,0.060404,0.040539,FAIL
S00389,L0019,T02,389,NEGATIVE,EXPOSED,50.0,88.410111,113.346297,-0.057596,107.774871,,104.591883,51.834418,2.277529,,0.424016,53.781421,2.368285,1.845212,0.0,0.018726,0.024003,FAIL
S00459,L0022,T01,459,POSITIVE,UNEXPOSED,50.0,95.797092,95.797092,0.003527,107.247313,97.514031,109.237099,36.681649,2.382399,-0.13549,-0.737027,52.358519,1.666779,1.160775,0.756225,0.004679,0.069417,FAIL
S00094,L0004,T01,94,POSITIVE,UNEXPOSED,50.0,105.351757,105.351757,-0.056024,113.385054,97.429649,109.931587,40.607679,2.328025,-0.913156,-0.531151,51.058823,3.183582,1.357151,0.203916,0.040463,0.065657,PASS
S00158,L0007,T01,158,POSITIVE,UNEXPOSED,50.0,114.144834,114.144834,0.10724,143.787378,99.267045,111.911432,56.371201,2.412545,-0.835476,-0.306787,51.487126,5.125012,1.769245,0.023329,0.159221,0.271449,FAIL
S00342,L0017,T01,342,POSITIVE,UNEXPOSED,50.0,107.976642,107.976642,-0.042135,116.467861,99.465221,114.277876,40.756669,2.401493,-0.049087,-0.931388,53.039927,2.721948,2.049203,0.179679,0.006268,0.056226,FAIL
S00793,L0039,T03,793,NEGATIVE,EXPOSED,50.0,83.140074,106.589839,0.030547,112.17012,97.512359,104.801748,53.03352,2.497503,0.155569,0.84351,54.206218,2.590107,1.480921,0.016088,0.017354,0.024711,FAIL
S00086,L0004,T02,86,NEGATIVE,EXPOSED,50.0,75.952386,97.374854,-0.13502,123.406957,97.166294,101.783718,54.339909,2.25361,-0.748517,-0.172125,48.478876,4.19317,1.518638,0.205736,0.061042,0.160854,FAIL
S00357,L0017,T02,357,NEGATIVE,EXPOSED,,73.743174,94.54253,-0.059788,104.741879,96.219725,103.458661,60.001041,2.350908,-0.899771,-0.295843,51.273911,2.817455,1.9466,0.172468,0.049432,0.0625,PASS
S00669,L0033,T01,669,NEGATIVE,EXPOSED,50.0,82.18986,105.371615,-0.208865,124.395896,101.275632,102.785499,54.68912,2.359272,0.418615,-0.479914,50.204234,5.77781,1.671548,0.038124,0.057236,0.331885,FAIL
S00783,L0039,T02,783,NEGATIVE,EXPOSED,50.0,80.393391,103.06845,-0.111765,103.302001,90.793982,110.81376,53.613689,2.387167,0.572752,0.054872,50.340038,3.422194,2.888934,0.003722,0.040837,0.102504,FAIL
S00449,L0022,T01,449,POSITIVE,UNEXPOSED,50.0,99.562719,99.562719,0.003749,108.381075,100.695238,107.143189,43.303124,2.376567,0.900561,-0.50591,52.655451,2.348346,1.316477,0.353408,0.0,0.044349,FAIL
S00400,L0020,T01,400,POSITIVE,UNEXPOSED,50.0,101.572603,101.572603,0.109049,134.556578,100.896128,110.962209,57.252288,2.359949,0.818594,-0.493657,52.200188,4.375866,1.428834,0.079479,0.141151,0.154565,FAIL
S00723,L0036,T03,723,POSITIVE,UNEXPOSED,,101.627154,101.627154,,127.243694,98.773245,108.865344,45.96069,2.407969,0.147987,-0.492033,50.377646,4.751196,1.033907,0.30898,0.05775,0.238065,FAIL
S00302,L0015,T02,302,NEGATIVE,EXPOSED,50.0,90.223735,115.671455,0.065684,116.300577,98.842305,106.646247,53.125262,2.410985,0.78038,0.848599,58.144183,3.55475,1.909718,0.0,0.02689,0.066553,FAIL
S00448,L0022,T01,448,NEGATIVE,EXPOSED,50.0,73.915745,94.763776,0.015396,130.986494,98.381089,107.907317,53.965435,2.423195,0.265038,-0.071325,50.792561,2.298163,1.683017,0.207228,0.057547,0.040048,PASS
S00237,L0011,T03,237,NEGATIVE,EXPOSED,50.0,76.211321,97.706821,-0.129681,122.966672,99.916157,105.587284,59.960067,2.314829,-0.524162,0.742539,52.472177,4.218283,1.396073,0.133371,0.076487,0.134475,FAIL
S00641,L0032,T01,641,POSITIVE,UNEXPOSED,50.0,100.335084,100.335084,-0.16244,123.38759,95.702327,110.667936,44.837366,2.338258,-0.399342,-0.432822,50.973845,4.978237,1.10015,0.36203,0.01384,0.290052,FAIL
S00107,L0005,T01,107,NEGATIVE,EXPOSED,50.0,67.168369,86.113294,-0.129978,127.144707,99.342277,104.528447,48.858504,2.383864,-0.439105,-0.765058,46.838725,4.669739,1.567342,0.459972,0.044866,0.36619,FAIL
S00418,L0020,T01,418,NEGATIVE,EXPOSED,50.0,,93.006955,-0.040226,130.731528,103.501452,103.404366,52.331516,2.448437,-0.253624,-0.033242,47.65661,2.737786,1.671805,0.325092,0.065952,0.078837,FAIL
S00731,L0036,T02,731,NEGATIVE,EXPOSED,50.0,72.823822,93.363875,-0.031613,113.36916,97.623607,107.835886,57.141171,2.299274,-0.416926,-0.601461,51.219095,2.566287,1.944175,0.180729,0.048778,0.052086,PASS
S00064,L0003,T02,64,NEGATIVE,EXPOSED,50.0,79.500684,101.923954,0.072372,109.777799,95.305256,102.727162,50.090818,2.372864,0.335978,0.389723,50.62209,2.638705,1.607273,0.031024,0.014928,0.028501,PASS
S00185,L0009,T01,185,NEGATIVE,EXPOSED,50.0,81.462916,104.439636,0.009683,119.94129,99.977885,106.48196,56.758484,2.428982,-0.370257,0.099539,52.43928,1.996534,1.376067,0.037119,0.081707,0.017673,PASS
S00665,L0033,T02,665,NEGATIVE,EXPOSED,50.0,73.574472,94.326246,-0.138385,101.884807,99.477372,106.321586,51.50168,2.392059,-0.526112,0.552252,50.862548,3.902203,1.437013,0.174226,0.026253,0.107235,FAIL
S00387,L0019,T03,387,NEGATIVE,EXPOSED,50.0,76.486923,98.060158,0.052478,121.960091,97.428093,101.490412,56.169024,2.384957,0.759286,0.712668,50.716671,3.350422,2.126376,0.147235,0.047007,0.096838,FAIL
S00722,L0036,T01,722,NEGATIVE,EXPOSED,50.0,74.064644,94.954672,-0.0311,119.07342,94.624639,100.49452,48.948772,2.414937,-0.829741,-0.501194,47.789145,3.334279,2.220401,0.270661,0.036856,0.133005,FAIL
S00015,L0000,T02,15,NEGATIVE,EXPOSED,50.0,74.661802,95.720259,0.014285,137.091138,102.161667,103.963786,43.616247,2.390804,-0.808321,-0.277223,49.687209,2.520788,1.770005,0.238651,0.033225,0.051537,PASS
S00784,L0039,T03,784,NEGATIVE,EXPOSED,50.0,81.452452,104.42622,0.119915,106.220576,94.476436,105.839191,50.69796,2.327397,-0.498591,-0.921774,53.835706,4.208227,1.296129,0.010389,0.017057,0.08178,FAIL
S00186,L0009,T01,186,POSITIVE,UNEXPOSED,50.0,100.722096,100.722096,0.078663,97.388396,,109.368294,39.652038,2.332619,-0.630805,-0.862843,52.697935,4.021675,1.06668,0.327277,0.004199,0.136105,FAIL
S00688,L0034,T01,688,NEGATIVE,EXPOSED,50.0,74.159361,95.076104,0.160111,109.666563,102.18738,105.357076,38.601143,2.37797,-0.602568,0.846795,49.4871,4.654683,1.532171,0.168601,0.019085,0.18831,FAIL
S00657,L0032,T01,657,NEGATIVE,EXPOSED,50.0,75.095952,96.276862,0.013186,125.777471,99.204688,109.353236,64.902214,2.280801,0.726689,0.696877,53.126836,2.918864,2.182168,0.131638,0.141239,0.084936,FAIL
S00582,L0029,T02,582,NEGATIVE,EXPOSED,50.0,78.649951,100.833271,-0.146613,110.679271,98.676236,104.212446,64.323764,2.305415,-0.180007,-0.116519,49.952684,4.171237,1.407014,0.018901,0.111681,0.106361,FAIL
S00717,L0035,T01,717,POSITIVE,UNEXPOSED,,103.325134,103.325134,-0.139536,105.870586,99.245602,113.75379,49.755745,2.389392,0.672193,-0.894027,50.627015,4.931307,2.052692,0.055829,0.0,0.213646,FAIL
S00127,L0006,T01,127,NEGATIVE,EXPOSED,50.0,74.699643,95.768773,0.114155,110.786477,96.214387,103.209394,49.898583,2.322823,-0.653429,-0.791073,50.823536,4.198506,1.274615,0.172072,0.0323,0.124806,FAIL
S00458,L0022,T01,458,POSITIVE,UNEXPOSED,50.0,97.840372,97.840372,0.028948,117.403062,99.822079,111.730656,,2.416561,0.67941,-0.003248,52.818039,3.044915,1.237608,0.421394,0.0,0.088569,FAIL
S00403,L0020,T02,403,POSITIVE,UNEXPOSED,50.0,101.072135,101.072135,-0.002621,,99.010859,105.308651,50.777031,2.436823,-0.571821,-0.779744,53.073976,2.396312,2.079044,0.089105,0.028814,0.036329,FAIL
S00054,L0002,T01,54,NEGATIVE,EXPOSED,50.0,83.887941,107.548643,0.079091,106.561315,95.957242,105.376654,61.188225,2.371435,-0.21034,0.75676,53.466578,3.287236,1.637226,0.0,0.071014,0.051767,FAIL
S00026,L0001,T01,26,NEGATIVE,EXPOSED,50.0,87.989785,112.807417,0.10681,89.749107,98.143873,106.167666,,2.305866,0.218188,0.429591,53.04199,3.756983,1.694201,0.0,0.007612,0.066874,FAIL
S00738,L0036,T03,738,NEGATIVE,EXPOSED,50.0,79.262802,101.618977,,103.317047,99.99311,104.864429,57.909479,2.439619,0.648559,0.43403,51.550683,2.521959,1.507891,0.013005,0.031735,0.024334,PASS
S00528,L0026,T01,528,POSITIVE,UNEXPOSED,50.0,87.256257,87.256257,0.03059,113.859962,97.80088,107.039843,55.594376,2.414849,0.457538,0.828182,53.134366,2.972559,2.351063,0.487779,0.043987,0.18475,FAIL
S00572,L0028,T01,572,POSITIVE,UNEXPOSED,50.0,104.529348,104.529348,0.055617,110.790519,102.943866,108.781464,42.060829,2.356191,0.337083,-0.602964,49.752588,2.517286,1.588339,0.20672,0.023485,0.041919,PASS
S00150,L0007,T01,150,POSITIVE,UNEXPOSED,50.0,97.251137,97.251137,-0.036921,124.431588,99.656588,554.0008,49.331999,2.479885,-0.928684,-0.519967,53.839135,3.325008,1.153699,0.361045,0.054761,0.10235,FAIL
S00257,L0012,T02,257,POSITIVE,UNEXPOSED,50.0,107.723555,107.723555,-0.055485,130.916106,95.640242,108.850934,37.788916,2.405036,-0.817752,,49.303524,4.071684,1.642419,0.340141,0.032302,0.200594,FAIL
S00498,L0024,T01,498,NEGATIVE,EXPOSED,50.0,84.57179,108.425371,-0.030558,110.651097,101.749386,,55.453663,2.276098,-0.811731,0.364394,53.481575,2.80394,1.722815,0.026552,0.060079,0.038252,FAIL
S00726,L0036,T01,726,POSITIVE,UNEXPOSED,50.0,97.076429,97.076429,-0.042235,105.79909,96.289735,106.881085,53.53036,2.379267,0.668282,-0.745954,50.20038,2.79694,1.90501,0.109244,0.055773,0.051685,PASS
S00454,L0022,T02,454,NEGATIVE,EXPOSED,50.0,80.394653,103.070068,-0.042106,116.699291,97.691782,106.25707,56.375947,2.413558,-0.889987,-0.155338,53.296681,3.06147,1.520873,0.045284,0.045475,0.043075,FAIL
S00099,L0004,T01,99,NEGATIVE,EXPOSED,50.0,77.384293,99.210632,0.119748,121.701884,96.844731,103.073066,54.204015,2.323251,-0.823742,-0.454467,50.035672,4.716221,1.521782,0.112772,0.081671,0.195558,FAIL
S00071,L0003,T03,71,POSITIVE,UNEXPOSED,50.0,109.16284,109.16284,-0.011717,98.030081,102.633152,106.835553,42.499273,2.358589,0.993995,0.341051,51.292843,2.585051,1.903045,0.046671,0.015508,0.033356,PASS
S00589,L0029,T03,589,POSITIVE,UNEXPOSED,50.0,102.350245,102.350245,-0.128227,102.236397,95.946538,109.022413,45.324998,2.344697,-0.973036,0.233893,53.490404,4.443002,1.106572,0.122478,0.023317,0.119876,FAIL
S00022,L0001,T01,22,POSITIVE,UNEXPOSED,50.0,103.039549,103.039549,-0.098814,100.062073,98.666595,105.915793,57.182364,2.326358,-0.200644,-0.399145,48.21828,3.425793,1.85142,0.035906,0.062345,0.069565,FAIL
S00789,L0039,T01,789,POSITIVE,UNEXPOSED,50.0,105.036532,105.036532,0.158519,117.26494,100.523114,107.811821,37.169977,2.335555,0.195899,-0.077113,48.09916,4.433725,1.692512,0.379885,0.0189,0.274975,FAIL
S00184,L0009,T03,184,POSITIVE,UNEXPOSED,50.0,97.866619,97.866619,-0.077696,111.228447,102.057046,106.841318,48.252327,2.367387,-0.458277,0.142998,50.297289,3.395435,1.676204,0.2606,0.035897,0.104094,FAIL
S00660,L0033,T01,660,NEGATIVE,EXPOSED,50.0,71.175134,91.250172,0.005325,111.117105,99.512596,106.116285,58.370278,2.383157,-0.061893,0.044221,47.302867,1.262869,1.553993,0.269283,0.058617,0.018866,FAIL
S00415,L0020,T01,415,NEGATIVE,EXPOSED,50.0,77.716261,99.636231,0.027807,100.864317,97.599323,103.335026,55.785292,2.265222,-0.777808,-0.807438,52.383691,2.78207,1.533963,0.081309,0.001461,0.034216,PASS
S00447,L0022,T01,447,NEGATIVE,EXPOSED,50.0,75.127322,96.31708,-0.075284,111.122804,92.217934,103.487225,45.777052,2.382235,0.580952,0.923535,50.255668,3.848063,1.060103,0.178032,0.036526,0.088162,FAIL
S00466,L0023,T01,466,POSITIVE,UNEXPOSED,50.0,100.649647,100.649647,-0.084627,108.062194,97.093917,109.788157,54.907089,2.401717,-0.000461,0.573802,49.553565,3.104405,1.049828,0.062088,0.052,0.036969,PASS
S00360,L0018,T01,360,POSITIVE,UNEXPOSED,50.0,104.918991,104.918991,0.103493,122.559809,100.370278,104.855197,44.99716,2.386772,-0.223199,-0.006268,46.923892,3.733383,2.873346,0.200061,0.037518,0.202245,FAIL
S00744,L0037,T01,744,NEGATIVE,EXPOSED,50.0,70.569046,90.473135,-0.072588,100.299785,99.09118,103.05663,53.13293,2.359875,-0.875271,,48.047684,3.457448,1.871314,0.337865,0.037421,0.125182,FAIL
S00496,L0024,T03,496,POSITIVE,UNEXPOSED,50.0,104.340619,104.340619,,115.013731,95.674558,114.020058,46.301434,2.387346,0.173052,0.827017,53.176191,3.044225,2.141445,0.140727,0.013139,0.069932,FAIL
S00254,L0012,T01,254,POSITIVE,UNEXPOSED,50.0,98.145569,98.145569,-0.081709,114.733455,97.540249,107.512079,49.823811,2.341317,-0.674087,0.951018,51.833278,4.096184,1.648476,0.235881,0.046701,0.165984,FAIL
S00036,L0001,T01,36,NEGATIVE,EXPOSED,50.0,83.232952,106.708913,0.015176,115.803221,97.66845,112.211634,48.249971,2.395137,0.16705,0.924074,56.967265,3.117849,3.488982,0.0,0.013778,0.101886,FAIL
S00013,L0000,T03,13,NEGATIVE,EXPOSED,50.0,76.935886,98.635751,0.012857,133.922518,98.864815,102.923049,46.228601,2.410836,-0.614209,0.044328,50.25917,2.692828,1.472381,0.14846,0.037638,0.040252,PASS
S00566,L0028,T03,566,NEGATIVE,EXPOSED,50.0,82.465103,105.724491,-0.061343,112.230107,100.241367,100.564948,45.56834,2.390949,0.768537,0.202694,51.475652,3.162218,2.55449,0.055685,0.031071,0.079179,PASS
S00401,L0020,T01,401,NEGATIVE,EXPOSED,50.0,79.843237,102.363125,-0.007018,115.542917,94.063786,109.749484,57.461418,2.411829,-0.972969,0.785304,54.412232,2.660926,2.404453,0.045748,0.043508,0.049318,FAIL
S00664,L0033,T01,664,NEGATIVE,EXPOSED,50.0,68.910355,88.346609,0.088978,121.857175,100.663428,101.922362,63.502367,2.291127,-0.238309,0.154436,44.847262,3.52647,2.16294,0.441257,0.194988,0.295277,FAIL
S00512,L0025,T03,512,NEGATIVE,EXPOSED,50.0,69.974155,89.710455,0.020544,120.841641,96.155915,105.773134,58.026283,2.362846,0.780435,0.723606,49.886518,2.759316,1.740019,0.362349,0.07974,0.094179,FAIL
S00271,L0013,T01,271,NEGATIVE,EXPOSED,50.0,80.293818,102.940792,0.000688,112.642004,98.795174,102.163376,59.498661,2.322686,-0.258054,0.82765,52.350639,2.607503,1.799858,0.041225,0.037374,0.033413,PASS
S00300,L0015,T03,300,NEGATIVE,EXPOSED,50.0,72.178962,92.53713,0.001976,126.670041,94.61307,109.783028,58.869184,2.382315,-0.181378,0.033457,52.6072,1.670014,2.479382,0.253621,0.075275,0.043169,FAIL
S00304,L0015,T01,304,NEGATIVE,EXPOSED,50.0,75.992624,97.426441,0.06691,122.691678,100.292518,103.489675,60.328077,2.418686,0.856975,-0.875352,51.377645,4.022479,1.545361,0.182283,0.093567,0.145961,FAIL
S00380,L0019,T01,380,NEGATIVE,EXPOSED,50.0,83.71493,107.326834,0.037732,125.401152,97.835516,106.758819,60.835544,2.4698,0.454277,-0.396921,54.492359,2.929788,1.539195,0.000843,0.082014,0.037843,FAIL
S00139,L0006,T02,139,POSITIVE,UNEXPOSED,50.0,103.737406,103.737406,0.100167,121.522241,96.361306,111.537677,47.521234,2.424931,-0.666793,0.226805,51.224566,3.830644,1.237592,0.167565,0.045678,0.094499,FAIL
S00196,L0009,T01,196,NEGATIVE,EXPOSED,50.0,75.402758,96.670202,0.029675,116.807601,99.099452,105.561096,49.250388,2.335531,-0.203523,-0.540167,50.332233,2.528465,1.139767,0.149916,0.039864,0.029756,PASS
S00617,L0030,T02,617,NEGATIVE,,50.0,85.614297,109.761919,-0.03889,108.943589,99.950153,109.172548,52.950983,2.384935,-0.633905,0.830222,55.639602,2.934791,2.260474,0.0,0.009225,0.04657,FAIL
S00605,L0030,T01,605,NEGATIVE,EXPOSED,50.0,77.626067,99.520599,-0.054008,108.545596,96.790029,102.890256,55.949315,2.432486,0.606867,,50.954359,3.552889,1.463376,0.071811,0.040629,0.065832,FAIL
S00486,L0024,T01,486,NEGATIVE,EXPOSED,50.0,79.433367,101.837649,-0.077674,110.997226,98.193983,103.431811,65.807153,2.346273,-0.66016,-0.6963,50.468919,3.382273,1.538236,0.0469,0.099423,0.064214,FAIL
S00222,L0011,T02,222,NEGATIVE,EXPOSED,50.0,89.495529,114.737858,-0.020326,119.859203,97.38132,106.260657,59.041649,2.397964,0.62482,-0.382701,57.377868,2.701758,1.578944,0.0,0.030939,0.028257,FAIL
S00179,L0008,T02,179,NEGATIVE,EXPOSED,50.0,77.13181,98.886936,0.065373,112.89428,96.779272,105.037293,57.839256,2.462815,-0.535294,0.295455,49.743144,3.096467,1.524116,0.094611,0.060369,0.052456,PASS
S00525,L0026,T02,525,POSITIVE,UNEXPOSED,50.0,107.348777,107.348777,0.053327,116.320468,95.864861,110.487375,40.89587,,-0.188943,-0.561911,51.542093,3.192939,1.704323,0.212755,0.03133,0.079104,PASS
S00565,L0028,T01,565,NEGATIVE,EXPOSED,50.0,78.812978,101.042279,-0.053263,107.393405,100.100943,106.178049,54.701958,2.348998,-0.702126,-0.933217,52.23456,3.751227,1.247551,0.063273,0.039964,0.067344,FAIL
S00655,L0032,T02,655,NEGATIVE,EXPOSED,50.0,65.630002,84.141028,,126.306005,96.824841,104.900933,59.022663,2.330438,-0.900457,-0.507657,48.267474,2.790299,1.829947,0.509619,0.104463,0.152686,FAIL
S00383,L0019,T02,383,POSITIVE,UNEXPOSED,50.0,102.387476,102.387476,0.022046,122.303986,97.832571,113.301285,53.809942,2.355778,0.209712,-0.051275,53.300982,1.959082,1.838686,0.096067,0.07766,0.025572,FAIL
S00137,L0006,T01,137,POSITIVE,UNEXPOSED,50.0,92.401224,92.401224,0.216398,101.232153,101.359576,382.043196,40.691406,2.390416,0.489368,-0.696068,53.664209,6.018124,1.527233,0.709029,0.02617,0.773134,FAIL
S00279,L0013,T02,279,POSITIVE,UNEXPOSED,50.0,106.736631,106.736631,0.010156,129.331205,96.097081,109.629479,52.631079,2.38876,0.898684,0.910928,49.522384,3.414587,1.522673,0.044274,0.101581,0.06524,FAIL
S00366,L0018,T01,366,POSITIVE,UNEXPOSED,50.0,98.732103,98.732103,-0.025806,96.355652,94.937283,110.100495,40.544619,2.530694,-0.772546,0.604187,51.207943,2.650827,1.248917,0.369383,0.022351,0.060101,FAIL
S00288,L0014,T02,288,POSITIVE,UNEXPOSED,50.0,105.557989,105.557989,-0.030143,123.948381,97.767026,111.468371,44.595244,2.400903,0.30554,0.468379,51.336383,2.829452,1.082825,0.179515,0.03104,0.039197,PASS
S00437,L0021,T01,437,,EXPOSED,50.0,75.802079,97.182153,-0.089431,96.997287,91.687582,109.020876,61.808257,2.34817,0.935924,0.566617,49.96518,4.053311,2.111074,0.076826,0.043809,0.135995,FAIL
S00644,L0032,T01,644,NEGATIVE,EXPOSED,50.0,63.50309,81.414218,0.098791,117.604654,99.158135,106.157046,57.514918,2.484668,-0.031582,0.349481,44.758384,3.428756,2.204365,0.498282,0.095522,0.26519,FAIL
S00229,L0011,T02,229,NEGATIVE,EXPOSED,50.0,83.531417,107.09156,-0.100014,121.154672,96.971922,100.649926,51.070218,2.387452,-0.056475,-0.823897,50.838165,4.071607,2.446122,0.032776,0.028693,0.140607,FAIL
S00350,L0017,T02,350,NEGATIVE,EXPOSED,50.0,81.016941,103.867873,0.162596,,99.717148,101.586439,51.186448,2.374605,0.862008,-0.714939,53.759129,4.925894,1.496266,0.015392,0.00875,0.177594,FAIL
S00759,L0037,T01,759,NEGATIVE,EXPOSED,50.0,81.361491,104.309604,-0.017213,116.970244,100.395429,104.049529,50.315635,2.324376,0.224566,-0.410709,50.867881,2.397427,1.254452,0.033951,0.029365,0.020159,PASS
S00615,L0030,T02,615,NEGATIVE,EXPOSED,50.0,74.054373,94.941504,0.025364,117.846562,95.04796,106.265516,61.881342,2.334577,0.885864,0.942176,52.658565,3.252587,1.31727,0.189943,0.068592,0.069948,FAIL
S00708,L0035,T01,708,NEGATIVE,EXPOSED,50.0,77.752071,99.682142,-0.113311,134.202911,96.96435,100.76588,59.141657,2.350297,0.543821,0.209523,45.783075,4.034749,2.165486,0.154184,0.171379,0.214286,FAIL
S00456,L0022,T02,456,NEGATIVE,EXPOSED,50.0,79.120693,101.436786,0.082451,118.568671,100.449342,108.070157,52.103374,2.366941,-0.042991,-0.324838,51.860361,2.727709,1.971823,0.030636,0.023429,0.037957,PASS
S00140,L0007,T01,140,POSITIVE,UNEXPOSED,50.0,102.160818,102.160818,-0.02887,108.802178,97.565325,105.685981,45.162475,2.361636,0.996976,-0.297119,53.174003,2.973166,1.89087,0.176802,0.032304,0.066793,FAIL
S00780,L0039,T02,780,NEGATIVE,EXPOSED,50.0,80.437191,103.124604,-0.025575,131.605886,101.893854,104.175604,54.848348,2.382361,0.538463,-0.267177,50.324024,2.399543,1.214948,0.051451,0.08757,0.023912,PASS
S00503,L0025,T02,503,POSITIVE,UNEXPOSED,50.0,99.310141,99.310141,0.02791,106.597053,100.29623,110.569642,49.097805,2.445197,-0.99635,0.813837,53.041557,3.196216,1.372031,0.182863,0.024772,0.060959,FAIL
S00532,L0026,T01,532,POSITIVE,UNEXPOSED,50.0,99.114416,99.114416,0.108099,110.057121,100.894523,382.421514,44.706962,2.309315,-0.350234,0.464791,52.017881,3.948557,1.264359,0.314964,0.010877,0.139525,FAIL
S00242,L0012,T01,242,,EXPOSED,50.0,73.837808,94.663856,-0.051715,113.131364,93.730954,105.210079,49.983411,2.350924,0.689417,0.844353,49.961228,3.503943,1.649839,0.202385,0.019983,0.092995,FAIL
S00019,L0000,T01,19,NEGATIVE,EXPOSED,50.0,73.611657,94.373919,-0.038639,114.796751,97.626686,100.484333,62.506568,2.322547,-0.816101,-0.519335,49.63968,2.71368,2.319081,0.285759,0.128306,0.111354,FAIL
S00159,L0007,T02,159,NEGATIVE,EXPOSED,50.0,77.461854,99.310069,0.078845,125.196271,97.209847,105.31317,50.471174,2.337401,0.976805,0.18537,52.43641,4.130367,1.146385,0.093865,0.038321,0.092789,FAIL
S00567,L0028,T03,567,POSITIVE,UNEXPOSED,50.0,95.102105,95.102105,-0.09943,99.602417,94.579374,110.723606,50.747053,2.281091,-0.493478,0.997994,53.724179,4.070109,1.597564,0.202758,0.032572,0.142755,FAIL
S00208,L0010,T03,208,POSITIVE,UNEXPOSED,50.0,115.283617,115.283617,-0.107704,99.71931,96.117053,,51.70178,2.418448,0.52339,-0.912912,48.506915,3.803213,1.565584,0.0,0.047652,0.071288,FAIL
S00307,L0015,T01,307,NEGATIVE,EXPOSED,50.0,74.995681,96.148309,-0.047059,137.959123,97.408572,100.696709,56.648229,2.381907,-0.625231,-0.327775,45.054763,3.422713,1.819747,0.269345,0.193555,0.163587,FAIL
S00570,L0028,T03,570,NEGATIVE,EXPOSED,50.0,76.12818,97.600231,-0.022005,122.815178,91.704321,108.144791,62.415124,2.383141,0.836491,0.973051,55.497129,3.185074,1.515904,0.103193,0.072589,0.059049,FAIL
S00133,L0006,T01,133,NEGATIVE,EXPOSED,50.0,73.271735,93.938122,0.015582,103.350888,96.804556,102.777191,37.38192,2.372428,0.112662,-0.19471,48.315648,1.695231,1.710748,0.239553,0.002948,0.02366,PASS
S00422,L0021,T01,422,NEGATIVE,EXPOSED,50.0,75.366202,96.623336,-0.008565,91.08779,99.106513,104.415738,57.01825,2.395536,0.208971,-0.890841,49.467243,2.385145,1.447601,0.110087,0.044027,0.028246,PASS
S00108,L0005,T01,108,NEGATIVE,EXPOSED,50.0,69.936741,89.662488,-0.067588,119.764742,99.78066,107.818296,55.836172,2.406682,-0.893983,0.81681,51.826106,4.053587,2.412203,0.323664,0.033317,0.271302,FAIL
S00412,L0020,T02,412,NEGATIVE,EXPOSED,50.0,84.995951,108.969168,-0.137947,103.485307,94.647851,105.897113,63.254362,2.362265,-0.357955,-0.97712,53.53857,4.515823,1.909009,0.023217,0.046024,0.152966,FAIL
S00191,L0009,T01,191,NEGATIVE,EXPOSED,50.0,85.015711,108.994502,0.08133,115.637957,96.729042,105.005326,41.13689,2.439484,-0.46494,0.591425,53.257503,3.569185,1.69547,0.019556,0.0,0.059585,FAIL
S00333,L0016,T01,333,POSITIVE,UNEXPOSED,50.0,110.487587,110.487587,0.057417,111.725164,100.321329,108.997295,49.702663,2.437409,-0.893334,0.641187,50.501047,2.952779,1.74804,0.008159,0.037386,0.039453,PASS
S00067,L0003,T01,67,POSITIVE,UNEXPOSED,50.0,101.586584,101.586584,-0.006418,114.450514,96.76509,110.92961,53.960147,2.441497,-0.982522,0.778271,52.223153,2.74299,1.478746,0.068812,0.041993,0.034307,PASS
S00541,L0027,T01,541,NEGATIVE,EXPOSED,50.0,85.514894,109.634479,0.11869,115.316398,99.091259,106.90968,53.58454,2.442835,0.590737,0.06381,55.1944,3.557452,1.974202,0.022335,0.034475,0.074356,FAIL
S00392,L0019,T01,392,POSITIVE,UNEXPOSED,50.0,100.326357,100.326357,-0.022926,114.48647,102.821902,111.436663,53.585612,2.403187,0.610547,-0.43505,50.884214,2.35258,1.060495,0.106892,0.050943,0.022524,PASS
S00178,L0008,T01,178,NEGATIVE,EXPOSED,50.0,75.405034,96.67312,-0.042114,88.988407,93.796001,107.176078,54.511564,2.257188,0.95734,0.935726,51.36158,3.634322,1.679604,0.072527,0.019286,0.074761,FAIL
S00663,L0033,T01,663,POSITIVE,UNEXPOSED,50.0,102.272808,102.272808,0.063287,108.627031,101.571815,106.569996,42.59058,2.393921,0.242309,0.132558,48.800251,2.697808,1.903206,0.246212,0.023615,0.063467,PASS
S00444,L0022,T01,444,NEGATIVE,EXPOSED,50.0,81.050188,103.910497,-0.124102,,94.899493,104.201581,48.310154,2.407555,0.492607,0.95231,52.693996,4.707063,1.372831,0.044227,0.033934,0.140003,FAIL
S00504,L0025,T01,504,NEGATIVE,EXPOSED,50.0,64.653804,82.889492,0.058874,111.859896,100.198514,102.756863,56.871781,2.394278,-0.702944,-0.597248,46.029913,3.236405,1.911608,0.499859,0.068943,0.196912,FAIL
S00084,L0004,T01,84,NEGATIVE,EXPOSED,50.0,77.224193,99.005376,-0.125245,115.892277,100.774003,107.899913,52.113632,2.305314,0.346926,-0.51791,49.763243,4.240631,1.510759,0.083725,0.047007,0.119982,FAIL
S00455,L0022,T01,455,NEGATIVE,EXPOSED,50.0,79.014621,101.300796,-0.002933,125.578988,97.229733,106.21354,53.542972,2.347727,-0.862768,0.679459,52.362095,3.246129,1.51207,0.076863,0.03544,0.052883,FAIL
S00683,L0034,T02,683,NEGATIVE,EXPOSED,50.0,71.726403,,-0.073592,139.404857,99.124993,105.232279,50.679176,2.432663,-0.647154,-0.255426,50.230709,3.830215,1.386006,0.384162,0.077506,0.183532,FAIL
S00199,L0009,T01,199,NEGATIVE,EXPOSED,50.0,73.080166,,-0.042985,106.40874,97.842487,102.677557,60.055579,2.390654,-0.001,-0.506978,48.858562,2.833971,1.84552,0.234865,0.06467,0.073319,PASS
S00743,L0037,T02,743,,EXPOSED,50.0,86.423362,110.799181,-0.016075,108.77679,97.055509,104.8323,54.703884,2.376815,-0.299589,0.91348,53.954444,2.251127,1.871431,0.009451,0.036442,0.023668,FAIL
S00386,L0019,T01,386,NEGATIVE,EXPOSED,50.0,77.970952,99.962759,0.016156,120.115267,101.210006,104.121815,40.507317,2.434865,-0.608229,0.817005,52.672131,2.759603,1.425601,0.091252,0.005801,0.032919,PASS
S00547,L0027,T03,547,POSITIVE,UNEXPOSED,50.0,104.013924,104.013924,0.014207,117.179032,99.43207,110.085969,39.824488,2.470936,0.687524,-0.670286,52.096218,2.702527,1.237621,0.423799,0.015843,0.05472,FAIL
S00700,L0035,T01,700,POSITIVE,UNEXPOSED,50.0,108.802638,108.802638,0.086994,116.161968,96.886362,107.961521,58.085231,2.36146,-0.41352,-0.941042,47.766323,3.549136,1.42785,0.020086,0.12507,0.068561,FAIL
S00571,L0028,T01,571,POSITIVE,UNEXPOSED,50.0,103.83374,,-0.030314,98.96465,100.027772,111.440504,44.799641,2.406848,-0.645494,0.80926,50.202961,2.752288,1.389946,0.099272,0.020068,0.033962,PASS
S00359,L0017,T01,359,POSITIVE,UNEXPOSED,50.0,102.799755,,-0.069131,111.09058,94.818811,111.960485,40.334838,2.416087,-0.084964,-0.271358,50.601731,3.147293,1.654883,0.326456,0.019536,0.028552,FAIL
S00554,L0027,T01,554,NEGATIVE,EXPOSED,50.0,73.749797,94.551021,-0.045831,113.813436,98.461421,104.647677,46.818604,2.363526,-0.835378,0.130151,49.2475,3.300369,1.387753,0.219214,0.026111,0.073622,FAIL
S00596,L0029,T01,596,POSITIVE,UNEXPOSED,50.0,100.287657,100.287657,-0.008887,118.809148,98.682319,108.228085,37.431952,2.361019,-0.36406,-0.657086,51.532381,2.476754,1.091566,0.644227,0.0,0.09359,FAIL
S00757,L0037,T01,757,NEGATIVE,EXPOSED,50.0,83.69231,107.297833,0.004003,127.435864,101.828638,112.317816,40.18634,2.306222,-0.794051,0.088861,60.08325,2.842895,3.921647,0.005607,0.0,0.100568,FAIL
S00085,L0004,T01,85,POSITIVE,UNEXPOSED,50.0,102.51648,102.51648,-0.001689,110.463586,94.415608,110.784458,44.817069,2.397904,-0.757632,0.026952,51.383168,2.03646,1.136925,0.191592,0.012111,0.020695,PASS
S00129,L0006,T01,129,NEGATIVE,EXPOSED,50.0,69.608674,89.24189,-0.06541,103.445269,94.790261,103.412943,52.392328,2.43578,-0.349203,0.644814,48.707443,3.043283,1.656503,0.365225,0.054842,0.106939,FAIL
S00080,L0004,T02,80,NEGATIVE,EXPOSED,50.0,80.190836,102.808764,-0.124797,,97.176466,111.011258,59.228755,2.30302,0.617812,0.781766,55.304767,4.314624,2.946708,0.030565,0.034995,0.211016,FAIL
S00594,L0029,T02,594,,EXPOSED,50.0,68.138853,87.357504,-0.059027,109.179522,97.067716,,61.159467,2.350564,-0.849688,0.682174,49.386903,3.948543,1.794393,0.394966,0.061197,0.235426,FAIL
S00025,L0001,T01,25,POSITIVE,UNEXPOSED,50.0,100.897278,100.897278,0.00589,116.874592,99.359328,109.163505,42.825071,2.323091,-0.363524,0.764348,51.159613,2.435427,1.30243,0.338788,0.026385,0.048384,FAIL
S00542,L0027,T01,542,NEGATIVE,EXPOSED,50.0,80.085258,102.673408,0.006249,105.205738,100.491931,105.676539,52.307088,2.424552,-0.469979,0.638205,50.902745,1.822438,1.346334,0.038335,0.016693,0.012851,PASS
S00174,L0008,T01,174,NEGATIVE,EXPOSED,50.0,84.071091,107.783449,-0.044283,109.963975,99.59154,106.937131,58.807306,2.315431,-0.503765,-0.586077,52.490144,2.844291,1.767084,0.034723,0.036047,0.039049,PASS
S00116,L0005,T02,116,NEGATIVE,EXPOSED,50.0,76.590441,98.192873,-0.025583,110.403593,101.424165,103.349249,59.259111,2.447478,0.079703,-0.846544,51.005396,2.929624,1.457317,0.114824,0.061609,0.046853,PASS
S00390,L0019,T01,390,,EXPOSED,50.0,86.124325,110.415802,-0.100672,139.788068,97.154439,104.260161,58.594063,2.339823,0.672557,-0.844648,55.279678,4.389176,1.891091,0.020894,0.096247,0.153166,FAIL
S00618,L0030,T01,618,NEGATIVE,EXPOSED,50.0,75.7424,97.105642,-0.016833,123.024105,96.839301,105.157945,45.072751,2.330562,-0.933098,-0.992965,53.529613,3.400913,1.266611,0.137801,0.034308,0.061747,FAIL
S00646,L0032,T03,646,POSITIVE,UNEXPOSED,50.0,92.719266,92.719266,0.041383,107.419028,97.065979,110.541012,45.882149,2.479191,-0.112306,-0.780108,53.214151,2.397635,1.30982,0.554128,0.009393,0.07969,FAIL
S00414,L0020,T02,414,NEGATIVE,,50.0,76.929066,98.627008,0.096751,114.085288,97.142527,101.773083,53.610674,2.417388,-0.555851,0.579822,50.189199,3.910552,1.821483,0.133759,0.031745,0.119168,FAIL
S00088,L0004,T01,88,NEGATIVE,EXPOSED,50.0,87.999307,112.819624,-0.080625,139.526785,99.146954,107.532518,57.678903,2.3727,0.462465,0.19277,57.746197,3.850812,1.8748,0.000891,0.084474,0.09432,FAIL
S00511,L0025,T01,511,NEGATIVE,EXPOSED,50.0,80.059477,102.640355,-0.033488,130.113555,100.867138,106.945055,55.256528,2.360145,-0.147357,-0.370637,51.25054,2.588256,1.620408,0.068959,0.069239,0.034805,PASS
S00699,L0034,T01,699,POSITIVE,UNEXPOSED,50.0,105.534094,105.534094,-0.141559,111.301401,97.983213,112.274461,43.27449,2.372487,-0.593934,-0.312778,48.436641,4.22318,1.525389,0.148153,0.006875,0.127938,FAIL
S00638,L0031,T01,638,NEGATIVE,EXPOSED,50.0,83.118431,106.562091,-0.119131,122.628293,99.48088,106.972039,47.860559,2.412038,-0.967464,-0.396968,55.544023,4.95539,1.815996,0.026892,0.024657,0.192759,FAIL
S00212,L0010,T01,212,POSITIVE,UNEXPOSED,50.0,94.302561,94.302561,0.003791,112.679332,96.171095,110.727103,49.005933,2.32055,0.979372,0.617731,54.173078,2.761883,1.819654,0.413339,0.02523,0.098752,FAIL
S00574,L0028,T03,574,POSITIVE,UNEXPOSED,50.0,99.305296,99.305296,-0.029457,131.250548,96.889935,110.988849,45.026912,2.453118,0.491794,-0.606183,53.397434,2.928983,1.347718,0.457894,0.052517,0.105673,FAIL
S00053,L0002,T03,53,NEGATIVE,EXPOSED,50.0,74.011775,94.886891,0.097037,118.849963,94.992528,104.951514,44.056621,2.281463,0.317661,0.076328,49.562344,3.197445,1.243534,0.207354,0.027733,0.061324,PASS
S00049,L0002,T01,49,POSITIVE,,50.0,101.909613,101.909613,0.016962,115.101634,98.965654,109.245982,45.814222,2.361379,0.694994,0.922777,51.315002,3.112069,1.36044,0.213738,0.019676,0.06072,PASS
S00636,L0031,T01,636,NEGATIVE,EXPOSED,50.0,77.441113,99.283478,-0.027253,91.9143,101.184827,107.494682,50.339245,2.321241,0.341996,-0.514925,48.815781,2.426266,1.790603,0.038668,0.047105,0.029119,PASS
S00629,L0031,T03,629,POSITIVE,UNEXPOSED,50.0,98.415662,98.415662,-0.021716,118.961642,,104.639917,47.781603,2.397618,-0.205383,-0.476582,50.864625,2.463736,2.275087,0.312495,0.012772,0.073945,FAIL
S00029,L0001,T01,29,NEGATIVE,EXPOSED,50.0,80.361376,103.027405,-0.069213,103.604931,100.394505,103.786568,58.717415,2.31555,0.416738,0.780338,52.921219,3.200069,1.642696,0.027192,0.044299,0.04882,FAIL
S00251,L0012,T01,251,NEGATIVE,EXPOSED,50.0,85.850569,110.064832,0.051996,106.577194,94.114694,102.383002,52.075972,2.420315,0.14968,-0.57153,54.436805,2.743354,1.934608,0.016517,0.051497,0.038824,FAIL
S00526,L0026,T03,526,NEGATIVE,EXPOSED,50.0,76.61977,98.230474,-0.110041,,93.38523,105.422046,50.996758,2.407335,0.31439,0.106267,51.666628,3.755198,1.269558,0.114675,0.032582,0.076755,FAIL
S00490,L0024,T02,490,POSITIVE,UNEXPOSED,50.0,101.108911,101.108911,-0.017694,103.8589,97.009055,106.717984,43.292478,2.368336,0.24317,-0.304857,51.276075,1.622106,1.690008,0.248687,0.001366,0.022489,PASS
S00223,L0011,T01,223,NEGATIVE,EXPOSED,50.0,76.469053,98.037247,-0.049748,115.945031,97.778836,102.880027,58.05234,2.262849,0.84595,0.874231,50.265918,3.65423,1.652292,0.146687,0.053017,0.097803,FAIL
S00603,L0030,T01,603,NEGATIVE,EXPOSED,50.0,76.408743,97.959927,-0.129313,126.505568,96.080339,107.518277,58.605288,2.424043,0.398334,-0.300864,51.924365,4.166811,1.732275,0.113825,0.065402,0.141457,FAIL
S00429,L0021,T02,429,NEGATIVE,EXPOSED,50.0,81.102509,103.977576,0.02107,129.615475,102.682823,106.982938,54.241129,2.388965,0.802484,-0.237656,54.228365,2.741409,1.352803,0.037095,0.047176,0.029772,FAIL
S00548,L0027,T02,548,NEGATIVE,EXPOSED,50.0,87.101662,111.668797,-0.038258,119.264807,98.56461,103.375425,268.092755,2.430531,0.826465,-0.971557,55.62786,3.741862,1.668619,0.000813,0.017643,0.066901,FAIL
S00696,L0034,T01,696,NEGATIVE,EXPOSED,50.0,67.904854,87.057505,-0.136082,112.035683,98.414968,106.274495,64.932873,2.453518,0.104822,-0.248647,46.12002,3.992981,1.75779,0.413475,0.163104,0.298659,FAIL
S00546,L0027,T01,546,NEGATIVE,EXPOSED,50.0,71.775039,92.019281,0.051485,106.249287,99.577673,107.07746,53.100311,2.483603,0.281209,0.078581,47.174823,2.365709,1.682319,0.216644,0.031566,0.040763,PASS
S00032,L0001,T01,32,NEGATIVE,EXPOSED,50.0,76.650994,98.270505,0.140844,112.937055,95.692058,100.609148,59.502495,2.354564,-0.235782,-0.489587,49.585024,4.261596,2.194273,0.15977,0.064699,0.207232,FAIL
S00733,L0036,T02,733,POSITIVE,UNEXPOSED,50.0,104.512432,104.512432,0.02971,129.528495,100.775742,117.067345,41.418974,2.430159,-0.83449,-0.040819,57.132347,3.134476,3.325635,0.344293,0.008877,0.2141,FAIL
S00569,L0028,T01,569,POSITIVE,UNEXPOSED,50.0,92.381124,92.381124,0.178337,133.361396,96.55142,109.733204,49.911731,2.412542,-0.286409,-0.966682,53.053491,6.251992,1.258073,0.66267,0.070145,0.778504,FAIL
S00038,L0001,T02,38,NEGATIVE,EXPOSED,50.0,71.582362,91.772259,0.213887,110.244084,100.063156,106.956849,52.145224,2.331183,0.300147,0.346267,48.420658,5.48781,1.939535,0.261538,0.048735,0.451534,FAIL
S00419,L0020,T01,419,NEGATIVE,EXPOSED,50.0,73.799757,94.615072,-0.041712,121.742664,101.17263,378.580913,49.735779,2.334041,0.376097,0.284023,50.009773,2.707973,1.577365,0.189732,0.011737,0.045214,PASS
S00362,L0018,T01,362,POSITIVE,UNEXPOSED,50.0,102.696018,102.696018,0.034573,119.860952,101.053498,111.701571,45.436889,2.407761,0.007028,-0.934707,52.491004,3.141689,1.300883,0.22107,0.002418,0.05902,PASS
S00245,L0012,T01,245,NEGATIVE,EXPOSED,50.0,67.0408,85.949744,-0.037246,118.926941,100.016037,108.718479,,2.386044,-0.508357,-0.793191,49.869296,3.29852,2.458467,0.426886,0.004536,0.195057,FAIL
S00606,L0030,T03,606,NEGATIVE,EXPOSED,50.0,84.165766,107.904829,0.011948,120.053767,101.840221,105.541036,57.944938,2.333988,-0.717022,0.512268,56.033353,2.783638,1.377947,0.015121,0.047477,0.029455,FAIL
S00568,L0028,T01,568,NEGATIVE,EXPOSED,50.0,76.447796,98.009995,0.120964,116.483628,99.589313,106.176086,53.958481,2.413057,0.264838,-0.285052,50.840935,4.521693,1.645439,0.093313,0.026721,0.15401,FAIL
S00576,L0028,T03,576,NEGATIVE,EXPOSED,50.0,95.443675,122.363687,-0.071761,110.218909,96.675957,103.828303,63.476389,2.421965,-0.238368,-0.71476,56.877048,3.472868,2.430224,0.0,0.052525,0.086264,FAIL
S00330,L0016,T03,330,NEGATIVE,EXPOSED,50.0,72.059976,92.384585,0.029182,125.366154,100.977662,107.342725,51.880211,2.290581,0.872917,-0.803221,53.058718,3.561703,1.81017,0.258545,0.039162,0.126184,FAIL
S00702,L0035,T01,702,NEGATIVE,EXPOSED,50.0,79.235554,101.584044,-0.022418,130.312121,96.360041,107.149238,58.481084,2.377591,-0.910478,-0.260775,52.727626,2.625826,1.651627,0.052962,0.089262,0.036678,PASS
S00252,L0012,T02,252,NEGATIVE,EXPOSED,50.0,82.181007,105.360265,-0.039908,110.871579,92.495905,106.959812,51.034334,2.380668,0.308271,-0.426647,53.044719,2.80005,1.781673,0.023166,0.011782,0.034699,FAIL
S00263,L0013,T01,263,NEGATIVE,EXPOSED,50.0,85.592615,109.734122,0.121437,122.662236,95.199798,104.909536,60.561955,2.3424,0.265269,0.541997,53.615422,3.928962,1.58092,0.002978,0.084002,0.086865,FAIL
S00670,L0033,T01,670,NEGATIVE,EXPOSED,50.0,83.727471,107.342912,-0.04823,115.494554,96.796019,102.965641,47.292722,2.373219,-0.316788,-0.136239,51.487652,2.675936,1.832512,0.000855,0.043685,0.032737,PASS
S00194,L0009,T01,194,NEGATIVE,EXPOSED,50.0,77.421733,99.258632,0.104589,115.034296,98.643668,103.076934,50.541254,2.333163,-0.350443,0.25813,49.641754,3.512817,1.354774,0.105406,0.041291,0.065951,FAIL
S00152,L0007,T02,152,NEGATIVE,EXPOSED,50.0,84.757908,108.663985,-0.056794,138.474384,101.193382,103.287323,51.726579,2.289325,0.038769,-0.917481,53.773798,3.446702,1.777909,0.0,0.036896,0.058403,FAIL
S00751,L0037,T01,751,POSITIVE,UNEXPOSED,50.0,99.853979,99.853979,0.095676,114.763803,98.71988,108.045257,48.083042,2.356159,-0.554823,0.975881,51.868225,4.241012,1.442027,0.213557,0.024803,0.151606,FAIL
S00166,L0008,T02,166,POSITIVE,UNEXPOSED,50.0,92.301757,92.301757,0.032979,118.907114,96.502699,108.371196,57.71697,2.337829,-0.523418,-0.043017,51.466265,2.053086,1.317034,0.22591,0.107981,0.032046,PASS
S00428,L0021,T01,428,POSITIVE,UNEXPOSED,50.0,106.945781,106.945781,-0.069636,84.258176,97.059572,111.991832,48.031753,2.412704,0.736375,0.921441,48.394619,4.079556,1.612651,0.011786,0.007984,0.085297,FAIL
S00205,L0010,T01,205,NEGATIVE,EXPOSED,50.0,78.554503,100.710901,-0.085029,114.932331,97.171307,104.373644,57.892005,2.367009,0.670735,,50.355852,3.410051,1.242255,0.04231,0.009581,0.050262,FAIL
S00292,L0014,T01,292,NEGATIVE,EXPOSED,50.0,91.502031,117.310296,0.130503,110.026366,101.72216,103.070903,49.435332,2.424097,-0.82841,0.335788,54.63791,4.417776,2.112408,0.0,0.004228,0.13558,FAIL
S00224,L0011,T02,224,POSITIVE,UNEXPOSED,50.0,91.790355,91.790355,0.078759,118.388887,96.530075,113.375443,44.644553,2.357757,-0.264178,0.989662,56.921522,3.681698,1.918295,0.754088,0.020086,0.393211,FAIL
S00511,L0025,T01,511,NEGATIVE,EXPOSED,50.0,80.059477,102.640355,-0.033488,130.113555,100.867138,106.945055,55.256528,2.360145,-0.147357,-0.370637,51.25054,2.588256,1.620408,0.068959,0.069239,0.034805,PASS
S00323,L0016,T02,323,NEGATIVE,EXPOSED,50.0,74.524553,95.544299,0.02914,115.947206,97.428942,105.098778,59.729643,2.415177,0.378127,0.906139,50.215229,3.045551,1.512731,0.195899,0.064633,0.06604,PASS
S00328,L0016,T02,328,NEGATIVE,EXPOSED,50.0,82.073853,105.222889,-0.056127,109.487105,95.901607,109.069986,47.296847,2.393832,0.320151,0.960159,56.223898,3.645473,2.377011,0.005698,0.033869,0.093353,PASS
S00241,L0012,T01,241,POSITIVE,UNEXPOSED,50.0,106.242303,106.242303,0.123432,99.973624,98.194832,110.203532,62.736713,2.428009,0.103903,-0.483279,46.466288,4.098839,1.341629,0.031685,0.132488,0.105444,FAIL
S00433,L0021,T02,433,NEGATIVE,EXPOSED,50.0,82.294822,105.506182,0.073276,114.727697,99.85551,108.142736,56.544072,2.313327,-0.030393,-0.751498,54.516247,3.206508,1.574445,0.0,0.053387,0.045,FAIL
S00060,L0003,T01,60,NEGATIVE,EXPOSED,50.0,78.885848,101.135702,-0.019421,106.55131,99.701639,105.453463,48.951707,2.41559,0.876593,-0.430361,51.580685,2.40513,1.375247,0.048422,0.028873,0.0225,PASS
S00169,L0008,T01,169,POSITIVE,UNEXPOSED,50.0,108.447094,108.447094,0.154283,98.059397,100.973075,112.394612,41.791162,2.476145,0.978521,0.390264,47.697491,4.987252,1.611035,0.09041,0.030695,0.210008,FAIL
S00736,L0036,T02,736,NEGATIVE,EXPOSED,50.0,79.370943,101.757619,-0.049164,103.809192,100.913894,107.050676,53.389074,2.293953,0.2337,-0.444452,51.440262,2.288627,1.580378,0.068908,0.005447,0.022778,PASS
S00218,L0010,T02,218,NEGATIVE,EXPOSED,50.0,73.752882,94.554977,-0.179788,110.963311,100.13609,104.755167,57.982483,2.335991,-0.004018,0.242263,48.620821,4.684963,1.457141,0.177615,0.0512,0.202453,FAIL
S00332,L0016,T01,332,NEGATIVE,,50.0,76.54694,98.137103,0.007941,102.155135,97.793611,107.651266,44.461325,2.245288,0.545181,0.747134,49.836897,2.180827,1.585106,0.077709,0.013701,0.021825,PASS
S00460,L0023,T03,460,NEGATIVE,EXPOSED,50.0,75.979321,97.409386,-0.057396,137.167077,94.876364,99.739968,44.375593,2.378777,-0.972612,0.181895,47.48683,3.576451,2.55001,0.258411,0.060893,0.188203,FAIL
S00630,L0031,T01,630,POSITIVE,UNEXPOSED,,102.48467,102.48467,-0.005192,,97.115285,109.637359,45.755786,2.347869,0.396066,0.03288,49.571151,1.653349,1.222145,0.093592,0.02091,0.012271,PASS
S00745,L0037,T01,745,NEGATIVE,EXPOSED,50.0,80.830825,103.629263,-0.044235,120.511866,98.172181,108.089896,57.03242,2.377988,-0.3054,-0.941139,53.715186,3.553755,1.879022,0.041963,0.026479,0.072956,FAIL
S00396,L0019,T01,396,NEGATIVE,EXPOSED,50.0,74.336141,95.302744,0.073469,123.994965,100.855763,106.524581,53.50203,2.389107,-0.94924,-0.281017,50.560842,3.531374,1.536213,0.168115,0.043458,0.086745,FAIL
S00552,L0027,T01,552,POSITIVE,UNEXPOSED,50.0,98.455933,98.455933,0.00066,106.122988,98.408008,107.090869,65.374203,2.398215,0.492369,-0.315579,48.793463,1.893965,1.738966,0.04514,0.163821,0.024656,PASS
S00291,L0014,T02,291,POSITIVE,UNEXPOSED,50.0,95.915883,95.915883,0.13031,119.096504,100.74396,109.59483,49.254764,2.314476,0.750421,-0.799176,54.764443,4.599721,1.625736,0.339442,0.032909,0.28022,FAIL
S00514,L0025,T03,514,POSITIVE,UNEXPOSED,50.0,107.682484,107.682484,-0.055155,113.029646,95.794118,111.004852,47.430818,2.340411,-0.133585,-0.1628,49.161802,2.716948,1.40779,0.030321,0.04657,0.029455,PASS
S00030,L0001,T01,30,NEGATIVE,EXPOSED,50.0,74.7118,95.784358,-0.071254,126.620685,99.65673,,47.264688,2.502944,-0.736311,0.085277,50.932185,3.803968,1.310004,0.172785,0.019518,0.09166,FAIL
S00483,L0024,T03,483,POSITIVE,UNEXPOSED,50.0,88.404724,88.404724,-0.103927,116.590105,98.66353,110.086245,46.996683,2.363096,-0.214255,0.436277,55.602355,3.686732,1.616619,0.781438,0.023408,0.375055,FAIL
S00371,L0018,T02,371,NEGATIVE,EXPOSED,50.0,79.205611,101.545656,-0.109853,117.030586,98.308145,106.014456,53.871684,2.404169,-0.496089,0.445473,52.709112,4.20928,1.41137,0.057748,0.033127,0.101438,FAIL
S00358,L0017,T01,358,NEGATIVE,EXPOSED,50.0,74.678585,95.741775,-0.014003,101.306158,98.065164,107.169243,57.717749,2.402569,-0.956442,0.711393,51.041909,3.17839,1.603962,0.109159,0.044691,0.05848,PASS
S00402,L0020,T01,402,NEGATIVE,EXPOSED,50.0,77.642851,99.542117,0.008524,110.55499,102.841902,103.360979,56.420652,2.301456,0.292883,0.01723,48.382089,1.57759,1.513894,0.086782,0.032846,0.013636,PASS
S00309,L0015,T01,309,POSITIVE,UNEXPOSED,50.0,101.707283,101.707283,0.041431,121.548053,95.010018,111.873635,57.001605,2.286136,0.016781,-0.181124,48.561243,2.205182,1.197237,0.06476,0.111157,0.022142,PASS
S00117,L0005,T01,117,NEGATIVE,EXPOSED,50.0,77.215315,98.993994,,125.11655,99.20963,103.876204,53.573581,2.374574,-0.025492,0.738213,50.722628,4.113883,1.520149,0.115048,0.039267,0.116416,FAIL
S00325,L0016,T01,325,POSITIVE,UNEXPOSED,50.0,108.04038,108.04038,-0.017875,111.238981,100.993067,112.67495,61.157701,2.529453,-0.301629,-0.118528,47.581541,2.392771,1.824063,0.0,0.137787,0.032344,PASS
S00695,L0034,T01,695,NEGATIVE,EXPOSED,,82.937547,106.330189,-0.009389,128.986806,101.085941,103.926677,47.046227,2.314854,,,51.663375,2.473332,1.68643,0.042274,0.021248,0.027156,PASS
S00611,L0030,T01,611,NEGATIVE,EXPOSED,50.0,78.770205,100.987443,0.02832,125.23912,98.442296,104.447943,55.32291,2.405142,0.202899,-0.677126,50.917144,3.090185,1.229839,0.083603,0.064995,0.043925,PASS
S00648,L0032,T02,648,NEGATIVE,EXPOSED,50.0,81.669638,104.704664,0.034539,123.05143,93.868072,105.739389,48.634579,2.43894,0.66398,0.801809,53.277883,2.94626,1.285208,0.015271,0.025347,0.030393,FAIL
S00556,L0027,T01,556,NEGATIVE,EXPOSED,50.0,68.773777,88.171508,0.037622,122.259775,93.667122,105.706122,54.094944,2.354687,0.610186,-0.449728,49.612374,2.905181,1.691407,0.440568,0.057815,0.118973,FAIL
S00578,L0028,T01,578,NEGATIVE,,50.0,77.630781,99.526643,-0.015205,105.123072,103.279685,107.32416,60.643498,2.365554,-0.760331,-0.556345,50.226293,2.303588,1.451339,0.039619,0.065219,0.022983,PASS
S00119,L0005,T01,119,NEGATIVE,EXPOSED,50.0,70.875523,90.866055,-0.077451,113.041373,98.557494,101.098696,51.10252,2.425689,-0.86058,-0.466011,46.591502,3.631013,2.613232,0.37722,0.038311,0.248922,FAIL
S00610,L0030,T01,610,NEGATIVE,EXPOSED,50.0,83.066762,106.495849,0.02487,109.542263,96.88636,104.768772,47.338314,2.365954,-0.53166,0.999499,55.004692,2.926838,1.695209,0.026852,0.036125,0.03938,FAIL
S00564,L0028,T02,564,NEGATIVE,EXPOSED,50.0,77.0336,98.761025,0.025589,112.20816,102.143183,107.476914,53.106851,2.40258,-0.617003,-0.680383,43.654555,2.746172,1.515337,0.056557,0.022853,0.032395,PASS
S00599,L0029,T01,599,NEGATIVE,EXPOSED,50.0,78.638532,100.81863,,106.493695,95.905685,103.136217,46.72952,2.326398,-0.293031,-0.139212,51.492004,4.00259,1.537015,0.082371,0.001734,0.025608,PASS
S00698,L0034,T01,698,NEGATIVE,,50.0,74.340219,95.307974,-0.031471,110.226414,96.098117,107.465182,52.834276,2.510444,-0.284669,-0.794041,49.025332,2.721442,1.560278,0.136356,0.03166,0.041183,PASS
S00623,L0031,T02,623,NEGATIVE,EXPOSED,50.0,80.438373,103.126119,0.103387,105.485485,97.309393,104.179158,,2.460883,-0.85195,-0.315218,51.569345,3.698791,1.433598,0.037535,0.016837,0.062952,FAIL
S00797,L0039,T01,797,NEGATIVE,EXPOSED,50.0,89.897077,115.252663,0.033657,121.36703,95.250932,109.364105,57.931223,2.398252,0.142718,0.64817,58.833968,3.145146,2.640433,0.018629,0.050596,0.077577,FAIL
S00440,L0022,T01,440,POSITIVE,UNEXPOSED,50.0,110.261865,110.261865,0.010774,115.08372,96.031303,108.759573,51.770555,2.485723,0.623436,-0.08199,48.142446,2.142317,1.298735,0.003245,0.068475,0.016882,PASS
S00724,L0036,T02,724,NEGATIVE,EXPOSED,50.0,80.474492,103.172426,-0.015631,112.314198,99.390251,106.826604,47.369695,2.312099,-0.030454,-0.194278,52.193916,1.942155,1.505644,0.034894,0.039603,0.016233,PASS
S00147,L0007,T03,147,NEGATIVE,EXPOSED,50.0,78.733889,100.940883,0.013762,102.466438,99.767628,103.061778,52.393332,2.412058,,0.953472,52.137978,2.081171,1.333857,0.051849,0.008465,0.016126,PASS
S00468,L0023,T02,468,POSITIVE,UNEXPOSED,50.0,96.443172,96.443172,0.014264,115.063955,100.684924,110.615891,47.862581,2.431967,-0.500591,-0.365765,53.354266,2.325873,1.282677,0.355723,0.013649,0.044473,FAIL
S00409,L0020,T03,409,POSITIVE,UNEXPOSED,50.0,87.606366,87.606366,0.097012,107.027846,94.538424,112.283143,47.006332,2.362361,-0.31742,-0.570716,56.092071,3.24387,1.588008,0.755449,0.025132,0.274638,FAIL
S00395,L0019,T01,395,NEGATIVE,EXPOSED,50.0,83.776414,107.405659,0.067373,117.067629,100.442577,109.3845,59.772452,2.427251,-0.347695,0.762673,54.793787,3.528412,2.445568,0.018179,0.048668,0.094215,FAIL
S00128,L0006,T01,128,NEGATIVE,EXPOSED,50.0,84.986127,108.956573,-0.10262,147.978261,96.582603,104.980972,42.341397,2.422181,0.817384,-0.742294,55.629119,4.846349,1.484963,0.016204,0.030666,0.151634,FAIL
S00231,L0011,T01,231,NEGATIVE,EXPOSED,50.0,71.293609,91.402063,-0.003494,107.039587,94.682006,109.75713,56.435841,2.273854,-0.608096,-0.992597,47.748105,2.42418,2.861871,0.185728,0.040076,0.074111,PASS
S00193,L0009,T01,193,NEGATIVE,EXPOSED,50.0,75.106714,96.290659,-0.065187,107.861704,99.24691,108.654098,52.916823,2.337647,-0.045709,-0.29423,47.895098,2.345111,2.147347,0.104452,0.033047,0.038033,PASS
S00043,L0002,T01,43,POSITIVE,UNEXPOSED,50.0,99.482481,99.482481,0.05907,118.453659,99.554697,111.592196,64.123547,2.42596,-0.69911,-0.474612,50.718275,3.072788,1.193948,0.033276,0.170219,0.047755,PASS
S00072,L0003,T01,72,NEGATIVE,EXPOSED,50.0,68.201947,87.438393,-0.017334,121.878431,100.174881,110.102013,58.595399,2.419392,0.957812,-0.873122,52.650371,3.46227,3.00337,0.372025,0.076489,0.278418,FAIL
S00059,L0002,T01,59,POSITIVE,UNEXPOSED,50.0,98.846323,98.846323,0.049595,109.271636,97.268924,11.168353,42.62799,2.407506,-0.156592,0.577842,51.736083,2.829359,1.454141,0.405944,0.0,0.080274,FAIL
S00274,L0013,T01,274,POSITIVE,UNEXPOSED,50.0,99.513304,99.513304,0.003705,106.605301,98.958185,106.501912,42.60454,2.442455,-0.507332,-0.360974,50.489072,1.960112,1.398436,0.361904,0.021406,0.036337,FAIL
S00521,L0026,T01,521,NEGATIVE,EXPOSED,50.0,86.038755,110.306096,-0.154048,135.674614,95.005023,106.018467,48.77556,2.425025,0.947739,0.426076,56.463183,5.392153,1.518277,0.002395,0.025342,0.215589,FAIL
S00253,L0012,T02,253,NEGATIVE,EXPOSED,50.0,78.331956,100.425585,0.145975,107.600088,98.202798,103.592813,43.443615,2.287911,0.480357,0.054766,50.972818,4.147077,1.334586,0.094848,0.028564,0.101199,FAIL
S00634,L0031,T01,634,NEGATIVE,EXPOSED,50.0,83.234777,106.711253,0.094021,,99.643558,106.238281,52.689419,2.459327,-0.32741,-0.797013,54.418639,3.697354,1.102274,0.049177,0.048493,0.058852,FAIL
S00443,L0022,T02,443,POSITIVE,UNEXPOSED,50.0,106.9893,106.9893,0.053806,123.870611,98.036592,109.209902,43.796143,2.435984,0.994365,-0.932507,51.771162,4.149162,1.616124,0.167341,0.023949,0.137535,FAIL
S00031,L0001,T01,31,POSITIVE,UNEXPOSED,50.0,98.640296,98.640296,0.143267,116.222995,98.567745,109.371598,53.356196,2.314256,-0.098353,0.779247,49.621524,4.214446,1.170889,0.138763,0.065089,0.118943,FAIL
S00367,L0018,T01,367,POSITIVE,UNEXPOSED,50.0,94.376126,94.376126,0.055974,131.27746,97.461661,112.118933,60.989694,2.398905,0.432958,0.638477,53.749538,3.451265,1.208042,0.145767,0.156441,0.084497,FAIL
S00074,L0003,T01,74,POSITIVE,UNEXPOSED,50.0,106.077345,106.077345,0.121346,103.606977,102.920291,111.279993,55.734999,2.346369,0.968059,-0.53902,50.176716,4.390502,1.500236,0.004357,0.048784,0.110192,FAIL
S00295,L0014,T01,295,NEGATIVE,EXPOSED,50.0,87.97223,112.78491,0.090389,135.606847,96.05179,104.085322,65.632302,2.451298,0.687364,-0.280165,54.549319,3.556526,1.692909,0.017484,0.167698,0.086459,FAIL
S00773,L0038,T02,773,NEGATIVE,EXPOSED,50.0,72.488575,92.934071,-0.088291,122.568009,101.511872,106.16342,56.856819,2.502379,-0.464824,-0.51299,50.550669,3.924519,1.645168,0.242862,0.071631,0.157066,FAIL
S00591,L0029,T01,591,POSITIVE,UNEXPOSED,50.0,105.466603,105.466603,-0.059867,117.471087,99.526152,113.246012,53.780657,2.328766,-0.12877,0.126926,50.42708,2.518374,1.754173,0.058087,0.050638,0.032756,PASS
S00334,L0016,T01,334,POSITIVE,UNEXPOSED,50.0,99.758797,99.758797,0.069164,109.158587,98.182437,109.682598,59.054912,2.428686,-0.298878,0.589387,49.44671,2.448472,0.857318,0.012256,0.096653,0.018866,PASS
S00006,L0000,T01,6,NEGATIVE,EXPOSED,50.0,85.649129,109.806576,-0.034758,128.980524,99.123198,105.933842,58.987222,2.436179,-0.650585,0.738116,54.186583,3.246168,1.634227,0.0062,0.069741,0.05068,FAIL
S00305,L0015,T01,305,NEGATIVE,EXPOSED,50.0,76.334238,97.864407,0.092256,,102.428042,106.533092,42.322415,2.421894,-0.136578,-0.494429,51.081412,3.709892,1.440102,0.125282,0.006386,0.078148,FAIL
S00125,L0006,T01,125,NEGATIVE,EXPOSED,50.0,75.094445,96.274929,-0.051907,117.598327,98.02255,105.979322,62.397778,2.40041,0.005555,-0.422855,47.97507,2.827775,1.113852,0.159862,0.120402,0.046746,PASS
S00217,L0010,T01,217,NEGATIVE,EXPOSED,50.0,84.461261,108.283668,0.006319,106.260381,96.140299,102.185922,44.1297,2.410759,0.565715,0.30424,53.2855,1.417824,1.987256,0.004044,0.013102,0.011684,FAIL
S00290,L0014,T03,290,POSITIVE,UNEXPOSED,50.0,110.365866,110.365866,-0.033836,122.789471,97.551274,112.017489,49.5147,2.322042,-0.73568,-0.472054,50.469366,3.27463,1.636144,0.044895,0.043192,0.054013,FAIL
S00082,L0004,T01,82,NEGATIVE,EXPOSED,50.0,75.416563,96.687901,0.156967,122.862845,101.215795,103.480861,53.456304,2.36399,0.071483,0.3184,48.835557,4.077656,1.473421,0.197812,0.0639,0.143074,FAIL
S00296,L0014,T02,296,NEGATIVE,EXPOSED,50.0,79.073511,101.376296,0.019111,107.811827,100.001176,101.519819,53.031931,2.332739,0.952707,-0.364346,51.018718,2.79086,1.728941,0.078386,0.011737,0.038865,PASS
S00750,L0037,T01,750,POSITIVE,UNEXPOSED,50.0,102.917888,102.917888,0.040068,113.518551,98.978916,109.251729,48.144751,2.34909,-0.184556,-0.180838,48.329557,2.645631,1.093431,0.111752,0.027936,0.028002,PASS
S00749,L0037,T01,749,NEGATIVE,EXPOSED,50.0,82.094389,105.249217,0.068214,114.305307,96.564544,103.651023,46.093002,2.337858,-0.519669,-0.199625,50.534384,3.330149,1.46141,0.009757,0.018702,0.044297,FAIL
S00584,L0029,T01,584,POSITIVE,UNEXPOSED,50.0,94.144565,94.144565,-0.013054,106.581788,99.292565,110.918016,53.607846,2.516783,0.184496,0.806445,53.177865,1.872029,1.306132,0.179819,0.023589,0.019687,FAIL
S00058,L0002,T02,58,NEGATIVE,EXPOSED,50.0,69.939537,89.666073,0.080065,116.800147,95.650181,101.564612,52.841389,,-0.822293,-0.004785,47.58025,3.368085,2.105521,0.416161,0.042227,0.184181,FAIL
S00106,L0005,T01,106,NEGATIVE,EXPOSED,50.0,80.754798,103.531792,0.125725,129.326574,97.961526,105.010762,51.199001,2.398728,0.181254,-0.931662,51.454369,5.331643,1.41984,0.035181,0.04499,0.221627,FAIL
S00281,L0014,T01,281,NEGATIVE,EXPOSED,50.0,78.131554,100.16866,-0.071431,119.597028,97.206386,102.341363,52.719131,2.41562,0.315745,-0.810455,48.698677,3.590405,1.508182,0.10359,0.052666,0.077491,FAIL
S00620,L0031,T01,620,NEGATIVE,,50.0,74.178474,95.100608,0.087788,134.098845,96.341472,102.369436,52.801849,2.297956,-0.066572,-0.60709,45.230522,3.614305,1.741228,0.269312,0.119565,0.154834,FAIL
S00021,L0001,T01,21,NEGATIVE,EXPOSED,50.0,68.240401,87.487693,0.029223,107.072494,97.880777,105.686264,55.865433,2.409347,-0.279723,-0.819864,46.944868,2.539491,1.832333,0.399162,0.041014,0.083673,FAIL
S00301,L0015,T01,301,POSITIVE,UNEXPOSED,50.0,100.615576,100.615576,-0.081554,99.784022,100.169165,112.147105,57.964458,2.308798,0.568203,0.117166,47.860583,2.903601,1.46251,0.009912,0.086,0.036799,PASS
S00255,L0012,T01,255,NEGATIVE,EXPOSED,50.0,71.716251,91.943911,-0.10033,123.333814,92.82894,110.028642,57.212569,2.376437,-0.226376,-0.469868,52.17002,3.352227,2.577386,0.230947,0.060403,0.152466,FAIL
S00335,L0016,T01,335,,UNEXPOSED,50.0,101.993148,101.993148,-0.044646,118.078005,97.212541,111.72118,55.896907,2.361812,0.739791,0.495292,50.16157,3.093678,1.449036,0.025718,0.074911,0.043351,PASS
S00250,L0012,T02,250,NEGATIVE,EXPOSED,50.0,67.194751,86.147116,-0.066087,114.636162,94.334953,102.352753,57.274352,2.375405,-0.249103,-0.574539,45.521251,3.250936,2.161171,0.468649,0.089245,0.215391,FAIL
S00544,L0027,T01,544,POSITIVE,UNEXPOSED,50.0,86.604157,86.604157,0.013719,104.93651,97.764149,108.370129,52.65873,2.341633,0.031548,-0.075506,53.120549,2.321403,1.550944,0.581699,0.04364,0.098329,FAIL
S00044,L0002,T02,44,NEGATIVE,EXPOSED,50.0,74.238934,95.17812,0.052314,126.845126,,103.062021,44.206231,2.314489,-0.158666,0.590614,50.442698,3.275407,1.721858,0.233665,0.014652,0.086433,FAIL
S00679,L0033,T01,679,POSITIVE,UNEXPOSED,50.0,89.718255,89.718255,-0.023129,117.814863,98.511773,111.583675,52.671133,2.315156,0.064023,0.80722,53.860218,2.617264,1.674211,0.53111,0.022158,0.109876,FAIL
S00416,L0020,T01,416,NEGATIVE,EXPOSED,50.0,70.290078,90.115484,0.143311,103.058976,94.533951,105.429346,58.734253,2.38557,0.936321,-0.170681,48.035436,4.786058,1.75312,0.304981,0.03485,0.308623,FAIL
S00626,L0031,T01,626,NEGATIVE,EXPOSED,50.0,80.847938,103.651202,0.029147,116.861752,100.591321,105.596268,60.935472,2.262591,-0.913661,-0.197824,52.047996,3.189261,1.397358,0.053352,0.092745,0.051206,PASS
S00534,L0026,T02,534,NEGATIVE,EXPOSED,50.0,73.103364,93.722262,-0.022386,125.910515,99.533066,107.216414,60.787831,2.456919,0.299826,-0.877134,51.633521,2.748029,1.804468,0.227872,0.10509,0.072363,PASS
S00645,L0032,T03,645,POSITIVE,UNEXPOSED,50.0,102.048304,102.048304,-0.043379,106.977212,101.753069,112.92709,35.418516,2.33712,-0.176283,0.76958,53.827999,2.754862,1.764433,0.533256,0.008284,0.124107,FAIL
S00083,L0004,T01,83,POSITIVE,UNEXPOSED,50.0,98.424919,98.424919,0.017757,124.663022,97.570132,113.696158,48.980356,2.32835,-0.579165,0.146899,53.794606,2.323875,1.799976,0.325219,0.044152,0.057664,FAIL
S00786,L0039,T01,786,NEGATIVE,EXPOSED,50.0,72.601841,93.079283,0.094663,98.293488,96.365441,108.315936,54.598166,2.377407,-0.583352,-0.798291,48.100417,3.780323,2.102801,0.141756,0.019206,0.1229,FAIL
S00621,L0031,T01,621,NEGATIVE,EXPOSED,50.0,71.215022,91.30131,0.044511,120.45976,97.502387,104.730592,52.654779,2.414627,-0.097371,0.419938,47.345667,2.472994,1.47927,0.342762,0.04772,0.058123,FAIL
S00624,L0031,T01,624,NEGATIVE,EXPOSED,50.0,82.966772,106.367656,0.011481,116.763406,99.65464,102.204641,60.028449,2.437953,-0.954995,-0.159198,53.888447,2.25163,1.698066,0.023521,0.054648,0.023438,FAIL
S00406,L0020,T01,406,NEGATIVE,EXPOSED,50.0,83.989936,107.679405,-0.072659,128.260808,96.550515,101.802245,54.990809,2.415451,0.567362,0.603582,50.479196,3.619692,1.968747,0.015414,0.077659,0.084467,FAIL
S00794,L0039,T01,794,NEGATIVE,,50.0,79.225704,101.571416,0.019864,120.606401,94.499973,103.474427,43.942981,2.354323,0.160642,-0.785826,51.535996,2.615205,1.576534,0.0834,0.013059,0.031559,PASS
S00519,L0025,T01,519,NEGATIVE,EXPOSED,50.0,66.625388,85.417164,0.008861,118.211013,93.459099,103.503581,56.805505,2.41062,0.781107,0.354487,46.04175,2.913564,1.984738,0.472189,0.107071,0.164921,FAIL
S00593,L0029,T02,593,NEGATIVE,,50.0,73.634625,94.403365,-0.091778,111.155372,96.327803,103.629835,60.564469,2.380795,0.692549,-0.457008,48.872638,3.789863,1.567391,0.231681,0.08783,0.138445,FAIL
S00764,L0038,T01,764,NEGATIVE,EXPOSED,50.0,78.338174,100.433556,-0.025535,106.883157,99.5145,103.159779,65.873696,2.360712,-0.307419,0.877381,52.123302,2.754586,1.25367,0.067013,0.100815,0.03525,PASS
S00046,L0002,T03,46,NEGATIVE,EXPOSED,50.0,63.767305,81.752955,-0.02673,111.694815,97.710117,110.74551,55.424089,2.357104,-0.988879,0.645944,48.815744,3.111992,3.501115,0.466132,0.042635,0.310574,FAIL
S00201,L0010,T01,201,NEGATIVE,EXPOSED,50.0,77.547717,99.42015,-0.01677,108.242902,97.176966,101.050035,54.957964,,-0.802619,-0.411115,50.61305,2.470579,2.082593,0.109479,0.045848,0.042557,PASS
S00513,L0025,T01,513,NEGATIVE,EXPOSED,50.0,81.851407,104.937701,0.004663,95.303929,102.276204,100.266863,60.015287,2.310914,0.25481,0.333063,52.398803,1.914162,2.328993,0.025442,0.039128,0.024057,PASS
S00069,L0003,T02,69,POSITIVE,UNEXPOSED,50.0,88.366772,88.366772,0.09439,,98.386176,108.606305,36.379688,2.393521,-0.239222,-0.301682,54.28271,3.226979,1.322747,0.954802,0.008658,0.351041,FAIL
S00269,L0013,T01,269,NEGATIVE,EXPOSED,50.0,77.710049,99.628268,-0.204865,112.68737,98.561362,101.389828,48.786311,2.320369,-0.888495,0.745926,51.532347,5.960573,2.230017,-0.418019,0.031225,0.4745,FAIL
S00497,L0024,T03,497,POSITIVE,UNEXPOSED,50.0,102.639383,102.639383,-0.00592,131.492955,94.762703,109.572518,38.172221,,0.074299,-0.653924,51.708423,2.594288,1.118623,0.592976,0.022323,0.095914,FAIL
S00772,L0038,T01,772,NEGATIVE,EXPOSED,50.0,80.020779,102.590742,-0.125733,101.432306,101.413213,106.096332,50.093549,2.367063,-0.840038,-0.572707,50.774151,4.66917,1.484418,0.037222,0.023981,0.138167,FAIL
S00656,L0032,T01,656,NEGATIVE,EXPOSED,50.0,,105.846199,0.140385,115.99324,95.360046,104.151842,61.822852,2.382082,-0.934816,-0.568938,52.470956,4.961842,1.751234,0.009583,0.072389,0.199176,FAIL
S00441,L0022,T01,441,NEGATIVE,EXPOSED,50.0,77.951452,99.937759,0.146107,99.111443,100.70659,106.95609,55.608421,2.513345,0.190648,-0.955956,50.83085,4.458083,1.249265,0.056862,0.01292,0.107934,FAIL
S00742,L0037,T03,742,POSITIVE,UNEXPOSED,50.0,105.107002,105.107002,0.118054,133.753355,103.119166,115.060985,48.971865,2.357335,0.071972,0.912576,56.970296,7.430536,2.380319,0.139238,0.060003,0.247798,FAIL
S00156,L0007,T01,156,NEGATIVE,EXPOSED,50.0,82.492641,105.759796,0.071047,123.653661,95.517661,102.901767,51.232023,2.371817,-0.562933,-0.85147,52.393475,4.00881,1.937296,0.014669,0.051198,0.105465,FAIL
S00640,L0032,T01,640,POSITIVE,UNEXPOSED,50.0,95.037313,95.037313,0.060546,106.064262,95.752299,109.559756,40.362016,2.436731,-0.482283,-0.681543,53.816401,3.113883,1.612139,0.650276,0.010908,0.198058,FAIL
S00739,L0036,T02,739,NEGATIVE,EXPOSED,50.0,78.720908,100.924241,0.019254,116.918564,98.214265,104.807051,59.969542,2.445904,-0.847236,0.420746,51.752647,2.656265,1.343166,0.089419,0.075047,0.034045,PASS
S00315,L0015,T01,315,NEGATIVE,EXPOSED,50.0,74.310584,95.26998,-0.093041,114.379498,97.879009,106.515616,65.652402,2.339695,-0.738663,-0.08677,49.566356,3.987909,1.428084,0.158035,0.102871,0.129526,FAIL
S00693,L0034,T02,693,POSITIVE,UNEXPOSED,50.0,98.687927,98.687927,0.078089,128.85545,99.119736,110.043632,44.831914,2.260903,0.562956,-0.631598,51.82075,3.922923,1.033604,0.479503,0.027492,0.187598,FAIL
S00488,L0024,T01,488,NEGATIVE,EXPOSED,50.0,88.407332,113.342733,-0.138252,118.021193,100.357247,104.994072,56.378941,2.468266,0.622832,-0.362407,53.01544,4.40336,1.816652,0.0,0.024187,0.121584,FAIL
S00631,L0031,T01,631,NEGATIVE,EXPOSED,50.0,80.534275,103.24907,0.060396,131.803451,96.216543,107.273772,66.718684,2.38178,0.641803,0.793229,54.923894,3.660291,1.596529,0.067856,0.166724,0.10121,FAIL
S00028,L0001,T03,28,POSITIVE,UNEXPOSED,50.0,90.36697,90.36697,0.126479,125.066177,97.597796,107.100428,51.27939,2.375427,-0.004437,0.560248,52.204957,4.503514,1.82606,0.632775,0.049426,0.486917,FAIL
S00202,L0010,T01,202,NEGATIVE,EXPOSED,50.0,73.106037,93.725689,0.017159,102.430411,98.430443,100.61196,50.41172,2.336068,-0.418845,0.009557,48.664584,1.842588,2.348011,0.252621,0.040028,0.042493,FAIL
S00154,L0007,T02,154,POSITIVE,UNEXPOSED,50.0,90.993322,90.993322,0.042296,112.785013,95.948903,110.661236,37.373067,2.33434,0.317601,0.811969,54.026741,2.801921,1.528453,0.897613,0.002702,0.261605,FAIL
S00146,L0007,T02,146,POSITIVE,UNEXPOSED,50.0,103.210406,103.210406,-0.048901,120.700096,99.052316,110.026001,54.732884,2.361843,-0.579652,0.785564,50.696216,3.332391,1.496451,0.028254,0.072034,0.0539,FAIL
S00160,L0008,T01,160,NEGATIVE,EXPOSED,50.0,79.215242,101.558003,0.09048,128.334419,98.510686,107.438568,67.73991,2.478656,0.89851,-0.275463,55.659431,4.080739,1.810511,0.039115,0.139071,0.134891,FAIL
S00264,L0013,T01,264,NEGATIVE,EXPOSED,50.0,82.337473,105.560862,-0.023682,108.920739,94.105595,106.498602,43.104099,2.343632,-0.707764,0.315358,51.572615,1.951741,1.977911,0.006465,0.004561,0.017922,PASS
S00473,L0023,T01,473,POSITIVE,UNEXPOSED,50.0,105.027495,105.027495,0.005682,108.933288,95.924985,109.898582,,2.376536,-0.648948,0.702962,50.205504,2.387225,1.590599,0.064329,0.032639,0.026229,PASS
S00792,L0039,T01,792,NEGATIVE,EXPOSED,50.0,68.509498,87.83269,0.003855,114.100467,95.434652,104.061766,59.84394,2.421431,-0.216785,0.387062,47.009958,1.574776,1.593278,0.43342,0.077772,0.040811,FAIL
S00329,L0016,T02,329,NEGATIVE,EXPOSED,50.0,81.247249,104.163139,0.084306,119.372332,99.584712,109.199641,49.839584,2.340331,-0.91833,-0.80607,56.714361,3.94422,2.298469,0.009188,0.028465,0.112409,FAIL
S00294,L0014,T03,294,POSITIVE,UNEXPOSED,50.0,105.070954,105.070954,-0.024515,112.209859,98.163509,109.251667,39.324221,2.406137,0.9939,0.179325,52.694534,2.36559,1.247093,0.245818,0.027716,0.034698,PASS
S00183,L0009,T03,183,NEGATIVE,EXPOSED,50.0,78.051937,100.066586,-0.143455,97.749706,100.585195,107.686133,48.684686,2.360104,-0.218801,0.240847,50.034343,4.098818,1.673331,0.049403,0.017959,0.100431,FAIL
S00318,L0015,T03,318,POSITIVE,UNEXPOSED,50.0,102.731643,102.731643,-0.111346,116.237869,97.107939,110.677541,56.912781,2.334691,-0.581584,0.610529,50.876246,4.025085,1.238274,0.047541,0.072026,0.085924,FAIL
S00349,L0017,T02,349,NEGATIVE,EXPOSED,50.0,67.909106,87.062956,0.035993,125.683446,98.478054,106.643872,60.331951,2.345204,0.899311,-0.963357,51.846221,3.60263,1.735999,0.436239,0.084238,0.20901,FAIL
S00465,L0023,T01,465,NEGATIVE,EXPOSED,50.0,77.63322,99.529769,-0.125228,117.57241,99.838486,106.382388,50.14237,2.397117,-0.884409,0.516618,53.410054,4.848665,1.81904,0.093058,0.039138,0.214206,FAIL
S00535,L0026,T01,535,NEGATIVE,EXPOSED,50.0,71.09692,91.149898,-0.070187,120.464167,101.283387,103.675562,54.175198,2.336657,,0.091554,46.726814,3.102951,1.549515,0.30833,0.052372,0.091454,FAIL
S00583,L0029,T02,583,NEGATIVE,EXPOSED,50.0,82.972739,106.375307,0.007053,127.370841,95.314047,107.001915,60.618268,2.378344,0.62185,0.765404,54.333178,2.678763,1.824635,0.026146,0.074107,0.037651,FAIL
S00681,L0034,T01,681,NEGATIVE,EXPOSED,50.0,82.365534,105.596839,0.011487,93.857049,101.465998,101.417666,59.542026,2.414098,-0.167804,-0.589372,53.511212,2.219291,2.123451,0.03403,0.036363,0.028209,FAIL
S00531,L0026,T01,531,NEGATIVE,EXPOSED,50.0,65.522576,84.003303,-0.034239,111.300324,99.217037,105.482482,59.780176,2.402685,-0.085973,0.490456,47.048361,1.891632,2.031373,0.462488,0.096693,0.074595,FAIL
S00469,L0023,T02,469,POSITIVE,UNEXPOSED,50.0,88.680477,88.680477,-0.02572,120.377212,95.125559,114.175563,41.73199,2.383493,0.294894,-0.382527,56.795538,1.862773,2.374762,0.92113,0.010851,0.216831,FAIL
S00720,L0036,T03,720,POSITIVE,UNEXPOSED,50.0,97.566971,97.566971,0.0908,115.223095,99.714108,110.127444,51.216672,2.399277,0.956728,0.661406,52.571772,4.257297,1.199813,0.222556,0.04414,0.145804,FAIL
S00674,L0033,T01,674,NEGATIVE,EXPOSED,50.0,76.289198,97.806664,0.000444,106.300043,95.67741,106.438675,55.23711,2.432712,,0.342139,49.509914,1.524987,1.378467,0.066312,0.009098,0.010802,PASS
S00385,L0019,T03,385,POSITIVE,UNEXPOSED,50.0,98.759124,98.759124,,104.570999,96.516001,107.467414,45.484709,2.384833,0.019538,-0.802355,52.896818,2.339045,1.377816,0.283153,0.03154,0.040608,FAIL
S00209,L0010,T01,209,NEGATIVE,EXPOSED,50.0,88.322448,113.233908,0.09853,99.050666,99.155601,108.173008,48.960602,2.462976,-0.777551,-0.552233,54.845409,3.966118,2.482519,0.0,0.00517,0.116039,FAIL
S00369,L0018,T01,369,NEGATIVE,EXPOSED,50.0,86.382317,110.746561,-0.005058,111.542798,98.107267,105.120528,58.800016,2.388945,0.83446,0.206628,54.061934,2.550675,1.603186,0.052594,0.028652,0.028993,FAIL
S00434,L0021,T02,434,NEGATIVE,EXPOSED,50.0,80.487299,,-0.007139,94.368042,93.202329,103.248844,55.630292,2.291831,0.865638,-0.423137,51.614373,2.346997,1.488745,0.001531,0.014817,0.019362,PASS
S00017,L0000,T01,17,POSITIVE,UNEXPOSED,50.0,98.228911,98.228911,0.012978,127.951233,98.031557,111.906535,52.846642,2.381688,0.295022,-0.138771,52.538321,2.099128,1.568152,0.212714,0.063047,0.032925,PASS
S00479,L0023,T01,479,POSITIVE,UNEXPOSED,50.0,93.475942,93.475942,0.094743,,96.901345,109.144935,47.225974,2.292407,0.930255,-0.390413,52.738215,4.504397,1.290936,0.729714,0.042548,0.477096,FAIL
S00586,L0029,T01,586,NEGATIVE,EXPOSED,50.0,72.386659,92.803409,0.033799,115.152399,99.53289,103.065805,53.237521,2.369583,0.489257,-0.69273,49.574847,2.739639,1.484256,0.274145,0.022596,0.05674,FAIL
S00113,L0005,T01,113,POSITIVE,UNEXPOSED,50.0,110.205705,110.205705,-0.018885,124.971547,97.531114,113.338914,45.326665,2.342092,-0.982939,-0.973617,53.493274,3.562611,2.511553,0.067982,0.017623,0.105645,FAIL
S00747,L0037,T01,747,POSITIVE,UNEXPOSED,50.0,96.705247,96.705247,-0.145041,122.539842,92.59469,112.710255,41.660331,2.372072,-0.616284,0.79985,55.411148,4.737601,1.504675,0.655442,0.023199,0.491943,FAIL
S00103,L0005,T01,103,POSITIVE,UNEXPOSED,50.0,,103.620226,0.095603,110.388327,100.29969,111.45805,43.654114,2.330541,0.922807,0.207291,52.885506,3.751173,1.59227,0.16991,0.019228,0.100477,FAIL
S00505,L0025,T02,505,NEGATIVE,EXPOSED,50.0,77.122656,98.8752,-0.124524,115.050632,103.405576,110.927551,52.855833,2.451194,0.782671,0.865296,54.433908,5.17892,2.871802,0.067295,0.061498,0.387874,FAIL
S00538,L0026,T02,538,NEGATIVE,EXPOSED,50.0,85.479762,109.589439,-0.07622,95.892606,100.106001,105.998501,51.03611,2.547124,0.203361,0.633462,52.161074,3.015882,1.836545,0.0,0.011504,0.040016,PASS
S00081,L0004,T02,81,NEGATIVE,EXPOSED,50.0,74.957824,96.099774,0.077247,121.060073,95.087607,105.733731,59.852524,2.368983,0.215528,-0.551534,50.687237,3.523492,1.438035,0.214616,0.076009,0.099467,FAIL
S00489,L0024,T02,489,NEGATIVE,EXPOSED,50.0,84.380227,108.179779,-0.093464,118.130562,99.171935,100.171309,51.050945,2.380113,-0.496485,0.978464,53.140898,4.122191,2.559686,0.0304,0.047783,0.159261,FAIL
S00070,L0003,T03,70,NEGATIVE,EXPOSED,50.0,74.55558,95.584076,0.027235,96.933746,95.527379,107.883401,56.235341,,0.470634,-0.822352,49.918416,2.551283,1.549997,0.097675,0.023772,0.031493,PASS
S00324,L0016,T01,324,POSITIVE,UNEXPOSED,50.0,99.274201,99.274201,0.02897,150.664786,100.134644,111.564173,44.284032,2.354218,0.03135,0.932671,55.501076,3.525088,1.231059,0.663578,0.035323,0.238619,FAIL
S00462,L0023,T03,462,NEGATIVE,EXPOSED,50.0,89.710826,115.013879,0.102205,116.536513,100.610163,104.178043,65.559915,2.410052,0.361094,0.402201,54.579013,3.928875,1.902151,0.016145,0.083496,0.105239,FAIL
S00678,L0033,T01,678,POSITIVE,UNEXPOSED,50.0,98.856429,98.856429,-0.001512,110.618185,93.493731,111.236423,65.880825,2.339577,0.591965,0.029419,48.650716,1.607432,1.25275,0.0,0.194259,0.014217,PASS
S00775,L0038,T01,775,NEGATIVE,EXPOSED,50.0,78.127678,100.16369,0.03505,123.336393,97.321937,103.397636,55.649406,2.492576,0.153725,-0.503836,48.965969,2.9138,1.419012,0.086314,0.050217,0.040872,PASS
S00691,L0034,T03,691,NEGATIVE,EXPOSED,50.0,77.338274,99.151633,0.125685,123.432198,100.318155,107.194831,40.084558,2.370544,-0.295835,-0.026788,53.850749,3.561238,1.678394,0.11294,0.009599,0.07659,FAIL
S00168,L0008,T03,168,NEGATIVE,EXPOSED,50.0,77.806614,99.75207,0.011223,115.758131,98.203861,109.312021,47.390639,2.292452,0.549952,0.589907,54.302845,1.800157,2.044698,0.063156,0.007142,0.019254,FAIL
S00135,L0006,T01,135,NEGATIVE,EXPOSED,50.0,83.444311,106.979886,0.03229,113.670319,93.176806,107.95486,48.452629,2.421705,-0.264436,0.366273,52.798574,2.182911,1.743532,0.00481,0.023091,0.01995,PASS
S00427,L0021,T01,427,NEGATIVE,EXPOSED,50.0,78.576834,100.739531,-0.021472,114.001139,96.758608,104.126754,46.201857,2.421823,-0.117464,0.502515,49.920684,2.398609,1.591415,0.075618,0.011115,0.025922,PASS
S00473,L0023,T01,473,POSITIVE,UNEXPOSED,50.0,105.027495,105.027495,0.005682,108.933288,95.924985,109.898582,,2.376536,-0.648948,0.702962,50.205504,2.387225,1.590599,0.064329,0.032639,0.026229,PASS
S00353,L0017,T01,353,NEGATIVE,EXPOSED,50.0,84.674144,108.556595,-0.034283,113.521956,97.416782,106.420894,63.956768,,0.381342,-0.215326,53.119995,2.751709,1.646765,0.003393,0.076763,0.034426,FAIL
S00710,L0035,T01,710,NEGATIVE,EXPOSED,50.0,72.02979,92.345884,-0.010496,119.564965,100.638693,103.3406,61.319737,2.38334,0.407919,0.458609,46.969399,2.263582,1.371386,0.320972,0.128718,0.053092,FAIL
S00410,L0020,T02,410,POSITIVE,UNEXPOSED,50.0,106.891413,106.891413,0.052808,105.60078,101.164592,112.9749,45.415451,2.338225,0.926958,0.324816,50.448985,3.066589,1.912844,0.075452,0.025624,0.054888,PASS
S00689,L0034,T01,689,NEGATIVE,EXPOSED,50.0,80.541822,103.258746,0.109281,121.462976,96.64825,106.441768,57.665996,2.392947,-0.60699,,51.857934,3.947462,1.730955,0.047833,0.066924,0.102349,FAIL
S00343,L0017,T01,343,NEGATIVE,EXPOSED,50.0,86.696672,,0.097319,118.633818,98.631525,103.890467,52.0609,2.466956,-0.13138,0.803989,55.710103,3.789555,1.673655,0.0,0.034395,0.072267,FAIL
S00308,L0015,T02,308,POSITIVE,UNEXPOSED,50.0,95.852292,95.852292,-0.03673,126.74636,99.294743,112.217402,47.034775,2.326012,0.002808,0.59683,54.256129,3.097352,1.278642,0.531279,0.05368,0.139168,FAIL
S00659,L0032,T01,659,NEGATIVE,EXPOSED,50.0,71.865405,92.135135,0.06386,122.372725,99.470017,105.763973,51.977745,2.348589,-0.666935,0.054391,49.181841,2.998154,1.563916,0.289402,0.053908,0.081188,FAIL
S00753,L0037,T02,753,NEGATIVE,EXPOSED,50.0,86.821614,111.309761,0.088016,111.071743,98.713428,102.652481,47.817654,2.265306,-0.546156,-0.265441,54.243553,3.516166,1.959022,0.0,0.0,0.062164,FAIL
S00619,L0030,T01,619,POSITIVE,UNEXPOSED,50.0,109.241906,109.241906,-0.05668,128.24787,98.268762,105.680912,45.143098,2.335713,-0.93634,0.648401,46.262306,3.706332,2.265735,0.074101,0.068318,0.118659,FAIL
S00777,L0038,T03,777,NEGATIVE,EXPOSED,50.0,68.64694,88.008898,-0.005785,118.159062,102.812101,104.504432,59.837448,2.434684,-0.305311,0.350918,47.480209,1.843722,1.586922,0.413999,0.125482,0.053803,FAIL
S00065,L0003,T01,65,NEGATIVE,EXPOSED,50.0,87.690742,112.424028,0.140957,106.213959,97.437943,98.895772,42.713416,2.261502,0.497653,0.263458,54.232575,3.760336,3.253829,0.0,0.012382,0.146396,FAIL
S00417,L0020,T02,417,NEGATIVE,EXPOSED,50.0,89.513413,114.760785,-0.050174,121.726736,95.476764,97.557555,47.999714,2.378782,-0.384311,-0.957886,52.499892,3.267184,4.290071,0.013104,0.00969,0.17045,FAIL
S00761,L0038,T02,761,NEGATIVE,EXPOSED,50.0,82.254557,105.45456,-0.020535,117.04716,103.152332,104.289759,40.473386,2.368512,0.165357,-0.76833,52.636051,2.575665,1.448184,0.052723,0.040164,0.028027,PASS
S00642,L0032,T03,642,POSITIVE,UNEXPOSED,50.0,100.099693,100.099693,-0.003074,100.808018,98.198116,113.994405,44.235149,2.383989,-0.094978,0.770261,52.175875,2.105318,1.629076,0.240849,0.028126,0.033902,PASS
S00608,L0030,T03,608,NEGATIVE,EXPOSED,50.0,72.75903,93.280808,0.089111,94.268989,100.365383,104.804961,55.224269,2.388813,0.085827,0.916971,49.811952,4.010724,1.360801,0.165691,0.019792,0.108222,FAIL
S00491,L0024,T01,491,NEGATIVE,EXPOSED,50.0,82.951898,106.348587,-0.082737,132.73867,102.946459,106.558344,57.593417,2.452386,0.099229,-0.113053,52.884697,2.933039,1.663439,0.037892,0.077967,0.044319,PASS
S00522,L0026,T01,522,NEGATIVE,EXPOSED,50.0,90.970914,116.629377,0.052434,95.823545,100.943077,101.606459,53.701782,2.398114,0.117802,-0.017061,57.114436,2.686518,2.457803,0.0,0.010487,0.042353,FAIL
S00719,L0035,T01,719,POSITIVE,UNEXPOSED,50.0,102.612166,102.612166,0.056219,103.66093,93.788105,,35.883957,2.329514,-0.412565,0.17199,50.467697,2.074412,1.218087,0.453929,0.0,0.044117,FAIL
S00609,L0030,T02,609,NEGATIVE,EXPOSED,50.0,90.70809,116.292423,0.042611,118.159724,98.074598,101.861358,61.474515,2.529895,-0.057755,-0.743906,54.713907,3.061825,2.228867,0.0,0.046867,0.055493,FAIL
S00203,L0010,T03,203,NEGATIVE,EXPOSED,50.0,75.731503,97.09167,0.012658,114.170289,95.496511,106.180079,50.796053,,-0.786768,0.804175,52.644111,2.659563,1.451503,0.132794,0.010557,0.034796,PASS
S00283,L0014,T01,283,,UNEXPOSED,50.0,91.368008,91.368008,0.004753,129.568378,102.854232,111.358828,52.084043,2.391278,-0.215576,0.401984,54.392564,1.862149,1.716962,0.564578,0.054784,0.073436,FAIL
S00651,L0032,T03,651,NEGATIVE,EXPOSED,50.0,78.796872,101.021631,-0.085248,,103.027461,108.944748,49.702958,2.402737,-0.249163,,54.69802,4.27212,2.22582,0.068326,0.018544,0.156194,FAIL
S00740,L0037,T02,740,POSITIVE,UNEXPOSED,50.0,87.191563,87.191563,0.06485,108.963946,95.87047,113.496277,47.489951,2.32341,-0.664131,0.743073,55.54267,4.582794,2.037347,0.755303,0.019968,0.376309,FAIL
S00027,L0001,T01,27,NEGATIVE,EXPOSED,,68.791409,88.194114,0.052423,,101.26671,107.830163,53.275707,2.329368,0.212814,0.231289,46.996834,2.171318,1.949858,0.356486,0.025802,0.057363,FAIL
S00198,L0009,T02,198,NEGATIVE,EXPOSED,50.0,72.283195,92.670763,-0.023405,117.776605,96.529552,105.6111,50.485806,2.392162,0.833762,0.815035,51.881822,3.275273,1.620596,0.270347,0.0353,0.094536,FAIL
S00432,L0021,T02,432,,EXPOSED,50.0,77.389737,,-0.004737,111.277086,96.846071,98.61048,41.208619,2.400038,-0.61454,-0.618132,51.171558,2.216153,2.824349,0.121162,0.00312,0.047615,PASS
S00181,L0009,T01,181,NEGATIVE,EXPOSED,50.0,75.371599,96.630255,-0.03709,109.03482,97.164486,101.522866,,2.502798,0.397585,0.598122,49.378918,2.776675,1.976025,0.177103,0.006584,0.056218,PASS
S00577,L0028,T01,577,POSITIVE,UNEXPOSED,50.0,94.752534,94.752534,-0.061447,107.049447,102.419282,108.56535,57.878498,2.408301,0.591002,-0.902617,52.266906,3.501138,1.255372,0.118368,0.037579,0.063673,FAIL
S00162,L0008,T02,162,POSITIVE,UNEXPOSED,50.0,104.227935,104.227935,-0.029501,120.688628,101.694033,109.576579,50.371141,2.384736,,-0.650354,50.048271,2.79552,1.299871,0.077792,0.065211,0.035297,PASS
S00494,L0024,T01,494,POSITIVE,UNEXPOSED,50.0,108.950903,108.950903,0.043042,121.058557,92.914756,109.608724,49.827226,2.356051,-0.724341,-0.940149,49.678884,3.139543,1.622705,0.030325,0.048016,0.0468,PASS
S00758,L0037,T01,758,POSITIVE,,50.0,94.99527,94.99527,-0.025462,126.50968,97.41771,104.849332,49.11881,2.383355,0.735281,0.065252,48.390842,3.188295,2.451392,0.510984,0.056696,0.240637,FAIL
S00020,L0001,T01,20,,UNEXPOSED,50.0,106.17231,106.17231,0.07301,94.513992,99.94365,106.521057,40.529065,2.394825,0.258381,-0.113493,48.049742,2.567746,1.84712,0.102348,0.012014,0.036795,PASS
S00650,L0032,T01,650,NEGATIVE,EXPOSED,50.0,74.57749,95.612166,-0.024826,110.616545,99.158114,105.134496,60.954372,2.468703,-0.598317,0.357347,49.380188,2.751693,1.154496,0.169335,0.034343,0.037468,PASS
S00477,L0023,T02,477,NEGATIVE,EXPOSED,50.0,77.253385,99.042802,0.103051,128.636764,96.554501,106.74414,47.847825,2.299084,-0.060755,-0.244281,53.487237,3.399584,1.174982,0.094749,0.007953,0.049316,FAIL
S00735,L0036,T01,735,NEGATIVE,EXPOSED,50.0,75.334415,96.582583,0.01801,116.884549,94.811004,104.191338,48.769071,2.342653,0.454104,-0.931317,50.242497,2.992112,1.570961,0.169111,0.0294,0.055953,PASS
S00233,L0011,T02,233,NEGATIVE,EXPOSED,50.0,71.325897,91.443458,0.004398,105.052217,,102.086954,57.733353,2.452335,0.308234,0.66256,50.853686,1.97945,1.687392,0.309512,0.039361,0.039002,FAIL
S00272,L0013,T01,272,NEGATIVE,EXPOSED,50.0,72.273008,92.657703,-0.109327,99.423776,99.988266,108.18265,50.648135,2.436704,-0.812565,0.821852,50.083446,4.106097,1.825513,0.135213,0.006798,0.131222,FAIL
S00467,L0023,T01,467,POSITIVE,UNEXPOSED,50.0,99.928276,99.928276,-0.043898,120.633137,95.636975,113.88817,50.807477,2.473811,0.469179,0.809136,54.294832,3.294621,1.841852,0.177045,0.041223,0.085664,FAIL
S00527,L0026,T01,527,POSITIVE,UNEXPOSED,50.0,96.652764,96.652764,0.003146,102.602386,97.131982,108.63955,42.035659,2.400659,0.326863,-0.427434,52.041499,1.657189,1.138311,0.496957,0.00745,0.034383,FAIL
S00105,L0005,T02,105,POSITIVE,UNEXPOSED,50.0,102.785448,102.785448,-0.077374,114.828578,94.845835,114.041711,31.178615,2.296696,-0.83562,0.092,54.47444,4.009694,2.10015,0.698899,0.016677,0.445698,FAIL
S00423,L0021,T03,423,NEGATIVE,EXPOSED,50.0,80.357097,103.021919,0.119954,131.34683,98.240132,102.902769,,2.360019,0.18841,-0.841949,52.981599,4.361558,1.489408,0.066274,0.065484,0.129631,FAIL
S00035,L0001,T03,35,NEGATIVE,EXPOSED,50.0,73.984767,94.852265,0.025379,103.445794,99.988707,99.104792,56.95716,2.338379,0.081361,0.753231,49.964432,2.186994,2.993422,0.237271,0.036313,0.0745,PASS
S00311,L0015,T01,311,NEGATIVE,EXPOSED,50.0,84.01525,107.711859,-0.05638,109.571272,95.492744,106.046004,49.959673,2.322851,0.715841,-0.719246,53.529955,3.542419,1.763898,-0.306391,0.02439,0.060778,FAIL
S00709,L0035,T01,709,NEGATIVE,EXPOSED,50.0,87.50693,112.188371,0.094363,119.850895,99.857916,104.202943,44.707258,2.28986,-0.999169,-0.543942,55.046726,4.27902,2.044193,0.01723,0.024952,0.129217,FAIL
S00424,L0021,T03,424,NEGATIVE,EXPOSED,50.0,81.182776,104.080481,-0.075701,116.930974,95.449407,107.466282,64.594346,2.424055,0.74349,-0.370713,55.329258,3.397542,1.477415,0.026376,0.076232,0.056515,FAIL
S00725,L0036,T02,725,NEGATIVE,EXPOSED,50.0,75.526146,96.828392,0.050732,113.673404,98.809368,105.497563,53.371852,2.392892,-0.861484,0.801886,53.795181,3.193957,1.414246,0.131574,0.017498,0.053396,FAIL
S00210,L0010,T01,210,NEGATIVE,EXPOSED,50.0,72.319968,92.717907,0.072513,123.511411,97.230708,104.526135,58.239754,2.304483,-0.325741,-0.733347,48.711514,3.33078,1.050379,0.335606,0.08517,0.098101,FAIL
S00266,L0013,T02,266,NEGATIVE,EXPOSED,50.0,83.030757,106.449688,-0.073954,110.38871,97.297245,102.182591,58.420022,2.384494,0.633029,-0.562526,53.267255,3.588685,1.849575,0.039543,0.051292,0.077744,FAIL
S00446,L0022,T02,446,POSITIVE,UNEXPOSED,50.0,99.201554,99.201554,0.215562,109.694518,,114.650604,43.69385,2.342293,0.062519,-0.329138,50.937733,5.797951,2.285432,0.351418,0.02616,0.611736,FAIL
S00737,L0036,T01,737,NEGATIVE,EXPOSED,50.0,76.991948,98.707626,-0.056665,121.516055,95.048035,102.350659,39.954395,2.307809,0.591533,0.845823,49.948135,3.4372,1.801721,0.135467,0.011803,0.078811,FAIL
S00102,L0005,T03,102,POSITIVE,UNEXPOSED,50.0,97.301373,97.301373,-0.012281,118.801237,98.854857,111.536572,51.830405,2.339438,-0.032459,0.411263,54.022159,2.203578,1.31959,0.21795,0.049625,0.030863,FAIL
S00192,L0009,T01,192,NEGATIVE,EXPOSED,50.0,82.883295,106.260635,-0.056501,111.432965,100.279638,106.975221,54.127456,2.311091,-0.858525,-0.109758,53.971802,2.96644,1.823393,0.023577,0.025943,0.042096,FAIL
S00453,L0022,T03,453,POSITIVE,UNEXPOSED,50.0,97.48478,97.48478,0.065202,109.63564,98.121367,107.708165,49.345363,2.337871,0.50302,0.474169,53.748775,3.458158,1.558955,0.227736,0.046768,0.097215,FAIL
S00344,L0017,T01,344,NEGATIVE,EXPOSED,50.0,81.182652,104.080323,-0.071671,108.182268,100.643629,107.287154,62.347043,2.373977,-0.697291,-0.012505,52.723223,3.003478,1.870575,0.040876,0.071578,0.051915,PASS
S00007,L0000,T02,7,NEGATIVE,EXPOSED,50.0,80.504511,103.210911,0.040743,104.537778,100.500396,98.514025,50.324827,2.478378,-0.610734,0.266094,53.037367,2.300058,3.682092,0.067644,0.005796,0.069402,FAIL
S00760,L0038,T03,760,NEGATIVE,EXPOSED,50.0,84.304679,108.082921,0.047807,116.450642,97.1258,104.252516,56.904235,2.347245,-0.038363,-0.111941,51.954775,2.877382,1.429345,0.028343,0.043162,0.033543,PASS
S00079,L0003,T02,79,NEGATIVE,EXPOSED,50.0,82.035535,105.173763,-0.048368,125.225292,101.248966,105.76048,50.760859,2.412803,0.088006,-0.86099,53.636646,3.521483,1.418867,0.022968,0.030007,0.053808,FAIL
S00261,L0013,T01,261,NEGATIVE,EXPOSED,50.0,84.098282,107.81831,0.071971,111.211863,96.903839,102.346088,58.163808,2.424379,0.218825,-0.998724,52.648002,3.474486,1.801189,0.010135,0.049545,0.063936,FAIL
S00376,L0018,T01,376,NEGATIVE,EXPOSED,50.0,77.214256,98.992636,-0.052307,105.785195,93.663253,104.669024,56.537038,2.375338,0.423861,-0.702793,48.561789,2.799561,1.430981,0.080784,0.04022,0.036034,PASS
S00392,L0019,T01,392,POSITIVE,UNEXPOSED,50.0,100.326357,100.326357,-0.022926,114.48647,102.821902,111.436663,53.585612,2.403187,0.610547,-0.43505,50.884214,2.35258,1.060495,0.106892,0.050943,0.022524,PASS
S00765,L0038,T02,765,POSITIVE,UNEXPOSED,50.0,94.001651,94.001651,-0.045342,115.802939,98.1513,104.833903,43.928002,2.364269,0.950005,-0.015001,53.015221,2.931141,2.430066,0.655165,0.003178,0.247948,FAIL
S00581,L0029,T02,581,POSITIVE,UNEXPOSED,50.0,,,0.037572,110.987317,100.288725,107.466087,49.358347,2.410026,0.218159,0.729999,52.502187,2.354753,1.540955,0.502527,0.009222,0.075802,FAIL
S00200,L0010,T01,200,POSITIVE,UNEXPOSED,50.0,98.172705,98.172705,-0.043415,123.670767,99.57293,109.5677,52.427945,2.340358,0.412192,0.849154,51.448025,3.24141,1.413282,0.213971,0.065738,0.076985,FAIL
S00492,L0024,T01,492,POSITIVE,UNEXPOSED,50.0,93.964467,93.964467,0.044392,116.947974,97.90236,112.929168,55.909761,2.438344,-0.688328,0.422226,53.443587,3.21169,1.476698,0.210997,0.051074,0.074509,FAIL
S00575,L0028,T02,575,NEGATIVE,EXPOSED,50.0,79.634963,102.096106,-0.04355,118.225503,99.824203,103.391162,62.26782,2.332631,-0.773019,-0.378921,51.930513,2.825579,1.609684,0.04964,0.081956,0.041129,PASS
S00713,L0035,T01,713,NEGATIVE,EXPOSED,50.0,79.066078,101.366767,-0.115642,117.136125,98.904618,102.055108,60.767888,2.317519,0.378755,0.50222,49.006437,3.840336,1.610592,0.067258,0.091684,0.098646,FAIL
S00730,L0036,T03,730,NEGATIVE,EXPOSED,50.0,80.358251,103.023398,,126.538982,101.274936,105.753917,65.02426,2.498004,0.23666,-0.23029,52.461559,1.977988,1.400637,0.049916,0.139297,0.021034,PASS
S00126,L0006,T01,126,POSITIVE,UNEXPOSED,50.0,92.92722,,,116.708291,96.433415,115.649481,46.686891,2.42416,-0.174388,0.990541,55.468067,3.721359,3.146447,0.620671,0.03497,0.484756,FAIL
S00405,L0020,T02,405,NEGATIVE,EXPOSED,50.0,83.782358,107.41328,-0.059684,110.127863,98.70966,106.720554,56.355303,2.396029,0.142462,-0.140064,53.692825,2.757761,1.919693,0.028175,0.012241,0.036594,FAIL
S00076,L0003,T02,76,NEGATIVE,EXPOSED,50.0,82.155382,105.327413,0.068002,128.220344,98.961648,107.975827,57.758834,2.320089,0.107205,-0.032277,53.796197,3.324623,1.73318,0.020811,0.066252,0.058584,FAIL
S00407,L0020,T01,407,NEGATIVE,EXPOSED,50.0,72.184501,92.544232,0.06367,91.370406,100.833861,105.137241,54.427631,2.338462,0.727782,0.854507,49.527198,3.4894,1.789407,0.193258,0.027244,0.097915,FAIL
S00112,L0005,T01,112,NEGATIVE,EXPOSED,50.0,74.108212,95.010528,-0.039165,111.045818,96.845307,105.605083,56.420014,2.270881,-0.679521,0.264387,49.207787,2.566767,1.711318,0.139117,0.075616,0.044005,FAIL
S00716,L0035,T01,716,NEGATIVE,EXPOSED,50.0,76.726961,98.367899,0.089932,111.643625,98.794698,105.724031,55.395542,2.368309,,-0.396047,49.881701,3.337137,1.230791,0.114759,0.04262,0.055272,FAIL
S00643,L0032,T01,643,NEGATIVE,EXPOSED,50.0,70.257542,90.073771,0.04677,123.050721,97.859133,103.795144,52.7832,,0.936669,-0.156816,49.000038,3.16411,1.887903,0.394042,0.028336,0.132618,FAIL
S00795,L0039,T01,795,NEGATIVE,EXPOSED,50.0,81.872863,104.965209,0.027047,112.862422,99.594734,108.795881,52.271967,2.439185,0.935045,0.882447,54.703909,3.616603,2.081321,0.021999,0.025672,0.080514,FAIL
S00520,L0026,T01,520,NEGATIVE,EXPOSED,50.0,94.223522,120.799387,0.008873,112.211119,98.703606,104.065587,59.037769,2.390571,0.769402,0.365104,56.558732,2.379586,1.990789,0.008844,0.043654,0.028512,FAIL
S00234,L0011,T01,234,NEGATIVE,EXPOSED,50.0,83.947214,107.624633,-0.036091,,98.167582,102.855509,42.891027,2.357644,-0.86047,-0.30008,52.060117,2.705156,1.528017,0.003799,0.040766,0.028535,PASS
S00500,L0025,T01,500,,EXPOSED,50.0,74.445589,95.443063,0.038457,119.122831,101.252591,108.360008,51.158518,2.387251,,0.829421,53.22596,3.350042,2.130301,0.142201,0.041731,0.094635,FAIL
S00048,L0002,T01,48,NEGATIVE,EXPOSED,50.0,76.465388,98.032549,-0.020979,109.488362,98.194604,104.532643,53.843602,2.458686,-0.955824,-0.310392,50.476841,2.651745,1.342179,0.110497,0.045582,0.033424,PASS
S00536,L0026,T02,536,NEGATIVE,EXPOSED,50.0,66.085526,84.725033,-0.047499,100.92909,95.870777,107.359875,55.996118,2.299653,0.249093,0.295218,46.285246,2.5585,2.04697,0.427688,0.059033,0.105804,FAIL
S00788,L0039,T02,788,NEGATIVE,EXPOSED,50.0,74.728689,95.806011,-0.065164,115.727474,100.608427,108.673936,47.673999,2.284294,0.476754,0.580524,52.880892,3.180583,2.085579,0.121904,0.008722,0.071339,PASS
S00033,L0001,T02,33,NEGATIVE,EXPOSED,50.0,85.826043,110.033388,-0.022155,109.458187,100.64434,100.770599,52.216247,2.401436,0.311396,0.505898,54.062878,2.372455,2.457499,0.010171,0.030091,0.035295,FAIL
S00450,L0022,T03,450,NEGATIVE,EXPOSED,50.0,66.904621,85.775155,0.050897,124.715731,102.830326,102.281017,48.934462,2.463399,0.911497,-0.479373,46.904113,3.480997,1.868802,0.508468,0.053097,0.224983,FAIL
S00580,L0029,T02,580,POSITIVE,UNEXPOSED,50.0,99.880466,99.880466,-0.067217,96.25033,95.655103,111.863375,52.8065,2.436334,-0.147733,0.190324,49.475205,2.937477,1.480465,0.0615,0.057509,0.040976,PASS
S00077,L0003,T03,77,POSITIVE,UNEXPOSED,50.0,95.602552,95.602552,-0.059001,101.815727,102.223859,110.984312,53.10107,2.399389,0.532829,-0.935161,53.965308,3.160957,1.474969,0.171644,0.033282,0.061911,FAIL
S00172,L0008,T01,172,POSITIVE,UNEXPOSED,50.0,91.591655,91.591655,0.092591,115.267141,95.276565,111.447334,45.85875,2.402851,0.965796,0.683781,56.760675,4.254215,1.609428,0.682827,0.009388,0.414997,FAIL
S00226,L0011,T01,226,NEGATIVE,EXPOSED,50.0,69.258918,88.793484,-0.041485,109.805699,100.364579,104.376379,46.618711,2.458886,-0.333044,-0.9222,49.59241,2.991675,1.893211,0.35645,0.051605,0.112173,FAIL
S00517,L0025,T01,517,NEGATIVE,EXPOSED,50.0,77.16328,98.927282,-0.013843,104.033718,98.007002,103.435203,58.30601,2.270078,-0.160094,0.880845,50.801281,2.100383,1.501083,0.088871,0.032036,0.021038,PASS
S00778,L0038,T03,778,POSITIVE,UNEXPOSED,50.0,90.783708,90.783708,-0.075845,118.761447,98.371883,109.38955,52.742648,2.294263,0.029249,0.047695,52.897369,2.942764,1.218419,0.482148,0.045907,0.104918,FAIL
S00524,L0026,T01,524,NEGATIVE,EXPOSED,50.0,84.69994,108.589666,-0.008398,109.47962,99.437435,106.972217,48.631241,,-0.891785,0.595547,53.339587,2.436011,1.843155,0.01068,0.025837,0.026567,FAIL
S00551,L0027,T03,551,NEGATIVE,EXPOSED,50.0,77.160903,98.924235,0.080101,99.63718,98.074961,108.588711,50.632014,2.356669,-0.658693,0.513663,50.983963,3.397766,2.105174,0.039277,0.019309,0.070712,FAIL
S00042,L0002,T03,42,POSITIVE,UNEXPOSED,50.0,109.580394,109.580394,0.000981,110.839084,97.840271,112.749306,49.66876,2.367103,-0.789464,0.118689,50.350966,2.547416,1.86118,0.030293,0.030846,0.031398,PASS
S00382,L0019,T03,382,NEGATIVE,EXPOSED,50.0,77.679011,99.588476,0.01104,116.99425,96.383901,102.70433,51.269073,2.365933,0.258407,0.368268,49.923233,2.205391,1.474414,0.088359,0.038088,0.022936,PASS
S00239,L0011,T01,239,POSITIVE,UNEXPOSED,50.0,98.647708,98.647708,-0.029646,135.990056,99.000355,,43.458818,2.352298,-0.11728,-0.640082,42.002833,3.097762,1.523526,0.618938,0.025714,0.180694,FAIL
S00326,L0016,T02,326,NEGATIVE,EXPOSED,50.0,80.829409,103.627448,0.133416,115.964849,95.029204,104.202975,58.233434,2.409048,-0.952993,0.367378,52.993504,4.819591,1.412049,0.022878,0.021579,0.14323,FAIL
S00317,L0015,T02,317,POSITIVE,UNEXPOSED,50.0,96.589778,96.589778,0.069675,116.821099,99.814643,110.015774,45.227855,2.35057,-0.491742,-0.42823,51.927714,3.301318,1.206239,0.502741,0.029437,0.138336,FAIL
S00762,L0038,T01,762,NEGATIVE,EXPOSED,50.0,76.183293,97.670888,-0.089471,103.463262,96.986035,106.987069,62.286847,2.407596,-0.19384,-0.872368,48.641441,3.389781,1.629806,0.071366,0.082826,0.069435,FAIL
S00464,L0023,T02,464,NEGATIVE,EXPOSED,50.0,75.750612,97.116169,-0.014513,117.762767,95.503101,101.785418,62.009348,2.404627,-0.239348,-0.297209,48.254959,2.230152,2.081249,0.149758,0.104372,0.044812,PASS
S00502,L0025,T01,502,NEGATIVE,EXPOSED,50.0,79.931744,102.476595,0.107687,109.158207,95.145423,105.197067,43.776534,2.371687,0.450897,-0.378516,49.929264,3.672047,1.246491,0.008698,0.003547,0.050213,FAIL
S00143,L0007,T02,143,NEGATIVE,EXPOSED,50.0,73.38094,94.078128,-0.148667,,98.671116,104.607314,52.57023,2.332536,-0.134058,0.917783,50.430547,5.051118,1.435523,0.207403,0.028001,0.25994,FAIL
S00114,L0005,T01,114,NEGATIVE,EXPOSED,50.0,80.993174,103.837402,0.002962,105.39522,98.242265,100.953603,49.62314,2.362109,-0.520555,-0.474449,51.347244,1.86908,2.197575,0.023469,0.046584,0.021872,PASS
S00533,L0026,T03,533,NEGATIVE,EXPOSED,50.0,71.237233,91.329786,-0.067588,115.169075,94.529244,105.777426,51.172557,2.487205,0.381266,,50.259103,3.526039,1.522518,0.287263,0.04202,0.115465,FAIL
S00322,L0016,T02,322,POSITIVE,UNEXPOSED,50.0,103.213521,103.213521,-0.004529,103.085182,97.863194,109.215904,53.318546,2.435129,-0.433311,0.844902,48.413534,2.39918,1.222795,0.040422,0.051395,0.021321,PASS
S00144,L0007,T01,144,POSITIVE,UNEXPOSED,50.0,99.333697,99.333697,0.042806,110.463948,102.012438,111.176371,45.348949,2.514675,-0.849745,0.845691,53.447553,3.093585,1.14009,0.283038,0.002533,0.061539,FAIL
S00771,L0038,T01,771,NEGATIVE,,50.0,77.510778,99.372792,0.130094,126.529571,96.800517,105.651498,48.257221,2.344676,-0.879767,0.518046,52.356507,4.979615,1.410819,0.060316,0.016214,0.173366,FAIL
S00374,L0018,T01,374,NEGATIVE,EXPOSED,50.0,70.961308,90.976036,0.040743,133.510926,100.009091,105.317871,44.49051,2.308587,0.47947,-0.458336,49.503518,3.070167,1.59211,0.348194,0.024241,0.094563,FAIL
S00388,L0019,T03,388,POSITIVE,UNEXPOSED,50.0,95.362327,95.362327,0.043373,115.326642,96.2082,108.885976,50.795166,2.426687,-0.341316,0.431224,52.763035,2.239874,1.633247,0.315009,0.034825,0.047033,FAIL
S00134,L0006,T01,134,NEGATIVE,EXPOSED,50.0,75.714187,97.06947,0.051918,118.999316,98.498436,100.925844,46.686617,2.394589,-0.69636,-0.778426,48.714637,3.490397,2.110322,0.194801,0.038618,0.118105,FAIL
S00225,L0011,T02,225,NEGATIVE,EXPOSED,,85.267966,109.317905,0.006125,101.853555,94.858644,103.331734,60.267298,2.383166,-0.135804,-0.224482,52.660563,1.823974,2.130711,0.0,0.035496,0.018542,PASS
S00472,L0023,T01,472,,UNEXPOSED,50.0,96.09348,96.09348,0.085686,110.979457,100.108882,110.569007,46.970834,2.36859,0.188524,0.220149,51.171619,2.863997,1.332486,0.393285,0.022871,0.07912,FAIL
S00721,L0036,T03,721,POSITIVE,UNEXPOSED,50.0,97.832309,,-0.019665,110.598309,98.099381,110.827947,46.633174,2.332924,-0.173099,-0.749291,51.216328,2.252814,1.426259,0.326053,0.016471,0.042026,FAIL
S00639,L0031,T02,639,NEGATIVE,EXPOSED,50.0,73.083596,93.696918,0.136831,117.304448,99.223201,1067.89677,54.838693,2.428825,-0.236837,-0.011955,51.374903,3.649021,1.734404,0.204776,0.038434,0.113553,FAIL
S00550,L0027,T01,550,NEGATIVE,EXPOSED,50.0,83.612943,107.19608,-0.075852,116.763385,101.474705,104.682728,47.702764,2.51687,-0.56005,-0.078173,52.437238,2.918449,1.576695,0.010105,0.0,0.032176,PASS
S00197,L0009,T02,197,POSITIVE,UNEXPOSED,50.0,102.099558,102.099558,-0.131689,117.862659,96.591541,542.21194,53.584654,2.394343,-0.553877,-0.33764,50.271762,4.324567,1.343566,0.086274,0.053053,0.120156,FAIL
S00482,L0024,T01,482,NEGATIVE,EXPOSED,50.0,78.9759,101.251154,-0.166812,120.887759,96.150038,105.701745,52.972595,2.393229,-0.549203,-0.202551,51.874872,5.226059,1.332184,0.066849,0.038176,0.210397,FAIL
S00003,L0000,T01,3,POSITIVE,UNEXPOSED,50.0,100.106512,100.106512,-0.004873,118.369865,95.452369,109.278393,45.305345,2.343209,-0.135112,-0.861792,52.067367,2.392763,1.327961,0.330964,0.03226,0.047047,FAIL
S00707,L0035,T01,707,NEGATIVE,EXPOSED,50.0,77.499402,99.358208,-0.087761,117.405574,95.022575,103.982354,48.833329,2.353498,-0.270222,0.041144,49.253071,3.369363,1.379014,0.072808,0.013769,0.051208,FAIL
S00170,L0008,T03,170,NEGATIVE,EXPOSED,50.0,,93.608824,0.06668,116.462702,94.86962,110.202664,67.897199,2.314735,0.896049,-0.090417,52.844721,3.176894,2.695494,0.144557,0.141286,0.137153,PASS
S00319,L0015,T01,319,POSITIVE,UNEXPOSED,50.0,97.885243,97.885243,0.090876,122.02384,98.220344,109.571222,44.264924,2.446971,0.62509,-0.455502,51.281108,4.208261,1.463221,0.487138,0.024881,0.274479,FAIL
S00331,L0016,T02,331,NEGATIVE,EXPOSED,50.0,72.210713,92.577838,-0.091492,125.93623,95.681892,105.723732,51.149342,2.357276,0.588512,0.771447,52.095325,3.907275,1.684481,0.276803,0.023031,0.154501,FAIL
S00249,L0012,T02,249,NEGATIVE,EXPOSED,50.0,76.602891,98.208834,0.075266,134.723226,98.482736,104.674843,55.469908,2.42864,0.090232,0.954604,51.369422,4.22122,1.340295,0.15409,0.087136,0.141182,FAIL
S00637,L0031,T01,637,POSITIVE,UNEXPOSED,50.0,101.973921,101.973921,0.018214,122.423478,101.34927,113.918905,42.957963,2.397795,0.08354,-0.860328,54.197574,2.696623,1.729375,0.373628,0.017948,0.079755,FAIL
S00598,L0029,T02,598,NEGATIVE,EXPOSED,50.0,83.658591,107.254603,0.044648,98.69743,103.769107,104.561858,53.384895,2.483292,0.466689,-0.013419,52.822025,2.786069,1.896002,0.020548,0.022565,0.037144,PASS
S00182,L0009,T03,182,NEGATIVE,EXPOSED,50.0,78.782259,101.002896,-0.052694,106.828334,100.248798,104.849167,44.100901,2.29067,0.154571,0.224668,50.918768,2.778615,1.315396,0.046186,0.028049,0.029447,PASS
S00289,L0014,T01,289,NEGATIVE,EXPOSED,50.0,79.157435,101.483891,0.000509,114.987109,100.001894,104.448865,55.385974,2.482252,-0.614776,-0.45511,52.535869,2.044614,1.29006,0.057499,0.024592,0.016142,PASS
S00652,L0032,T01,652,NEGATIVE,EXPOSED,50.0,70.622457,90.541612,0.021922,123.576877,93.535249,104.209372,52.79336,2.481486,-0.146231,,48.862203,3.346187,1.434135,0.375548,0.052495,0.123014,FAIL
S00293,L0014,T01,293,NEGATIVE,EXPOSED,50.0,74.800494,95.898069,0.022897,117.676602,98.973376,101.500224,51.56421,2.41541,0.762215,0.44687,48.68324,2.812346,2.045255,0.221447,0.049358,0.074387,PASS
S00316,L0015,T03,316,POSITIVE,UNEXPOSED,50.0,102.279065,102.279065,-0.053858,131.076808,99.638878,109.775102,50.062007,2.397841,-0.128741,-0.452327,50.482639,2.923187,1.27908,0.185738,0.049434,0.049824,PASS
S00365,L0018,T01,365,NEGATIVE,EXPOSED,50.0,80.147491,102.753193,0.16162,112.959339,99.341904,105.394483,56.155611,2.336715,-0.541139,0.13428,50.91602,4.391599,1.424037,0.043801,0.040802,0.115141,FAIL
S00613,L0030,T01,613,POSITIVE,UNEXPOSED,50.0,102.202678,102.202678,0.031847,99.099137,,108.735205,49.986796,2.327849,-0.95234,-0.12493,50.054325,2.604654,1.489825,0.065909,0.008127,0.028147,PASS
S00220,L0011,T02,220,NEGATIVE,EXPOSED,50.0,87.794574,112.557146,-0.162088,132.960598,,104.385111,58.380146,,0.504674,-0.999901,55.204848,5.621785,1.522611,0.007746,0.071575,0.276194,FAIL
S00100,L0005,T02,100,POSITIVE,UNEXPOSED,,89.756524,89.756524,0.075454,111.489782,96.891173,111.147062,41.350364,2.359129,-0.314675,0.25677,53.736198,3.094742,1.509572,0.850888,0.003503,0.283339,FAIL
S00480,L0024,T01,480,POSITIVE,UNEXPOSED,50.0,94.993282,94.993282,0.011165,109.727444,92.535879,111.754771,33.78546,2.522051,-0.421585,0.0365,52.776276,1.74074,1.534575,0.868502,0.015654,0.120743,FAIL
S00040,L0002,T03,40,POSITIVE,UNEXPOSED,50.0,109.00844,109.00844,-0.164363,104.491809,98.022362,109.941316,42.609239,2.328801,0.539447,-0.255309,49.993479,4.216553,1.343454,0.049998,0.018616,0.093596,FAIL
S00227,L0011,T01,227,POSITIVE,UNEXPOSED,50.0,106.77426,106.77426,0.147359,116.222183,97.721365,112.380398,54.241952,2.370909,0.715729,-0.59403,49.957475,5.287935,1.509849,0.002583,0.071606,0.219499,FAIL
S00219,L0010,T02,219,NEGATIVE,EXPOSED,50.0,82.194876,105.378046,-0.035646,,95.807506,105.603682,64.543459,2.336751,-0.599617,0.682929,54.478808,2.734805,1.642968,0.032011,0.105141,0.039192,FAIL
S00595,L0029,T01,595,POSITIVE,UNEXPOSED,50.0,109.631832,109.631832,0.118141,143.78109,91.303013,108.584656,46.283287,2.417074,0.58539,0.575103,46.514605,4.965408,1.611298,0.147443,0.111112,0.272382,FAIL
S00354,L0017,T02,354,NEGATIVE,EXPOSED,50.0,81.940205,105.051545,0.069911,110.27388,99.95724,106.775402,59.488606,2.190292,-0.566668,0.180792,52.244588,2.821784,1.629301,0.046892,0.049432,0.038034,PASS
S00327,L0016,T01,327,NEGATIVE,EXPOSED,50.0,76.889308,98.576036,-0.070396,94.135634,96.102161,109.610857,54.949744,2.438308,-0.642839,-0.609635,49.477175,3.793931,2.329611,0.044082,0.038702,0.11368,FAIL
S00068,L0003,T01,68,NEGATIVE,EXPOSED,50.0,67.551043,86.603901,-0.024238,120.656565,,104.258423,56.357623,2.355622,0.609934,-0.694808,48.301334,2.749458,2.053694,0.445778,0.059115,0.128145,FAIL
S00010,L0000,T01,10,NEGATIVE,EXPOSED,50.0,81.154066,,-0.058937,,94.968104,106.245683,47.795214,2.393461,-0.008828,-0.171943,51.163477,2.791496,1.430194,0.047467,0.02269,0.031341,PASS
S00478,L0023,T02,478,NEGATIVE,EXPOSED,50.0,82.219305,105.409366,0.000846,121.132055,98.860423,103.596263,53.922379,2.425959,0.806252,0.754133,53.766445,3.173008,1.574881,0.011824,0.040954,0.043887,FAIL
S00138,L0006,T03,138,NEGATIVE,EXPOSED,50.0,76.54673,98.136834,-0.151075,112.391095,93.926821,103.449614,56.635909,2.34972,-0.058379,0.531446,50.489594,4.422512,1.619692,0.116243,0.026689,0.149588,FAIL
S00729,L0036,T02,729,NEGATIVE,EXPOSED,50.0,71.868313,92.138863,-0.106295,119.67678,98.852464,101.936833,47.937361,2.419243,0.064959,0.578412,47.969599,3.975574,2.192841,0.361516,0.02538,0.246196,FAIL
S00145,L0007,T03,145,POSITIVE,UNEXPOSED,50.0,87.977593,87.977593,-0.053575,113.861148,98.014986,109.224802,40.214542,2.442058,-0.081634,-0.913755,57.717255,3.362597,1.601368,0.908986,0.011712,0.385422,FAIL
S00452,L0022,T01,452,POSITIVE,UNEXPOSED,50.0,90.39439,90.39439,0.006197,115.195977,95.958489,108.522437,,2.385579,0.229812,0.261937,53.12426,1.997208,1.549965,0.86212,0.01251,0.143726,FAIL
S00543,L0027,T03,543,POSITIVE,UNEXPOSED,50.0,103.43482,,0.01094,126.49872,93.293682,109.60818,39.501456,2.330418,-0.269368,-0.52892,52.776296,2.476577,1.181556,0.468161,0.020178,0.065146,FAIL
S00404,L0020,T01,404,NEGATIVE,EXPOSED,50.0,75.889089,97.293704,0.031386,88.672105,98.116966,107.18198,39.761819,2.338327,0.064365,0.126568,47.851264,2.218112,1.708208,0.067659,0.046929,0.025374,PASS
S00104,L0005,T01,104,NEGATIVE,EXPOSED,50.0,79.059042,101.357746,0.03664,109.204157,102.027748,104.37127,56.361362,2.465014,-0.459545,0.582708,50.624626,2.501898,1.409839,0.05153,0.031437,0.025207,PASS
S00121,L0006,T03,121,NEGATIVE,EXPOSED,50.0,75.100961,96.283283,0.043488,92.995293,99.370243,107.001906,55.539021,2.361857,-0.523025,-0.336919,49.3945,2.360134,1.47527,0.092122,0.013147,0.024803,PASS
S00244,L0012,T02,244,NEGATIVE,EXPOSED,50.0,77.112534,98.862223,0.007073,125.941807,95.938366,105.066016,55.846414,2.396481,-0.268553,-0.401046,51.005906,2.054704,1.276317,0.135726,0.049963,0.021319,PASS
S00661,L0033,T01,661,NEGATIVE,EXPOSED,50.0,86.878827,111.383111,0.022817,108.00594,96.143332,105.228354,59.113103,2.407573,-0.838429,-0.805866,54.665786,3.380618,1.863947,0.005036,0.046411,0.06002,FAIL
S00340,L0017,T01,340,NEGATIVE,EXPOSED,50.0,82.783693,106.13294,,98.948125,99.290991,104.698475,56.867197,2.316228,-0.328091,-0.087625,51.139901,2.009238,1.698639,0.012978,0.023128,0.01723,PASS
S00540,L0027,T02,540,NEGATIVE,EXPOSED,50.0,80.790233,103.577222,-0.009869,123.048813,100.297067,106.174258,51.993933,2.387598,-0.997822,-0.751876,54.752437,3.38401,1.370395,0.027917,0.028289,0.047381,FAIL
S00714,L0035,T02,714,POSITIVE,UNEXPOSED,50.0,100.481249,100.481249,-0.140937,113.613821,97.184968,115.321057,54.775692,2.453958,-0.763113,0.936242,54.292486,4.931088,2.563788,0.100631,0.049987,0.316099,FAIL
S00549,L0027,T01,549,POSITIVE,UNEXPOSED,50.0,102.436326,102.436326,0.077688,104.928036,99.128433,109.35083,49.781262,2.372695,0.107083,0.336668,47.885568,2.664027,1.309301,0.077818,0.027546,0.029066,PASS
S00677,L0033,T02,677,POSITIVE,UNEXPOSED,50.0,102.292522,102.292522,0.098088,107.793831,96.449645,106.592608,36.885388,2.400756,-0.867769,-0.795579,52.551245,3.721933,1.348533,0.445568,0.021584,0.171773,FAIL
S00787,L0039,T01,787,POSITIVE,UNEXPOSED,50.0,99.749074,99.749074,0.016758,108.881176,100.140305,113.615891,43.300469,2.378342,-0.587352,0.007754,51.108568,1.97439,1.829228,0.319835,0.016733,0.040765,FAIL
S00768,L0038,T03,768,POSITIVE,UNEXPOSED,50.0,97.676124,97.676124,0.017289,118.733479,95.663996,111.924251,54.555138,2.272551,0.384404,0.901416,53.88498,2.585383,1.337414,0.136986,0.052838,0.034517,FAIL
S00799,L0039,T01,799,POSITIVE,UNEXPOSED,50.0,91.606031,91.606031,0.05377,117.068363,97.57876,106.202998,43.700017,2.451805,-0.114254,-0.724903,51.714234,3.366525,2.055721,0.78009,0.028153,0.369777,FAIL
S00553,L0027,T01,553,POSITIVE,UNEXPOSED,50.0,103.069046,103.069046,-0.134865,112.170751,98.898011,112.226131,40.635499,2.408916,0.132949,-0.593593,50.3378,4.252823,1.597512,0.294296,0.03853,-0.112681,FAIL
S00763,L0038,T01,763,NEGATIVE,EXPOSED,50.0,82.926585,106.316135,0.154102,118.904403,95.606331,108.054187,53.396897,2.388146,0.982068,0.902278,56.415075,5.457183,1.987021,0.001458,0.020944,0.2705,FAIL
S00221,L0011,T01,221,POSITIVE,UNEXPOSED,50.0,88.396562,,0.061776,110.196609,96.895026,108.029793,46.173859,2.393321,-0.45322,-0.241288,53.480152,2.975058,1.80753,0.75986,0.005336,0.246733,FAIL
S00375,L0018,T03,375,NEGATIVE,EXPOSED,50.0,78.390207,100.500265,-0.182715,126.387053,98.533251,104.738062,49.996348,2.366944,-0.940365,-0.317909,53.122609,5.561445,1.478598,0.080024,0.027692,0.27964,FAIL
S00612,L0030,T01,612,NEGATIVE,EXPOSED,50.0,77.401311,99.23245,0.111946,115.554554,93.863889,103.294663,53.356954,2.327134,-0.703198,-0.246404,50.712121,4.098041,1.38444,0.122922,0.038208,0.109533,FAIL
S00039,L0001,T01,39,NEGATIVE,EXPOSED,50.0,64.853072,83.144964,0.068082,101.311181,98.761391,101.385618,60.960062,2.424864,0.046627,-0.559069,45.020017,3.238362,2.256396,0.47748,0.074812,0.220561,FAIL
S00355,L0017,T01,355,NEGATIVE,EXPOSED,50.0,77.607229,99.496448,-0.017749,121.490886,98.163689,102.55078,40.199965,2.381963,0.888523,0.597555,50.271871,3.359945,1.65796,0.121256,0.023013,0.068172,FAIL
S00445,L0022,T01,445,POSITIVE,UNEXPOSED,50.0,100.123978,100.123978,0.02188,125.077564,99.651987,110.757218,51.110236,2.267919,0.991914,-0.672421,52.168633,2.983772,1.093264,0.16971,0.069086,0.047671,PASS
S00078,L0003,T02,78,POSITIVE,UNEXPOSED,50.0,87.899187,,0.059763,123.182837,100.887126,108.213555,50.56449,2.404804,0.000712,-0.745583,54.327881,3.510347,1.632052,0.721805,0.045207,0.31767,FAIL
S00600,L0030,T02,600,NEGATIVE,EXPOSED,50.0,72.489599,92.935383,0.067637,94.950645,96.259334,,54.659013,2.3626,,0.713849,49.699562,3.093941,1.416885,0.177215,0.036281,0.058197,PASS
S00284,L0014,T01,284,NEGATIVE,EXPOSED,50.0,74.678795,95.742045,0.046025,123.208839,96.231843,105.004674,53.573278,2.373277,0.866447,0.951265,51.580458,3.709823,1.315769,0.191501,0.059723,0.098193,FAIL
S00487,L0024,T01,487,NEGATIVE,EXPOSED,50.0,79.714482,102.198054,-0.093469,116.02427,96.643094,103.786251,49.139059,2.470421,0.572995,0.74226,51.72197,3.779791,1.360945,0.055859,0.038961,0.071435,FAIL
S00136,L0006,T03,136,POSITIVE,UNEXPOSED,50.0,105.66216,105.66216,-0.020984,105.306797,95.72377,112.208817,52.435174,2.279894,-0.492993,0.62036,51.370737,2.320228,1.790266,0.017412,0.034566,0.024411,PASS
S00005,L0000,T02,5,POSITIVE,UNEXPOSED,50.0,95.552542,95.552542,-0.123846,109.737815,95.843437,114.717046,47.525814,2.370853,0.89169,0.334192,55.238377,4.448479,0.946429,0.400223,0.046537,0.337721,FAIL
S00790,L0039,T01,790,NEGATIVE,EXPOSED,50.0,80.67329,103.427295,0.070938,112.735461,99.10998,103.160637,54.879634,2.30382,0.552853,0.06075,50.293613,3.253557,1.84122,0.035693,0.030958,0.056016,FAIL
S00684,L0034,T01,684,POSITIVE,UNEXPOSED,50.0,103.746444,103.746444,0.146094,95.978677,98.580527,112.854217,35.144647,2.355158,0.298605,-0.160681,48.426347,4.455547,1.480487,0.343981,0.026686,0.240735,FAIL
S00363,L0018,T01,363,NEGATIVE,EXPOSED,50.0,75.777938,97.151203,0.031682,112.090101,104.053513,106.507747,59.347441,2.357353,0.153961,0.815193,50.192873,2.551842,1.533422,0.105205,0.066667,0.035355,PASS
S00016,L0000,T03,16,,UNEXPOSED,50.0,96.811983,96.811983,-0.023314,121.514574,98.488848,109.101711,53.07031,2.268829,0.162536,-0.285276,51.72199,2.279522,1.609403,0.243268,0.060724,0.042117,PASS
S00124,L0006,T01,124,NEGATIVE,EXPOSED,50.0,69.738669,89.408549,0.005402,111.462139,93.136503,107.364992,54.321097,2.373568,0.847105,0.881346,49.683693,2.567428,2.007414,0.321732,0.047044,0.077619,FAIL
S00493,L0024,T01,493,NEGATIVE,EXPOSED,50.0,71.857488,92.124984,0.003058,125.285327,100.253037,103.010679,59.896182,2.312226,-0.082556,0.240935,46.33212,2.247286,1.855806,0.345783,0.124131,0.071055,FAIL
S00413,L0020,T01,413,NEGATIVE,EXPOSED,50.0,81.675034,104.711583,-0.051831,110.086766,98.530717,109.54491,57.23832,2.305046,0.905667,0.750187,55.137434,3.653612,2.625568,0.004837,0.024965,0.10392,FAIL
S00647,L0032,T01,647,NEGATIVE,EXPOSED,50.0,74.893405,96.017186,0.040255,117.850272,97.847566,103.975197,59.559339,2.372293,-0.689508,-0.320378,49.946768,2.694305,1.36895,0.159542,0.083341,0.043862,PASS
S00370,L0018,T03,370,POSITIVE,UNEXPOSED,50.0,107.168503,107.168503,-0.089795,112.30811,98.783705,114.324877,44.771521,2.297798,0.800017,0.941106,52.087801,4.204405,2.21567,0.060066,0.022135,0.146276,FAIL
S00734,L0036,T01,734,NEGATIVE,EXPOSED,50.0,86.752333,,0.053405,124.171942,95.816366,377.9046,58.377119,2.318321,0.923209,0.396172,54.958531,3.513192,1.590147,0.014253,0.053625,0.060356,FAIL
S00379,L0018,T01,379,NEGATIVE,EXPOSED,50.0,76.544258,98.133665,,113.169015,94.369504,105.71836,,2.456327,-0.842702,0.15582,50.283661,4.696477,1.251811,0.094273,0.065513,0.158191,FAIL
S00348,L0017,T01,348,POSITIVE,UNEXPOSED,50.0,106.721401,106.721401,-0.000459,131.951361,97.148086,108.692696,44.94274,2.408093,-0.260176,0.793919,48.820509,2.632635,1.637332,0.163488,0.033178,0.043065,PASS
S00204,L0010,T01,204,POSITIVE,UNEXPOSED,50.0,103.094889,103.094889,0.048485,113.458837,96.098632,105.715477,44.607127,2.402157,0.722131,0.600294,50.508159,3.034468,2.169235,0.198765,0.018067,0.082723,PASS
S00748,L0037,T01,748,POSITIVE,UNEXPOSED,50.0,102.443198,102.443198,-0.053346,114.755112,97.176906,107.897001,51.308645,2.367779,0.403374,0.899391,49.331746,3.152193,1.415144,0.079599,0.037707,0.047193,PASS
S00557,L0027,T03,557,NEGATIVE,EXPOSED,50.0,74.520854,95.539556,-0.075286,112.853629,101.006254,107.668808,59.672472,2.405289,-0.857464,0.53012,53.071525,3.410511,1.885119,0.170948,0.053993,0.097035,FAIL
S00262,L0013,T01,262,NEGATIVE,EXPOSED,50.0,81.452978,104.426895,0.003272,116.817809,96.986081,103.520946,66.558599,2.418133,-0.686659,-0.677321,53.060819,2.437199,1.118404,0.055103,0.110297,0.025008,FAIL
S00425,L0021,T01,425,NEGATIVE,,50.0,82.782155,106.130968,0.004672,121.099536,96.175636,105.133405,55.994118,2.375547,0.830429,0.935367,53.34729,2.582746,1.533085,0.028867,0.049859,0.028305,FAIL
S00190,L0009,T01,190,NEGATIVE,EXPOSED,50.0,79.081364,101.386363,-0.014714,105.72858,94.995919,107.213288,52.346967,2.401622,0.219241,0.273893,50.464166,1.731181,1.446041,0.03455,0.033273,0.012955,PASS
S00785,L0039,T01,785,NEGATIVE,EXPOSED,50.0,81.164601,104.057181,0.049305,123.101511,92.354973,105.988136,62.309382,2.383343,-0.649836,-0.392434,52.26109,3.549064,1.450957,0.012991,0.093736,0.063296,FAIL
S00632,L0031,T01,632,POSITIVE,UNEXPOSED,50.0,102.896823,102.896823,0.007255,108.615108,98.933315,107.265362,41.896557,2.375729,0.107302,0.761204,50.771679,1.926475,1.586659,0.263638,0.021561,0.029952,FAIL
S00384,L0019,T02,384,NEGATIVE,EXPOSED,50.0,73.805965,94.623032,-0.085321,123.369285,99.954744,104.958178,59.260236,2.447962,-0.165633,0.559273,49.497721,3.717516,1.544004,0.217114,0.113049,0.132347,FAIL
S00056,L0002,T02,56,NEGATIVE,EXPOSED,50.0,77.621415,99.514635,0.04497,122.471734,95.968226,103.255739,63.536715,2.339705,-0.213214,0.80982,50.416715,3.265021,1.230148,0.100735,0.124168,0.060901,FAIL
S00073,L0003,T01,73,NEGATIVE,EXPOSED,50.0,74.429632,95.422605,0.010264,111.843075,97.388889,106.41666,53.612552,2.307022,-0.568509,-0.061033,49.280122,1.986007,1.227816,0.13555,0.041303,0.019194,PASS
S00435,L0021,T01,435,NEGATIVE,EXPOSED,50.0,72.658442,93.151848,-0.034539,107.765889,99.817127,106.41525,50.475369,2.271281,-0.186911,-0.861745,48.869471,2.300127,1.820927,0.188223,0.016145,0.037112,PASS
S00545,L0027,T01,545,NEGATIVE,EXPOSED,50.0,80.491494,103.194223,0.130695,105.480745,96.857933,101.27485,51.485284,2.352038,0.233779,0.315662,51.357961,4.160116,1.857678,0.054668,0.019557,0.117097,FAIL
S00278,L0013,T01,278,NEGATIVE,EXPOSED,50.0,81.293147,104.221984,-0.091296,127.025042,94.751302,102.255163,47.365562,2.308721,0.015069,-0.150711,48.641396,3.589491,1.858099,0.077232,0.038208,0.083539,FAIL
S00280,L0014,T01,280,NEGATIVE,EXPOSED,50.0,76.737036,98.380815,-0.083867,105.139264,97.962432,101.127239,44.679392,2.445848,0.968244,-0.741416,50.28153,4.181262,1.895965,0.102261,0.025678,0.137926,FAIL
S00421,L0021,T01,421,NEGATIVE,EXPOSED,50.0,72.619202,93.101542,-0.032079,132.585915,95.78263,106.341337,64.006618,2.345568,-0.685177,0.180333,50.524803,2.730025,1.693227,0.275831,0.159127,0.086427,FAIL
S00694,L0034,T01,694,NEGATIVE,EXPOSED,50.0,72.275902,92.661413,0.084351,101.787039,96.115082,104.421117,50.927599,2.339048,-0.943364,0.173591,49.687051,3.647464,1.452325,0.2351,0.009742,0.099908,FAIL
S00001,L0000,T01,1,NEGATIVE,EXPOSED,50.0,70.887121,90.880924,0.026717,102.510242,97.153712,102.669196,57.141522,2.402725,-0.227347,-0.062084,47.197105,2.399959,1.679872,0.296356,0.038537,0.208408,FAIL
S00188,L0009,T01,188,NEGATIVE,EXPOSED,50.0,86.789658,111.268792,-0.064555,121.87414,98.374496,104.451266,48.17969,2.382031,,0.792975,54.478968,3.684204,1.777507,0.047958,0.022527,0.077258,FAIL
S00265,L0013,T02,265,NEGATIVE,EXPOSED,50.0,74.749625,95.832852,-0.142273,120.658126,101.015363,105.224345,54.317292,2.386208,-0.454511,0.947494,50.960622,4.808286,1.631073,0.177967,0.038367,0.231183,FAIL
S00314,L0015,T02,314,NEGATIVE,EXPOSED,50.0,64.977594,83.304608,-0.145422,96.969838,99.622213,101.799709,60.125943,2.419766,-0.271119,0.871218,47.440172,4.855713,2.212026,0.51643,0.050908,0.534257,FAIL
S00270,L0013,T03,270,NEGATIVE,EXPOSED,50.0,81.001195,103.847686,-0.154181,111.74928,96.384194,105.070463,60.500582,2.443214,0.979484,0.788593,55.8536,4.968184,1.463872,0.022974,0.036264,0.168412,FAIL
S00471,L0023,T01,471,NEGATIVE,EXPOSED,50.0,75.869328,97.268369,0.069368,116.742098,98.269352,108.433287,57.397383,2.452733,0.436142,0.635703,51.30556,3.146477,2.186342,0.069565,0.069187,0.073423,PASS
S00002,L0000,T02,2,NEGATIVE,EXPOSED,50.0,81.607198,104.624613,0.082609,111.658389,,103.742744,56.113253,2.362532,-0.416512,-0.979003,53.886045,3.456458,1.374318,0.04621,0.032554,0.053385,FAIL
S00118,L0005,T01,118,NEGATIVE,EXPOSED,50.0,78.032589,100.041781,-0.013036,91.601538,104.021288,104.221242,58.098075,2.389377,-0.344706,0.645121,51.106078,2.446922,1.052041,0.04053,0.043464,0.019853,PASS
S00051,L0002,T01,51,NEGATIVE,EXPOSED,50.0,79.230327,101.577342,0.087948,91.722948,99.891427,104.995913,64.74856,2.406185,0.796602,-0.322326,50.736461,3.419355,1.22316,0.033942,0.036531,0.046778,FAIL
S00561,L0028,T01,561,NEGATIVE,EXPOSED,50.0,85.622888,109.772934,-0.033626,113.916865,101.366617,107.30808,50.060795,2.471122,,-0.549863,52.967521,2.616611,1.919173,0.013731,0.027733,0.032529,PASS
S00285,L0014,T01,285,NEGATIVE,EXPOSED,50.0,82.450306,105.705521,-0.009204,132.908417,99.775561,107.382792,61.73847,2.425251,0.466811,-0.673577,54.18063,2.504789,1.567749,0.014856,0.112417,0.030294,FAIL
S00052,L0002,T01,52,NEGATIVE,EXPOSED,50.0,75.297232,96.534912,0.079969,104.131473,101.64763,105.410773,58.279425,2.44302,0.723241,-0.851039,49.862583,3.71209,1.393457,0.11505,0.051414,0.082592,FAIL
S00361,L0018,T02,361,NEGATIVE,EXPOSED,50.0,75.607424,96.932595,0.037933,123.056174,99.184228,102.448576,51.546109,2.275028,-0.207834,-0.101938,48.646603,2.35401,1.692493,0.190339,0.042004,0.038781,PASS
S00062,L0003,T01,62,NEGATIVE,EXPOSED,50.0,82.641793,105.951017,-0.070235,,99.594529,103.745508,52.739254,2.347431,-0.663293,0.514423,52.83087,3.260992,1.315715,0.014347,0.046881,0.042002,FAIL
S00475,L0023,T01,475,NEGATIVE,EXPOSED,50.0,77.361244,99.181082,0.024567,125.260804,98.982338,104.730362,52.446643,2.478318,-0.026431,,49.967567,2.224046,1.005139,0.12827,0.052274,0.0209,PASS
S00420,L0021,T01,420,NEGATIVE,EXPOSED,50.0,81.26815,104.189936,0.019464,118.582574,98.769831,108.056013,51.862861,2.289101,-0.617883,0.060982,53.232108,2.530055,1.93889,0.025978,0.052581,0.033606,FAIL
S00537,L0026,T02,537,NEGATIVE,EXPOSED,50.0,82.989429,106.396704,0.02742,120.646388,99.587109,105.658484,51.876652,2.347431,0.656907,-0.199705,54.167979,2.502729,1.711977,0.006629,0.034227,0.026417,FAIL
S00754,L0037,T01,754,NEGATIVE,EXPOSED,250.0,75.191546,96.399418,0.137985,127.109008,101.780234,106.258476,48.942615,2.332216,0.584225,-0.64629,51.02334,4.638195,1.543206,0.175,0.037777,0.19713,FAIL
S00000,L0000,T01,0,POSITIVE,UNEXPOSED,50.0,96.930044,96.930044,-0.019841,113.082584,94.531126,108.760075,32.941633,2.395094,-0.84523,-0.546762,55.542722,2.64259,1.613996,0.829357,0.028394,0.222196,FAIL
S00008,L0000,T01,8,POSITIVE,UNEXPOSED,50.0,102.862036,102.862036,0.101792,96.517452,99.406839,112.720539,46.667911,2.336524,0.621955,-0.006659,47.921246,3.700737,1.725363,0.108551,0.00335,0.085247,FAIL
S00230,L0011,T02,230,POSITIVE,UNEXPOSED,50.0,103.647742,103.647742,0.034805,125.245174,95.450978,110.606828,44.138919,2.368337,-0.758259,-0.011047,52.076349,3.1901,1.490501,0.249209,0.036834,0.0788,PASS
S00436,L0021,T01,436,POSITIVE,UNEXPOSED,50.0,100.874353,100.874353,0.035018,99.726641,97.418838,,55.333507,2.350063,0.764342,-0.424362,47.327416,2.550475,2.275736,0.055698,0.02716,0.041623,PASS
S00769,L0038,T02,769,POSITIVE,UNEXPOSED,50.0,93.229286,93.229286,-0.111726,118.922484,97.012979,108.949559,42.208295,2.271517,0.066665,0.097121,54.292117,3.645626,1.347127,0.756266,0.004881,0.307773,FAIL
S00097,L0004,T01,97,NEGATIVE,EXPOSED,50.0,78.78367,101.004705,0.038554,126.006639,103.832101,102.948584,52.792278,2.391484,-0.957092,0.479058,50.405183,3.014992,1.441803,0.069477,0.030872,0.040991,PASS
S00109,L0005,T01,109,NEGATIVE,EXPOSED,50.0,77.403817,99.235663,,122.558121,97.580319,102.63626,52.98871,2.375472,0.572566,0.360091,49.462082,3.166329,1.4627,0.12512,0.065856,0.059014,PASS
S00258,L0012,T01,258,POSITIVE,UNEXPOSED,50.0,104.397343,104.397343,0.123351,122.186394,97.108766,108.594279,55.28802,2.287709,0.65622,0.754088,47.826864,4.798504,1.791422,0.060991,0.104865,0.217031,FAIL
S00259,L0012,T03,259,POSITIVE,UNEXPOSED,50.0,99.897353,99.897353,0.122101,121.894159,100.055496,110.299501,51.218623,2.382055,0.733303,0.610655,52.055971,4.798014,0.888819,0.147641,0.049585,0.157695,FAIL
S00277,L0013,T03,277,POSITIVE,UNEXPOSED,50.0,102.602267,102.602267,0.095593,130.378406,95.816228,109.993538,49.842146,2.391986,0.172088,-0.917346,51.236668,3.797713,1.13169,0.18925,0.055319,0.094378,FAIL
S00148,L0007,T01,148,NEGATIVE,EXPOSED,50.0,76.343082,97.875746,0.030344,107.06302,98.811614,108.084771,48.030515,2.387566,-0.647773,0.083231,49.665626,2.266198,2.038666,0.038018,0.001969,0.026056,PASS
S00024,L0001,T01,24,NEGATIVE,EXPOSED,50.0,79.99192,102.553744,0.00158,104.301032,102.461811,105.343332,53.946758,2.286685,-0.531239,0.755621,51.63084,2.240584,1.073235,0.032192,0.046264,0.016636,PASS
S00394,L0019,T02,394,POSITIVE,UNEXPOSED,50.0,103.281411,103.281411,0.046305,109.53401,96.754854,108.895825,43.282533,2.360905,0.501854,0.035463,50.555008,2.35541,1.195504,0.202809,0.01649,0.028993,PASS
S00287,L0014,T03,287,NEGATIVE,EXPOSED,50.0,80.450576,103.141764,-0.039559,115.325408,93.524104,103.693181,63.000567,2.458787,0.380727,-0.836775,52.586329,2.843316,1.147833,0.045557,0.076019,0.031853,PASS
S00055,L0002,T01,55,NEGATIVE,EXPOSED,50.0,75.460254,96.743916,0.058442,119.159208,100.666045,105.093194,60.276978,2.395273,0.49038,-0.334784,48.847908,3.282318,1.32453,0.136873,0.089321,0.065682,FAIL
S00701,L0035,T01,701,POSITIVE,UNEXPOSED,50.0,97.146432,97.146432,-0.030747,101.821008,94.416968,112.843855,51.850142,2.374521,0.970972,-0.714146,51.236336,3.201082,1.726031,0.131356,0.020398,0.063508,FAIL
S00149,L0007,T01,149,,UNEXPOSED,50.0,92.910046,92.910046,0.108773,122.095424,94.769368,115.165453,49.167825,2.356583,-0.025399,,56.503444,3.724105,2.445629,0.552605,0.040826,0.349769,FAIL
S00047,L0002,T01,47,POSITIVE,UNEXPOSED,50.0,97.463095,97.463095,-0.055603,142.353051,98.829822,109.374058,48.58593,2.351357,-0.804173,0.441603,52.30143,3.727173,1.167497,0.515293,0.071253,0.206062,FAIL
S00529,L0026,T01,529,NEGATIVE,EXPOSED,50.0,85.630547,109.782753,-0.022426,113.409278,98.280834,102.609472,60.412507,2.363891,0.244286,0.515908,51.040899,2.171838,1.92834,0.023551,0.058849,0.02508,PASS
S00718,L0035,T01,718,NEGATIVE,EXPOSED,50.0,82.100654,105.257249,0.091561,107.111478,93.315082,103.224072,58.304256,2.459134,-0.773976,0.97604,52.756136,3.828963,1.688015,0.0,0.040047,0.076079,FAIL
S00120,L0006,T01,120,POSITIVE,UNEXPOSED,50.0,,109.463878,0.027108,96.088263,95.730048,111.176443,51.275515,2.347565,0.665598,-0.804808,48.507077,2.813021,1.648532,0.028856,0.022264,0.034034,PASS
S00470,L0023,T01,470,NEGATIVE,EXPOSED,50.0,83.794264,,-0.031013,100.052973,101.486058,103.460667,56.003475,2.410206,-0.045075,-0.813966,53.330326,2.1905,1.573293,0.002382,0.051137,0.019488,FAIL
S00484,L0024,T01,484,POSITIVE,UNEXPOSED,50.0,102.555881,102.555881,0.130124,118.290514,99.093714,110.637757,,2.340447,-0.864512,0.790085,53.570516,4.650301,1.648895,0.148007,0.040715,0.197159,FAIL
S00507,L0025,T03,507,NEGATIVE,EXPOSED,50.0,69.859304,89.56321,-0.027734,111.59636,100.179485,104.633125,55.842536,2.319334,-0.956128,-0.307936,49.502714,2.727723,1.9357,0.368934,0.024815,0.090978,FAIL
