sample_id,lot_id,tool_id,sequence,photo_cd_nm,overlay_nm,etch_bias_nm,etch_depth_nm,cmp_dishing_nm,film_thickness_nm,final_cd_nm,resistance_proxy,defect_risk,electrical_result,yield_proxy
S00011,L0000,T02,11,49.814054,4.747045,0.478155,1026.202762,31.770396,74.68279,50.576261,104.908698,0.63287,PASS,81.248332
S00365,L0018,T01,365,50.941863,4.487677,-2.73661,1040.896859,,57.954132,48.768655,103.264703,0.275751,PASS,92.363525
S00535,L0026,T02,535,50.746806,5.944226,-1.911547,994.128072,36.10186,74.926409,49.160958,102.666338,0.547177,FAIL,83.33362
S00106,L0005,T02,106,51.587945,5.213582,-0.938388,992.363284,41.676852,65.114344,51.950612,99.690786,0.916738,FAIL,68.21835
S00550,L0027,T01,550,48.859622,3.97696,-0.834954,950.067963,37.842537,62.634955,47.323589,108.653322,0.453163,PASS,87.371981
S00337,L0016,T03,337,52.528873,3.022665,-1.407615,970.575085,28.292507,64.672116,51.840311,100.893718,0.643029,FAIL,77.567928
S00041,L0002,T01,41,47.299578,4.180275,-2.476127,947.749208,33.615234,65.940314,45.265591,110.965576,0.788764,FAIL,74.114675
S00461,L0023,T01,461,50.204365,2.109537,0.154365,972.496498,35.862909,64.190179,50.160387,102.672916,0.320835,PASS,86.589879
S00739,L0036,T02,739,51.016319,10.241221,-1.941594,1011.856787,45.06655,68.918518,48.135058,106.963618,0.915225,FAIL,70.029818
S00037,L0001,T01,37,48.695002,3.424668,0.037642,920.070408,39.723967,71.23234,47.318149,107.205243,0.418581,PASS,85.435286
S00710,L0035,T01,710,51.904113,4.560471,-0.985322,1033.09036,34.483672,61.549334,50.968834,98.866956,0.715832,FAIL,74.659249
S00203,L0010,T04,203,48.764691,3.354794,-2.234013,1063.603655,36.536425,68.554248,47.624517,106.648135,0.314222,FAIL,87.492741
S00030,L0001,T03,30,43.114277,5.029674,-0.218449,1048.001802,51.697017,72.233118,42.018225,117.79708,0.994994,FAIL,65.132557
S00139,L0006,T01,139,48.990788,3.998246,-3.655432,1004.992026,44.9819,71.756137,45.430212,111.281196,0.84929,PASS,70.198572
S00181,L0009,T03,181,50.266248,4.881772,-2.198663,1016.924706,13.993376,63.276241,48.572172,102.694701,0.121764,PASS,94.555056
S00606,L0030,T05,606,56.638599,6.993494,-2.199748,989.136518,34.562164,64.886035,53.14039,94.565804,0.977253,PASS,67.635637
S00505,L0025,T01,505,51.197109,6.873444,0.21236,1016.087646,34.420845,60.607203,50.663063,99.111416,0.847696,PASS,74.037468
S00239,L0011,T05,239,47.446564,4.762436,-0.585147,958.416716,50.089263,68.567767,47.015192,107.320939,0.7476,FAIL,73.999703
S00545,L0027,T01,545,53.051485,5.382113,0.753804,971.927714,11.499552,70.293296,55.358043,87.168361,0.971828,FAIL,67.611794
S00404,L0020,T03,404,48.483551,2.929875,-1.709645,983.199105,26.4425,74.542669,47.370754,103.568297,0.210183,PASS,92.844376
S00128,L0006,T03,128,50.84402,4.762808,-0.091233,977.458628,78.202534,73.448,50.60389,100.204567,0.958014,FAIL,70.567042
S00312,L0015,T01,312,55.831281,2.20398,0.512894,924.845549,40.926611,63.729906,57.539873,86.455258,0.995826,FAIL,64.954953
S00074,L0003,T01,74,48.967966,3.938144,-0.981689,997.186097,59.02575,67.894919,48.152556,106.87612,0.573595,FAIL,80.768306
S00374,L0018,T01,374,51.050474,4.461152,-3.406399,921.751398,29.580145,,48.149794,104.140595,0.252484,PASS,86.768636
S00040,L0002,T04,40,49.787043,3.933489,,931.971938,29.437209,65.201712,48.240839,106.938986,0.197253,PASS,91.943277
S00157,L0007,T02,157,51.794954,6.335207,-2.934141,917.497155,28.669652,67.504829,47.477784,105.750559,0.561055,FAIL,81.526673
S00635,L0031,T01,635,53.748054,1.561071,-1.236231,981.10579,43.827398,65.202928,52.959992,99.137015,0.843035,FAIL,70.129339
S00016,L0000,T02,16,49.335293,4.260916,-1.178642,1002.005945,20.677828,67.791371,48.166588,105.631363,0.157284,PASS,94.387114
S00630,L0031,T04,630,46.972848,4.378411,-0.57132,963.924591,43.396282,59.858626,46.291059,113.851521,0.754773,FAIL,74.687891
S00491,L0024,T02,491,50.974948,4.339632,-1.197862,986.944446,40.818618,68.724065,50.132888,102.468183,0.623438,FAIL,78.830873
S00259,L0012,T01,259,53.291958,4.564314,-1.638746,1004.004969,65.178822,68.337155,51.839943,97.293729,0.964795,FAIL,68.234828
S00746,L0037,T01,746,45.460493,3.600752,-0.336948,992.387633,39.430444,73.272946,45.582387,110.633639,0.754564,FAIL,76.617253
S00082,L0004,T04,82,49.578415,2.187992,-0.669181,970.153012,43.932317,66.337985,48.221701,104.517194,0.201574,PASS,92.269595
S00369,L0018,T02,369,50.450779,1.570895,0.436584,982.564417,47.397281,70.073454,50.18224,100.580082,0.415699,FAIL,129.372621
S00636,L0031,T01,636,48.634289,6.229819,-1.85887,955.960144,22.562398,68.402626,45.354463,111.4922,0.826465,FAIL,72.76021
S00620,L0031,T03,620,45.351798,5.921265,0.703981,911.124688,33.54814,71.465313,44.824674,109.180084,0.92056,FAIL,68.339255
S00572,L0028,T01,572,51.455921,2.901768,-2.908974,940.344369,34.767667,69.453764,47.937601,103.881111,0.208818,PASS,92.695955
S00683,L0034,T01,683,52.472638,3.418001,-1.312524,974.524872,39.337273,73.349495,50.616037,96.98748,0.597361,FAIL,80.294408
S00049,L0002,T02,49,50.767556,4.538227,1.715294,1086.426057,44.380518,70.73733,52.220626,96.791408,0.921263,FAIL,69.379893
S00403,L0020,T04,403,53.383385,2.72358,-1.907645,1028.615648,59.959446,70.484929,51.214241,98.92886,0.844851,FAIL,71.857883
S00576,L0028,T01,576,48.066351,2.678865,-2.938468,1013.217225,38.335649,69.616964,45.725444,112.350614,0.630321,PASS,76.994859
S00129,L0006,T01,129,49.5619,4.209312,-1.210019,993.856625,51.855056,71.45093,48.198875,103.924164,0.49678,FAIL,82.982077
S00655,L0032,T01,655,51.325789,7.40793,-1.240604,1007.021501,53.13554,64.735334,49.126834,105.39699,0.852895,FAIL,69.951577
S00091,L0004,T01,91,49.391919,3.715508,0.86891,1019.634516,61.054651,62.206879,50.906994,102.985135,0.876054,FAIL,71.232453
S00316,L0015,T01,316,51.449802,0.544272,-2.910394,1017.209615,34.77947,64.97765,48.082884,104.813411,0.075263,PASS,95.985709
S00471,L0023,T04,471,49.714718,2.726535,-1.991658,1062.635507,32.062144,69.069121,48.590631,103.629189,0.125963,PASS,96.447219
S00017,L0000,T01,17,49.651857,9.360813,-1.960379,933.346171,46.155195,70.732557,48.442447,100.674175,0.857776,FAIL,73.092763
S00229,L0011,T04,229,50.754633,1.215876,-2.321686,959.939696,36.631129,71.168474,48.200704,106.850352,0.099867,PASS,95.8678
S00268,L0013,T03,268,50.211515,2.80149,-1.677828,917.811804,46.421896,65.210481,49.290441,102.351866,0.36499,PASS,87.378311
S00423,L0021,T01,423,50.924765,6.398553,-1.655769,814.39093,43.727584,68.812983,49.467944,101.268952,0.742446,FAIL,73.412559
S00654,L0032,T01,654,53.583236,4.909593,-0.826249,869.587412,50.742493,58.348108,51.966148,97.335576,0.941203,FAIL,70.263874
S00707,L0035,T02,707,51.033059,5.767422,-3.879418,968.637534,44.648478,62.989952,47.777754,111.663138,0.652218,FAIL,77.398986
S00169,L0008,T01,169,47.007693,3.042698,-3.185854,1004.128283,50.618181,71.216816,43.863013,116.352717,0.945977,PASS,66.125063
S00065,L0003,T01,65,51.230347,2.650459,1.196495,992.462617,24.390197,61.537759,51.997632,99.446598,0.582312,FAIL,81.65853
S00500,L0025,T01,500,51.081035,3.584672,-1.699328,925.786944,28.54964,68.129094,49.275931,102.007136,0.232201,PASS,106.994998
S00486,L0024,T03,486,48.397926,5.824915,-1.527329,1037.669145,25.091259,70.542753,46.383418,108.677371,0.666966,FAIL,77.798791
S00303,L0015,T02,303,49.481631,4.02736,-1.583358,1016.365273,24.605562,70.038418,47.39023,105.742743,0.279576,PASS,91.992486
S00469,L0023,T01,469,50.735521,3.366993,1.469183,1027.135793,48.885021,66.681632,53.022102,92.349679,0.943827,FAIL,67.672306
S00622,L0031,T04,622,48.70613,5.431593,-1.694853,918.797586,31.344645,68.268473,46.967528,108.5892,0.597281,FAIL,82.104129
S00616,L0030,T01,616,56.743355,1.888011,-0.493898,957.479311,44.101696,66.853213,57.007337,88.771907,0.993825,FAIL,67.337188
S00740,L0037,T01,740,50.512866,16.97269,-1.385134,985.791988,41.981609,58.593483,50.042314,102.363203,0.517588,FAIL,80.775189
S00174,L0008,T01,174,51.095579,4.948607,-2.166795,901.963259,33.949471,67.641883,49.112348,99.004286,0.397468,FAIL,84.716436
S00059,L0002,T02,59,47.355176,3.52968,-0.974668,962.302756,26.607617,63.226995,46.129699,108.326972,0.487007,PASS,82.67115
S00472,L0023,T01,472,50.054341,6.829297,-1.331424,1040.687854,30.268394,66.521399,50.484707,99.318122,0.79013,FAIL,75.37618
S00777,L0038,T02,777,50.917212,5.798224,-2.267769,907.741708,39.152069,67.463427,48.071769,112.950328,0.526263,PASS,83.572292
S00071,L0003,T05,71,51.034409,7.675376,-1.530894,1038.644358,40.50487,67.063099,48.651653,106.512244,0.690618,PASS,79.031674
S00023,L0001,T01,23,50.159948,1.164199,-1.796653,948.838966,51.05723,74.292133,48.427291,105.206053,0.166617,PASS,92.334952
S00482,L0024,T03,482,48.001772,7.400258,-0.165172,913.085232,49.105566,68.472135,45.691186,109.780568,0.963665,FAIL,68.242664
S00292,L0014,T01,292,46.678403,6.097248,-2.141715,923.855119,29.989469,68.544532,43.786361,111.056807,0.95946,FAIL,68.630251
S00002,L0000,T02,2,52.339214,4.66021,-2.555692,972.2844,45.962948,65.568696,49.027814,99.900585,0.511825,PASS,83.469713
S00756,L0037,T01,756,48.83597,7.328599,-2.187433,990.302502,56.319436,72.061336,46.954482,105.55122,0.932884,FAIL,67.102065
S00589,L0029,T05,589,46.809938,6.271536,-0.873587,965.529031,52.192011,62.614878,45.660426,114.394705,0.95094,FAIL,66.839507
S00515,L0025,T02,515,49.833366,5.692199,-1.2283,974.762433,65.649565,67.51138,49.461849,103.416178,0.874538,FAIL,69.695242
S00201,L0010,T01,201,51.535608,4.169992,-2.35292,956.665152,57.383232,65.081417,48.983212,106.551488,0.603278,FAIL,79.997769
S00042,L0002,T03,42,46.031639,0.986243,-2.922336,1063.280314,23.79269,70.238968,42.676318,115.101479,0.803979,PASS,72.418849
S00015,L0000,T01,15,53.480841,7.284608,-2.655966,1005.607278,38.86469,71.607425,50.813993,98.914558,0.906092,FAIL,67.966327
S00518,L0025,T01,518,48.498482,1.287713,-1.009852,998.107975,29.138857,71.469527,46.813276,108.279673,0.187169,PASS,90.748174
S00399,L0019,T02,399,48.154771,6.011382,-1.895391,1053.633568,43.176395,70.474228,45.631679,112.213479,0.91486,FAIL,68.198206
S00045,L0002,T03,45,50.816094,2.541097,-3.235922,1040.307779,33.892379,69.07584,46.341159,109.843713,0.434048,PASS,86.908326
S00079,L0003,T01,79,49.398313,5.692696,-1.126745,966.029484,40.779983,62.5145,49.284373,104.298858,0.606377,PASS,76.937991
S00560,L0028,T01,560,46.962807,7.051778,-1.608851,966.171533,36.379549,74.621972,44.537121,110.276908,0.965924,FAIL,69.787634
S00375,L0018,T01,375,48.857155,5.080224,-1.666396,,37.194478,62.758045,47.479285,104.198487,0.537024,FAIL,82.245033
S00663,L0033,T01,663,51.354381,7.068759,-1.660537,958.5774,46.318228,66.096707,50.784188,96.569532,0.927962,FAIL,69.007809
S00704,L0035,T01,704,47.994706,1.998726,-1.977465,884.269506,37.906012,71.305038,45.222062,108.059005,0.647167,FAIL,77.526457
S00135,L0006,T04,135,51.375761,5.756734,-0.699823,968.792448,24.625683,,50.486977,101.028239,0.630538,PASS,79.967098
S00494,L0024,T03,494,50.201463,2.166993,-0.0659,897.974408,48.192941,64.069821,50.383483,102.783597,0.533088,FAIL,82.6342
S00401,L0020,T02,401,48.726129,7.194254,-0.609589,932.579242,17.702094,75.324219,47.2964,105.262753,0.543368,FAIL,82.910636
S00053,L0002,T02,53,49.887285,4.392602,-1.386721,916.967085,49.532496,69.7938,49.011679,103.656885,0.527547,FAIL,81.571761
S00076,L0003,T01,76,53.215267,2.863576,-2.248233,1005.641564,32.276951,68.983111,50.704308,98.940806,0.456929,FAIL,83.557973
S00167,L0008,T02,167,53.274361,5.467702,-0.911928,909.748595,44.51354,66.428807,52.4929,97.089923,0.957018,FAIL,69.170564
S00232,L0011,T01,232,49.550628,6.113083,-0.804732,942.081259,45.645005,76.571905,49.992977,100.024029,0.810881,PASS,72.558365
S00236,L0011,T01,236,51.848262,4.788182,0.888211,1012.975376,47.56161,68.068044,53.053188,94.288252,0.968112,FAIL,68.932767
S00558,L0027,T01,558,48.756466,3.489073,-3.048717,960.90458,38.1412,69.180326,47.218978,106.158505,0.423766,PASS,85.506504
S00066,L0003,T01,66,49.731537,3.3346,-3.259881,1008.044672,42.479148,65.6355,46.145244,110.21936,0.672767,FAIL,76.728998
S00449,L0022,T03,449,47.604327,2.789624,-2.269171,946.383323,23.065318,64.704162,46.344695,111.453502,0.320422,FAIL,89.555124
S00556,L0027,T01,556,47.966815,3.461647,-1.338217,1026.013319,37.799033,63.369076,46.490104,111.291628,0.560848,PASS,79.90298
S00706,L0035,T03,706,50.188418,1.604068,-1.328978,1014.040025,31.770913,66.82454,49.389247,105.558079,0.139509,PASS,97.31181
S00442,L0022,T01,442,49.932688,5.991187,-1.548711,947.375679,37.911989,55.587806,48.012045,108.585474,0.542784,PASS,81.5764
S00722,L0036,T01,722,51.500236,2.294889,-1.504893,1041.965397,42.573811,66.341105,49.68933,103.241534,0.33754,FAIL,88.755311
S00670,L0033,T01,670,52.683464,4.255619,0.060541,1005.378238,35.846839,75.13876,53.376949,90.76519,0.942033,FAIL,68.974038
S00020,L0001,T01,20,49.197241,0.881981,-1.742847,902.883638,21.967366,78.182912,48.465979,99.100033,0.033321,PASS,96.51723
S00430,L0021,T01,430,54.628247,1.735626,-0.396384,961.097432,39.142272,65.166736,54.409665,91.431206,0.934722,FAIL,67.225034
S00195,L0009,T02,195,51.633941,1.241076,-1.404908,,34.930738,66.221249,50.700859,98.389032,0.318725,PASS,89.49174
S00618,L0030,T01,618,50.188408,7.916484,-1.905044,957.375269,50.88611,66.061071,49.147972,107.419745,0.867557,FAIL,69.527085
S00513,L0025,T01,513,48.181617,6.456348,-1.312073,1010.388941,66.422793,72.226172,46.964853,108.404221,0.941954,FAIL,70.978443
S00085,L0004,T01,85,44.931549,0.381223,-0.956244,984.892934,28.859886,67.202139,43.722678,114.436791,0.641229,PASS,78.826974
S00600,L0030,T01,600,48.512081,2.735905,-0.46547,958.713848,47.656225,67.480932,47.820493,108.561581,0.353396,FAIL,86.809072
S00689,L0034,T03,689,46.746032,4.824303,1.043924,990.842797,16.275593,64.240719,46.735205,107.225813,0.372368,PASS,86.838428
S00701,L0035,T04,701,53.832489,3.488444,-3.025531,932.226048,56.774991,69.144466,50.096377,99.494093,0.725025,FAIL,75.038648
S00415,L0020,T03,415,49.946919,3.579116,-0.760802,910.394319,48.512837,67.163368,49.637257,101.993908,0.547014,PASS,81.408822
S00346,L0017,T01,346,50.872878,0.521051,-0.755456,975.897383,60.023164,65.601236,50.023244,102.575292,0.438892,PASS,83.579673
S00361,L0018,T01,361,52.458954,3.227134,-1.37708,955.551607,24.262268,71.691987,51.085474,97.499208,0.463817,FAIL,84.5012
S00177,L0008,T01,177,50.581635,0.93398,-1.158366,1042.604954,35.651423,78.460587,50.734745,98.976965,0.303416,PASS,91.209801
S00146,L0007,T03,146,53.053159,4.079992,-0.435353,995.095327,43.432196,65.164158,52.046134,98.6295,0.887122,FAIL,70.544641
S00697,L0034,T03,697,53.272638,3.834042,-2.069554,1049.321453,54.967377,60.909242,50.975266,101.785093,0.849251,FAIL,73.865948
S00003,L0000,T05,3,50.631375,7.365096,,945.37061,57.464511,68.082343,48.259735,107.483394,0.841183,FAIL,68.98891
S00192,L0009,T01,192,50.469082,4.368316,-1.238147,872.432525,46.200875,59.264352,48.317899,108.397997,0.413982,PASS,84.423243
S00315,L0015,T01,315,49.968606,4.59043,0.03276,915.860446,33.368,73.365398,50.467331,98.083243,0.616519,FAIL,78.953898
S00052,L0002,T01,52,,5.410401,-1.464597,979.957768,66.686737,67.165703,47.740752,107.375884,0.846817,FAIL,72.547853
S00347,L0017,T01,347,49.309867,3.405943,-1.280477,1000.200024,36.258149,69.15408,47.562774,106.707978,0.326656,PASS,88.665874
S00639,L0031,T02,639,52.127893,6.74813,0.897103,982.409249,38.838255,70.913551,53.129542,95.16994,0.979695,FAIL,64.945858
S00675,L0033,T02,675,47.26133,5.740413,-0.353001,931.373896,28.563237,63.950812,45.839917,111.706278,0.782829,FAIL,71.751496
S00308,L0015,T01,308,53.893299,2.950046,-1.987019,942.832846,13.962434,65.089823,51.303816,97.565095,0.340404,PASS,87.934165
S00650,L0032,T02,650,51.140961,4.335233,-1.84533,922.231991,44.301394,68.690811,48.179041,104.348899,0.411976,PASS,85.577389
S00546,L0027,T01,546,49.801085,3.574093,-2.530507,947.526515,43.322686,67.633905,47.830936,107.607027,0.383751,PASS,86.172443
S00520,L0026,T01,520,47.281268,3.55823,-2.722773,902.947874,65.458317,69.723129,44.328801,114.431312,0.97176,FAIL,68.967276
S00313,L0015,T03,313,49.831226,0.94286,-3.025965,946.275038,28.882414,62.239151,46.075597,109.351398,0.259675,PASS,87.700303
S00582,L0029,T04,582,52.853896,2.516627,-3.932214,975.152212,26.720832,68.346912,48.757774,100.660348,0.100503,PASS,95.913925
S00711,L0035,T02,711,44.783637,5.1121,-0.721704,970.963499,28.624652,65.808923,42.823189,118.599981,0.968209,FAIL,64.654431
S00064,L0003,T01,64,48.380633,1.822847,-1.542294,940.539327,43.400055,66.279518,48.033917,107.621421,0.194685,PASS,91.395076
S00789,L0039,T01,789,53.463819,3.222201,-1.983405,995.103319,41.528189,,50.924725,98.117202,0.662358,FAIL,78.164587
S00307,L0015,T02,307,51.97679,3.552793,-1.104441,923.019792,40.043143,66.891854,51.318236,97.771568,0.741871,PASS,75.865156
S00107,L0005,T02,107,49.728912,4.998183,-1.909131,1013.70826,28.352014,73.201314,47.698911,105.793957,0.365729,PASS,85.383779
S00410,L0020,T02,410,49.836399,6.308574,-2.26493,914.032608,26.205258,69.47507,48.571794,105.605087,0.340197,PASS,91.369413
S00238,L0011,T04,238,49.527412,2.249019,-1.173031,969.075016,47.707866,68.507047,48.815656,106.657985,0.247594,PASS,91.648653
S00126,L0006,T01,126,49.578356,5.748327,-0.234618,1035.668741,39.882893,71.262734,49.1062,104.618832,0.56593,PASS,79.722453
S00275,L0013,T02,275,49.77396,4.093268,-1.08569,895.932257,38.489896,67.557151,47.807257,107.562949,0.380626,PASS,84.196145
S00360,L0018,T01,360,49.562111,3.893928,1.005189,958.343114,49.033148,70.989514,49.756772,100.314651,0.611711,FAIL,81.076001
S00702,L0035,T03,702,53.292657,3.426251,-2.692846,1018.902873,32.117973,69.086892,49.997008,103.086452,0.37893,PASS,88.897698
S00122,L0006,T04,122,46.818601,3.149629,-2.795933,977.615734,45.852277,67.255469,44.546358,112.721321,0.891109,FAIL,72.01729
S00759,L0037,T01,759,51.78472,6.316215,-0.834816,953.643572,23.454602,70.267032,51.515154,97.344115,0.824107,FAIL,72.59899
S00698,L0034,T01,698,48.981495,6.49141,-1.929692,931.441615,39.494382,74.662273,47.274977,106.760246,0.745232,FAIL,75.901161
S00754,L0037,T01,754,52.710411,2.327624,-1.859299,962.916397,27.217247,69.58782,49.350772,101.291135,0.144921,FAIL,96.459621
S00476,L0023,T02,476,49.952169,5.065372,0.096817,1011.549952,48.343942,59.995093,50.892141,99.703319,0.864367,FAIL,74.78429
S00596,L0029,T01,596,49.966653,4.355457,0.302468,946.956053,30.367808,6.3139,48.954671,104.089823,0.267748,PASS,91.571527
S00376,L0018,T03,376,,1.656571,-1.087685,997.429059,40.283246,73.055355,48.947946,102.035251,0.157015,PASS,94.556576
S00775,L0038,T01,775,49.200424,,-0.062183,954.710346,28.682505,66.637488,49.915576,100.540539,0.104985,PASS,97.228729
S00666,L0033,T03,666,52.761856,0.128946,-0.316538,967.678735,40.665931,69.165255,52.02053,96.205253,0.527741,PASS,83.472221
S00795,L0039,T01,795,45.41176,5.820135,-2.733121,991.349841,36.850303,68.857665,43.395192,111.958749,0.976562,FAIL,66.757322
S00358,L0017,T01,358,48.10183,5.742948,-2.046328,950.591757,40.424115,67.704863,46.554965,106.523311,0.796357,FAIL,72.641854
S00637,L0031,T01,637,51.146647,4.28938,-1.121126,1001.033314,48.433949,67.124134,50.815588,99.492267,0.809468,FAIL,73.26943
S00336,L0016,T02,336,49.897563,3.799388,-0.378285,1016.700924,7.512367,64.423997,50.033075,101.187488,0.161023,PASS,95.337114
S00168,L0008,T05,168,48.202126,6.464959,-2.838219,977.801581,32.125136,73.58458,45.705846,110.399758,0.871181,FAIL,74.770631
S00380,L0019,T01,380,49.431596,7.228016,-1.993249,889.190954,42.282351,69.393316,46.766031,109.010964,0.877107,FAIL,70.885342
S00252,L0012,T01,252,49.609632,4.473758,-2.941069,907.917805,38.902184,70.228365,45.391877,112.153391,0.837441,PASS,70.614327
S00641,L0032,T04,641,50.968817,6.663373,-2.829899,916.214071,38.35078,67.820347,48.350932,106.16612,0.556524,FAIL,81.696775
S00605,L0030,T02,605,47.916769,4.717842,-1.287912,1039.932945,45.464712,65.332228,46.681529,110.312385,0.746184,FAIL,76.523495
S00202,L0010,T03,202,47.861188,6.712284,-2.025887,960.863661,41.890489,65.222609,46.761152,109.199996,0.847559,FAIL,74.232474
S00100,L0005,T03,100,49.222639,5.340768,,1033.007875,40.21809,63.117023,47.952851,106.888841,0.513262,PASS,82.201382
S00105,L0005,T03,105,51.303194,4.876805,-1.971601,917.64168,52.407156,65.024598,50.38977,101.335953,0.830443,FAIL,68.837552
S00453,L0022,T01,453,50.035013,9.302118,-1.87926,960.606645,62.617138,70.3828,46.601383,107.547615,0.984462,FAIL,72.096029
S00166,L0008,T02,166,51.327738,8.015029,-0.699907,1012.667598,24.72525,67.398481,50.608458,102.281553,0.839353,FAIL,74.19126
S00054,L0002,T02,54,45.567997,1.887958,-1.444851,965.927763,35.147979,61.456571,44.468642,113.159954,0.732591,FAIL,72.882545
S00253,L0012,T02,253,50.266789,6.200953,-2.383853,1039.811129,40.118144,65.431101,48.375437,108.373556,0.524125,PASS,81.013119
S00090,L0004,T02,90,46.7961,4.523277,-2.474745,983.758109,49.091944,64.205642,43.972309,117.847591,0.966356,FAIL,68.564942
S00774,L0038,T01,774,48.344234,6.975462,-3.517807,893.045327,30.18257,65.310626,46.109436,110.201986,0.847024,FAIL,71.634814
S00779,L0038,T02,779,50.331461,3.931211,-1.120472,900.418585,59.154724,70.018653,49.186302,105.46166,0.639131,PASS,79.848559
S00745,L0037,T02,745,48.638057,1.864216,-0.398239,1057.715983,44.663009,66.247283,49.772938,102.545793,0.33486,PASS,88.823708
S00426,L0021,T01,426,54.297905,2.353728,-2.510608,952.544602,39.330391,66.436192,50.482637,102.309837,0.452261,PASS,83.917588
S00667,L0033,T01,667,45.039316,4.065921,-2.753249,940.451832,34.433057,66.985877,42.484066,115.057277,0.971701,FAIL,69.843742
S00565,L0028,T01,565,49.594432,5.727016,-1.410399,995.445598,62.911374,68.035081,48.223623,109.000055,0.778748,FAIL,69.973147
S00272,L0013,T02,272,48.347741,6.853027,-0.387943,1052.50157,25.970492,65.720319,47.045731,107.423052,0.662768,FAIL,77.130068
S00048,L0002,T01,48,47.187406,5.038755,-1.760551,1016.058164,16.786371,68.052746,45.475337,107.50584,0.648037,FAIL,78.313918
S00089,L0004,T01,89,52.242418,4.485155,-1.955638,961.082526,56.533047,71.185533,50.633462,100.709928,0.862286,FAIL,74.711935
S00634,L0031,T03,634,50.889978,5.613535,-2.308151,927.385216,43.716651,73.574789,48.253195,104.49623,0.531944,FAIL,82.525624
S00306,L0015,T01,306,52.781526,5.623865,-2.052638,925.126648,40.836645,67.959645,50.570297,100.079576,0.807367,PASS,73.696646
S00425,L0021,T02,425,50.335731,8.075274,-1.180507,913.724969,38.941577,65.237725,48.382116,104.464622,0.704739,FAIL,76.78299
S00780,L0039,T05,780,52.833997,3.48008,-3.662944,994.754367,40.016891,72.764759,46.932896,107.831701,0.505162,PASS,83.30038
S00440,L0022,T02,440,,3.428293,-1.474565,1021.920855,50.137193,67.906748,49.530615,101.138036,0.531152,PASS,81.016799
S00055,L0002,T01,55,48.045016,4.104209,-0.304194,1001.431339,63.154908,72.579022,48.59882,104.572689,0.59856,FAIL,79.603606
S00712,L0035,T04,712,47.387961,4.089002,-2.752189,1006.059735,45.038351,63.693835,44.497499,113.897251,0.925474,PASS,70.292404
S00159,L0007,T01,159,51.627832,3.135023,-3.486183,1015.938222,44.103395,64.761796,48.307995,106.633752,0.26699,FAIL,91.855788
S00222,L0011,T02,222,54.783648,4.236493,-2.109888,1055.607965,48.761451,73.51526,53.024751,92.846309,0.961138,FAIL,69.079792
S00165,L0008,T01,165,51.070568,4.682007,-1.284329,987.390622,42.733947,66.050085,51.295091,99.397981,0.844663,FAIL,71.0482
S00385,L0019,T04,385,50.927925,4.670007,-0.459125,1016.562134,30.740777,72.02885,50.934211,97.378758,0.676912,PASS,77.89393
S00120,L0006,T02,120,51.330707,3.354916,-2.229392,1070.862307,41.076737,68.654324,48.686205,102.308721,0.253108,PASS,90.824008
S00551,L0027,T01,551,51.289758,3.764572,0.097807,,53.686373,67.013298,51.893406,98.212868,0.913847,FAIL,72.217205
S00798,L0039,T01,798,49.455435,3.39981,-1.088592,910.787725,62.292732,72.758478,47.926452,104.514768,0.602251,PASS,77.225825
S00434,L0021,T04,434,49.219323,4.732313,-0.78452,981.023041,33.520839,69.891465,48.332255,103.742666,0.29057,PASS,91.602163
S00387,L0019,T02,387,46.708602,4.792146,-0.842607,984.974345,13.13041,69.386268,45.534641,108.79762,0.562404,FAIL,81.560874
S00681,L0034,T02,681,52.690127,4.376034,-2.86956,911.203445,47.362028,61.074234,48.670351,107.316747,0.428104,PASS,85.671685
S00219,L0010,T01,219,51.538246,3.440075,-0.454082,1003.444867,30.287323,66.283495,50.288325,101.410272,0.412049,FAIL,87.156101
S00687,L0034,T01,687,50.205494,3.651722,1.341826,1043.56027,49.904136,64.434103,50.721633,100.864433,0.762296,FAIL,72.469144
S00466,L0023,T01,466,49.206401,5.88928,-2.735765,956.130151,21.820759,68.11556,46.604636,108.749714,0.590639,FAIL,80.236015
S00371,L0018,T02,371,49.62827,5.262774,-0.388433,1076.872233,18.021922,75.880442,49.337293,98.057585,0.274739,PASS,89.186681
S00450,L0022,T01,450,47.996883,3.245705,-1.483873,996.126256,55.379105,70.50697,47.506617,105.056774,0.574717,FAIL,81.623811
S00607,L0030,T01,607,47.931306,4.405821,-0.435535,1015.565649,37.075771,65.295045,47.220346,109.164509,0.511376,FAIL,82.493476
S00737,L0036,T01,737,51.007198,4.225137,-1.079828,959.650483,32.275175,71.154043,50.138388,98.251934,0.496789,FAIL,85.420552
S00245,L0012,T05,245,49.192245,6.543513,-1.57934,929.214925,36.985551,65.625762,46.740989,106.964894,0.799952,FAIL,74.221028
S00246,L0012,T04,246,46.349384,3.467574,-0.87884,964.729468,58.649833,71.558995,42.46787,110.597117,0.918005,FAIL,69.956858
S00400,L0020,T04,400,49.457991,8.326829,1.016337,936.717621,32.024907,66.622305,49.71638,103.038234,0.814806,FAIL,73.16849
S00148,L0007,T01,148,45.893776,4.386351,-2.342119,931.496443,41.767857,67.16267,44.981332,113.162867,0.889537,FAIL,70.55684
S00010,L0000,T01,10,50.929972,3.107204,-1.021111,1015.120689,15.115412,,50.66721,101.829769,0.261798,PASS,90.976921
S00088,L0004,T02,88,47.553499,3.035949,-0.776806,1056.148405,40.398882,61.196721,47.42364,107.737142,0.36568,PASS,84.775802
S00519,L0025,T01,519,49.854543,3.383296,-0.818899,971.634516,3.635163,66.375415,50.383588,99.568165,0.145454,FAIL,90.409995
S00610,L0030,T02,610,45.747438,5.591665,-2.682645,1042.379774,22.089121,74.714967,42.806487,114.068116,0.963944,FAIL,69.662275
S00715,L0035,T01,715,51.301416,6.769444,-2.246714,989.238753,48.292944,73.419469,49.55561,103.139856,0.824458,FAIL,72.538345
S00006,L0000,T03,6,48.317014,4.303347,-2.122143,1010.58662,15.472271,67.967275,45.93916,109.950874,0.45913,PASS,84.099803
S00436,L0021,T01,436,49.930312,3.757848,-0.261455,991.334587,57.589225,64.143963,49.492579,106.220364,0.657574,FAIL,76.553332
S00764,L0038,T01,764,48.113394,2.233124,-0.798878,1013.975659,36.062563,66.586378,45.464799,110.376943,0.602647,PASS,78.520196
S00213,L0010,T02,213,47.488231,1.817408,-1.234182,1009.412223,34.513496,68.268975,45.558469,113.055252,0.517318,FAIL,83.064047
S00397,L0019,T04,397,53.652766,1.614059,-1.702213,1017.359852,34.950654,654.2448,51.81987,98.946792,0.575544,FAIL,81.315237
S00208,L0010,T02,208,52.36688,8.371958,-1.985998,945.630273,38.135589,73.676446,50.18536,103.374444,0.901422,PASS,68.150268
S00732,L0036,T05,732,46.995049,5.812432,-0.475686,911.598903,40.421236,65.178362,46.632475,109.554053,0.7913,FAIL,74.3631
S00524,L0026,T01,524,46.051799,5.2486,-0.800231,1001.770804,56.669132,70.345274,44.712563,112.627955,0.970932,FAIL,69.222715
S00117,L0005,T02,117,51.718441,4.514282,-2.162669,1010.976179,40.879599,66.719032,49.620758,103.26865,0.543989,FAIL,84.254295
S00503,L0025,T01,503,49.777911,4.730667,-0.291557,984.41904,34.378729,70.914815,50.052155,100.625058,0.564969,FAIL,79.136232
S00341,L0017,T05,341,51.409869,2.787312,-0.733966,986.468599,49.75887,73.995363,50.567296,98.690511,0.655852,FAIL,77.824019
S00624,L0031,T01,624,45.530326,3.213058,-0.490068,1055.906475,43.974511,67.948055,45.312312,113.931773,0.804494,FAIL,74.159482
S00614,L0030,T01,614,48.511262,3.268031,-0.742302,923.447699,36.208743,67.373903,47.613043,104.260703,0.303996,FAIL,89.252713
S00585,L0029,T02,585,48.154912,3.674242,0.142906,996.399897,49.857958,68.409015,48.546786,104.929315,0.361935,FAIL,91.27203
S00627,L0031,T01,627,46.226749,4.090026,-1.107314,974.176916,46.237617,66.32964,43.846246,115.628209,0.957164,FAIL,68.871282
S00680,L0034,T01,680,51.640867,1.889698,-3.875322,974.538785,29.724338,64.7691,43.507822,105.863542,0.167678,PASS,92.520575
S00309,L0015,T01,309,46.663667,3.512134,-0.030032,947.110959,26.628171,69.364634,46.519271,109.354635,0.408443,FAIL,83.693126
S00179,L0008,T04,179,46.329028,5.742542,-2.59858,977.307358,42.805389,65.741923,44.250568,110.375829,0.965709,FAIL,66.757273
S00391,L0019,T02,391,52.335122,3.790285,-0.751239,972.936395,43.846458,65.131085,52.228936,99.64253,0.890936,FAIL,72.721129
S00394,L0019,T03,394,51.590552,3.468642,-0.891804,986.265382,47.13468,68.910804,50.690142,99.830415,0.71206,PASS,75.389844
S00244,L0012,T04,244,50.009758,6.232159,-2.661064,989.864844,31.734411,71.989917,47.168318,104.613489,0.649128,FAIL,79.71791
S00632,L0031,T02,632,51.009721,4.308314,-1.65249,973.627208,43.16001,66.007741,49.009963,105.003859,0.430579,PASS,86.211533
S00333,L0016,T01,333,48.352423,2.755817,-5.315581,1005.499798,45.811096,65.252294,44.695721,112.77858,0.858532,FAIL,74.069038
S00506,L0025,T04,506,46.238434,5.95292,-2.382447,931.520253,19.260931,63.952963,45.011035,109.50416,0.821909,FAIL,72.910625
S00186,L0009,T03,186,53.89067,4.371037,-1.655212,1006.651893,73.90951,66.368739,51.771618,98.023082,0.97465,PASS,66.010786
S00284,L0014,T03,284,47.763518,4.193757,,1017.771785,40.668014,66.781011,45.030523,111.090476,0.869836,FAIL,71.575341
S00366,L0018,T03,366,52.332677,3.983089,-3.998174,931.752298,24.879431,66.745888,47.338724,106.815742,0.286955,FAIL,90.641027
S00141,L0007,T01,141,52.056685,5.074508,-1.156628,945.815859,45.133245,69.903986,50.330478,101.602186,0.77386,FAIL,72.262808
S00527,L0026,T01,527,51.941764,2.583163,-1.619736,958.613454,34.172981,66.622416,50.981665,102.366894,0.506817,PASS,83.567013
S00439,L0021,T01,439,50.339888,3.775511,-3.234496,1047.942927,17.100104,70.384402,47.393525,104.993754,0.186133,PASS,92.558798
S00039,L0001,T03,39,47.32194,2.451469,-0.200039,980.503971,68.857779,66.272006,45.840663,111.858344,0.882654,PASS,72.833289
S00593,L0029,T02,593,49.300685,4.837572,-0.577416,969.586913,54.271731,67.996392,47.766323,112.029156,0.678916,FAIL,76.697862
S00155,L0007,T03,155,49.143553,4.498943,-3.751219,1025.225547,44.884806,62.376063,45.127489,110.877026,0.899456,FAIL,69.252089
S00640,L0032,T03,640,49.06455,3.660234,-1.665327,938.080124,19.814154,64.828606,48.603272,102.681345,0.101515,PASS,96.047511
S00098,L0004,T05,98,52.721387,4.181538,-3.451494,4752.298005,19.75344,63.969966,49.272349,100.892133,0.195606,PASS,94.987119
S00234,L0011,T01,234,49.729761,5.541518,-0.91815,986.06396,,69.278561,48.395411,102.471831,0.438156,FAIL,87.432466
S00113,L0005,T02,113,54.49635,4.169641,-1.958123,1016.140385,23.496114,69.359669,53.177875,91.98361,0.871123,FAIL,72.325227
S00615,L0030,T01,615,51.82516,4.524712,-1.679126,1013.095799,24.005645,67.550995,50.658157,99.603242,0.520727,PASS,81.093767
S00114,L0005,T01,114,50.614772,3.939305,-1.364268,4696.980725,56.725226,70.319705,49.279712,102.76349,0.626293,FAIL,77.202411
S00669,L0033,T02,669,49.615819,5.726053,-2.377673,1002.617673,29.23166,71.147717,46.951437,109.293707,0.604276,PASS,79.111674
S00311,L0015,T01,311,52.107556,4.273189,-1.370388,940.150385,67.504336,68.470096,50.876639,99.32584,0.926694,FAIL,66.534204
S00753,L0037,T03,753,49.553859,3.121054,-1.581286,938.128184,29.276044,69.625179,47.534192,106.151117,0.229224,PASS,92.667856
S00271,L0013,T01,271,51.468511,5.382396,0.343824,1023.583172,23.121204,62.010897,51.86238,98.78849,0.799576,FAIL,72.480493
S00250,L0012,T01,250,52.088512,4.968885,-2.720443,1034.21838,41.974644,69.347707,47.898422,108.476545,0.506466,PASS,83.681658
S00552,L0027,T01,552,51.656445,1.93552,-1.083826,1024.004963,45.57906,64.709639,51.701884,98.879348,0.718966,FAIL,76.376323
S00445,L0022,T01,445,53.346057,5.039115,0.667798,922.752243,62.101622,71.150176,55.461999,92.760932,0.998079,FAIL,69.097606
S00743,L0037,T04,743,50.554997,4.751234,0.287454,963.510011,32.831125,66.128585,51.653027,100.099779,0.812477,FAIL,73.151764
S00014,L0000,T03,14,45.089522,8.205653,-1.487054,1031.549064,35.218997,68.534892,45.398344,106.961244,0.957341,FAIL,65.855885
S00286,L0014,T01,286,49.539974,4.413215,-2.048478,1039.990065,31.902628,67.557442,47.781379,108.088703,0.335255,PASS,88.384109
S00474,L0023,T05,474,51.21607,3.675061,-2.997962,988.04575,35.01938,66.365916,48.180209,103.203346,0.237882,PASS,92.269825
S00154,L0007,T01,154,49.12639,2.434863,-0.594802,1024.905169,31.436545,,47.997597,106.881062,0.145123,PASS,93.834801
S00112,L0005,T05,112,51.080121,4.108901,-1.677791,945.258262,33.987684,71.711165,49.082335,100.389457,0.306655,PASS,89.745552
S00200,L0010,T02,200,49.422757,3.439231,-0.488702,955.435723,48.980437,65.384571,48.27831,107.821257,0.358686,PASS,85.550362
S00619,L0030,T01,619,49.158732,3.966623,-0.335251,987.343512,40.171584,71.01405,48.058609,104.096965,0.342433,PASS,92.867788
S00273,L0013,T01,273,49.497307,1.12525,-1.876527,943.35138,44.547741,70.637256,47.991309,103.138345,0.162934,FAIL,93.599243
S00626,L0031,T04,626,52.684369,7.246022,-1.236573,942.983366,47.551424,67.339288,52.208983,97.387346,0.979025,FAIL,67.442529
S00072,L0003,T01,72,47.715869,7.538774,-4.034178,1021.616246,34.065419,67.110662,45.148675,113.113052,0.950127,PASS,68.571562
S00734,L0036,T02,734,51.655101,5.285566,-1.378684,992.927203,23.372744,71.053785,50.652467,98.759894,0.595314,FAIL,80.748296
S00171,L0008,T02,171,48.737457,6.164528,-0.153003,987.217883,34.912358,67.707201,47.719268,104.891456,0.579033,PASS,80.130142
S00584,L0029,T02,584,45.960542,3.654731,-1.662215,962.402647,53.984226,71.996899,43.977156,114.223359,0.962022,FAIL,64.847457
S00274,L0013,T05,274,48.862299,4.217593,-2.164477,1018.76405,31.323958,73.163468,48.39609,104.40953,0.214816,PASS,93.165879
S00340,L0017,T01,340,47.007391,3.856021,-2.079564,955.832677,64.347882,68.898421,44.566039,113.088836,0.96837,FAIL,71.317474
S00479,L0023,T02,479,47.333962,3.859608,-2.05238,985.467541,14.506716,66.409996,45.573287,110.961661,0.469056,FAIL,83.98152
S00005,L0000,T04,5,50.08808,2.466108,-3.093261,1021.377521,37.085796,68.77805,49.354788,102.937535,0.237452,FAIL,91.286673
S00422,L0021,T02,422,54.299584,4.115311,-1.634627,907.815192,26.610771,73.404359,52.968223,95.627387,0.868762,PASS,72.373379
S00523,L0026,T02,523,52.121567,5.264706,-1.506445,917.17906,45.497833,67.389839,51.000543,97.822182,0.866682,FAIL,72.860114
S00217,L0010,T01,217,47.502127,2.931148,-0.614675,937.178596,47.452826,62.696546,46.171994,109.047856,0.688116,FAIL,75.642014
S00329,L0016,T02,329,49.253606,4.386594,0.019114,994.127271,31.921627,67.542788,48.710231,98.409051,0.249336,PASS,89.459483
S00673,L0033,T03,673,49.607843,3.167816,-0.664075,941.38784,58.046506,68.497363,47.839518,105.604046,0.95405,PASS,84.415521
S00193,L0009,T01,193,48.993271,3.131143,-2.469709,1024.179534,28.673843,65.183428,46.270538,108.947369,0.442665,PASS,83.12927
S00004,L0000,T01,4,50.348547,4.676402,-1.50647,977.994392,24.819563,63.755843,49.146249,103.214725,0.266287,PASS,90.46277
S00577,L0028,T05,577,52.842602,3.880233,-1.271192,1038.033582,42.497768,67.167915,52.569909,93.431425,0.912089,FAIL,69.337608
S00575,L0028,T01,575,51.023982,7.013987,-0.916961,919.677134,49.175876,58.332617,49.205169,103.881711,0.806137,FAIL,72.49705
S00152,L0007,T01,152,49.459392,7.839354,-0.311728,989.626291,37.58431,72.350541,48.055999,105.806109,0.721125,FAIL,76.535754
S00028,L0001,T01,28,54.674174,4.641557,-1.470855,1038.78297,35.335877,70.395872,53.6649,94.387979,0.95946,FAIL,66.775491
S00204,L0010,T02,204,49.323949,2.129737,-0.388648,975.264514,26.321253,73.061029,48.419606,106.417326,0.073807,PASS,94.754122
S00522,L0026,T01,522,48.119778,3.354066,-0.422871,924.442261,29.309753,68.178866,47.236096,106.722521,0.295772,PASS,92.357207
S00147,L0007,T05,147,51.273985,4.705811,-2.136588,984.201642,58.273039,67.068346,48.709305,104.939646,0.620124,PASS,81.649046
S00235,L0011,T01,235,51.580184,2.918289,-1.996023,966.520926,24.042207,67.442384,50.099532,100.661126,0.252594,FAIL,91.990929
S00542,L0027,T03,542,51.299519,2.972244,-1.744021,1042.547631,34.895669,72.329308,49.063458,103.917841,0.215436,FAIL,91.02122
S00516,L0025,T01,516,51.308689,6.66498,-0.896431,1009.101173,55.211731,63.827353,51.95054,97.757692,0.97804,FAIL,67.365005
S00343,L0017,T04,343,48.723829,4.631452,-0.739229,1005.314028,48.326306,66.541401,47.711834,105.312813,0.592095,FAIL,80.012534
S00187,L0009,T01,187,50.510739,5.201169,-1.205763,950.34333,47.310299,69.799801,50.543403,100.241051,0.828824,PASS,73.931418
S00660,L0033,T04,660,51.572538,3.846331,-1.937112,995.98663,52.269351,62.632384,50.343235,102.087612,0.746542,FAIL,74.61324
S00185,L0009,T02,185,50.826641,4.719656,-1.732699,1029.585515,28.517958,61.351176,49.760234,101.835895,0.425685,PASS,84.460753
S00262,L0013,T04,262,48.319191,0.302275,-1.586561,979.314198,26.700039,67.069958,46.469839,105.3868,0.145375,PASS,94.848432
S00188,L0009,T01,188,51.036219,4.69567,-0.614715,923.529734,42.654566,72.855071,49.438621,106.084115,0.552295,FAIL,77.92282
S00013,L0000,T02,13,51.772456,3.970412,-3.541106,952.95987,37.659181,67.412854,48.488047,104.962287,0.243701,PASS,92.802329
S00183,L0009,T04,183,53.248837,5.109584,-0.17212,1014.634743,29.441528,68.521936,52.967499,95.16765,0.972799,FAIL,67.827529
S00458,L0022,T01,458,50.350673,4.092078,-1.180354,1073.370658,58.592188,69.933003,50.584696,97.722153,0.849638,PASS,71.847109
S00554,L0027,T02,554,48.367252,3.060927,-0.062465,1034.897614,43.204076,71.43778,47.581937,106.29434,0.374746,FAIL,85.36894
S00776,L0038,T01,776,46.205683,7.626809,-4.346222,994.853895,33.049845,68.020918,41.594515,118.661246,0.996903,FAIL,68.68303
S00541,L0027,T02,541,52.504132,3.295056,-0.595593,987.507971,40.21214,73.303388,51.372328,98.892897,0.729543,PASS,75.107552
S00499,L0024,T04,499,46.711849,5.656324,-1.029037,1011.423956,45.323299,68.974689,45.853633,110.785744,0.896156,FAIL,70.163563
S00543,L0027,T04,543,49.0309,6.664651,0.705137,978.201667,37.704716,69.012693,48.859348,104.288488,0.58912,PASS,82.030572
S00035,L0001,T01,35,51.264321,2.883369,-1.356881,981.854721,51.951016,60.167107,50.214368,102.461881,0.628624,PASS,79.932711
S00454,L0022,T01,454,49.052746,1.292455,-4.593539,945.56758,19.894623,63.766401,44.246933,114.447024,0.519556,FAIL,81.014566
S00592,L0029,T01,592,50.147058,1.437156,-2.995555,971.677577,30.256882,66.325875,46.498659,109.135145,0.25198,PASS,90.532788
S00328,L0016,T01,328,46.041621,4.374719,-2.741763,1006.082933,25.091137,69.598081,44.106239,117.422148,0.865721,PASS,72.554337
S00735,L0036,T03,735,50.086116,3.873443,0.767606,1056.822373,23.749936,67.2248,50.101494,99.842182,0.338607,PASS,89.922291
S00207,L0010,T03,207,50.409884,1.773842,-0.939955,1024.538857,50.077078,68.728963,49.730193,101.075512,0.386185,PASS,87.357478
S00344,L0017,T05,344,48.942422,5.406706,-1.091584,994.990623,42.782653,61.594625,46.919273,111.126511,0.740899,FAIL,74.895999
S00713,L0035,T01,713,50.242487,4.675009,-1.414029,917.960268,27.652892,63.996866,47.753271,105.906764,0.314761,FAIL,88.917648
S00407,L0020,T02,407,50.411016,5.684726,-1.023995,1008.407633,,72.159174,49.956525,101.000782,0.507714,FAIL,81.636176
S00769,L0038,T01,769,51.424762,1.73717,-1.658347,,45.397414,67.571862,49.218371,101.266859,0.241089,PASS,90.545368
S00514,L0025,T04,514,51.77867,2.621126,-3.716751,978.205402,54.286612,70.262093,47.257383,104.880888,0.539757,PASS,81.709997
S00595,L0029,T01,595,47.990639,5.087891,-3.226499,983.672425,26.605658,70.599722,46.222617,108.837564,0.639863,FAIL,78.877347
S00353,L0017,T03,353,49.056107,2.412169,-1.511596,,58.502754,68.573296,47.400326,109.03516,0.54559,FAIL,80.253822
S00008,L0000,T01,8,47.035774,6.359763,-2.381259,949.905206,39.076635,68.249401,43.596536,113.627385,0.980808,FAIL,66.852145
S00355,L0017,T02,355,50.085628,1.390438,-0.773259,1044.468712,48.671122,66.722907,49.289681,100.560841,0.256232,PASS,89.442376
S00330,L0016,T03,330,49.235971,6.771741,-1.826386,1008.998064,20.015229,61.253626,46.988702,110.222491,0.588353,PASS,78.474148
S00033,L0001,T01,33,47.380818,3.074232,-0.72289,1032.765787,50.730944,65.344827,46.800543,111.11607,0.630223,FAIL,77.391808
S00390,L0019,T01,390,46.254131,6.878545,0.491388,1062.491013,51.313294,65.959316,46.095355,109.214127,0.944867,FAIL,67.544215
S00364,L0018,T01,364,52.61011,46.80521,-0.698262,1032.054829,47.153145,62.090119,52.41379,97.095623,0.944312,FAIL,71.302444
S00528,L0026,T01,528,49.235672,4.024342,-0.611292,972.030731,39.541603,62.854064,49.876413,104.420572,0.521704,FAIL,84.585035
S00551,L0027,T01,551,51.289758,3.764572,0.097807,,53.686373,67.013298,51.893406,98.212868,0.913847,FAIL,72.217205
S00103,L0005,T01,103,52.99462,,0.387309,1035.579979,33.880637,70.17818,53.803493,91.48987,0.964913,FAIL,67.177832
S00158,L0007,T01,158,51.401427,5.4661,-3.159178,998.798744,40.531825,63.46151,48.342758,104.345301,0.453829,FAIL,84.44666
S00194,L0009,T01,194,47.689052,5.678299,-0.951442,909.765782,37.333775,65.213207,46.83557,110.515074,0.719127,FAIL,74.140822
S00662,L0033,T01,662,51.902227,5.473633,-2.272699,980.588361,22.064699,63.411466,49.631128,103.359555,0.396899,FAIL,84.46966
S00726,L0036,T01,726,50.919636,6.355006,-4.970646,940.860635,45.474472,66.042342,45.156836,114.59618,0.954147,FAIL,68.438477
S00280,L0014,T01,280,48.104321,4.135916,-1.980873,956.503712,28.364918,62.474031,45.953144,110.197637,0.61271,PASS,81.552301
S00357,L0017,T03,357,51.929276,5.839388,,969.76234,32.726407,70.311259,49.766733,103.241601,0.608512,FAIL,78.712316
S00351,L0017,T01,351,,1.006634,-3.543954,974.270863,37.559524,69.664264,47.656769,106.272228,0.141043,PASS,94.626001
S00295,L0014,T01,295,50.220426,4.609926,-2.798024,1010.562997,30.90734,73.163739,47.374086,104.22203,0.419482,FAIL,82.372665
S00498,L0024,T04,498,48.127909,6.114624,-1.013776,994.460156,37.418167,62.543676,46.436416,108.472735,0.811601,FAIL,72.664949
S00191,L0009,T01,191,49.812722,4.062466,0.082393,906.987313,35.238924,,49.739203,103.944055,0.439698,FAIL,85.460256
S00270,L0013,T01,270,46.442841,3.258382,-2.642254,1002.730791,45.035308,70.280688,43.902189,116.676782,0.93223,PASS,69.374777
S00127,L0006,T01,127,49.916855,5.078692,-0.972957,967.140171,20.491059,78.267522,49.847203,99.226059,0.375236,FAIL,85.597141
S00381,L0019,T01,381,48.553503,3.974848,-0.783387,1078.238095,47.616394,69.277803,48.181834,102.265972,0.416324,FAIL,85.158663
S00051,L0002,T02,51,54.540609,4.017272,-0.743943,891.466474,43.809143,69.729915,52.830683,92.72094,0.935945,FAIL,68.920314
S00216,L0010,T01,216,47.812289,2.626588,-1.969892,934.331223,43.294846,63.10761,46.098245,110.845539,0.61883,FAIL,79.506352
S00617,L0030,T01,617,50.646626,3.827178,-2.208206,943.787341,33.662027,65.743506,47.28132,106.675397,0.389025,FAIL,83.909411
S00559,L0027,T03,559,53.458922,5.647743,-4.72808,916.817824,29.444441,64.163548,47.488385,104.841504,0.492556,FAIL,84.058884
S00685,L0034,T02,685,50.428529,3.249291,0.310416,911.001615,38.441565,62.787143,51.321635,98.693757,0.697153,FAIL,79.067213
S00583,L0029,T02,583,49.50424,5.378595,-4.183374,992.919691,48.311934,65.888135,45.513055,107.613524,0.921802,FAIL,68.903746
S00791,L0039,T01,791,50.129195,1.965657,-2.946992,934.513969,50.365895,70.405086,47.75028,109.135745,0.321791,PASS,86.275992
S00247,L0012,T02,247,48.144873,5.570226,-2.048873,977.706738,31.883386,67.710681,47.033162,106.416218,0.606747,FAIL,77.428361
S00173,L0008,T01,173,45.532543,1.847227,-1.37465,944.481701,40.275924,64.286016,44.588702,115.163411,0.764132,FAIL,74.200626
S00396,L0019,T01,396,45.321895,4.336478,-2.78656,904.610082,40.899677,75.722593,43.241955,113.385725,0.967933,FAIL,65.038
S00331,L0016,T01,331,48.570681,5.836973,-0.645407,957.124202,40.689512,71.677575,48.942671,99.25563,0.554458,FAIL,80.895194
S00688,L0034,T01,688,52.67012,4.67348,0.555324,1025.916377,19.912186,66.086702,54.498753,90.718349,0.952449,PASS,68.48805
S00372,L0018,T01,372,48.167555,3.781119,-1.583714,970.51899,49.793245,67.280522,46.191735,110.432375,0.783596,FAIL,73.146517
S00464,L0023,T05,464,51.655202,6.071188,-3.054554,974.035351,36.113761,63.636666,47.929371,107.217405,0.543588,PASS,82.414401
S00447,L0022,T01,447,52.9159,5.368044,-2.949776,1014.28751,52.066582,75.971551,48.457798,106.272034,0.577628,FAIL,80.36269
S00473,L0023,T05,473,51.310118,6.45716,-1.339962,988.797213,34.622661,67.583928,49.695258,100.8526,0.682693,PASS,74.295197
S00044,L0002,T02,44,47.36561,6.035296,-2.46496,1000.275249,10.787144,62.556429,45.66622,111.365134,0.640193,PASS,77.762548
S00302,L0015,T05,302,50.527585,5.434379,-2.18061,1034.221168,41.415144,68.457235,49.190489,101.643087,0.56849,FAIL,80.430591
S00651,L0032,T01,651,48.769023,2.995908,-1.22428,967.740809,17.371965,65.608927,47.350769,103.898396,0.144674,PASS,92.74834
S00502,L0025,T02,502,49.691325,6.170553,-2.517124,1011.218133,38.78689,70.849491,47.367051,108.574881,0.693469,FAIL,77.41616
S00599,L0029,T02,599,46.160629,3.678428,-0.996048,1021.613861,31.340492,63.411753,44.942535,114.047098,0.772941,FAIL,76.173871
S00043,L0002,T02,43,52.414884,2.875517,-0.9708,973.342927,32.886544,69.576727,51.429493,95.983365,0.609768,PASS,78.46094
S00563,L0028,T02,563,47.951895,3.23491,-0.842571,947.197177,50.481789,62.87149,45.484146,114.320772,0.838199,FAIL,71.758907
S00590,L0029,T01,590,51.511835,7.188854,-2.948916,945.897928,27.771058,70.164925,48.295314,106.758063,0.481544,PASS,84.351516
S00766,L0038,T02,766,53.755168,5.011968,-0.413914,973.692844,35.159473,67.095436,54.4602,89.146654,0.981244,FAIL,65.859557
S00009,L0000,T04,9,50.884049,6.351165,0.313281,981.655468,19.466533,66.796404,51.977438,94.0741,0.846919,PASS,72.270985
S00703,L0035,T01,703,49.9394,3.897011,-1.342163,934.156069,46.829584,70.223624,48.242139,106.503259,0.385936,PASS,85.808389
S00742,L0037,T01,742,55.46819,5.183247,-2.005227,1021.117356,59.069969,59.836367,53.4876,93.9716,0.989762,PASS,67.674734
S00209,L0010,T03,209,49.407076,2.455224,-2.612258,959.49934,50.327125,68.843688,45.977837,110.692853,0.709008,FAIL,72.977655
S00420,L0021,T01,420,51.021085,3.864936,,954.350578,51.759422,63.830629,46.333652,113.209031,0.789027,FAIL,72.353788
S00544,L0027,T01,544,51.922565,4.925608,0.415093,958.290042,37.866359,69.04029,52.625514,99.286745,0.930835,FAIL,71.541297
S00060,L0003,T01,60,46.238313,2.294768,-4.64162,952.046305,34.327649,70.111661,43.567427,113.129923,0.866079,FAIL,70.897922
S00230,L0011,T01,230,50.751843,6.171195,-1.823134,1007.065104,52.429365,71.689869,49.262661,103.722115,0.780876,PASS,73.354307
S00475,L0023,T01,475,47.708655,7.005275,-1.447026,952.10608,32.30414,68.475638,45.664728,108.494052,0.900008,FAIL,70.814241
S00125,L0006,T01,125,51.447995,4.503152,-0.367512,956.548089,42.476899,60.094146,51.858013,100.274624,0.885852,PASS,72.680272
S00095,L0004,T01,95,48.181237,8.874145,-0.581393,1079.069183,40.243539,68.565369,48.029786,104.953105,0.829619,FAIL,69.739674
S00656,L0032,T01,656,48.501797,3.842559,-0.265771,998.003463,42.310925,72.465369,46.921782,109.314887,0.579038,FAIL,81.039358
S00602,L0030,T01,602,45.999091,4.156815,0.360563,958.825612,49.063645,68.453285,45.372081,110.085329,0.888092,PASS,71.609354
S00428,L0021,T02,428,51.171816,5.245856,-2.306838,956.096557,34.04364,67.32134,48.112411,104.248496,0.387723,FAIL,88.7442
S00652,L0032,T02,652,48.399229,6.772595,-1.577087,1030.871985,21.106923,69.961113,47.705636,107.200367,0.461089,PASS,84.941684
S00299,L0014,T01,299,50.130642,3.333858,-0.94222,988.743409,29.29569,74.990422,47.682232,106.307766,0.225432,PASS,89.80789
S00504,L0025,T01,504,50.673033,2.891889,-0.984779,966.358121,16.381504,67.235578,49.576293,101.324802,0.126018,PASS,92.851812
S00379,L0018,T01,379,49.621131,4.158489,-3.863151,1040.214569,48.984973,70.568033,45.620772,110.563562,0.866328,FAIL,68.804765
S00405,L0020,T02,405,51.227072,4.381065,-2.112118,1020.581323,23.402896,67.720387,49.066041,101.403957,0.216102,PASS,91.722298
S00057,L0002,T01,57,48.640483,5.043079,-3.397498,935.392205,27.453858,73.127364,45.142648,110.819831,0.812331,FAIL,70.792359
S00068,L0003,T01,68,53.064722,3.965241,-1.736561,876.791381,28.859978,59.358717,50.596992,100.251918,0.51231,PASS,83.420952
S00024,L0001,T01,24,47.839154,6.60312,-0.382689,975.678834,58.778835,70.856758,47.225626,107.845014,0.902361,FAIL,69.394214
S00628,L0031,T03,628,51.307503,7.976402,-2.150837,1061.598818,11.818174,68.328896,49.214905,102.382471,0.452966,PASS,85.637726
S00597,L0029,T03,597,50.046652,3.169933,-1.911255,1004.73564,33.727811,70.793648,47.774402,103.627021,0.242684,PASS,93.751042
S00081,L0004,T02,81,51.362833,3.899712,-0.880119,921.009307,40.893535,69.913147,50.239075,101.323186,0.597552,FAIL,78.195464
S00658,L0032,T03,658,53.737054,2.20857,-1.116283,925.749842,67.289249,69.260301,52.543888,97.675751,0.949304,FAIL,68.175084
S00603,L0030,T01,603,50.379033,1.935504,-0.625281,968.964729,33.039303,63.417782,49.556969,99.694541,0.187508,PASS,92.918224
S00413,L0020,T01,413,52.112732,7.568947,1.409215,1006.152012,40.825259,70.869879,53.964878,94.633256,0.99346,FAIL,66.77049
S00744,L0037,T02,744,47.634236,3.777151,-2.389937,1054.807639,29.309919,61.087674,46.172903,115.051577,0.543252,FAIL,80.888131
S00548,L0027,T01,548,49.107684,4.950894,-1.604983,1028.993488,56.843779,59.842453,48.667767,106.802401,0.619759,PASS,77.304109
S00785,L0039,T01,785,52.624901,3.756276,-0.281711,956.586593,40.72755,67.731628,52.141518,93.879546,0.863369,FAIL,67.64669
S00686,L0034,T03,686,49.156951,3.141111,-3.252148,981.731575,29.42612,72.555935,45.859105,108.096563,0.5361,PASS,84.862564
S00001,L0000,T01,1,50.443977,3.93844,-0.838723,1033.551612,29.520623,66.786664,49.916417,101.094951,0.384395,FAIL,87.9244
S00538,L0026,T01,538,50.380511,4.307297,-2.089771,975.253771,37.662044,72.164225,48.913924,104.820757,0.340927,FAIL,89.660852
S00164,L0008,T01,164,49.041597,4.200471,-3.113261,900.935706,24.348632,67.959307,44.268694,112.207902,0.834026,FAIL,70.74747
S00143,L0007,T01,143,43.85765,3.143427,-1.741485,1035.246855,23.357275,72.677623,42.545421,114.21908,0.921497,FAIL,70.791067
S00096,L0004,T01,96,46.260556,4.173441,-0.349477,885.750219,42.642359,63.713898,46.019734,110.331716,0.769872,FAIL,73.826913
S00409,L0020,T01,409,47.920753,4.343165,-0.769397,1032.12624,49.736762,65.013673,47.244319,107.106294,0.666965,PASS,77.668443
S00339,L0016,T04,339,47.570788,1.904958,-3.443397,1019.078414,41.486338,68.762065,43.486817,114.536496,0.895624,FAIL,69.541466
S00741,L0037,T02,741,50.837485,2.981034,-1.420041,982.219045,32.672202,70.342876,49.522454,102.863981,0.260456,PASS,94.551051
S00465,L0023,T03,465,47.588262,4.007138,-1.958157,1015.606128,18.56877,62.24482,45.625688,112.69333,0.530946,PASS,84.944723
S00276,L0013,T03,276,49.151445,7.20451,-1.50225,960.783132,28.266603,65.098391,47.888415,106.327113,0.571007,FAIL,81.364014
S00153,L0007,T05,153,52.006875,1.736974,-2.367019,978.175803,39.286754,67.199562,49.506313,100.545805,0.222261,PASS,91.462952
S00285,L0014,T01,285,55.203647,4.184004,-0.727601,1055.473431,43.309857,58.454289,54.043954,90.918617,0.975873,FAIL,69.923677
S00220,L0011,T01,220,51.624114,6.462584,-2.21146,953.647644,13.930738,,48.384339,106.041082,0.225636,PASS,93.310891
S00304,L0015,T03,304,50.08036,7.390006,-2.409329,987.79813,44.067583,64.954892,47.644013,108.319913,0.807525,PASS,74.421934
S00612,L0030,T01,612,53.085494,3.443042,-1.283914,901.635446,39.038582,60.669182,51.38932,98.477289,0.732618,FAIL,77.582586
S00338,L0016,T03,338,48.626391,5.296694,-1.130815,952.585392,54.130879,69.371869,48.313804,105.867014,0.624728,FAIL,82.641654
S00723,L0036,T01,723,48.123126,3.636798,-0.081665,962.623546,43.036601,70.289012,47.74323,104.868452,0.403474,PASS,85.600641
S00249,L0012,T03,249,51.262026,6.524234,-1.379947,97.891856,46.240593,70.990527,49.730311,102.540871,0.81205,PASS,74.025528
S00123,L0006,T01,123,49.156802,2.028343,-3.019651,941.400085,60.998686,66.631892,45.620154,111.925288,0.828006,FAIL,73.887323
S00356,L0017,T02,356,54.568969,5.167153,-1.193473,962.425615,48.351822,71.828502,54.422631,92.657547,0.991187,FAIL,67.550356
S00298,L0014,T03,298,53.249088,5.183281,-2.62112,924.706789,22.271956,73.300189,49.854254,99.214899,0.411162,PASS,85.998123
S00727,L0036,T01,727,50.400236,3.785949,-2.409959,962.288435,15.042158,66.1504,49.532986,103.66998,0.162109,PASS,92.477507
S00079,L0003,T01,79,49.398313,5.692696,-1.126745,966.029484,40.779983,62.5145,49.284373,104.298858,0.606377,PASS,76.937991
S00310,L0015,T03,310,48.335319,8.186241,-2.184645,1006.3865,17.097449,68.981499,45.388076,107.384696,0.892228,FAIL,72.517508
S00325,L0016,T02,325,49.744968,5.968918,-2.142968,989.295117,51.216015,67.474492,47.884501,106.167909,0.730132,PASS,76.730627
S00352,L0017,T04,352,48.467904,7.151876,-3.771338,,45.168774,68.523084,44.736846,111.236904,0.976181,FAIL,66.300116
S00411,L0020,T03,411,50.331294,6.649461,-1.992589,975.26367,29.368363,72.280477,48.446706,104.527429,0.413419,PASS,83.584486
S00261,L0013,T01,261,52.294035,5.485456,0.43837,988.225358,48.437613,68.912143,52.282079,100.944855,0.95923,FAIL,67.385779
S00539,L0026,T01,539,43.725324,4.19985,-1.837484,1031.156908,,77.244567,42.177157,117.760284,0.98954,FAIL,70.169391
S00099,L0004,T04,99,49.542013,5.599429,-1.926219,1005.401913,53.428865,67.084078,48.17382,107.769806,0.672447,FAIL,74.696254
S00508,L0025,T01,508,49.908247,1.551485,-0.471409,983.647396,31.854938,71.26034,50.486764,98.878738,0.276798,FAIL,92.069408
S00036,L0001,T02,36,46.888626,6.093212,-2.572857,924.954908,29.803926,62.899177,45.263981,112.44388,0.877609,FAIL,69.029364
S00092,L0004,T01,92,53.836646,3.482852,-0.454277,1033.851456,64.245146,65.875321,54.52594,94.574344,0.992765,FAIL,66.6348
S00783,L0039,T03,783,51.22231,3.567508,-1.352336,1047.69378,36.164637,72.096849,50.249569,98.206631,0.498522,FAIL,83.191435
S00349,L0017,T01,349,50.238745,3.525501,-2.721488,939.295876,35.734639,63.045305,46.96753,110.41282,0.444691,PASS,82.037336
S00459,L0022,T04,459,50.604946,6.490105,-2.168523,929.51368,19.416089,68.610877,47.480705,104.385257,0.451124,FAIL,87.23848
S00591,L0029,T01,591,50.612919,3.336454,1.712823,947.583904,50.267824,69.680899,51.441791,97.978661,0.834735,PASS,72.432031
S00077,L0003,T01,77,49.287232,4.752206,-0.499613,1000.242628,30.328203,75.865746,49.102616,101.505866,0.329298,FAIL,87.189377
S00115,L0005,T02,115,46.384382,5.275009,-1.741221,980.742096,32.019033,64.403001,44.57734,112.361325,0.90661,PASS,68.556251
S00460,L0023,T01,460,50.399314,4.353298,0.289239,898.895769,27.577119,65.966429,50.707791,102.092611,0.560196,FAIL,82.95772
S00725,L0036,T02,725,50.197381,5.920639,-0.859201,982.206458,58.41926,76.029513,49.138571,105.366996,0.800305,FAIL,73.634197
S00642,L0032,T01,642,48.504259,3.933292,-0.628009,949.145719,47.411047,65.139119,46.60222,109.913813,0.710088,FAIL,78.904383
S00752,L0037,T01,752,50.94466,4.307463,-2.533457,1014.222764,27.840273,69.985538,48.217497,104.604369,0.213421,PASS,91.912724
S00668,L0033,T04,668,51.440487,1.395337,-4.054212,955.211845,43.45077,62.697747,47.410815,106.2697,0.247692,PASS,93.152632
S00646,L0032,T02,646,52.344133,2.720223,-2.688964,977.724196,51.848432,65.694002,48.623232,102.280359,0.304566,PASS,91.469109
S00416,L0020,T01,416,52.742225,3.841482,-1.292417,1002.898216,20.554654,63.132013,51.419755,101.840459,0.54859,FAIL,79.151361
S00580,L0029,T01,580,51.212689,4.591006,-2.629475,1093.862599,65.718297,69.282305,49.774289,102.090817,0.84552,FAIL,69.805777
S00354,L0017,T04,354,51.39044,4.894518,-2.034069,918.479217,32.170948,70.993224,48.948877,101.532359,0.338729,FAIL,90.78087
S00265,L0013,T02,265,48.046904,6.355887,-1.031727,988.763706,46.065295,72.269061,46.422503,105.627988,0.886526,FAIL,71.602186
S00342,L0017,T01,342,47.431372,4.116472,-1.492317,925.436919,46.151135,69.97484,47.116074,102.838879,0.621958,FAIL,79.511986
S00389,L0019,T02,389,51.320248,4.922384,-1.481965,949.816832,64.00518,70.52679,49.77297,102.4528,0.852423,PASS,69.805593
S00198,L0009,T05,198,49.388436,4.449491,-1.600208,947.468946,37.676412,66.152854,48.35175,106.08855,0.308546,FAIL,86.748036
S00124,L0006,T02,124,49.657995,4.9839,-1.486945,1006.528131,38.95525,69.940837,48.235327,105.213193,0.400599,PASS,87.261142
S00118,L0005,T01,118,50.907803,2.577161,-2.032091,955.199417,27.266552,69.772355,48.549711,102.473521,0.091053,PASS,95.492618
S00305,L0015,T01,305,51.043657,1.235832,-1.656909,1016.855468,31.843702,68.084475,49.294645,105.292367,0.113371,FAIL,92.276085
S00162,L0008,T02,162,50.247764,4.818427,-2.271413,1029.269289,21.86985,60.990312,47.646491,107.658804,0.279678,PASS,88.067642
S00370,L0018,T04,370,50.394924,4.235527,-2.529433,927.386962,32.830555,64.393943,46.971677,109.706478,0.483587,PASS,86.777576
S00007,L0000,T03,7,47.497598,4.658904,-2.32718,956.820498,45.117607,67.712491,45.737851,112.612931,0.856644,FAIL,72.068406
S00319,L0015,T02,319,49.517402,2.090974,-1.823557,974.436627,50.020429,60.090017,47.64837,108.733299,0.348274,PASS,86.296807
S00056,L0002,T03,56,48.821857,5.522059,0.527447,984.115179,50.185828,71.947579,50.074874,98.919153,0.818326,FAIL,73.279501
S00608,L0030,T04,608,45.646428,5.969766,-3.24777,897.356923,53.833273,63.808035,41.870268,118.455477,0.997404,FAIL,64.422143
S00386,L0019,T05,386,50.496294,1.659398,-1.715921,970.561648,31.400261,70.586831,48.72862,103.746686,0.087595,PASS,93.407325
S00493,L0024,T02,493,48.54771,4.266861,-0.799188,960.704741,31.271472,71.839287,47.947678,103.453904,0.28534,PASS,90.486476
S00327,L0016,T03,327,45.46229,2.572742,-3.090678,1059.176059,31.006838,70.593476,41.912716,116.954936,0.958231,FAIL,66.194565
S00638,L0031,T02,638,46.174722,4.25728,-0.541792,966.227655,44.227476,69.021764,45.077317,111.165889,0.889578,FAIL,72.151674
S00679,L0033,T01,679,52.352379,3.958922,-1.162969,958.424265,35.820484,70.521146,50.463752,97.02257,0.579968,PASS,82.113605
S00266,L0013,T03,266,52.735888,3.044799,-0.681846,964.086234,31.370878,70.705376,52.521696,99.080394,0.788001,FAIL,76.387879
S00398,L0019,T02,398,50.671595,5.042504,-2.134021,928.773765,60.530273,68.078783,46.809474,109.875545,0.875524,FAIL,69.445198
S00511,L0025,T03,511,53.449028,2.67919,-3.048832,932.255466,25.020157,73.850672,49.420208,100.2977,0.156819,PASS,95.326723
S00012,L0000,T01,12,49.15036,2.947511,-2.076887,977.50121,30.197053,68.306407,47.711262,102.304971,0.200721,PASS,91.390456
S00771,L0038,T02,771,4.991737,9.066842,-2.53021,984.27468,46.393173,62.353129,45.642034,112.930489,0.980508,FAIL,70.078861
S00762,L0038,T01,762,51.49038,4.006873,-0.455144,1054.813466,47.493052,64.564524,51.721122,98.326185,0.879966,FAIL,71.748978
S00260,L0013,T01,260,,5.371449,-2.454395,1060.000778,58.057934,74.958196,50.733528,100.955652,0.916611,FAIL,67.29083
S00708,L0035,T01,708,52.330948,7.341906,-2.938955,912.60651,,62.666547,49.745515,104.083888,0.717725,FAIL,75.520607
S00784,L0039,T01,784,48.545667,3.358203,-0.378224,961.60795,35.914401,63.692655,47.827227,107.52359,0.273826,PASS,91.922542
S00018,L0000,T01,18,52.646882,4.337204,-2.220934,920.180159,20.686082,64.348688,49.933751,101.590595,0.317882,FAIL,87.569051
S00418,L0020,T04,418,46.766053,7.601617,-2.336901,1003.444193,48.03563,61.639665,44.443506,113.164008,0.986717,FAIL,67.933739
S00799,L0039,T02,799,49.524002,3.361633,-0.125302,957.393139,39.540435,66.580151,50.459935,99.791155,0.563507,PASS,79.729363
S00161,L0008,T05,161,53.608656,4.042894,-0.860937,896.938066,38.397155,71.792131,52.077433,98.979274,0.857306,FAIL,72.417671
S00483,L0024,T01,483,51.460161,3.880092,0.177989,982.157105,59.150735,71.633313,50.165436,100.209274,0.791119,FAIL,74.79865
S00765,L0038,T01,765,48.315398,4.060477,-2.756828,1000.407407,43.749919,64.306104,45.855813,110.118274,0.793935,FAIL,72.0985
S00676,L0033,T03,676,50.187437,7.669943,-2.660953,1014.902575,,72.701962,46.840238,106.858165,0.82987,FAIL,70.995416
S00773,L0038,T02,773,49.127185,6.425852,-0.589701,881.58402,32.138237,65.693026,46.618686,108.076368,0.762111,FAIL,75.840774
S00073,L0003,T03,73,50.366997,4.923059,-0.633547,972.553114,50.114843,66.00329,50.977293,101.410521,0.875831,FAIL,70.559113
S00296,L0014,T03,296,52.260762,8.128881,-1.119368,1042.110519,56.476993,67.087801,51.258532,99.724924,0.981495,PASS,65.318257
S00613,L0030,T01,613,47.078674,4.007891,-2.621039,1071.814734,59.114211,67.522599,45.702393,109.109131,0.908289,FAIL,67.749487
S00665,L0033,T02,665,51.374275,5.114518,-0.638008,934.347457,24.555547,70.936787,50.146793,95.792773,0.492381,FAIL,84.286896
S00289,L0014,T02,289,45.699013,6.091914,0.591898,986.187281,50.195068,64.582766,43.46657,116.425376,0.989322,FAIL,67.932345
S00532,L0026,T03,532,47.960076,2.445346,0.057967,949.165175,58.440736,67.083082,48.397114,105.725577,0.353647,FAIL,85.839464
S00714,L0035,T01,714,51.508955,3.809937,-0.998858,990.419448,18.809122,72.18239,50.02405,99.785239,0.262738,PASS,92.263673
S00574,L0028,T04,574,50.327933,3.38989,-2.076617,991.640568,37.272017,68.292058,46.996728,106.687625,0.444734,FAIL,84.225568
S00621,L0031,T02,621,50.773862,1.683266,-2.821545,1035.893881,34.344174,69.438203,46.264428,111.294143,0.362358,PASS,87.249469
S00131,L0006,T01,131,51.445384,3.877273,-1.425543,1021.186404,16.688647,63.607206,49.65084,103.512894,0.195183,PASS,92.005228
S00038,L0001,T01,38,48.804569,5.890016,-0.843046,978.420486,43.731613,63.019337,47.215042,108.40023,0.747196,PASS,74.832193
S00345,L0017,T04,345,48.901926,3.289166,-2.610774,975.19273,64.583015,64.302047,46.019547,112.356555,0.882524,FAIL,71.473277
S00501,L0025,T05,501,52.228813,4.590751,-0.825858,1031.934833,33.911709,68.637073,52.447318,98.435322,0.889813,FAIL,70.76219
S00363,L0018,T03,363,53.229226,2.43926,-0.199133,936.827075,32.70248,73.655765,53.564683,94.715389,0.875234,FAIL,70.922871
S00730,L0036,T05,730,48.428214,5.781498,-3.334632,999.053884,43.928954,66.42654,46.419581,108.36033,0.843183,FAIL,72.44404
S00116,L0005,T02,116,50.483475,3.857425,0.603225,1012.087558,21.124982,66.036694,52.086199,99.081005,0.682801,FAIL,74.785858
S00477,L0023,T02,477,50.54689,1.842986,-2.166665,1033.554668,35.319995,72.185514,48.219781,105.591442,0.118796,PASS,95.058411
S00119,L0005,T01,119,47.473248,1.370343,-2.130368,950.962643,38.784309,73.2971,45.808665,108.578444,0.475734,PASS,82.400079
S00786,L0039,T04,786,50.776718,3.683802,-2.214036,906.38228,51.078868,66.573478,48.463987,106.353,0.376568,PASS,86.329268
S00265,L0013,T02,265,48.046904,6.355887,-1.031727,988.763706,46.065295,72.269061,46.422503,105.627988,0.886526,FAIL,71.602186
S00233,L0011,T01,233,47.112425,0.711102,-3.541551,981.299332,49.101939,70.74271,44.378445,115.885637,0.788823,FAIL,70.903003
S00782,L0039,T04,782,53.02859,1.257664,-3.410936,1025.23538,41.501332,60.278344,48.601963,105.641439,0.112056,PASS,96.005733
S00215,L0010,T04,215,53.775197,2.618693,-0.406936,1016.241436,30.088689,58.80049,52.42751,96.960405,0.726174,FAIL,74.316205
S00021,L0001,T04,21,51.265271,9.344718,0.315718,981.454406,27.30159,69.131543,52.839074,96.079946,0.984902,FAIL,67.548736
S00568,L0028,T01,568,51.180386,0.95093,-0.822675,,25.037938,64.84786,50.901491,99.823663,0.218607,PASS,89.799348
S00226,L0011,T02,226,50.788474,,-1.86806,958.82964,46.279605,69.558685,48.449702,102.758035,0.524364,PASS,81.55197
S00109,L0005,T03,109,53.31017,6.863732,-1.849645,1015.221251,46.476503,67.343908,53.078925,97.827742,0.986719,FAIL,66.947888
S00495,L0024,T02,495,53.37571,3.404595,-1.932319,861.037419,36.292883,69.64129,50.369186,99.291571,0.505881,FAIL,82.820028
S00078,L0003,T02,78,44.420649,6.493462,-1.459407,1006.936912,46.085085,66.963057,43.422841,114.265294,0.989212,FAIL,67.69828
S00444,L0022,T01,444,47.818784,3.448829,0.016436,983.11686,27.509259,60.942863,47.815642,108.479625,0.199802,PASS,91.509145
S00378,L0018,T01,378,48.794527,4.211807,-1.798791,923.033947,45.114866,70.64705,48.266137,103.622555,0.392628,FAIL,84.91674
S00490,L0024,T01,490,51.049903,2.806054,1.566846,990.380658,35.559228,69.748526,52.166674,95.454903,0.759843,FAIL,71.787216
S00657,L0032,T01,657,54.258633,3.994487,-0.856266,1027.896056,42.52573,70.997104,52.676207,96.305055,0.922542,FAIL,68.432856
S00736,L0036,T01,736,49.794061,4.546621,-2.081039,976.748749,45.004238,61.272944,46.841272,119.882156,0.700188,FAIL,74.425797
S00019,L0000,T01,19,49.184091,0.420366,-1.250485,980.070476,52.209551,70.106864,47.622443,106.210401,0.224913,PASS,92.712293
S00282,L0014,T01,282,50.888507,2.379887,-2.163569,954.156868,36.072866,70.286551,49.118203,99.815811,0.189928,PASS,92.009571
S00368,L0018,T02,368,47.396762,4.657986,-0.657391,989.329281,44.276836,70.783427,46.15669,109.20419,0.803129,FAIL,72.005303
S00196,L0009,T04,196,50.997595,5.051042,-0.370083,882.141246,53.640202,619.789,49.317798,106.368476,0.706287,PASS,75.55089
S00210,L0010,T02,210,49.692528,2.877866,0.026485,908.428171,18.631382,67.250369,48.695683,102.651973,0.074214,PASS,98.105377
S00255,L0012,T01,255,50.58394,6.133812,-1.343369,1040.67068,48.236984,60.815501,49.898146,103.926917,0.822265,FAIL,74.21099
S00757,L0037,T01,757,48.505485,4.638119,-2.790552,1013.876769,28.618468,67.571293,44.792901,112.283998,0.835737,FAIL,71.438956
S00326,L0016,T03,326,50.762713,3.527771,0.375052,996.281416,32.085472,67.23659,50.823538,100.97438,0.552562,FAIL,80.268478
S00467,L0023,T02,467,51.444955,4.502806,-0.540107,901.685781,43.347968,70.625236,51.124816,99.962406,0.819099,FAIL,71.189578
S00760,L0038,T04,760,48.630863,2.722471,-1.624113,1099.287297,31.899865,73.268246,45.928586,110.108386,0.509183,PASS,83.718446
S00586,L0029,T02,586,54.974395,1.184516,,931.042849,17.017535,64.792236,50.108277,101.076686,0.095835,PASS,96.9513
S00562,L0028,T01,562,51.011112,1.691641,-3.447954,1013.0015,65.287092,69.791701,46.776914,105.457742,0.674914,FAIL,76.286974
S00151,L0007,T04,151,53.18255,4.821196,-0.81842,997.513714,41.604955,71.378344,52.635862,95.913088,0.940838,FAIL,68.64821
S00758,L0037,T01,758,49.026193,4.933444,-0.261451,990.266538,33.166837,67.796482,48.574236,105.347208,0.289794,PASS,90.652738
S00189,L0009,T02,189,48.959007,5.860156,-2.511049,964.19994,28.085725,66.209602,46.058712,107.934202,0.756726,PASS,74.899522
S00084,L0004,T04,84,48.012919,6.617553,-3.619845,998.509117,57.590702,74.157129,46.133625,110.142222,0.954283,FAIL,68.462104
S00427,L0021,T02,427,47.568591,5.180783,-1.715295,1008.943431,48.982196,63.675141,46.54125,112.556181,0.83095,FAIL,70.584787
S00264,L0013,T01,264,49.975212,2.149986,-0.419293,928.85217,30.981325,70.390792,48.990994,104.106174,0.126117,PASS,97.037584
S00431,L0021,T01,431,51.929649,46.91652,0.013847,1012.055255,34.710637,65.288992,51.885698,98.572599,0.84927,FAIL,70.655463
S00781,L0039,T01,781,50.368878,6.516993,0.134092,930.77114,54.056911,66.688658,49.612764,102.694454,0.85766,FAIL,74.191334
S00692,L0034,T02,692,52.051046,6.300505,-2.878613,1115.038859,22.305296,64.608583,49.671047,101.729276,0.499714,PASS,83.838041
S00571,L0028,T05,571,54.278383,1.695504,-0.218588,1017.563345,46.001763,67.346668,55.004927,90.613367,0.970603,FAIL,68.17135
S00693,L0034,T01,693,51.075833,5.463102,-1.319494,1026.357575,28.239792,65.931501,50.278887,101.232937,0.606994,PASS,81.168219
S00383,L0019,T01,383,46.465463,5.811523,-2.657748,998.744519,53.743876,68.591485,44.451171,113.159356,0.978335,FAIL,66.259969
S00452,L0022,T03,452,50.002667,4.264073,-0.084682,947.413239,40.0085,70.189184,50.269265,98.315349,0.630582,PASS,78.483071
S00647,L0032,T01,647,51.647463,4.523114,-1.259352,939.616341,67.88386,71.302308,49.309773,103.544551,0.804841,FAIL,71.341629
S00609,L0030,T01,609,49.477701,2.658337,1.194355,988.611769,31.326417,67.784613,50.26234,103.186789,0.33829,FAIL,89.151265
S00382,L0019,T01,382,50.358091,4.938298,-1.155859,989.848024,58.488762,65.545989,50.303846,102.768084,0.867863,FAIL,71.704611
S00160,L0008,T01,160,48.604811,5.106209,-1.981251,1005.045093,58.685656,67.437591,47.88645,105.439373,0.73426,FAIL,74.544435
S00335,L0016,T02,335,52.459909,3.320712,-1.038481,971.085917,41.503088,61.494742,50.835391,101.730926,0.655951,PASS,75.991891
S00086,L0004,T01,86,46.491095,3.829951,-1.298426,1027.280279,27.277459,70.277625,44.444384,111.555581,0.812788,FAIL,73.460781
S00258,L0012,T01,258,50.781029,4.761091,-1.747438,1015.082596,31.369958,70.080271,48.574141,102.751989,0.254862,FAIL,92.900104
S00231,L0011,T01,231,52.224034,3.396948,-0.163703,963.237234,37.738947,77.108021,52.324391,92.688396,0.840745,FAIL,72.719529
S00468,L0023,T01,468,49.795124,5.243642,-1.431367,923.150943,35.156135,74.425317,49.388227,100.920032,0.500952,PASS,84.092237
S00287,L0014,T05,287,51.89872,3.58062,0.671819,923.254256,38.618273,67.31909,52.989117,96.008527,0.911054,FAIL,70.255797
S00348,L0017,T02,348,52.117527,2.084652,-2.912376,1049.068962,,66.362076,48.67315,105.787683,0.174201,FAIL,96.034053
S00269,L0013,T02,269,49.081796,2.524549,-3.631773,989.790299,36.347813,64.866553,45.791827,109.825344,0.574862,FAIL,80.583859
S00172,L0008,T03,172,46.833947,4.570466,-1.341305,1069.070219,43.776578,67.592369,45.685702,109.561898,0.847595,FAIL,70.671
S00377,L0018,T01,377,49.786171,6.680002,-2.780181,948.170803,,67.170465,47.262456,105.4922,0.614385,FAIL,79.454486
S00063,L0003,T03,63,48.398642,5.066778,-3.315084,937.006363,32.673554,72.599628,45.101583,112.385415,0.85764,FAIL,70.626429
S00032,L0001,T01,32,48.624048,4.435787,-2.48698,1024.753632,17.81215,69.289849,45.000709,111.122804,0.684646,PASS,76.560278
S00297,L0014,T01,297,49.311677,,-0.468323,925.25241,33.560508,65.912612,49.147553,104.326687,0.446338,FAIL,85.070682
S00517,L0025,T04,517,45.987109,1.978227,-1.900286,1069.65784,18.321106,68.945273,43.88126,115.33102,0.64402,FAIL,81.063854
S00547,L0027,T01,547,47.319971,4.582053,-2.694647,1023.37836,40.398283,62.290498,44.870941,110.903776,0.899083,FAIL,68.355673
S00421,L0021,T03,421,50.559212,1.241582,-1.116355,987.614411,41.687173,64.972422,48.501602,104.908652,0.104592,FAIL,92.897427
S00180,L0009,T04,180,50.082063,5.244018,-1.615295,1013.93309,32.786816,74.59994,48.60078,102.650271,0.319452,FAIL,88.774634
S00432,L0021,T01,432,50.0538,1.876478,-1.536259,931.887551,10.611555,72.35732,48.384864,104.534055,0.029891,PASS,99.035947
S00211,L0010,T01,211,49.484496,7.469266,-1.420196,944.74444,19.603227,68.637246,47.486397,106.918633,0.562233,FAIL,82.181364
S00408,L0020,T01,408,49.230345,5.037358,-1.836187,978.210045,52.388885,62.839725,47.043986,111.159202,0.788017,FAIL,74.697385
S00419,L0020,T02,419,46.457871,4.651406,-1.066604,995.896782,46.488147,70.072755,44.584311,111.962222,0.941725,FAIL,70.124486
S00751,L0037,T01,751,46.661156,3.263781,-2.85213,1001.477831,33.580043,66.818812,44.239463,111.210126,0.848648,FAIL,73.715042
S00729,L0036,T02,729,48.257515,5.071186,0.127771,1037.837363,46.372188,72.275954,48.263298,104.813812,0.505466,FAIL,83.111723
S00489,L0024,T02,489,48.03666,3.65002,-2.514751,916.299708,56.953531,68.689929,45.502875,115.674815,0.897767,FAIL,71.429571
S00488,L0024,T01,488,51.288976,2.848161,-1.206825,978.711238,37.672443,69.778093,49.824889,101.322005,0.357454,PASS,90.445426
S00412,L0020,T01,412,51.139539,7.295441,-0.675461,956.832984,45.366213,70.230701,50.368123,102.324575,0.906581,FAIL,70.801331
S00448,L0022,T01,448,49.038031,2.2425,-1.566931,965.866881,49.915425,64.550754,46.761646,106.385448,0.536226,PASS,79.751051
S00062,L0003,T01,62,44.528853,4.102805,-1.767365,1110.529315,51.341226,72.206528,43.740762,112.775274,0.970038,FAIL,68.121765
S00573,L0028,T03,573,50.351105,5.482639,-2.786908,1027.661145,22.985224,59.219841,45.561193,112.823685,0.746952,FAIL,76.148279
S00481,L0024,T01,481,47.485072,2.538802,-2.364843,979.715701,39.387419,68.88149,45.593014,110.358715,0.653477,FAIL,78.861754
S00579,L0028,T01,579,49.386777,6.204809,-1.167939,970.435056,48.230761,64.563347,47.969853,105.879722,0.704532,FAIL,74.573197
S00487,L0024,T01,487,49.635497,7.24179,-2.763937,908.155952,50.584203,67.588943,47.332295,107.063035,0.878158,FAIL,69.27018
S00748,L0037,T04,748,52.216201,3.076274,-0.346533,957.373614,33.724429,69.165226,50.57329,101.375381,0.474472,PASS,85.543881
S00291,L0014,T01,291,,6.847171,-1.195094,962.781747,10.919012,66.672153,46.743178,108.319192,0.521794,FAIL,83.73812
S00069,L0003,T04,69,52.269012,3.433739,-1.915655,916.745548,45.408613,64.397506,49.271023,105.256068,0.415682,FAIL,88.125791
S00263,L0013,T04,263,48.704824,1.217984,-2.022693,1007.68538,50.193504,68.181535,47.575055,103.885685,0.278622,PASS,90.148959
S00134,L0006,T03,134,49.175457,3.398098,-2.013044,915.430515,46.499192,64.591934,47.52685,106.380054,0.466331,PASS,83.951973
S00392,L0019,T02,392,53.489202,5.110354,0.790882,949.86445,15.674145,78.031747,54.576552,88.943089,0.953602,FAIL,68.130885
S00604,L0030,T01,604,54.991767,2.326348,-1.288924,941.742868,51.598306,65.441075,53.908718,92.251023,0.961274,FAIL,70.800823
S00555,L0027,T01,555,50.795394,6.963282,-2.132138,1011.631238,43.320986,64.624274,48.266598,107.889967,0.66882,FAIL,76.700773
S00320,L0016,T02,320,52.637836,3.419347,-2.371136,937.685433,36.18803,69.254615,50.629976,98.832917,0.557995,FAIL,81.017384
S00674,L0033,T01,674,48.135356,5.417877,-0.082272,916.686157,39.047337,70.584786,47.634483,106.756789,0.569071,FAIL,80.43076
S00767,L0038,T01,767,48.924353,1.778193,-1.085609,934.438657,26.834865,64.149848,47.915239,104.820117,0.094826,FAIL,95.211872
S00324,L0016,T01,324,49.279971,1.824263,-1.87702,958.039115,40.495494,69.336934,47.089278,109.60873,0.305074,PASS,76.978873
S00728,L0036,T02,728,50.181466,4.438002,-1.455097,1042.849844,28.221794,73.156165,49.112351,101.194631,0.276714,FAIL,91.09537
S00214,L0010,T01,214,49.850497,5.10388,-2.385025,,41.897818,68.250832,48.036624,105.470569,0.492957,PASS,80.717991
S00121,L0006,T03,121,48.923032,3.128316,0.009152,840.5842,44.543691,67.759867,48.811515,103.867552,0.290462,PASS,92.471547
S00645,L0032,T01,645,48.55928,1.982291,-2.206503,1061.394103,51.253788,61.92652,46.718678,108.410516,0.533959,PASS,79.091856
S00441,L0022,T02,441,50.714273,2.720646,,888.491013,46.100847,69.870511,47.775086,107.62636,0.340688,PASS,88.357082
S00322,L0016,T01,322,47.842661,1.239424,-1.786518,1080.486998,25.029773,65.883146,46.15179,111.648507,0.233786,PASS,90.886791
S00536,L0026,T01,536,44.744986,5.136094,-2.117881,990.330548,17.761366,68.809049,42.698722,115.596004,0.949268,FAIL,69.650334
S00525,L0026,T04,525,54.218683,4.354511,-0.730418,1067.160606,48.702866,56.341487,53.817973,96.206975,0.980015,FAIL,65.711882
S00163,L0008,T02,163,49.682332,7.284944,-2.376779,994.180335,40.74232,68.755076,47.318552,107.199194,0.812176,FAIL,73.247901
S00227,L0011,T03,227,51.855607,4.846081,-1.076716,959.06945,44.901877,65.095696,49.99191,103.226982,0.699279,FAIL,74.357171
S00480,L0024,T05,480,51.047929,5.798651,-0.80085,978.000408,37.084867,74.122337,50.049274,96.916896,0.708576,PASS,77.107214
S00199,L0009,T01,199,55.884158,6.134718,-0.693778,976.70041,16.349994,71.622769,56.596207,87.273191,0.994158,FAIL,65.531196
S00463,L0023,T01,463,48.035295,2.185123,-0.156978,1001.796688,60.223382,63.478548,46.917673,109.936664,0.636789,FAIL,79.163357
S00456,L0022,T02,456,50.777518,6.364765,-1.656215,963.788523,35.436555,73.825662,49.403644,101.083415,0.630898,FAIL,79.702829
S00393,L0019,T01,393,52.575156,4.797778,-0.972518,915.565663,42.880869,65.04791,51.438808,100.427768,0.866284,PASS,69.071397
S00111,L0005,T04,111,48.001876,3.722317,-2.023348,951.172256,41.493486,61.199212,45.995333,112.020742,0.723306,FAIL,75.096678
S00566,L0028,T01,566,51.904917,6.516402,-4.198578,931.851998,49.464751,69.870857,46.835294,105.331107,0.879182,FAIL,72.572024
S00061,L0003,T02,61,51.635628,2.233512,-2.350258,958.774279,46.835634,61.072003,49.434104,126.574402,0.338122,FAIL,89.162753
S00537,L0026,T03,537,55.220296,4.447569,-1.989528,1096.294073,26.003902,68.447707,53.507009,96.045044,0.919622,FAIL,67.579709
S00080,L0004,T01,80,51.278379,5.276305,-1.332978,965.451368,53.784159,72.365004,50.317543,102.801866,0.856498,PASS,70.394327
S00507,L0025,T03,507,52.512788,4.678001,-1.364073,1075.771208,51.37532,67.268865,51.209002,99.084762,0.890703,FAIL,70.148539
S00243,L0012,T01,243,48.624706,2.774784,-2.675703,921.198306,41.562361,,44.774618,110.744458,0.819785,FAIL,72.69723
S00318,L0015,T02,318,48.809721,3.714343,-0.795628,1035.373178,37.764592,69.914602,48.042425,106.495958,0.292053,PASS,88.9321
S00529,L0026,T01,529,49.81469,5.938735,-1.149127,1065.914035,50.577588,61.578284,48.413074,107.408113,0.628022,PASS,78.612137
S00569,L0028,T02,569,53.321502,3.885759,-1.70842,991.865458,35.450162,63.272479,51.176541,97.502846,0.698377,FAIL,77.914882
S00290,L0014,T01,290,56.348926,0.868362,-1.638479,1025.993113,52.064746,76.46935,55.20633,89.407424,0.9739,FAIL,68.280344
S00248,L0012,T02,248,49.81428,2.078651,-4.653155,1006.107879,39.245485,69.10212,44.745388,109.045972,0.749807,FAIL,74.261698
S00254,L0012,T01,254,50.963742,5.177442,-1.694953,965.246494,40.89718,68.624298,49.687501,101.124314,0.629295,FAIL,80.18022
S00484,L0024,T02,484,49.524588,,-4.935048,988.38793,28.133053,64.302553,44.053824,112.182868,0.803134,PASS,73.43548
S00283,L0014,T02,283,47.062342,1.765354,-2.773612,987.606323,23.282227,68.053121,45.1474,109.613394,0.43955,PASS,86.158328
S00793,L0039,T02,793,45.982694,3.546692,-1.500886,989.953195,36.987188,68.437104,43.914823,113.187566,0.908748,FAIL,69.356938
S00534,L0026,T04,534,51.924007,4.73011,-3.137692,989.621713,36.642722,70.535758,49.300613,100.636305,0.446305,FAIL,84.333356
S00717,L0035,T05,717,48.466286,5.236211,-1.797869,942.869856,52.022374,62.220155,45.889467,111.429652,0.909369,FAIL,69.143006
S00176,L0008,T01,176,51.062703,3.85064,0.006442,1058.335967,32.016844,69.904239,50.146571,101.190374,0.452883,FAIL,85.647704
S00034,L0001,T01,34,53.13151,5.497927,-1.679112,955.622932,18.061182,71.882791,51.51534,96.236566,0.706761,FAIL,75.174254
S00256,L0012,T01,256,49.571396,3.477333,-1.508752,1083.272091,33.904043,70.694048,49.75024,98.827198,0.361171,PASS,90.20444
S00138,L0006,T02,138,48.225405,5.03519,-0.299427,993.115398,52.462323,68.713742,48.348917,104.910757,0.567616,PASS,80.01713
S00224,L0011,T01,224,52.389445,0.221446,-1.508629,984.125939,54.55169,71.043283,50.18791,102.348017,0.365939,PASS,88.319637
S00451,L0022,T01,451,48.828965,3.880995,-1.470582,905.554869,38.541098,63.127849,47.792665,106.761647,0.361716,PASS,88.172304
S00601,L0030,T01,601,50.054627,4.907272,-0.224186,882.839179,43.913835,68.870431,48.634502,102.261456,0.433186,PASS,82.484523
S00332,L0016,T05,332,51.131362,2.809145,-1.244508,942.370133,30.215438,69.013677,48.509189,103.313365,0.112377,PASS,95.343108
S00530,L0026,T01,530,50.392078,3.203043,-0.440153,946.785648,37.940418,67.918261,48.850903,104.934873,0.233047,PASS,93.523522
S00070,L0003,T03,70,48.581218,6.2632,-1.070635,954.403666,25.511663,67.501824,47.947841,103.714,0.416613,PASS,85.504592
S00691,L0034,T01,691,49.078248,5.055331,-0.83749,1001.991372,30.673391,74.273872,48.993321,100.488691,0.344477,PASS,89.101398
S00406,L0020,T02,406,46.075556,4.793958,-1.359772,950.468203,33.8661,64.947647,45.43297,112.930477,0.813595,FAIL,71.984718
S00094,L0004,T04,94,47.846513,3.182747,-1.196411,1025.227094,21.950794,73.840896,45.536104,107.660725,0.502661,PASS,81.606742
S00435,L0021,T03,435,51.356044,5.105671,-1.824752,882.19343,42.021258,69.238359,50.291711,100.479331,0.739253,FAIL,75.587504
S00750,L0037,T02,750,49.757919,2.552711,-2.154368,1093.00825,41.619463,64.447588,48.452187,105.601767,0.178879,PASS,91.869941
S00684,L0034,T04,684,48.465701,3.674993,-0.946645,989.021696,24.477908,65.803365,46.53269,110.045883,0.395053,PASS,86.478287
S00718,L0035,T04,718,50.385505,1.88069,-2.42533,958.707662,48.087403,71.026414,47.960647,108.604206,0.253998,PASS,90.914747
S00643,L0032,T01,643,52.540633,2.917009,-1.974376,942.889134,13.952989,72.707631,50.602395,97.626786,0.224782,PASS,92.16757
S00429,L0021,T03,429,48.617203,5.55836,-2.919126,936.429929,39.878866,69.308154,45.716929,112.065922,0.872256,FAIL,73.615098
S00677,L0033,T01,677,52.484684,4.927524,-2.836217,996.664547,34.297356,66.868559,49.514429,102.924855,0.478834,FAIL,81.092816
S00334,L0016,T01,334,48.603592,5.341846,-1.092872,1003.437292,38.554492,73.594733,47.388041,106.084008,0.602022,PASS,78.755396
S00705,L0035,T02,705,49.374968,5.057357,-1.559238,940.134687,67.220873,70.807135,48.332264,105.247277,0.751597,FAIL,74.849812
S00083,L0004,T03,83,50.004736,2.731935,-2.502661,994.153849,35.232213,70.187015,48.269267,103.087529,0.161343,PASS,95.322324
S00731,L0036,T02,731,49.318154,2.297609,-1.227712,967.34062,34.963083,65.200236,48.430389,107.320395,0.12053,PASS,95.99009
S00175,L0008,T01,175,50.464436,3.775531,-2.151567,887.695258,12.518869,70.963574,49.257073,102.051178,0.118489,PASS,94.492798
S00794,L0039,T03,794,48.029149,6.498167,-2.729229,971.497739,50.51105,72.219497,45.473996,111.694453,0.957835,FAIL,68.036808
S00050,L0002,T01,50,49.549404,4.439105,-1.416749,935.446346,34.555967,67.782528,47.665019,105.352702,0.39321,FAIL,86.467923
S00470,L0023,T03,470,47.085477,6.655463,-1.473158,1028.985538,57.352582,65.043219,45.467184,111.315341,0.972764,FAIL,65.254511
S00182,L0009,T01,182,55.550207,5.840692,-0.548049,972.775056,20.420004,66.544853,55.855847,90.034048,0.990398,FAIL,69.039555
S00526,L0026,T03,526,46.974309,8.199586,-2.304134,959.430233,21.804325,71.067145,44.504209,111.145373,0.956298,FAIL,68.457945
S00644,L0032,T03,644,48.301923,5.173862,-0.977367,1055.251121,29.546448,65.769708,48.132944,107.176947,0.320154,PASS,90.527707
S00768,L0038,T02,768,46.951262,4.097957,-1.244998,999.574717,59.15438,69.728041,46.053269,107.988972,0.886447,FAIL,69.826538
S00278,L0013,T02,278,53.405437,3.620073,-2.963036,890.989174,36.444798,62.119128,50.304415,100.222499,0.519248,PASS,81.658994
S00533,L0026,T04,533,48.078005,5.197943,-1.677877,941.01653,51.287614,70.82837,47.005298,107.867563,0.795053,FAIL,71.611582
S00457,L0022,T05,457,51.480606,5.232194,-0.276571,1041.580525,39.000645,74.315027,52.288818,96.26483,0.926258,FAIL,70.178446
S00424,L0021,T01,424,49.271136,7.263231,-3.797521,957.737026,49.210603,66.624422,45.208101,106.851489,0.973624,FAIL,67.188482
S00110,L0005,T01,110,50.29042,2.503769,-1.757058,956.387853,34.472755,66.699327,47.808838,104.127028,0.193977,FAIL,93.814887
S00047,L0002,T05,47,51.461266,3.370044,-0.66601,980.570716,39.81752,68.389463,50.256113,104.012981,0.527815,FAIL,84.304063
S00672,L0033,T03,672,46.923339,2.755137,-1.486284,979.890115,22.997451,70.552321,45.026648,111.34618,0.570368,FAIL,82.209976
S00022,L0001,T02,22,51.180277,5.739592,-1.840079,1076.026189,37.510186,62.642847,50.305171,99.922355,0.748384,FAIL,76.776754
S00787,L0039,T01,787,48.765302,5.090919,-0.144138,929.263797,42.902672,69.055243,48.232656,103.891436,0.466161,FAIL,83.979003
S00212,L0010,T01,212,,5.594643,-1.144221,971.697008,47.581258,71.588691,47.634208,104.11454,0.695761,PASS,76.376215
S00778,L0038,T01,778,50.448126,7.378154,-2.441125,968.753466,34.704755,67.974518,48.590608,103.832648,0.574789,PASS,78.90025
S00093,L0004,T01,93,51.132099,5.87699,-1.612775,1022.675285,40.679178,72.953934,50.932844,98.130821,0.861556,FAIL,70.855255
S00549,L0027,T03,549,53.740173,6.213895,-1.378806,1045.875401,37.781314,71.80821,51.040245,99.544928,0.870616,FAIL,71.739445
S00724,L0036,T01,724,53.756417,7.101031,-2.272655,978.38715,30.231863,64.067838,51.503066,100.035591,0.905567,FAIL,69.477419
S00288,L0014,T04,288,50.959421,4.531697,-2.365636,1007.744122,25.275812,72.543389,48.520931,105.747196,0.174535,PASS,91.397534
S00293,L0014,T02,293,50.622369,2.38573,-2.169298,976.955499,36.090055,68.097207,47.739372,105.667681,0.208669,PASS,95.224001
S00512,L0025,T05,512,50.681964,2.762596,-0.424167,876.618524,35.064266,64.446667,51.807906,100.10998,0.693817,FAIL,76.407175
S00301,L0015,T01,301,54.218865,3.832816,0.005284,1083.641136,32.500577,75.447583,54.365049,78.535005,0.960997,FAIL,67.969956
S00241,L0012,T02,241,49.054112,3.821478,-0.69547,1044.830662,39.1808,69.705522,48.485057,105.694079,0.247231,PASS,89.08882
S00720,L0036,T04,720,52.691218,4.476087,-0.266981,1032.017125,36.701687,64.654181,53.9856,93.168036,0.968364,FAIL,65.613999
S00314,L0015,T01,314,47.640151,3.61706,0.42496,954.955446,27.611885,71.205693,47.861375,105.829242,0.207055,PASS,92.484973
S00417,L0020,T05,417,52.482202,4.134701,-0.196909,931.225139,36.841088,62.754926,53.081747,93.43187,0.927726,FAIL,71.77981
S00388,L0019,T01,388,46.942116,4.989696,-4.093606,1022.716586,26.406014,66.521734,44.475985,112.043238,0.871793,FAIL,71.362494
S00025,L0001,T04,25,50.36404,6.071643,-1.777058,1076.575392,40.376829,71.449609,49.026571,104.736473,0.592479,PASS,78.002793
S00101,L0005,T02,101,54.41437,2.809219,0.258762,889.706839,15.597023,63.407337,56.053735,85.908563,0.959495,FAIL,70.468189
S00747,L0037,T02,747,47.867572,8.225708,-2.788275,983.794264,28.513199,65.701637,45.300647,111.637858,0.944238,FAIL,67.876359
S00749,L0037,T01,749,50.775952,0.724657,-2.269551,1025.112783,6.600062,58.9184,48.288189,106.683299,0.015651,PASS,99.7
S00277,L0013,T01,277,50.11286,3.125385,-0.22902,912.142379,26.581173,72.212386,48.786044,103.716988,0.129794,PASS,94.884477
S00631,L0031,T01,631,47.199849,5.818429,-1.156077,923.296547,47.681528,70.79447,44.322928,113.18599,0.972944,FAIL,69.735062
S00294,L0014,T01,294,49.930409,5.980245,-1.270761,937.398672,37.82913,68.661992,48.510677,107.299479,0.445283,FAIL,81.715604
S00373,L0018,T02,373,48.288964,8.041578,-2.462087,962.431974,58.637657,65.047111,45.961899,112.410774,0.979653,FAIL,66.067366
S00144,L0007,T01,144,,6.57753,-1.188415,919.698839,24.528155,67.265746,49.615196,101.909473,0.550105,FAIL,78.640821
S00588,L0029,T01,588,48.175256,3.788368,1.479052,990.919775,67.836553,66.126291,49.111146,104.92927,0.715997,FAIL,75.477747
S00133,L0006,T04,133,52.501243,1.888081,-1.859267,1045.099375,23.27623,,49.90728,102.543374,0.148762,PASS,95.21481
S00067,L0003,T02,67,51.408743,4.269739,0.268708,956.436853,36.956175,71.374993,52.319018,96.27233,0.881758,FAIL,69.455067
S00156,L0007,T01,156,51.262397,5.698347,-2.327654,956.32052,49.067703,67.62765,48.157883,102.442726,0.631038,FAIL,77.931186
S00317,L0015,T01,317,46.35805,6.871352,-0.270605,977.262789,42.827848,66.330491,44.950117,111.1595,0.963999,FAIL,67.048213
S00367,L0018,T04,367,46.9352,3.025341,-1.394189,959.655617,21.101713,72.221628,45.682877,106.185756,0.444158,PASS,85.939381
S00796,L0039,T01,796,55.018507,7.941422,-1.528844,1040.496617,56.931124,68.836837,54.161397,93.68256,0.998042,FAIL,64.446395
S00462,L0023,T04,462,52.536,4.877881,-1.443555,1075.634605,37.905959,68.174818,50.742111,100.03903,0.745274,PASS,74.737926
S00509,L0025,T04,509,51.693524,,-2.617703,996.460083,14.047271,72.966775,48.006732,100.452918,0.098627,FAIL,95.397139
S00510,L0025,T01,510,48.823095,3.086362,-1.728443,896.812383,29.529572,62.092284,47.317006,108.455878,0.261031,FAIL,92.321946
S00521,L0026,T01,521,48.220218,4.520727,-0.289451,985.842805,49.809669,68.015957,47.872161,106.479049,0.568597,FAIL,80.713364
S00492,L0024,T04,492,50.319877,4.542267,-1.264083,993.70847,42.89658,69.836735,48.840301,104.734295,0.419597,PASS,85.254467
S00694,L0034,T02,694,51.842521,1.859401,-0.072622,900.17138,51.580159,60.611111,50.620402,101.719815,0.591449,FAIL,82.392801
S00553,L0027,T01,553,48.964042,3.92296,-0.019165,1013.446711,57.412588,69.067201,48.960048,101.324345,0.572256,FAIL,83.424393
S00108,L0005,T05,108,50.26068,3.025314,-0.525371,991.002255,52.008788,65.691143,51.501054,96.961576,0.83517,FAIL,71.644792
S00104,L0005,T02,104,48.259006,2.213953,-0.905561,1045.484372,,59.587999,46.816459,107.560898,0.497246,FAIL,85.609363
S00149,L0007,T04,149,51.242334,3.278513,-1.109797,980.221858,44.303875,75.254524,49.727271,102.917334,0.47349,PASS,85.725555
S00029,L0001,T01,29,49.590335,0.975098,-2.1795,1057.896705,41.516662,68.293174,46.341492,109.570328,0.365636,PASS,88.86715
S00206,L0010,T01,206,47.377076,5.301488,-0.402984,962.543001,23.408699,64.4954,45.884835,107.59458,0.682499,PASS,75.809152
S00557,L0027,T02,557,45.61629,2.463344,-1.017062,1052.21674,43.462303,66.294756,44.299553,117.062018,0.865214,PASS,69.358472
S00132,L0006,T03,132,47.424271,4.751071,-1.144009,981.296829,8.325658,74.182611,45.656639,107.811998,0.467691,PASS,81.474845
S00257,L0012,T02,257,49.137968,2.59258,-2.044949,960.930063,26.595276,72.468807,48.606785,104.622289,0.092359,FAIL,96.674329
S00145,L0007,T01,145,47.972111,2.856526,-2.137898,997.978363,33.975367,72.530587,46.475049,108.93261,0.44375,PASS,84.684686
S00709,L0035,T01,709,49.286946,5.535393,0.497746,883.156707,39.381473,70.307273,49.790288,100.63107,0.665775,FAIL,78.677927
S00682,L0034,T03,682,49.120407,4.701035,-2.149948,991.658466,37.409869,67.994261,47.564305,106.999299,0.480401,PASS,83.771752
S00648,L0032,T02,648,54.483541,8.478734,-1.946816,907.923869,26.472897,64.567301,52.26705,99.005451,0.963913,FAIL,68.525287
S00395,L0019,T01,395,53.237922,6.983879,-1.789819,968.079876,30.055996,75.634804,50.517083,96.117779,0.803686,FAIL,76.370339
S00790,L0039,T03,790,49.930146,0.501838,-2.743666,862.853302,42.201724,68.263844,46.932575,106.044587,0.231629,FAIL,90.387491
S00184,L0009,T05,184,48.462806,5.284184,0.234981,993.651242,51.231616,727.11504,47.397852,106.464418,0.74599,FAIL,74.411358
S00221,L0011,T04,221,47.180982,5.635356,-0.151837,898.267525,39.650974,66.235992,46.445245,107.178552,0.795844,PASS,72.777148
S00225,L0011,T01,225,48.274291,3.229881,-1.847664,980.749606,49.551231,59.347964,47.357928,108.281816,0.523089,PASS,82.448812
S00178,L0008,T02,178,50.373361,4.155434,-2.096184,980.44221,51.796956,64.720037,47.781154,107.329012,0.57294,FAIL,78.976552
S00075,L0003,T05,75,49.527795,5.578906,-0.775701,905.063487,46.215122,70.819069,49.441061,104.526168,0.691083,FAIL,73.970218
S00761,L0038,T02,761,51.729918,3.536755,-0.03887,1076.520963,36.463582,67.334255,52.204927,101.652061,0.826494,FAIL,74.577713
S00190,L0009,T01,190,53.315698,3.325685,-0.600191,1068.496856,14.347383,65.03175,53.669922,94.334838,0.805589,FAIL,72.366229
S00237,L0011,T01,237,49.493828,3.893399,-0.852734,1041.015984,34.093353,69.986628,49.098391,105.112188,0.29026,PASS,88.453156
S00719,L0035,T01,719,49.810924,4.441909,-2.669629,913.028342,37.360459,74.975681,45.036562,108.182986,0.861097,FAIL,72.121337
S00223,L0011,T04,223,50.443213,4.649196,-1.609919,971.374951,61.601014,66.945077,47.940154,105.778971,0.716684,FAIL,75.905368
S00578,L0028,T01,578,46.728588,5.132176,-2.748851,1031.607977,49.22603,72.369361,44.762916,110.263372,0.95287,FAIL,67.753906
S00594,L0029,T01,594,52.968644,3.820268,0.82717,935.097115,38.99719,74.872007,55.037875,88.264688,0.983605,FAIL,69.173709
S00485,L0024,T01,485,53.477907,2.90754,-0.523618,985.804838,36.120353,69.55645,53.43181,92.735767,0.903824,FAIL,68.695222
S00402,L0020,T01,402,50.110824,1.149553,-3.037002,1006.915879,51.658552,64.42778,53.098006,106.15844,0.199857,PASS,91.320805
S00633,L0031,T01,633,50.411109,6.461936,-1.811622,998.406379,61.072142,62.502204,48.956291,105.65908,0.836426,FAIL,71.96288
S00384,L0019,T04,384,48.662324,4.857887,-0.727023,1011.526191,29.919554,65.671253,49.313916,101.49734,0.373497,PASS,85.325692
S00130,L0006,T02,130,50.797955,2.722175,-1.444843,940.666747,39.795386,68.452707,49.365164,101.083519,0.290255,PASS,91.250886
S00242,L0012,T03,242,53.636481,9.054366,-0.618162,887.438584,34.163731,66.432949,53.806016,96.299579,0.994504,FAIL,66.669888
S00437,L0021,T01,437,50.117288,4.52551,-4.478996,1011.906032,42.24157,69.195858,46.410659,109.805625,0.737156,PASS,77.079513
S00170,L0008,T01,170,48.501179,4.22851,-1.680682,877.717616,42.970907,70.701377,46.753471,108.394284,0.660036,FAIL,76.507289
S00788,L0039,T01,788,50.217727,4.458095,-0.101925,937.66813,29.240646,58.663627,50.209022,99.410696,0.495399,PASS,83.675832
S00362,L0018,T01,362,51.684641,4.724789,-1.090472,994.288855,51.624908,63.970528,49.921028,101.559274,0.7507,PASS,72.242064
S00797,L0039,T01,797,48.262575,6.433725,-1.317272,912.959666,35.732585,64.292604,47.392415,105.956588,0.678424,FAIL,77.028904
S00478,L0023,T02,478,49.867669,6.965619,-1.589455,,25.021161,70.610362,48.270097,103.992271,0.424242,PASS,84.459455
S00414,L0020,T02,414,48.584659,6.484775,-0.87782,918.487934,36.02438,71.291218,48.533834,101.815858,0.481647,PASS,81.700199
S00598,L0029,T01,598,51.048046,5.616709,-0.707714,950.937699,47.528142,72.267883,49.445264,100.992313,0.710493,FAIL,75.130615
S00087,L0004,T01,87,54.391442,2.684617,-1.815093,,45.540851,68.651162,52.786055,94.742707,0.894888,FAIL,68.793726
S00350,L0017,T01,350,46.978848,6.412142,-2.955235,977.280448,28.437465,71.42622,43.858468,113.48117,-0.061478,FAIL,67.278285
S00671,L0033,T01,671,48.348192,0.054541,-2.419219,940.337264,51.415547,62.129664,45.814055,113.357027,0.500289,FAIL,82.677609
S00699,L0034,T02,699,49.760956,5.139275,-3.498025,1089.323589,48.565771,66.090184,46.597511,108.646535,0.818435,FAIL,72.508098
S00611,L0030,T01,611,50.47927,4.640342,-0.992874,891.869294,54.247561,66.215022,49.279701,105.284063,0.667196,PASS,76.522731
S00031,L0001,T04,31,48.12067,5.092723,-2.644838,1074.772328,50.72436,716.2876,45.531148,111.927123,0.921046,FAIL,70.609934
S00281,L0014,T03,281,46.949422,3.375715,-2.297665,992.995497,40.428601,68.418891,44.529392,112.550278,0.872041,FAIL,70.972779
S00142,L0007,T02,142,50.77302,4.024251,-2.438023,897.408064,45.905179,62.190905,48.034821,108.273878,0.427475,PASS,86.266835
S00026,L0001,T01,26,48.44563,2.560923,-1.279863,989.946452,42.974064,71.54724,48.149357,103.910647,0.230854,PASS,92.311555
S00772,L0038,T04,772,50.449983,5.597876,-2.171906,944.640931,42.471464,65.109495,48.373696,106.142836,0.489006,PASS,83.435636
S00496,L0024,T03,496,45.908004,3.869222,-3.19097,1045.29979,32.800527,65.986615,42.891907,115.222393,0.953984,FAIL,68.721334
S00792,L0039,T05,792,48.303489,4.624387,-1.254559,1017.323984,55.675912,70.459701,47.153727,106.975558,0.772093,FAIL,73.231996
S00721,L0036,T02,721,49.568903,6.200516,0.053822,980.765383,30.117944,69.669317,49.230568,100.36046,0.507793,PASS,86.241177
S00497,L0024,T01,497,50.824677,5.207889,-1.047144,978.980434,34.020403,66.664275,48.649276,104.366746,0.339414,PASS,87.210676
S00581,L0029,T01,581,52.630313,4.657347,-3.942025,947.372423,19.129076,67.620951,48.45789,106.260293,0.139625,FAIL,93.816484
S00137,L0006,T02,137,51.595187,5.928733,-0.298695,1031.84274,43.096551,67.346084,51.707097,95.348573,0.931113,FAIL,68.520811
S00323,L0016,T02,323,49.833866,8.2267,-1.958752,959.060164,34.639826,63.869938,48.637336,104.211936,0.671963,PASS,75.616426
S00359,L0017,T01,359,50.77674,3.117854,-1.564699,895.472993,42.556558,70.166809,48.382801,100.061231,0.238196,FAIL,89.7773
S00716,L0035,T02,716,51.504897,3.179477,-0.737056,1004.229843,45.384341,69.604418,51.628454,97.822391,0.806849,PASS,75.082224
S00567,L0028,T02,567,53.478697,5.212357,-0.178458,1009.469698,32.700938,63.873238,54.453081,90.166237,0.980287,FAIL,68.313814
S00150,L0007,T01,150,46.260769,8.523458,0.816149,918.744728,33.485784,69.005134,46.218331,109.467186,0.924325,FAIL,69.309417
S00140,L0007,T05,140,50.71309,5.584741,-1.437828,1001.925132,27.180717,62.348888,48.501646,106.006743,0.270792,FAIL,88.781906
S00058,L0002,T01,58,55.079055,3.417481,-3.265432,1006.58438,33.658309,66.691634,51.099046,97.017727,0.614984,FAIL,80.707477
S00540,L0027,T01,540,47.533561,3.330987,-2.535363,965.205812,39.452345,,45.20552,115.286309,0.786576,PASS,74.173159
S00438,L0021,T02,438,49.945944,1.641551,-0.438066,1010.146902,52.078232,64.080815,49.730728,103.079089,0.398333,FAIL,86.164402
S00228,L0011,T01,228,45.475539,2.502775,-2.116338,1006.368202,37.311556,70.751313,44.472527,112.105522,0.802241,FAIL,73.890462
S00446,L0022,T02,446,51.940017,6.823961,-1.988002,985.796126,44.731106,63.545791,51.602819,99.819961,0.953169,FAIL,67.657056
S00696,L0034,T02,696,50.618474,2.091996,-0.202215,921.129226,34.728982,65.682919,50.308613,102.546956,0.331454,PASS,85.855417
S00046,L0002,T02,46,49.017203,4.093151,-2.511069,985.651219,43.792663,66.81663,46.193575,111.356865,0.749445,FAIL,76.442121
S00570,L0028,T01,570,49.419522,2.43014,-1.980688,975.771947,39.479921,66.288291,48.133518,107.521386,0.191258,PASS,91.450495
S00300,L0015,T01,300,46.575126,3.143597,-0.079856,1002.079532,42.560439,63.33192,45.469698,110.355478,0.764891,FAIL,74.21441
S00136,L0006,T01,136,48.511236,6.206109,-0.786044,959.9824,36.699031,61.728291,46.346422,110.733098,0.822599,FAIL,74.581114
S00700,L0035,T02,700,49.271995,4.352583,-0.166439,1015.557313,51.563713,69.070723,50.397984,103.07966,0.788024,FAIL,72.094098
S00661,L0033,T01,661,51.298896,4.038147,-0.702245,960.409128,65.55404,70.199486,49.797242,102.405782,0.811599,FAIL,72.323341
S00695,L0034,T01,695,51.303512,5.855073,-3.256508,1026.15058,11.28263,67.58447,48.17537,101.940418,0.184678,PASS,95.830538
S00629,L0031,T01,629,46.442039,3.885922,0.37665,961.010372,26.525547,63.109867,44.988946,112.347584,0.734273,FAIL,74.473411
S00240,L0012,T01,240,50.014891,7.95472,-3.6469,1015.89914,36.136141,68.344723,46.48479,110.936009,0.898373,FAIL,73.012174
S00733,L0036,T01,733,46.863319,5.479728,-1.267791,1017.443711,56.107464,69.81377,45.251688,112.686094,0.958926,FAIL,69.05103
S00623,L0031,T01,623,49.782741,5.362361,-0.460255,923.427837,46.163667,68.71604,49.370209,101.717456,0.656612,PASS,78.090264
S00587,L0029,T01,587,48.574855,4.978408,-0.910406,933.817382,37.670053,66.653135,47.346575,109.894385,0.558451,PASS,80.249786
S00738,L0036,T01,738,48.595879,4.927018,-2.735975,943.432316,57.207685,69.091853,46.633622,108.871977,0.86491,FAIL,70.334637
S00066,L0003,T01,66,49.731537,3.3346,-3.259881,1008.044672,42.479148,65.6355,46.145244,110.21936,0.672767,FAIL,76.728998
S00531,L0026,T01,531,50.951618,5.09081,0.548707,951.334137,32.500924,61.790365,51.918909,97.401346,0.859789,FAIL,72.508795
S00455,L0022,T04,455,48.986446,8.074233,-2.323092,978.656822,42.814068,66.469736,47.201289,106.872399,0.883618,FAIL,70.500391
S00102,L0005,T02,102,48.725666,3.141873,-4.088915,949.59362,39.35599,63.211151,45.222847,113.995554,0.768551,FAIL,71.660815
S00433,L0021,T01,433,48.083507,4.556912,-0.088075,967.15864,37.565775,66.450912,47.724975,107.421289,0.434565,PASS,86.214877
S00251,L0012,T01,251,45.995141,4.644949,-1.350586,996.498917,20.955191,65.776039,45.246312,111.899445,0.699667,PASS,75.283528
S00659,L0032,T03,659,49.661599,6.641373,-0.220982,1043.504212,48.137293,66.208021,50.308945,99.896699,0.889272,FAIL,70.381452
S00664,L0033,T01,664,49.93663,2.370582,-3.808845,946.412578,26.540753,70.734317,46.82613,107.518245,0.24335,PASS,88.72641
S00027,L0001,T01,27,49.659649,5.082376,-3.148383,1008.316628,33.662493,68.70183,45.284087,110.755072,0.846997,FAIL,72.85253
S00678,L0033,T02,678,51.960812,4.073943,-1.025969,1076.315732,28.84967,66.663374,51.700771,98.026498,0.727232,FAIL,74.366126
S00197,L0009,T02,197,52.847517,5.225872,-0.717022,976.934276,49.233989,66.726156,52.996342,97.620507,0.974829,FAIL,68.228389
S00625,L0031,T01,625,46.655509,3.253672,-1.882428,963.24581,53.123637,62.760713,44.156957,114.725003,0.945853,FAIL,69.502545
S00279,L0013,T01,279,50.92036,2.533832,-2.782372,1014.686139,34.177184,67.929829,48.643326,104.911256,0.134078,PASS,95.142833
S00561,L0028,T05,561,46.713834,5.478316,-3.121712,1036.695605,50.640936,63.676882,45.251206,114.011959,0.945294,FAIL,67.512163
S00649,L0032,T04,649,48.296422,4.796303,0.413837,963.859185,50.476744,62.137094,46.652395,109.678242,0.804182,PASS,75.167731
S00755,L0037,T05,755,51.679955,3.588165,-1.313491,914.0378,26.21673,71.376015,49.281546,102.736823,0.211123,PASS,91.463311
S00000,L0000,T01,0,51.425217,3.605392,-2.750963,1002.409267,45.673808,67.42716,49.080145,104.470862,0.400976,PASS,87.66276
S00205,L0010,T02,205,48.849376,6.799249,0.399801,946.381378,55.122781,70.791765,48.281014,104.777969,0.780161,FAIL,74.89218
S00770,L0038,T04,770,48.227917,3.953452,-0.641047,935.210628,37.819212,65.572742,46.653075,108.596903,0.583376,FAIL,81.211358
S00690,L0034,T01,690,52.035345,5.383883,-4.750893,952.523058,34.420096,70.756836,46.300374,109.590801,0.745652,FAIL,73.618685
S00218,L0010,T02,218,47.028911,4.43109,-1.239642,903.764438,56.441838,64.640563,45.302033,113.254553,0.934421,FAIL,68.17384
S00267,L0013,T02,267,51.007916,2.811607,-1.929864,923.082801,18.196798,68.512351,48.195245,101.885026,0.076552,PASS,95.599346
S00763,L0038,T03,763,48.363294,6.44419,-1.431523,993.697331,41.705042,73.049228,47.259581,102.528471,0.766025,FAIL,75.330773
S00097,L0004,T01,97,51.949238,5.438476,-1.783822,990.135849,19.424848,67.824898,49.050998,105.477084,0.260471,FAIL,91.540846
S00133,L0006,T04,133,52.501243,1.888081,-1.859267,1045.099375,23.27623,,49.90728,102.543374,0.148762,PASS,95.21481
S00653,L0032,T01,653,53.360615,2.593112,-1.422721,1018.851745,49.252461,72.581315,51.300647,98.975959,0.753302,PASS,74.292304
S00443,L0022,T01,443,53.108453,2.308046,-1.695598,1051.514994,39.056433,68.3537,50.893671,95.119199,0.525393,FAIL,81.854958
S00321,L0016,T02,321,51.602821,4.144189,-1.960814,1116.768897,40.71179,62.269135,50.162611,102.628855,0.606858,FAIL,80.096005
S00564,L0028,T05,564,48.127582,2.146431,-3.447393,980.990044,33.406795,67.829623,44.309014,113.404909,0.760615,FAIL,74.722587
